Year,ElevationGroup,ElevationCenter,MassBalance
1980.0,3400-3600 m,3500.0,-550.0348394670816
1980.0,3400-3600 m,3700.0,
1980.0,3400-3600 m,3900.0,
1980.0,3400-3600 m,4100.0,
1980.0,3400-3600 m,4300.0,
1980.0,3400-3600 m,4500.0,
1980.0,3400-3600 m,4700.0,
1980.0,3400-3600 m,4900.0,
1980.0,3400-3600 m,5100.0,
1980.0,3400-3600 m,5300.0,
1980.0,3400-3600 m,5500.0,
1980.0,3400-3600 m,5700.0,
1980.0,3400-3600 m,5900.0,
1980.0,3400-3600 m,6100.0,
1980.0,3400-3600 m,6300.0,
1980.0,3400-3600 m,7100.0,
1980.0,3600-3800 m,3500.0,
1980.0,3600-3800 m,3700.0,-93.0641945252
1980.0,3600-3800 m,3900.0,
1980.0,3600-3800 m,4100.0,
1980.0,3600-3800 m,4300.0,
1980.0,3600-3800 m,4500.0,
1980.0,3600-3800 m,4700.0,
1980.0,3600-3800 m,4900.0,
1980.0,3600-3800 m,5100.0,
1980.0,3600-3800 m,5300.0,
1980.0,3600-3800 m,5500.0,
1980.0,3600-3800 m,5700.0,
1980.0,3600-3800 m,5900.0,
1980.0,3600-3800 m,6100.0,
1980.0,3600-3800 m,6300.0,
1980.0,3600-3800 m,7100.0,
1980.0,3800-4000 m,3500.0,
1980.0,3800-4000 m,3700.0,
1980.0,3800-4000 m,3900.0,-33.273449898229394
1980.0,3800-4000 m,4100.0,
1980.0,3800-4000 m,4300.0,
1980.0,3800-4000 m,4500.0,
1980.0,3800-4000 m,4700.0,
1980.0,3800-4000 m,4900.0,
1980.0,3800-4000 m,5100.0,
1980.0,3800-4000 m,5300.0,
1980.0,3800-4000 m,5500.0,
1980.0,3800-4000 m,5700.0,
1980.0,3800-4000 m,5900.0,
1980.0,3800-4000 m,6100.0,
1980.0,3800-4000 m,6300.0,
1980.0,3800-4000 m,7100.0,
1980.0,4000-4200 m,3500.0,
1980.0,4000-4200 m,3700.0,
1980.0,4000-4200 m,3900.0,
1980.0,4000-4200 m,4100.0,-31.17716956024756
1980.0,4000-4200 m,4300.0,
1980.0,4000-4200 m,4500.0,
1980.0,4000-4200 m,4700.0,
1980.0,4000-4200 m,4900.0,
1980.0,4000-4200 m,5100.0,
1980.0,4000-4200 m,5300.0,
1980.0,4000-4200 m,5500.0,
1980.0,4000-4200 m,5700.0,
1980.0,4000-4200 m,5900.0,
1980.0,4000-4200 m,6100.0,
1980.0,4000-4200 m,6300.0,
1980.0,4000-4200 m,7100.0,
1980.0,4200-4400 m,3500.0,
1980.0,4200-4400 m,3700.0,
1980.0,4200-4400 m,3900.0,
1980.0,4200-4400 m,4100.0,
1980.0,4200-4400 m,4300.0,-95.25183476589362
1980.0,4200-4400 m,4500.0,
1980.0,4200-4400 m,4700.0,
1980.0,4200-4400 m,4900.0,
1980.0,4200-4400 m,5100.0,
1980.0,4200-4400 m,5300.0,
1980.0,4200-4400 m,5500.0,
1980.0,4200-4400 m,5700.0,
1980.0,4200-4400 m,5900.0,
1980.0,4200-4400 m,6100.0,
1980.0,4200-4400 m,6300.0,
1980.0,4200-4400 m,7100.0,
1980.0,4400-4600 m,3500.0,
1980.0,4400-4600 m,3700.0,
1980.0,4400-4600 m,3900.0,
1980.0,4400-4600 m,4100.0,
1980.0,4400-4600 m,4300.0,
1980.0,4400-4600 m,4500.0,-2.2541429241292907
1980.0,4400-4600 m,4700.0,
1980.0,4400-4600 m,4900.0,
1980.0,4400-4600 m,5100.0,
1980.0,4400-4600 m,5300.0,
1980.0,4400-4600 m,5500.0,
1980.0,4400-4600 m,5700.0,
1980.0,4400-4600 m,5900.0,
1980.0,4400-4600 m,6100.0,
1980.0,4400-4600 m,6300.0,
1980.0,4400-4600 m,7100.0,
1980.0,4600-4800 m,3500.0,
1980.0,4600-4800 m,3700.0,
1980.0,4600-4800 m,3900.0,
1980.0,4600-4800 m,4100.0,
1980.0,4600-4800 m,4300.0,
1980.0,4600-4800 m,4500.0,
1980.0,4600-4800 m,4700.0,35.44478723152532
1980.0,4600-4800 m,4900.0,
1980.0,4600-4800 m,5100.0,
1980.0,4600-4800 m,5300.0,
1980.0,4600-4800 m,5500.0,
1980.0,4600-4800 m,5700.0,
1980.0,4600-4800 m,5900.0,
1980.0,4600-4800 m,6100.0,
1980.0,4600-4800 m,6300.0,
1980.0,4600-4800 m,7100.0,
1980.0,4800-5000 m,3500.0,
1980.0,4800-5000 m,3700.0,
1980.0,4800-5000 m,3900.0,
1980.0,4800-5000 m,4100.0,
1980.0,4800-5000 m,4300.0,
1980.0,4800-5000 m,4500.0,
1980.0,4800-5000 m,4700.0,
1980.0,4800-5000 m,4900.0,34.684068985585824
1980.0,4800-5000 m,5100.0,
1980.0,4800-5000 m,5300.0,
1980.0,4800-5000 m,5500.0,
1980.0,4800-5000 m,5700.0,
1980.0,4800-5000 m,5900.0,
1980.0,4800-5000 m,6100.0,
1980.0,4800-5000 m,6300.0,
1980.0,4800-5000 m,7100.0,
1980.0,5000-5200 m,3500.0,
1980.0,5000-5200 m,3700.0,
1980.0,5000-5200 m,3900.0,
1980.0,5000-5200 m,4100.0,
1980.0,5000-5200 m,4300.0,
1980.0,5000-5200 m,4500.0,
1980.0,5000-5200 m,4700.0,
1980.0,5000-5200 m,4900.0,
1980.0,5000-5200 m,5100.0,37.54306586392329
1980.0,5000-5200 m,5300.0,
1980.0,5000-5200 m,5500.0,
1980.0,5000-5200 m,5700.0,
1980.0,5000-5200 m,5900.0,
1980.0,5000-5200 m,6100.0,
1980.0,5000-5200 m,6300.0,
1980.0,5000-5200 m,7100.0,
1980.0,5200-5400 m,3500.0,
1980.0,5200-5400 m,3700.0,
1980.0,5200-5400 m,3900.0,
1980.0,5200-5400 m,4100.0,
1980.0,5200-5400 m,4300.0,
1980.0,5200-5400 m,4500.0,
1980.0,5200-5400 m,4700.0,
1980.0,5200-5400 m,4900.0,
1980.0,5200-5400 m,5100.0,
1980.0,5200-5400 m,5300.0,24.307011128710204
1980.0,5200-5400 m,5500.0,
1980.0,5200-5400 m,5700.0,
1980.0,5200-5400 m,5900.0,
1980.0,5200-5400 m,6100.0,
1980.0,5200-5400 m,6300.0,
1980.0,5200-5400 m,7100.0,
1980.0,5400-5600 m,3500.0,
1980.0,5400-5600 m,3700.0,
1980.0,5400-5600 m,3900.0,
1980.0,5400-5600 m,4100.0,
1980.0,5400-5600 m,4300.0,
1980.0,5400-5600 m,4500.0,
1980.0,5400-5600 m,4700.0,
1980.0,5400-5600 m,4900.0,
1980.0,5400-5600 m,5100.0,
1980.0,5400-5600 m,5300.0,
1980.0,5400-5600 m,5500.0,-14.137534005964554
1980.0,5400-5600 m,5700.0,
1980.0,5400-5600 m,5900.0,
1980.0,5400-5600 m,6100.0,
1980.0,5400-5600 m,6300.0,
1980.0,5400-5600 m,7100.0,
1980.0,5600-5800 m,3500.0,
1980.0,5600-5800 m,3700.0,
1980.0,5600-5800 m,3900.0,
1980.0,5600-5800 m,4100.0,
1980.0,5600-5800 m,4300.0,
1980.0,5600-5800 m,4500.0,
1980.0,5600-5800 m,4700.0,
1980.0,5600-5800 m,4900.0,
1980.0,5600-5800 m,5100.0,
1980.0,5600-5800 m,5300.0,
1980.0,5600-5800 m,5500.0,
1980.0,5600-5800 m,5700.0,-45.47409560719277
1980.0,5600-5800 m,5900.0,
1980.0,5600-5800 m,6100.0,
1980.0,5600-5800 m,6300.0,
1980.0,5600-5800 m,7100.0,
1980.0,5800-6000 m,3500.0,
1980.0,5800-6000 m,3700.0,
1980.0,5800-6000 m,3900.0,
1980.0,5800-6000 m,4100.0,
1980.0,5800-6000 m,4300.0,
1980.0,5800-6000 m,4500.0,
1980.0,5800-6000 m,4700.0,
1980.0,5800-6000 m,4900.0,
1980.0,5800-6000 m,5100.0,
1980.0,5800-6000 m,5300.0,
1980.0,5800-6000 m,5500.0,
1980.0,5800-6000 m,5700.0,
1980.0,5800-6000 m,5900.0,-93.19602813579252
1980.0,5800-6000 m,6100.0,
1980.0,5800-6000 m,6300.0,
1980.0,5800-6000 m,7100.0,
1980.0,6000-6200 m,3500.0,
1980.0,6000-6200 m,3700.0,
1980.0,6000-6200 m,3900.0,
1980.0,6000-6200 m,4100.0,
1980.0,6000-6200 m,4300.0,
1980.0,6000-6200 m,4500.0,
1980.0,6000-6200 m,4700.0,
1980.0,6000-6200 m,4900.0,
1980.0,6000-6200 m,5100.0,
1980.0,6000-6200 m,5300.0,
1980.0,6000-6200 m,5500.0,
1980.0,6000-6200 m,5700.0,
1980.0,6000-6200 m,5900.0,
1980.0,6000-6200 m,6100.0,-123.551881334
1980.0,6000-6200 m,6300.0,
1980.0,6000-6200 m,7100.0,
1980.0,6200-6400 m,3500.0,
1980.0,6200-6400 m,3700.0,
1980.0,6200-6400 m,3900.0,
1980.0,6200-6400 m,4100.0,
1980.0,6200-6400 m,4300.0,
1980.0,6200-6400 m,4500.0,
1980.0,6200-6400 m,4700.0,
1980.0,6200-6400 m,4900.0,
1980.0,6200-6400 m,5100.0,
1980.0,6200-6400 m,5300.0,
1980.0,6200-6400 m,5500.0,
1980.0,6200-6400 m,5700.0,
1980.0,6200-6400 m,5900.0,
1980.0,6200-6400 m,6100.0,
1980.0,6200-6400 m,6300.0,-82.20295051511111
1980.0,6200-6400 m,7100.0,
1980.0,6400-6600 m,3500.0,
1980.0,6400-6600 m,3700.0,
1980.0,6400-6600 m,3900.0,
1980.0,6400-6600 m,4100.0,
1980.0,6400-6600 m,4300.0,
1980.0,6400-6600 m,4500.0,
1980.0,6400-6600 m,4700.0,
1980.0,6400-6600 m,4900.0,
1980.0,6400-6600 m,5100.0,
1980.0,6400-6600 m,5300.0,
1980.0,6400-6600 m,5500.0,
1980.0,6400-6600 m,5700.0,
1980.0,6400-6600 m,5900.0,
1980.0,6400-6600 m,6100.0,
1980.0,6400-6600 m,6300.0,
1980.0,6400-6600 m,7100.0,
1980.0,6600-6800 m,3500.0,
1980.0,6600-6800 m,3700.0,
1980.0,6600-6800 m,3900.0,
1980.0,6600-6800 m,4100.0,
1980.0,6600-6800 m,4300.0,
1980.0,6600-6800 m,4500.0,
1980.0,6600-6800 m,4700.0,
1980.0,6600-6800 m,4900.0,
1980.0,6600-6800 m,5100.0,
1980.0,6600-6800 m,5300.0,
1980.0,6600-6800 m,5500.0,
1980.0,6600-6800 m,5700.0,
1980.0,6600-6800 m,5900.0,
1980.0,6600-6800 m,6100.0,
1980.0,6600-6800 m,6300.0,
1980.0,6600-6800 m,7100.0,
1980.0,6800-7000 m,3500.0,
1980.0,6800-7000 m,3700.0,
1980.0,6800-7000 m,3900.0,
1980.0,6800-7000 m,4100.0,
1980.0,6800-7000 m,4300.0,
1980.0,6800-7000 m,4500.0,
1980.0,6800-7000 m,4700.0,
1980.0,6800-7000 m,4900.0,
1980.0,6800-7000 m,5100.0,
1980.0,6800-7000 m,5300.0,
1980.0,6800-7000 m,5500.0,
1980.0,6800-7000 m,5700.0,
1980.0,6800-7000 m,5900.0,
1980.0,6800-7000 m,6100.0,
1980.0,6800-7000 m,6300.0,
1980.0,6800-7000 m,7100.0,
1980.0,7000-7200 m,3500.0,
1980.0,7000-7200 m,3700.0,
1980.0,7000-7200 m,3900.0,
1980.0,7000-7200 m,4100.0,
1980.0,7000-7200 m,4300.0,
1980.0,7000-7200 m,4500.0,
1980.0,7000-7200 m,4700.0,
1980.0,7000-7200 m,4900.0,
1980.0,7000-7200 m,5100.0,
1980.0,7000-7200 m,5300.0,
1980.0,7000-7200 m,5500.0,
1980.0,7000-7200 m,5700.0,
1980.0,7000-7200 m,5900.0,
1980.0,7000-7200 m,6100.0,
1980.0,7000-7200 m,6300.0,
1980.0,7000-7200 m,7100.0,-43.01320724
1980.0,7200-7400 m,3500.0,
1980.0,7200-7400 m,3700.0,
1980.0,7200-7400 m,3900.0,
1980.0,7200-7400 m,4100.0,
1980.0,7200-7400 m,4300.0,
1980.0,7200-7400 m,4500.0,
1980.0,7200-7400 m,4700.0,
1980.0,7200-7400 m,4900.0,
1980.0,7200-7400 m,5100.0,
1980.0,7200-7400 m,5300.0,
1980.0,7200-7400 m,5500.0,
1980.0,7200-7400 m,5700.0,
1980.0,7200-7400 m,5900.0,
1980.0,7200-7400 m,6100.0,
1980.0,7200-7400 m,6300.0,
1980.0,7200-7400 m,7100.0,
1981.0,3400-3600 m,3500.0,-530.5315774596503
1981.0,3400-3600 m,3700.0,
1981.0,3400-3600 m,3900.0,
1981.0,3400-3600 m,4100.0,
1981.0,3400-3600 m,4300.0,
1981.0,3400-3600 m,4500.0,
1981.0,3400-3600 m,4700.0,
1981.0,3400-3600 m,4900.0,
1981.0,3400-3600 m,5100.0,
1981.0,3400-3600 m,5300.0,
1981.0,3400-3600 m,5500.0,
1981.0,3400-3600 m,5700.0,
1981.0,3400-3600 m,5900.0,
1981.0,3400-3600 m,6100.0,
1981.0,3400-3600 m,6300.0,
1981.0,3400-3600 m,7100.0,
1981.0,3600-3800 m,3500.0,
1981.0,3600-3800 m,3700.0,-240.71835171251917
1981.0,3600-3800 m,3900.0,
1981.0,3600-3800 m,4100.0,
1981.0,3600-3800 m,4300.0,
1981.0,3600-3800 m,4500.0,
1981.0,3600-3800 m,4700.0,
1981.0,3600-3800 m,4900.0,
1981.0,3600-3800 m,5100.0,
1981.0,3600-3800 m,5300.0,
1981.0,3600-3800 m,5500.0,
1981.0,3600-3800 m,5700.0,
1981.0,3600-3800 m,5900.0,
1981.0,3600-3800 m,6100.0,
1981.0,3600-3800 m,6300.0,
1981.0,3600-3800 m,7100.0,
1981.0,3800-4000 m,3500.0,
1981.0,3800-4000 m,3700.0,
1981.0,3800-4000 m,3900.0,52.09431101884058
1981.0,3800-4000 m,4100.0,
1981.0,3800-4000 m,4300.0,
1981.0,3800-4000 m,4500.0,
1981.0,3800-4000 m,4700.0,
1981.0,3800-4000 m,4900.0,
1981.0,3800-4000 m,5100.0,
1981.0,3800-4000 m,5300.0,
1981.0,3800-4000 m,5500.0,
1981.0,3800-4000 m,5700.0,
1981.0,3800-4000 m,5900.0,
1981.0,3800-4000 m,6100.0,
1981.0,3800-4000 m,6300.0,
1981.0,3800-4000 m,7100.0,
1981.0,4000-4200 m,3500.0,
1981.0,4000-4200 m,3700.0,
1981.0,4000-4200 m,3900.0,
1981.0,4000-4200 m,4100.0,381.6482541431071
1981.0,4000-4200 m,4300.0,
1981.0,4000-4200 m,4500.0,
1981.0,4000-4200 m,4700.0,
1981.0,4000-4200 m,4900.0,
1981.0,4000-4200 m,5100.0,
1981.0,4000-4200 m,5300.0,
1981.0,4000-4200 m,5500.0,
1981.0,4000-4200 m,5700.0,
1981.0,4000-4200 m,5900.0,
1981.0,4000-4200 m,6100.0,
1981.0,4000-4200 m,6300.0,
1981.0,4000-4200 m,7100.0,
1981.0,4200-4400 m,3500.0,
1981.0,4200-4400 m,3700.0,
1981.0,4200-4400 m,3900.0,
1981.0,4200-4400 m,4100.0,
1981.0,4200-4400 m,4300.0,714.1626897361547
1981.0,4200-4400 m,4500.0,
1981.0,4200-4400 m,4700.0,
1981.0,4200-4400 m,4900.0,
1981.0,4200-4400 m,5100.0,
1981.0,4200-4400 m,5300.0,
1981.0,4200-4400 m,5500.0,
1981.0,4200-4400 m,5700.0,
1981.0,4200-4400 m,5900.0,
1981.0,4200-4400 m,6100.0,
1981.0,4200-4400 m,6300.0,
1981.0,4200-4400 m,7100.0,
1981.0,4400-4600 m,3500.0,
1981.0,4400-4600 m,3700.0,
1981.0,4400-4600 m,3900.0,
1981.0,4400-4600 m,4100.0,
1981.0,4400-4600 m,4300.0,
1981.0,4400-4600 m,4500.0,876.2871734730343
1981.0,4400-4600 m,4700.0,
1981.0,4400-4600 m,4900.0,
1981.0,4400-4600 m,5100.0,
1981.0,4400-4600 m,5300.0,
1981.0,4400-4600 m,5500.0,
1981.0,4400-4600 m,5700.0,
1981.0,4400-4600 m,5900.0,
1981.0,4400-4600 m,6100.0,
1981.0,4400-4600 m,6300.0,
1981.0,4400-4600 m,7100.0,
1981.0,4600-4800 m,3500.0,
1981.0,4600-4800 m,3700.0,
1981.0,4600-4800 m,3900.0,
1981.0,4600-4800 m,4100.0,
1981.0,4600-4800 m,4300.0,
1981.0,4600-4800 m,4500.0,
1981.0,4600-4800 m,4700.0,876.6704359173951
1981.0,4600-4800 m,4900.0,
1981.0,4600-4800 m,5100.0,
1981.0,4600-4800 m,5300.0,
1981.0,4600-4800 m,5500.0,
1981.0,4600-4800 m,5700.0,
1981.0,4600-4800 m,5900.0,
1981.0,4600-4800 m,6100.0,
1981.0,4600-4800 m,6300.0,
1981.0,4600-4800 m,7100.0,
1981.0,4800-5000 m,3500.0,
1981.0,4800-5000 m,3700.0,
1981.0,4800-5000 m,3900.0,
1981.0,4800-5000 m,4100.0,
1981.0,4800-5000 m,4300.0,
1981.0,4800-5000 m,4500.0,
1981.0,4800-5000 m,4700.0,
1981.0,4800-5000 m,4900.0,501.2133505444605
1981.0,4800-5000 m,5100.0,
1981.0,4800-5000 m,5300.0,
1981.0,4800-5000 m,5500.0,
1981.0,4800-5000 m,5700.0,
1981.0,4800-5000 m,5900.0,
1981.0,4800-5000 m,6100.0,
1981.0,4800-5000 m,6300.0,
1981.0,4800-5000 m,7100.0,
1981.0,5000-5200 m,3500.0,
1981.0,5000-5200 m,3700.0,
1981.0,5000-5200 m,3900.0,
1981.0,5000-5200 m,4100.0,
1981.0,5000-5200 m,4300.0,
1981.0,5000-5200 m,4500.0,
1981.0,5000-5200 m,4700.0,
1981.0,5000-5200 m,4900.0,
1981.0,5000-5200 m,5100.0,353.2197246630685
1981.0,5000-5200 m,5300.0,
1981.0,5000-5200 m,5500.0,
1981.0,5000-5200 m,5700.0,
1981.0,5000-5200 m,5900.0,
1981.0,5000-5200 m,6100.0,
1981.0,5000-5200 m,6300.0,
1981.0,5000-5200 m,7100.0,
1981.0,5200-5400 m,3500.0,
1981.0,5200-5400 m,3700.0,
1981.0,5200-5400 m,3900.0,
1981.0,5200-5400 m,4100.0,
1981.0,5200-5400 m,4300.0,
1981.0,5200-5400 m,4500.0,
1981.0,5200-5400 m,4700.0,
1981.0,5200-5400 m,4900.0,
1981.0,5200-5400 m,5100.0,
1981.0,5200-5400 m,5300.0,343.7743157690727
1981.0,5200-5400 m,5500.0,
1981.0,5200-5400 m,5700.0,
1981.0,5200-5400 m,5900.0,
1981.0,5200-5400 m,6100.0,
1981.0,5200-5400 m,6300.0,
1981.0,5200-5400 m,7100.0,
1981.0,5400-5600 m,3500.0,
1981.0,5400-5600 m,3700.0,
1981.0,5400-5600 m,3900.0,
1981.0,5400-5600 m,4100.0,
1981.0,5400-5600 m,4300.0,
1981.0,5400-5600 m,4500.0,
1981.0,5400-5600 m,4700.0,
1981.0,5400-5600 m,4900.0,
1981.0,5400-5600 m,5100.0,
1981.0,5400-5600 m,5300.0,
1981.0,5400-5600 m,5500.0,297.9265671384884
1981.0,5400-5600 m,5700.0,
1981.0,5400-5600 m,5900.0,
1981.0,5400-5600 m,6100.0,
1981.0,5400-5600 m,6300.0,
1981.0,5400-5600 m,7100.0,
1981.0,5600-5800 m,3500.0,
1981.0,5600-5800 m,3700.0,
1981.0,5600-5800 m,3900.0,
1981.0,5600-5800 m,4100.0,
1981.0,5600-5800 m,4300.0,
1981.0,5600-5800 m,4500.0,
1981.0,5600-5800 m,4700.0,
1981.0,5600-5800 m,4900.0,
1981.0,5600-5800 m,5100.0,
1981.0,5600-5800 m,5300.0,
1981.0,5600-5800 m,5500.0,
1981.0,5600-5800 m,5700.0,261.3727340219231
1981.0,5600-5800 m,5900.0,
1981.0,5600-5800 m,6100.0,
1981.0,5600-5800 m,6300.0,
1981.0,5600-5800 m,7100.0,
1981.0,5800-6000 m,3500.0,
1981.0,5800-6000 m,3700.0,
1981.0,5800-6000 m,3900.0,
1981.0,5800-6000 m,4100.0,
1981.0,5800-6000 m,4300.0,
1981.0,5800-6000 m,4500.0,
1981.0,5800-6000 m,4700.0,
1981.0,5800-6000 m,4900.0,
1981.0,5800-6000 m,5100.0,
1981.0,5800-6000 m,5300.0,
1981.0,5800-6000 m,5500.0,
1981.0,5800-6000 m,5700.0,
1981.0,5800-6000 m,5900.0,238.8342357517521
1981.0,5800-6000 m,6100.0,
1981.0,5800-6000 m,6300.0,
1981.0,5800-6000 m,7100.0,
1981.0,6000-6200 m,3500.0,
1981.0,6000-6200 m,3700.0,
1981.0,6000-6200 m,3900.0,
1981.0,6000-6200 m,4100.0,
1981.0,6000-6200 m,4300.0,
1981.0,6000-6200 m,4500.0,
1981.0,6000-6200 m,4700.0,
1981.0,6000-6200 m,4900.0,
1981.0,6000-6200 m,5100.0,
1981.0,6000-6200 m,5300.0,
1981.0,6000-6200 m,5500.0,
1981.0,6000-6200 m,5700.0,
1981.0,6000-6200 m,5900.0,
1981.0,6000-6200 m,6100.0,177.0185743671428
1981.0,6000-6200 m,6300.0,
1981.0,6000-6200 m,7100.0,
1981.0,6200-6400 m,3500.0,
1981.0,6200-6400 m,3700.0,
1981.0,6200-6400 m,3900.0,
1981.0,6200-6400 m,4100.0,
1981.0,6200-6400 m,4300.0,
1981.0,6200-6400 m,4500.0,
1981.0,6200-6400 m,4700.0,
1981.0,6200-6400 m,4900.0,
1981.0,6200-6400 m,5100.0,
1981.0,6200-6400 m,5300.0,
1981.0,6200-6400 m,5500.0,
1981.0,6200-6400 m,5700.0,
1981.0,6200-6400 m,5900.0,
1981.0,6200-6400 m,6100.0,
1981.0,6200-6400 m,6300.0,193.49886250777777
1981.0,6200-6400 m,7100.0,
1981.0,6400-6600 m,3500.0,
1981.0,6400-6600 m,3700.0,
1981.0,6400-6600 m,3900.0,
1981.0,6400-6600 m,4100.0,
1981.0,6400-6600 m,4300.0,
1981.0,6400-6600 m,4500.0,
1981.0,6400-6600 m,4700.0,
1981.0,6400-6600 m,4900.0,
1981.0,6400-6600 m,5100.0,
1981.0,6400-6600 m,5300.0,
1981.0,6400-6600 m,5500.0,
1981.0,6400-6600 m,5700.0,
1981.0,6400-6600 m,5900.0,
1981.0,6400-6600 m,6100.0,
1981.0,6400-6600 m,6300.0,
1981.0,6400-6600 m,7100.0,
1981.0,6600-6800 m,3500.0,
1981.0,6600-6800 m,3700.0,
1981.0,6600-6800 m,3900.0,
1981.0,6600-6800 m,4100.0,
1981.0,6600-6800 m,4300.0,
1981.0,6600-6800 m,4500.0,
1981.0,6600-6800 m,4700.0,
1981.0,6600-6800 m,4900.0,
1981.0,6600-6800 m,5100.0,
1981.0,6600-6800 m,5300.0,
1981.0,6600-6800 m,5500.0,
1981.0,6600-6800 m,5700.0,
1981.0,6600-6800 m,5900.0,
1981.0,6600-6800 m,6100.0,
1981.0,6600-6800 m,6300.0,
1981.0,6600-6800 m,7100.0,
1981.0,6800-7000 m,3500.0,
1981.0,6800-7000 m,3700.0,
1981.0,6800-7000 m,3900.0,
1981.0,6800-7000 m,4100.0,
1981.0,6800-7000 m,4300.0,
1981.0,6800-7000 m,4500.0,
1981.0,6800-7000 m,4700.0,
1981.0,6800-7000 m,4900.0,
1981.0,6800-7000 m,5100.0,
1981.0,6800-7000 m,5300.0,
1981.0,6800-7000 m,5500.0,
1981.0,6800-7000 m,5700.0,
1981.0,6800-7000 m,5900.0,
1981.0,6800-7000 m,6100.0,
1981.0,6800-7000 m,6300.0,
1981.0,6800-7000 m,7100.0,
1981.0,7000-7200 m,3500.0,
1981.0,7000-7200 m,3700.0,
1981.0,7000-7200 m,3900.0,
1981.0,7000-7200 m,4100.0,
1981.0,7000-7200 m,4300.0,
1981.0,7000-7200 m,4500.0,
1981.0,7000-7200 m,4700.0,
1981.0,7000-7200 m,4900.0,
1981.0,7000-7200 m,5100.0,
1981.0,7000-7200 m,5300.0,
1981.0,7000-7200 m,5500.0,
1981.0,7000-7200 m,5700.0,
1981.0,7000-7200 m,5900.0,
1981.0,7000-7200 m,6100.0,
1981.0,7000-7200 m,6300.0,
1981.0,7000-7200 m,7100.0,83.50639796
1981.0,7200-7400 m,3500.0,
1981.0,7200-7400 m,3700.0,
1981.0,7200-7400 m,3900.0,
1981.0,7200-7400 m,4100.0,
1981.0,7200-7400 m,4300.0,
1981.0,7200-7400 m,4500.0,
1981.0,7200-7400 m,4700.0,
1981.0,7200-7400 m,4900.0,
1981.0,7200-7400 m,5100.0,
1981.0,7200-7400 m,5300.0,
1981.0,7200-7400 m,5500.0,
1981.0,7200-7400 m,5700.0,
1981.0,7200-7400 m,5900.0,
1981.0,7200-7400 m,6100.0,
1981.0,7200-7400 m,6300.0,
1981.0,7200-7400 m,7100.0,
1982.0,3400-3600 m,3500.0,-772.9941174457456
1982.0,3400-3600 m,3700.0,
1982.0,3400-3600 m,3900.0,
1982.0,3400-3600 m,4100.0,
1982.0,3400-3600 m,4300.0,
1982.0,3400-3600 m,4500.0,
1982.0,3400-3600 m,4700.0,
1982.0,3400-3600 m,4900.0,
1982.0,3400-3600 m,5100.0,
1982.0,3400-3600 m,5300.0,
1982.0,3400-3600 m,5500.0,
1982.0,3400-3600 m,5700.0,
1982.0,3400-3600 m,5900.0,
1982.0,3400-3600 m,6100.0,
1982.0,3400-3600 m,6300.0,
1982.0,3400-3600 m,7100.0,
1982.0,3600-3800 m,3500.0,
1982.0,3600-3800 m,3700.0,-377.53121170947384
1982.0,3600-3800 m,3900.0,
1982.0,3600-3800 m,4100.0,
1982.0,3600-3800 m,4300.0,
1982.0,3600-3800 m,4500.0,
1982.0,3600-3800 m,4700.0,
1982.0,3600-3800 m,4900.0,
1982.0,3600-3800 m,5100.0,
1982.0,3600-3800 m,5300.0,
1982.0,3600-3800 m,5500.0,
1982.0,3600-3800 m,5700.0,
1982.0,3600-3800 m,5900.0,
1982.0,3600-3800 m,6100.0,
1982.0,3600-3800 m,6300.0,
1982.0,3600-3800 m,7100.0,
1982.0,3800-4000 m,3500.0,
1982.0,3800-4000 m,3700.0,
1982.0,3800-4000 m,3900.0,-89.74344108613941
1982.0,3800-4000 m,4100.0,
1982.0,3800-4000 m,4300.0,
1982.0,3800-4000 m,4500.0,
1982.0,3800-4000 m,4700.0,
1982.0,3800-4000 m,4900.0,
1982.0,3800-4000 m,5100.0,
1982.0,3800-4000 m,5300.0,
1982.0,3800-4000 m,5500.0,
1982.0,3800-4000 m,5700.0,
1982.0,3800-4000 m,5900.0,
1982.0,3800-4000 m,6100.0,
1982.0,3800-4000 m,6300.0,
1982.0,3800-4000 m,7100.0,
1982.0,4000-4200 m,3500.0,
1982.0,4000-4200 m,3700.0,
1982.0,4000-4200 m,3900.0,
1982.0,4000-4200 m,4100.0,124.53272767017857
1982.0,4000-4200 m,4300.0,
1982.0,4000-4200 m,4500.0,
1982.0,4000-4200 m,4700.0,
1982.0,4000-4200 m,4900.0,
1982.0,4000-4200 m,5100.0,
1982.0,4000-4200 m,5300.0,
1982.0,4000-4200 m,5500.0,
1982.0,4000-4200 m,5700.0,
1982.0,4000-4200 m,5900.0,
1982.0,4000-4200 m,6100.0,
1982.0,4000-4200 m,6300.0,
1982.0,4000-4200 m,7100.0,
1982.0,4200-4400 m,3500.0,
1982.0,4200-4400 m,3700.0,
1982.0,4200-4400 m,3900.0,
1982.0,4200-4400 m,4100.0,
1982.0,4200-4400 m,4300.0,350.3912791103887
1982.0,4200-4400 m,4500.0,
1982.0,4200-4400 m,4700.0,
1982.0,4200-4400 m,4900.0,
1982.0,4200-4400 m,5100.0,
1982.0,4200-4400 m,5300.0,
1982.0,4200-4400 m,5500.0,
1982.0,4200-4400 m,5700.0,
1982.0,4200-4400 m,5900.0,
1982.0,4200-4400 m,6100.0,
1982.0,4200-4400 m,6300.0,
1982.0,4200-4400 m,7100.0,
1982.0,4400-4600 m,3500.0,
1982.0,4400-4600 m,3700.0,
1982.0,4400-4600 m,3900.0,
1982.0,4400-4600 m,4100.0,
1982.0,4400-4600 m,4300.0,
1982.0,4400-4600 m,4500.0,537.5196821626639
1982.0,4400-4600 m,4700.0,
1982.0,4400-4600 m,4900.0,
1982.0,4400-4600 m,5100.0,
1982.0,4400-4600 m,5300.0,
1982.0,4400-4600 m,5500.0,
1982.0,4400-4600 m,5700.0,
1982.0,4400-4600 m,5900.0,
1982.0,4400-4600 m,6100.0,
1982.0,4400-4600 m,6300.0,
1982.0,4400-4600 m,7100.0,
1982.0,4600-4800 m,3500.0,
1982.0,4600-4800 m,3700.0,
1982.0,4600-4800 m,3900.0,
1982.0,4600-4800 m,4100.0,
1982.0,4600-4800 m,4300.0,
1982.0,4600-4800 m,4500.0,
1982.0,4600-4800 m,4700.0,605.4689357991607
1982.0,4600-4800 m,4900.0,
1982.0,4600-4800 m,5100.0,
1982.0,4600-4800 m,5300.0,
1982.0,4600-4800 m,5500.0,
1982.0,4600-4800 m,5700.0,
1982.0,4600-4800 m,5900.0,
1982.0,4600-4800 m,6100.0,
1982.0,4600-4800 m,6300.0,
1982.0,4600-4800 m,7100.0,
1982.0,4800-5000 m,3500.0,
1982.0,4800-5000 m,3700.0,
1982.0,4800-5000 m,3900.0,
1982.0,4800-5000 m,4100.0,
1982.0,4800-5000 m,4300.0,
1982.0,4800-5000 m,4500.0,
1982.0,4800-5000 m,4700.0,
1982.0,4800-5000 m,4900.0,485.3074053203821
1982.0,4800-5000 m,5100.0,
1982.0,4800-5000 m,5300.0,
1982.0,4800-5000 m,5500.0,
1982.0,4800-5000 m,5700.0,
1982.0,4800-5000 m,5900.0,
1982.0,4800-5000 m,6100.0,
1982.0,4800-5000 m,6300.0,
1982.0,4800-5000 m,7100.0,
1982.0,5000-5200 m,3500.0,
1982.0,5000-5200 m,3700.0,
1982.0,5000-5200 m,3900.0,
1982.0,5000-5200 m,4100.0,
1982.0,5000-5200 m,4300.0,
1982.0,5000-5200 m,4500.0,
1982.0,5000-5200 m,4700.0,
1982.0,5000-5200 m,4900.0,
1982.0,5000-5200 m,5100.0,445.9314312471403
1982.0,5000-5200 m,5300.0,
1982.0,5000-5200 m,5500.0,
1982.0,5000-5200 m,5700.0,
1982.0,5000-5200 m,5900.0,
1982.0,5000-5200 m,6100.0,
1982.0,5000-5200 m,6300.0,
1982.0,5000-5200 m,7100.0,
1982.0,5200-5400 m,3500.0,
1982.0,5200-5400 m,3700.0,
1982.0,5200-5400 m,3900.0,
1982.0,5200-5400 m,4100.0,
1982.0,5200-5400 m,4300.0,
1982.0,5200-5400 m,4500.0,
1982.0,5200-5400 m,4700.0,
1982.0,5200-5400 m,4900.0,
1982.0,5200-5400 m,5100.0,
1982.0,5200-5400 m,5300.0,439.4658253591286
1982.0,5200-5400 m,5500.0,
1982.0,5200-5400 m,5700.0,
1982.0,5200-5400 m,5900.0,
1982.0,5200-5400 m,6100.0,
1982.0,5200-5400 m,6300.0,
1982.0,5200-5400 m,7100.0,
1982.0,5400-5600 m,3500.0,
1982.0,5400-5600 m,3700.0,
1982.0,5400-5600 m,3900.0,
1982.0,5400-5600 m,4100.0,
1982.0,5400-5600 m,4300.0,
1982.0,5400-5600 m,4500.0,
1982.0,5400-5600 m,4700.0,
1982.0,5400-5600 m,4900.0,
1982.0,5400-5600 m,5100.0,
1982.0,5400-5600 m,5300.0,
1982.0,5400-5600 m,5500.0,381.2444402991581
1982.0,5400-5600 m,5700.0,
1982.0,5400-5600 m,5900.0,
1982.0,5400-5600 m,6100.0,
1982.0,5400-5600 m,6300.0,
1982.0,5400-5600 m,7100.0,
1982.0,5600-5800 m,3500.0,
1982.0,5600-5800 m,3700.0,
1982.0,5600-5800 m,3900.0,
1982.0,5600-5800 m,4100.0,
1982.0,5600-5800 m,4300.0,
1982.0,5600-5800 m,4500.0,
1982.0,5600-5800 m,4700.0,
1982.0,5600-5800 m,4900.0,
1982.0,5600-5800 m,5100.0,
1982.0,5600-5800 m,5300.0,
1982.0,5600-5800 m,5500.0,
1982.0,5600-5800 m,5700.0,297.95912496072845
1982.0,5600-5800 m,5900.0,
1982.0,5600-5800 m,6100.0,
1982.0,5600-5800 m,6300.0,
1982.0,5600-5800 m,7100.0,
1982.0,5800-6000 m,3500.0,
1982.0,5800-6000 m,3700.0,
1982.0,5800-6000 m,3900.0,
1982.0,5800-6000 m,4100.0,
1982.0,5800-6000 m,4300.0,
1982.0,5800-6000 m,4500.0,
1982.0,5800-6000 m,4700.0,
1982.0,5800-6000 m,4900.0,
1982.0,5800-6000 m,5100.0,
1982.0,5800-6000 m,5300.0,
1982.0,5800-6000 m,5500.0,
1982.0,5800-6000 m,5700.0,
1982.0,5800-6000 m,5900.0,243.2275892579235
1982.0,5800-6000 m,6100.0,
1982.0,5800-6000 m,6300.0,
1982.0,5800-6000 m,7100.0,
1982.0,6000-6200 m,3500.0,
1982.0,6000-6200 m,3700.0,
1982.0,6000-6200 m,3900.0,
1982.0,6000-6200 m,4100.0,
1982.0,6000-6200 m,4300.0,
1982.0,6000-6200 m,4500.0,
1982.0,6000-6200 m,4700.0,
1982.0,6000-6200 m,4900.0,
1982.0,6000-6200 m,5100.0,
1982.0,6000-6200 m,5300.0,
1982.0,6000-6200 m,5500.0,
1982.0,6000-6200 m,5700.0,
1982.0,6000-6200 m,5900.0,
1982.0,6000-6200 m,6100.0,194.6663077771429
1982.0,6000-6200 m,6300.0,
1982.0,6000-6200 m,7100.0,
1982.0,6200-6400 m,3500.0,
1982.0,6200-6400 m,3700.0,
1982.0,6200-6400 m,3900.0,
1982.0,6200-6400 m,4100.0,
1982.0,6200-6400 m,4300.0,
1982.0,6200-6400 m,4500.0,
1982.0,6200-6400 m,4700.0,
1982.0,6200-6400 m,4900.0,
1982.0,6200-6400 m,5100.0,
1982.0,6200-6400 m,5300.0,
1982.0,6200-6400 m,5500.0,
1982.0,6200-6400 m,5700.0,
1982.0,6200-6400 m,5900.0,
1982.0,6200-6400 m,6100.0,
1982.0,6200-6400 m,6300.0,206.4167168326111
1982.0,6200-6400 m,7100.0,
1982.0,6400-6600 m,3500.0,
1982.0,6400-6600 m,3700.0,
1982.0,6400-6600 m,3900.0,
1982.0,6400-6600 m,4100.0,
1982.0,6400-6600 m,4300.0,
1982.0,6400-6600 m,4500.0,
1982.0,6400-6600 m,4700.0,
1982.0,6400-6600 m,4900.0,
1982.0,6400-6600 m,5100.0,
1982.0,6400-6600 m,5300.0,
1982.0,6400-6600 m,5500.0,
1982.0,6400-6600 m,5700.0,
1982.0,6400-6600 m,5900.0,
1982.0,6400-6600 m,6100.0,
1982.0,6400-6600 m,6300.0,
1982.0,6400-6600 m,7100.0,
1982.0,6600-6800 m,3500.0,
1982.0,6600-6800 m,3700.0,
1982.0,6600-6800 m,3900.0,
1982.0,6600-6800 m,4100.0,
1982.0,6600-6800 m,4300.0,
1982.0,6600-6800 m,4500.0,
1982.0,6600-6800 m,4700.0,
1982.0,6600-6800 m,4900.0,
1982.0,6600-6800 m,5100.0,
1982.0,6600-6800 m,5300.0,
1982.0,6600-6800 m,5500.0,
1982.0,6600-6800 m,5700.0,
1982.0,6600-6800 m,5900.0,
1982.0,6600-6800 m,6100.0,
1982.0,6600-6800 m,6300.0,
1982.0,6600-6800 m,7100.0,
1982.0,6800-7000 m,3500.0,
1982.0,6800-7000 m,3700.0,
1982.0,6800-7000 m,3900.0,
1982.0,6800-7000 m,4100.0,
1982.0,6800-7000 m,4300.0,
1982.0,6800-7000 m,4500.0,
1982.0,6800-7000 m,4700.0,
1982.0,6800-7000 m,4900.0,
1982.0,6800-7000 m,5100.0,
1982.0,6800-7000 m,5300.0,
1982.0,6800-7000 m,5500.0,
1982.0,6800-7000 m,5700.0,
1982.0,6800-7000 m,5900.0,
1982.0,6800-7000 m,6100.0,
1982.0,6800-7000 m,6300.0,
1982.0,6800-7000 m,7100.0,
1982.0,7000-7200 m,3500.0,
1982.0,7000-7200 m,3700.0,
1982.0,7000-7200 m,3900.0,
1982.0,7000-7200 m,4100.0,
1982.0,7000-7200 m,4300.0,
1982.0,7000-7200 m,4500.0,
1982.0,7000-7200 m,4700.0,
1982.0,7000-7200 m,4900.0,
1982.0,7000-7200 m,5100.0,
1982.0,7000-7200 m,5300.0,
1982.0,7000-7200 m,5500.0,
1982.0,7000-7200 m,5700.0,
1982.0,7000-7200 m,5900.0,
1982.0,7000-7200 m,6100.0,
1982.0,7000-7200 m,6300.0,
1982.0,7000-7200 m,7100.0,267.6775186
1982.0,7200-7400 m,3500.0,
1982.0,7200-7400 m,3700.0,
1982.0,7200-7400 m,3900.0,
1982.0,7200-7400 m,4100.0,
1982.0,7200-7400 m,4300.0,
1982.0,7200-7400 m,4500.0,
1982.0,7200-7400 m,4700.0,
1982.0,7200-7400 m,4900.0,
1982.0,7200-7400 m,5100.0,
1982.0,7200-7400 m,5300.0,
1982.0,7200-7400 m,5500.0,
1982.0,7200-7400 m,5700.0,
1982.0,7200-7400 m,5900.0,
1982.0,7200-7400 m,6100.0,
1982.0,7200-7400 m,6300.0,
1982.0,7200-7400 m,7100.0,
1983.0,3400-3600 m,3500.0,-430.89177006795796
1983.0,3400-3600 m,3700.0,
1983.0,3400-3600 m,3900.0,
1983.0,3400-3600 m,4100.0,
1983.0,3400-3600 m,4300.0,
1983.0,3400-3600 m,4500.0,
1983.0,3400-3600 m,4700.0,
1983.0,3400-3600 m,4900.0,
1983.0,3400-3600 m,5100.0,
1983.0,3400-3600 m,5300.0,
1983.0,3400-3600 m,5500.0,
1983.0,3400-3600 m,5700.0,
1983.0,3400-3600 m,5900.0,
1983.0,3400-3600 m,6100.0,
1983.0,3400-3600 m,6300.0,
1983.0,3400-3600 m,7100.0,
1983.0,3600-3800 m,3500.0,
1983.0,3600-3800 m,3700.0,-373.67034268755486
1983.0,3600-3800 m,3900.0,
1983.0,3600-3800 m,4100.0,
1983.0,3600-3800 m,4300.0,
1983.0,3600-3800 m,4500.0,
1983.0,3600-3800 m,4700.0,
1983.0,3600-3800 m,4900.0,
1983.0,3600-3800 m,5100.0,
1983.0,3600-3800 m,5300.0,
1983.0,3600-3800 m,5500.0,
1983.0,3600-3800 m,5700.0,
1983.0,3600-3800 m,5900.0,
1983.0,3600-3800 m,6100.0,
1983.0,3600-3800 m,6300.0,
1983.0,3600-3800 m,7100.0,
1983.0,3800-4000 m,3500.0,
1983.0,3800-4000 m,3700.0,
1983.0,3800-4000 m,3900.0,-222.7257498430119
1983.0,3800-4000 m,4100.0,
1983.0,3800-4000 m,4300.0,
1983.0,3800-4000 m,4500.0,
1983.0,3800-4000 m,4700.0,
1983.0,3800-4000 m,4900.0,
1983.0,3800-4000 m,5100.0,
1983.0,3800-4000 m,5300.0,
1983.0,3800-4000 m,5500.0,
1983.0,3800-4000 m,5700.0,
1983.0,3800-4000 m,5900.0,
1983.0,3800-4000 m,6100.0,
1983.0,3800-4000 m,6300.0,
1983.0,3800-4000 m,7100.0,
1983.0,4000-4200 m,3500.0,
1983.0,4000-4200 m,3700.0,
1983.0,4000-4200 m,3900.0,
1983.0,4000-4200 m,4100.0,-193.0896025456049
1983.0,4000-4200 m,4300.0,
1983.0,4000-4200 m,4500.0,
1983.0,4000-4200 m,4700.0,
1983.0,4000-4200 m,4900.0,
1983.0,4000-4200 m,5100.0,
1983.0,4000-4200 m,5300.0,
1983.0,4000-4200 m,5500.0,
1983.0,4000-4200 m,5700.0,
1983.0,4000-4200 m,5900.0,
1983.0,4000-4200 m,6100.0,
1983.0,4000-4200 m,6300.0,
1983.0,4000-4200 m,7100.0,
1983.0,4200-4400 m,3500.0,
1983.0,4200-4400 m,3700.0,
1983.0,4200-4400 m,3900.0,
1983.0,4200-4400 m,4100.0,
1983.0,4200-4400 m,4300.0,-288.6124665972606
1983.0,4200-4400 m,4500.0,
1983.0,4200-4400 m,4700.0,
1983.0,4200-4400 m,4900.0,
1983.0,4200-4400 m,5100.0,
1983.0,4200-4400 m,5300.0,
1983.0,4200-4400 m,5500.0,
1983.0,4200-4400 m,5700.0,
1983.0,4200-4400 m,5900.0,
1983.0,4200-4400 m,6100.0,
1983.0,4200-4400 m,6300.0,
1983.0,4200-4400 m,7100.0,
1983.0,4400-4600 m,3500.0,
1983.0,4400-4600 m,3700.0,
1983.0,4400-4600 m,3900.0,
1983.0,4400-4600 m,4100.0,
1983.0,4400-4600 m,4300.0,
1983.0,4400-4600 m,4500.0,-291.0093602202614
1983.0,4400-4600 m,4700.0,
1983.0,4400-4600 m,4900.0,
1983.0,4400-4600 m,5100.0,
1983.0,4400-4600 m,5300.0,
1983.0,4400-4600 m,5500.0,
1983.0,4400-4600 m,5700.0,
1983.0,4400-4600 m,5900.0,
1983.0,4400-4600 m,6100.0,
1983.0,4400-4600 m,6300.0,
1983.0,4400-4600 m,7100.0,
1983.0,4600-4800 m,3500.0,
1983.0,4600-4800 m,3700.0,
1983.0,4600-4800 m,3900.0,
1983.0,4600-4800 m,4100.0,
1983.0,4600-4800 m,4300.0,
1983.0,4600-4800 m,4500.0,
1983.0,4600-4800 m,4700.0,-315.0637062183574
1983.0,4600-4800 m,4900.0,
1983.0,4600-4800 m,5100.0,
1983.0,4600-4800 m,5300.0,
1983.0,4600-4800 m,5500.0,
1983.0,4600-4800 m,5700.0,
1983.0,4600-4800 m,5900.0,
1983.0,4600-4800 m,6100.0,
1983.0,4600-4800 m,6300.0,
1983.0,4600-4800 m,7100.0,
1983.0,4800-5000 m,3500.0,
1983.0,4800-5000 m,3700.0,
1983.0,4800-5000 m,3900.0,
1983.0,4800-5000 m,4100.0,
1983.0,4800-5000 m,4300.0,
1983.0,4800-5000 m,4500.0,
1983.0,4800-5000 m,4700.0,
1983.0,4800-5000 m,4900.0,-83.97837616899623
1983.0,4800-5000 m,5100.0,
1983.0,4800-5000 m,5300.0,
1983.0,4800-5000 m,5500.0,
1983.0,4800-5000 m,5700.0,
1983.0,4800-5000 m,5900.0,
1983.0,4800-5000 m,6100.0,
1983.0,4800-5000 m,6300.0,
1983.0,4800-5000 m,7100.0,
1983.0,5000-5200 m,3500.0,
1983.0,5000-5200 m,3700.0,
1983.0,5000-5200 m,3900.0,
1983.0,5000-5200 m,4100.0,
1983.0,5000-5200 m,4300.0,
1983.0,5000-5200 m,4500.0,
1983.0,5000-5200 m,4700.0,
1983.0,5000-5200 m,4900.0,
1983.0,5000-5200 m,5100.0,-2.8909391584611033
1983.0,5000-5200 m,5300.0,
1983.0,5000-5200 m,5500.0,
1983.0,5000-5200 m,5700.0,
1983.0,5000-5200 m,5900.0,
1983.0,5000-5200 m,6100.0,
1983.0,5000-5200 m,6300.0,
1983.0,5000-5200 m,7100.0,
1983.0,5200-5400 m,3500.0,
1983.0,5200-5400 m,3700.0,
1983.0,5200-5400 m,3900.0,
1983.0,5200-5400 m,4100.0,
1983.0,5200-5400 m,4300.0,
1983.0,5200-5400 m,4500.0,
1983.0,5200-5400 m,4700.0,
1983.0,5200-5400 m,4900.0,
1983.0,5200-5400 m,5100.0,
1983.0,5200-5400 m,5300.0,29.938636927572574
1983.0,5200-5400 m,5500.0,
1983.0,5200-5400 m,5700.0,
1983.0,5200-5400 m,5900.0,
1983.0,5200-5400 m,6100.0,
1983.0,5200-5400 m,6300.0,
1983.0,5200-5400 m,7100.0,
1983.0,5400-5600 m,3500.0,
1983.0,5400-5600 m,3700.0,
1983.0,5400-5600 m,3900.0,
1983.0,5400-5600 m,4100.0,
1983.0,5400-5600 m,4300.0,
1983.0,5400-5600 m,4500.0,
1983.0,5400-5600 m,4700.0,
1983.0,5400-5600 m,4900.0,
1983.0,5400-5600 m,5100.0,
1983.0,5400-5600 m,5300.0,
1983.0,5400-5600 m,5500.0,39.67836347006929
1983.0,5400-5600 m,5700.0,
1983.0,5400-5600 m,5900.0,
1983.0,5400-5600 m,6100.0,
1983.0,5400-5600 m,6300.0,
1983.0,5400-5600 m,7100.0,
1983.0,5600-5800 m,3500.0,
1983.0,5600-5800 m,3700.0,
1983.0,5600-5800 m,3900.0,
1983.0,5600-5800 m,4100.0,
1983.0,5600-5800 m,4300.0,
1983.0,5600-5800 m,4500.0,
1983.0,5600-5800 m,4700.0,
1983.0,5600-5800 m,4900.0,
1983.0,5600-5800 m,5100.0,
1983.0,5600-5800 m,5300.0,
1983.0,5600-5800 m,5500.0,
1983.0,5600-5800 m,5700.0,49.12080181258641
1983.0,5600-5800 m,5900.0,
1983.0,5600-5800 m,6100.0,
1983.0,5600-5800 m,6300.0,
1983.0,5600-5800 m,7100.0,
1983.0,5800-6000 m,3500.0,
1983.0,5800-6000 m,3700.0,
1983.0,5800-6000 m,3900.0,
1983.0,5800-6000 m,4100.0,
1983.0,5800-6000 m,4300.0,
1983.0,5800-6000 m,4500.0,
1983.0,5800-6000 m,4700.0,
1983.0,5800-6000 m,4900.0,
1983.0,5800-6000 m,5100.0,
1983.0,5800-6000 m,5300.0,
1983.0,5800-6000 m,5500.0,
1983.0,5800-6000 m,5700.0,
1983.0,5800-6000 m,5900.0,27.891330806998944
1983.0,5800-6000 m,6100.0,
1983.0,5800-6000 m,6300.0,
1983.0,5800-6000 m,7100.0,
1983.0,6000-6200 m,3500.0,
1983.0,6000-6200 m,3700.0,
1983.0,6000-6200 m,3900.0,
1983.0,6000-6200 m,4100.0,
1983.0,6000-6200 m,4300.0,
1983.0,6000-6200 m,4500.0,
1983.0,6000-6200 m,4700.0,
1983.0,6000-6200 m,4900.0,
1983.0,6000-6200 m,5100.0,
1983.0,6000-6200 m,5300.0,
1983.0,6000-6200 m,5500.0,
1983.0,6000-6200 m,5700.0,
1983.0,6000-6200 m,5900.0,
1983.0,6000-6200 m,6100.0,25.573464672285713
1983.0,6000-6200 m,6300.0,
1983.0,6000-6200 m,7100.0,
1983.0,6200-6400 m,3500.0,
1983.0,6200-6400 m,3700.0,
1983.0,6200-6400 m,3900.0,
1983.0,6200-6400 m,4100.0,
1983.0,6200-6400 m,4300.0,
1983.0,6200-6400 m,4500.0,
1983.0,6200-6400 m,4700.0,
1983.0,6200-6400 m,4900.0,
1983.0,6200-6400 m,5100.0,
1983.0,6200-6400 m,5300.0,
1983.0,6200-6400 m,5500.0,
1983.0,6200-6400 m,5700.0,
1983.0,6200-6400 m,5900.0,
1983.0,6200-6400 m,6100.0,
1983.0,6200-6400 m,6300.0,46.78181044405557
1983.0,6200-6400 m,7100.0,
1983.0,6400-6600 m,3500.0,
1983.0,6400-6600 m,3700.0,
1983.0,6400-6600 m,3900.0,
1983.0,6400-6600 m,4100.0,
1983.0,6400-6600 m,4300.0,
1983.0,6400-6600 m,4500.0,
1983.0,6400-6600 m,4700.0,
1983.0,6400-6600 m,4900.0,
1983.0,6400-6600 m,5100.0,
1983.0,6400-6600 m,5300.0,
1983.0,6400-6600 m,5500.0,
1983.0,6400-6600 m,5700.0,
1983.0,6400-6600 m,5900.0,
1983.0,6400-6600 m,6100.0,
1983.0,6400-6600 m,6300.0,
1983.0,6400-6600 m,7100.0,
1983.0,6600-6800 m,3500.0,
1983.0,6600-6800 m,3700.0,
1983.0,6600-6800 m,3900.0,
1983.0,6600-6800 m,4100.0,
1983.0,6600-6800 m,4300.0,
1983.0,6600-6800 m,4500.0,
1983.0,6600-6800 m,4700.0,
1983.0,6600-6800 m,4900.0,
1983.0,6600-6800 m,5100.0,
1983.0,6600-6800 m,5300.0,
1983.0,6600-6800 m,5500.0,
1983.0,6600-6800 m,5700.0,
1983.0,6600-6800 m,5900.0,
1983.0,6600-6800 m,6100.0,
1983.0,6600-6800 m,6300.0,
1983.0,6600-6800 m,7100.0,
1983.0,6800-7000 m,3500.0,
1983.0,6800-7000 m,3700.0,
1983.0,6800-7000 m,3900.0,
1983.0,6800-7000 m,4100.0,
1983.0,6800-7000 m,4300.0,
1983.0,6800-7000 m,4500.0,
1983.0,6800-7000 m,4700.0,
1983.0,6800-7000 m,4900.0,
1983.0,6800-7000 m,5100.0,
1983.0,6800-7000 m,5300.0,
1983.0,6800-7000 m,5500.0,
1983.0,6800-7000 m,5700.0,
1983.0,6800-7000 m,5900.0,
1983.0,6800-7000 m,6100.0,
1983.0,6800-7000 m,6300.0,
1983.0,6800-7000 m,7100.0,
1983.0,7000-7200 m,3500.0,
1983.0,7000-7200 m,3700.0,
1983.0,7000-7200 m,3900.0,
1983.0,7000-7200 m,4100.0,
1983.0,7000-7200 m,4300.0,
1983.0,7000-7200 m,4500.0,
1983.0,7000-7200 m,4700.0,
1983.0,7000-7200 m,4900.0,
1983.0,7000-7200 m,5100.0,
1983.0,7000-7200 m,5300.0,
1983.0,7000-7200 m,5500.0,
1983.0,7000-7200 m,5700.0,
1983.0,7000-7200 m,5900.0,
1983.0,7000-7200 m,6100.0,
1983.0,7000-7200 m,6300.0,
1983.0,7000-7200 m,7100.0,-90.8573127
1983.0,7200-7400 m,3500.0,
1983.0,7200-7400 m,3700.0,
1983.0,7200-7400 m,3900.0,
1983.0,7200-7400 m,4100.0,
1983.0,7200-7400 m,4300.0,
1983.0,7200-7400 m,4500.0,
1983.0,7200-7400 m,4700.0,
1983.0,7200-7400 m,4900.0,
1983.0,7200-7400 m,5100.0,
1983.0,7200-7400 m,5300.0,
1983.0,7200-7400 m,5500.0,
1983.0,7200-7400 m,5700.0,
1983.0,7200-7400 m,5900.0,
1983.0,7200-7400 m,6100.0,
1983.0,7200-7400 m,6300.0,
1983.0,7200-7400 m,7100.0,
1984.0,3400-3600 m,3500.0,-290.1980988098837
1984.0,3400-3600 m,3700.0,
1984.0,3400-3600 m,3900.0,
1984.0,3400-3600 m,4100.0,
1984.0,3400-3600 m,4300.0,
1984.0,3400-3600 m,4500.0,
1984.0,3400-3600 m,4700.0,
1984.0,3400-3600 m,4900.0,
1984.0,3400-3600 m,5100.0,
1984.0,3400-3600 m,5300.0,
1984.0,3400-3600 m,5500.0,
1984.0,3400-3600 m,5700.0,
1984.0,3400-3600 m,5900.0,
1984.0,3400-3600 m,6100.0,
1984.0,3400-3600 m,6300.0,
1984.0,3400-3600 m,7100.0,
1984.0,3600-3800 m,3500.0,
1984.0,3600-3800 m,3700.0,-241.33603530319334
1984.0,3600-3800 m,3900.0,
1984.0,3600-3800 m,4100.0,
1984.0,3600-3800 m,4300.0,
1984.0,3600-3800 m,4500.0,
1984.0,3600-3800 m,4700.0,
1984.0,3600-3800 m,4900.0,
1984.0,3600-3800 m,5100.0,
1984.0,3600-3800 m,5300.0,
1984.0,3600-3800 m,5500.0,
1984.0,3600-3800 m,5700.0,
1984.0,3600-3800 m,5900.0,
1984.0,3600-3800 m,6100.0,
1984.0,3600-3800 m,6300.0,
1984.0,3600-3800 m,7100.0,
1984.0,3800-4000 m,3500.0,
1984.0,3800-4000 m,3700.0,
1984.0,3800-4000 m,3900.0,-77.05896664047383
1984.0,3800-4000 m,4100.0,
1984.0,3800-4000 m,4300.0,
1984.0,3800-4000 m,4500.0,
1984.0,3800-4000 m,4700.0,
1984.0,3800-4000 m,4900.0,
1984.0,3800-4000 m,5100.0,
1984.0,3800-4000 m,5300.0,
1984.0,3800-4000 m,5500.0,
1984.0,3800-4000 m,5700.0,
1984.0,3800-4000 m,5900.0,
1984.0,3800-4000 m,6100.0,
1984.0,3800-4000 m,6300.0,
1984.0,3800-4000 m,7100.0,
1984.0,4000-4200 m,3500.0,
1984.0,4000-4200 m,3700.0,
1984.0,4000-4200 m,3900.0,
1984.0,4000-4200 m,4100.0,-196.28013794926417
1984.0,4000-4200 m,4300.0,
1984.0,4000-4200 m,4500.0,
1984.0,4000-4200 m,4700.0,
1984.0,4000-4200 m,4900.0,
1984.0,4000-4200 m,5100.0,
1984.0,4000-4200 m,5300.0,
1984.0,4000-4200 m,5500.0,
1984.0,4000-4200 m,5700.0,
1984.0,4000-4200 m,5900.0,
1984.0,4000-4200 m,6100.0,
1984.0,4000-4200 m,6300.0,
1984.0,4000-4200 m,7100.0,
1984.0,4200-4400 m,3500.0,
1984.0,4200-4400 m,3700.0,
1984.0,4200-4400 m,3900.0,
1984.0,4200-4400 m,4100.0,
1984.0,4200-4400 m,4300.0,-483.9185524216976
1984.0,4200-4400 m,4500.0,
1984.0,4200-4400 m,4700.0,
1984.0,4200-4400 m,4900.0,
1984.0,4200-4400 m,5100.0,
1984.0,4200-4400 m,5300.0,
1984.0,4200-4400 m,5500.0,
1984.0,4200-4400 m,5700.0,
1984.0,4200-4400 m,5900.0,
1984.0,4200-4400 m,6100.0,
1984.0,4200-4400 m,6300.0,
1984.0,4200-4400 m,7100.0,
1984.0,4400-4600 m,3500.0,
1984.0,4400-4600 m,3700.0,
1984.0,4400-4600 m,3900.0,
1984.0,4400-4600 m,4100.0,
1984.0,4400-4600 m,4300.0,
1984.0,4400-4600 m,4500.0,-516.0146979719489
1984.0,4400-4600 m,4700.0,
1984.0,4400-4600 m,4900.0,
1984.0,4400-4600 m,5100.0,
1984.0,4400-4600 m,5300.0,
1984.0,4400-4600 m,5500.0,
1984.0,4400-4600 m,5700.0,
1984.0,4400-4600 m,5900.0,
1984.0,4400-4600 m,6100.0,
1984.0,4400-4600 m,6300.0,
1984.0,4400-4600 m,7100.0,
1984.0,4600-4800 m,3500.0,
1984.0,4600-4800 m,3700.0,
1984.0,4600-4800 m,3900.0,
1984.0,4600-4800 m,4100.0,
1984.0,4600-4800 m,4300.0,
1984.0,4600-4800 m,4500.0,
1984.0,4600-4800 m,4700.0,-623.2333124221129
1984.0,4600-4800 m,4900.0,
1984.0,4600-4800 m,5100.0,
1984.0,4600-4800 m,5300.0,
1984.0,4600-4800 m,5500.0,
1984.0,4600-4800 m,5700.0,
1984.0,4600-4800 m,5900.0,
1984.0,4600-4800 m,6100.0,
1984.0,4600-4800 m,6300.0,
1984.0,4600-4800 m,7100.0,
1984.0,4800-5000 m,3500.0,
1984.0,4800-5000 m,3700.0,
1984.0,4800-5000 m,3900.0,
1984.0,4800-5000 m,4100.0,
1984.0,4800-5000 m,4300.0,
1984.0,4800-5000 m,4500.0,
1984.0,4800-5000 m,4700.0,
1984.0,4800-5000 m,4900.0,-399.99791671905217
1984.0,4800-5000 m,5100.0,
1984.0,4800-5000 m,5300.0,
1984.0,4800-5000 m,5500.0,
1984.0,4800-5000 m,5700.0,
1984.0,4800-5000 m,5900.0,
1984.0,4800-5000 m,6100.0,
1984.0,4800-5000 m,6300.0,
1984.0,4800-5000 m,7100.0,
1984.0,5000-5200 m,3500.0,
1984.0,5000-5200 m,3700.0,
1984.0,5000-5200 m,3900.0,
1984.0,5000-5200 m,4100.0,
1984.0,5000-5200 m,4300.0,
1984.0,5000-5200 m,4500.0,
1984.0,5000-5200 m,4700.0,
1984.0,5000-5200 m,4900.0,
1984.0,5000-5200 m,5100.0,-302.61536456798973
1984.0,5000-5200 m,5300.0,
1984.0,5000-5200 m,5500.0,
1984.0,5000-5200 m,5700.0,
1984.0,5000-5200 m,5900.0,
1984.0,5000-5200 m,6100.0,
1984.0,5000-5200 m,6300.0,
1984.0,5000-5200 m,7100.0,
1984.0,5200-5400 m,3500.0,
1984.0,5200-5400 m,3700.0,
1984.0,5200-5400 m,3900.0,
1984.0,5200-5400 m,4100.0,
1984.0,5200-5400 m,4300.0,
1984.0,5200-5400 m,4500.0,
1984.0,5200-5400 m,4700.0,
1984.0,5200-5400 m,4900.0,
1984.0,5200-5400 m,5100.0,
1984.0,5200-5400 m,5300.0,-218.10773422407456
1984.0,5200-5400 m,5500.0,
1984.0,5200-5400 m,5700.0,
1984.0,5200-5400 m,5900.0,
1984.0,5200-5400 m,6100.0,
1984.0,5200-5400 m,6300.0,
1984.0,5200-5400 m,7100.0,
1984.0,5400-5600 m,3500.0,
1984.0,5400-5600 m,3700.0,
1984.0,5400-5600 m,3900.0,
1984.0,5400-5600 m,4100.0,
1984.0,5400-5600 m,4300.0,
1984.0,5400-5600 m,4500.0,
1984.0,5400-5600 m,4700.0,
1984.0,5400-5600 m,4900.0,
1984.0,5400-5600 m,5100.0,
1984.0,5400-5600 m,5300.0,
1984.0,5400-5600 m,5500.0,-149.65004795436724
1984.0,5400-5600 m,5700.0,
1984.0,5400-5600 m,5900.0,
1984.0,5400-5600 m,6100.0,
1984.0,5400-5600 m,6300.0,
1984.0,5400-5600 m,7100.0,
1984.0,5600-5800 m,3500.0,
1984.0,5600-5800 m,3700.0,
1984.0,5600-5800 m,3900.0,
1984.0,5600-5800 m,4100.0,
1984.0,5600-5800 m,4300.0,
1984.0,5600-5800 m,4500.0,
1984.0,5600-5800 m,4700.0,
1984.0,5600-5800 m,4900.0,
1984.0,5600-5800 m,5100.0,
1984.0,5600-5800 m,5300.0,
1984.0,5600-5800 m,5500.0,
1984.0,5600-5800 m,5700.0,-137.60429110774945
1984.0,5600-5800 m,5900.0,
1984.0,5600-5800 m,6100.0,
1984.0,5600-5800 m,6300.0,
1984.0,5600-5800 m,7100.0,
1984.0,5800-6000 m,3500.0,
1984.0,5800-6000 m,3700.0,
1984.0,5800-6000 m,3900.0,
1984.0,5800-6000 m,4100.0,
1984.0,5800-6000 m,4300.0,
1984.0,5800-6000 m,4500.0,
1984.0,5800-6000 m,4700.0,
1984.0,5800-6000 m,4900.0,
1984.0,5800-6000 m,5100.0,
1984.0,5800-6000 m,5300.0,
1984.0,5800-6000 m,5500.0,
1984.0,5800-6000 m,5700.0,
1984.0,5800-6000 m,5900.0,-179.68058089967062
1984.0,5800-6000 m,6100.0,
1984.0,5800-6000 m,6300.0,
1984.0,5800-6000 m,7100.0,
1984.0,6000-6200 m,3500.0,
1984.0,6000-6200 m,3700.0,
1984.0,6000-6200 m,3900.0,
1984.0,6000-6200 m,4100.0,
1984.0,6000-6200 m,4300.0,
1984.0,6000-6200 m,4500.0,
1984.0,6000-6200 m,4700.0,
1984.0,6000-6200 m,4900.0,
1984.0,6000-6200 m,5100.0,
1984.0,6000-6200 m,5300.0,
1984.0,6000-6200 m,5500.0,
1984.0,6000-6200 m,5700.0,
1984.0,6000-6200 m,5900.0,
1984.0,6000-6200 m,6100.0,-142.76335788253573
1984.0,6000-6200 m,6300.0,
1984.0,6000-6200 m,7100.0,
1984.0,6200-6400 m,3500.0,
1984.0,6200-6400 m,3700.0,
1984.0,6200-6400 m,3900.0,
1984.0,6200-6400 m,4100.0,
1984.0,6200-6400 m,4300.0,
1984.0,6200-6400 m,4500.0,
1984.0,6200-6400 m,4700.0,
1984.0,6200-6400 m,4900.0,
1984.0,6200-6400 m,5100.0,
1984.0,6200-6400 m,5300.0,
1984.0,6200-6400 m,5500.0,
1984.0,6200-6400 m,5700.0,
1984.0,6200-6400 m,5900.0,
1984.0,6200-6400 m,6100.0,
1984.0,6200-6400 m,6300.0,-132.83170002255557
1984.0,6200-6400 m,7100.0,
1984.0,6400-6600 m,3500.0,
1984.0,6400-6600 m,3700.0,
1984.0,6400-6600 m,3900.0,
1984.0,6400-6600 m,4100.0,
1984.0,6400-6600 m,4300.0,
1984.0,6400-6600 m,4500.0,
1984.0,6400-6600 m,4700.0,
1984.0,6400-6600 m,4900.0,
1984.0,6400-6600 m,5100.0,
1984.0,6400-6600 m,5300.0,
1984.0,6400-6600 m,5500.0,
1984.0,6400-6600 m,5700.0,
1984.0,6400-6600 m,5900.0,
1984.0,6400-6600 m,6100.0,
1984.0,6400-6600 m,6300.0,
1984.0,6400-6600 m,7100.0,
1984.0,6600-6800 m,3500.0,
1984.0,6600-6800 m,3700.0,
1984.0,6600-6800 m,3900.0,
1984.0,6600-6800 m,4100.0,
1984.0,6600-6800 m,4300.0,
1984.0,6600-6800 m,4500.0,
1984.0,6600-6800 m,4700.0,
1984.0,6600-6800 m,4900.0,
1984.0,6600-6800 m,5100.0,
1984.0,6600-6800 m,5300.0,
1984.0,6600-6800 m,5500.0,
1984.0,6600-6800 m,5700.0,
1984.0,6600-6800 m,5900.0,
1984.0,6600-6800 m,6100.0,
1984.0,6600-6800 m,6300.0,
1984.0,6600-6800 m,7100.0,
1984.0,6800-7000 m,3500.0,
1984.0,6800-7000 m,3700.0,
1984.0,6800-7000 m,3900.0,
1984.0,6800-7000 m,4100.0,
1984.0,6800-7000 m,4300.0,
1984.0,6800-7000 m,4500.0,
1984.0,6800-7000 m,4700.0,
1984.0,6800-7000 m,4900.0,
1984.0,6800-7000 m,5100.0,
1984.0,6800-7000 m,5300.0,
1984.0,6800-7000 m,5500.0,
1984.0,6800-7000 m,5700.0,
1984.0,6800-7000 m,5900.0,
1984.0,6800-7000 m,6100.0,
1984.0,6800-7000 m,6300.0,
1984.0,6800-7000 m,7100.0,
1984.0,7000-7200 m,3500.0,
1984.0,7000-7200 m,3700.0,
1984.0,7000-7200 m,3900.0,
1984.0,7000-7200 m,4100.0,
1984.0,7000-7200 m,4300.0,
1984.0,7000-7200 m,4500.0,
1984.0,7000-7200 m,4700.0,
1984.0,7000-7200 m,4900.0,
1984.0,7000-7200 m,5100.0,
1984.0,7000-7200 m,5300.0,
1984.0,7000-7200 m,5500.0,
1984.0,7000-7200 m,5700.0,
1984.0,7000-7200 m,5900.0,
1984.0,7000-7200 m,6100.0,
1984.0,7000-7200 m,6300.0,
1984.0,7000-7200 m,7100.0,-460.49877879999997
1984.0,7200-7400 m,3500.0,
1984.0,7200-7400 m,3700.0,
1984.0,7200-7400 m,3900.0,
1984.0,7200-7400 m,4100.0,
1984.0,7200-7400 m,4300.0,
1984.0,7200-7400 m,4500.0,
1984.0,7200-7400 m,4700.0,
1984.0,7200-7400 m,4900.0,
1984.0,7200-7400 m,5100.0,
1984.0,7200-7400 m,5300.0,
1984.0,7200-7400 m,5500.0,
1984.0,7200-7400 m,5700.0,
1984.0,7200-7400 m,5900.0,
1984.0,7200-7400 m,6100.0,
1984.0,7200-7400 m,6300.0,
1984.0,7200-7400 m,7100.0,
1985.0,3400-3600 m,3500.0,-297.2956660286055
1985.0,3400-3600 m,3700.0,
1985.0,3400-3600 m,3900.0,
1985.0,3400-3600 m,4100.0,
1985.0,3400-3600 m,4300.0,
1985.0,3400-3600 m,4500.0,
1985.0,3400-3600 m,4700.0,
1985.0,3400-3600 m,4900.0,
1985.0,3400-3600 m,5100.0,
1985.0,3400-3600 m,5300.0,
1985.0,3400-3600 m,5500.0,
1985.0,3400-3600 m,5700.0,
1985.0,3400-3600 m,5900.0,
1985.0,3400-3600 m,6100.0,
1985.0,3400-3600 m,6300.0,
1985.0,3400-3600 m,7100.0,
1985.0,3600-3800 m,3500.0,
1985.0,3600-3800 m,3700.0,-275.4062712999178
1985.0,3600-3800 m,3900.0,
1985.0,3600-3800 m,4100.0,
1985.0,3600-3800 m,4300.0,
1985.0,3600-3800 m,4500.0,
1985.0,3600-3800 m,4700.0,
1985.0,3600-3800 m,4900.0,
1985.0,3600-3800 m,5100.0,
1985.0,3600-3800 m,5300.0,
1985.0,3600-3800 m,5500.0,
1985.0,3600-3800 m,5700.0,
1985.0,3600-3800 m,5900.0,
1985.0,3600-3800 m,6100.0,
1985.0,3600-3800 m,6300.0,
1985.0,3600-3800 m,7100.0,
1985.0,3800-4000 m,3500.0,
1985.0,3800-4000 m,3700.0,
1985.0,3800-4000 m,3900.0,-183.00842150074763
1985.0,3800-4000 m,4100.0,
1985.0,3800-4000 m,4300.0,
1985.0,3800-4000 m,4500.0,
1985.0,3800-4000 m,4700.0,
1985.0,3800-4000 m,4900.0,
1985.0,3800-4000 m,5100.0,
1985.0,3800-4000 m,5300.0,
1985.0,3800-4000 m,5500.0,
1985.0,3800-4000 m,5700.0,
1985.0,3800-4000 m,5900.0,
1985.0,3800-4000 m,6100.0,
1985.0,3800-4000 m,6300.0,
1985.0,3800-4000 m,7100.0,
1985.0,4000-4200 m,3500.0,
1985.0,4000-4200 m,3700.0,
1985.0,4000-4200 m,3900.0,
1985.0,4000-4200 m,4100.0,-122.74424280980625
1985.0,4000-4200 m,4300.0,
1985.0,4000-4200 m,4500.0,
1985.0,4000-4200 m,4700.0,
1985.0,4000-4200 m,4900.0,
1985.0,4000-4200 m,5100.0,
1985.0,4000-4200 m,5300.0,
1985.0,4000-4200 m,5500.0,
1985.0,4000-4200 m,5700.0,
1985.0,4000-4200 m,5900.0,
1985.0,4000-4200 m,6100.0,
1985.0,4000-4200 m,6300.0,
1985.0,4000-4200 m,7100.0,
1985.0,4200-4400 m,3500.0,
1985.0,4200-4400 m,3700.0,
1985.0,4200-4400 m,3900.0,
1985.0,4200-4400 m,4100.0,
1985.0,4200-4400 m,4300.0,-106.52100951427742
1985.0,4200-4400 m,4500.0,
1985.0,4200-4400 m,4700.0,
1985.0,4200-4400 m,4900.0,
1985.0,4200-4400 m,5100.0,
1985.0,4200-4400 m,5300.0,
1985.0,4200-4400 m,5500.0,
1985.0,4200-4400 m,5700.0,
1985.0,4200-4400 m,5900.0,
1985.0,4200-4400 m,6100.0,
1985.0,4200-4400 m,6300.0,
1985.0,4200-4400 m,7100.0,
1985.0,4400-4600 m,3500.0,
1985.0,4400-4600 m,3700.0,
1985.0,4400-4600 m,3900.0,
1985.0,4400-4600 m,4100.0,
1985.0,4400-4600 m,4300.0,
1985.0,4400-4600 m,4500.0,20.745477875798585
1985.0,4400-4600 m,4700.0,
1985.0,4400-4600 m,4900.0,
1985.0,4400-4600 m,5100.0,
1985.0,4400-4600 m,5300.0,
1985.0,4400-4600 m,5500.0,
1985.0,4400-4600 m,5700.0,
1985.0,4400-4600 m,5900.0,
1985.0,4400-4600 m,6100.0,
1985.0,4400-4600 m,6300.0,
1985.0,4400-4600 m,7100.0,
1985.0,4600-4800 m,3500.0,
1985.0,4600-4800 m,3700.0,
1985.0,4600-4800 m,3900.0,
1985.0,4600-4800 m,4100.0,
1985.0,4600-4800 m,4300.0,
1985.0,4600-4800 m,4500.0,
1985.0,4600-4800 m,4700.0,98.68855843614918
1985.0,4600-4800 m,4900.0,
1985.0,4600-4800 m,5100.0,
1985.0,4600-4800 m,5300.0,
1985.0,4600-4800 m,5500.0,
1985.0,4600-4800 m,5700.0,
1985.0,4600-4800 m,5900.0,
1985.0,4600-4800 m,6100.0,
1985.0,4600-4800 m,6300.0,
1985.0,4600-4800 m,7100.0,
1985.0,4800-5000 m,3500.0,
1985.0,4800-5000 m,3700.0,
1985.0,4800-5000 m,3900.0,
1985.0,4800-5000 m,4100.0,
1985.0,4800-5000 m,4300.0,
1985.0,4800-5000 m,4500.0,
1985.0,4800-5000 m,4700.0,
1985.0,4800-5000 m,4900.0,88.94500860342417
1985.0,4800-5000 m,5100.0,
1985.0,4800-5000 m,5300.0,
1985.0,4800-5000 m,5500.0,
1985.0,4800-5000 m,5700.0,
1985.0,4800-5000 m,5900.0,
1985.0,4800-5000 m,6100.0,
1985.0,4800-5000 m,6300.0,
1985.0,4800-5000 m,7100.0,
1985.0,5000-5200 m,3500.0,
1985.0,5000-5200 m,3700.0,
1985.0,5000-5200 m,3900.0,
1985.0,5000-5200 m,4100.0,
1985.0,5000-5200 m,4300.0,
1985.0,5000-5200 m,4500.0,
1985.0,5000-5200 m,4700.0,
1985.0,5000-5200 m,4900.0,
1985.0,5000-5200 m,5100.0,61.560953045238115
1985.0,5000-5200 m,5300.0,
1985.0,5000-5200 m,5500.0,
1985.0,5000-5200 m,5700.0,
1985.0,5000-5200 m,5900.0,
1985.0,5000-5200 m,6100.0,
1985.0,5000-5200 m,6300.0,
1985.0,5000-5200 m,7100.0,
1985.0,5200-5400 m,3500.0,
1985.0,5200-5400 m,3700.0,
1985.0,5200-5400 m,3900.0,
1985.0,5200-5400 m,4100.0,
1985.0,5200-5400 m,4300.0,
1985.0,5200-5400 m,4500.0,
1985.0,5200-5400 m,4700.0,
1985.0,5200-5400 m,4900.0,
1985.0,5200-5400 m,5100.0,
1985.0,5200-5400 m,5300.0,1.0957133129399677
1985.0,5200-5400 m,5500.0,
1985.0,5200-5400 m,5700.0,
1985.0,5200-5400 m,5900.0,
1985.0,5200-5400 m,6100.0,
1985.0,5200-5400 m,6300.0,
1985.0,5200-5400 m,7100.0,
1985.0,5400-5600 m,3500.0,
1985.0,5400-5600 m,3700.0,
1985.0,5400-5600 m,3900.0,
1985.0,5400-5600 m,4100.0,
1985.0,5400-5600 m,4300.0,
1985.0,5400-5600 m,4500.0,
1985.0,5400-5600 m,4700.0,
1985.0,5400-5600 m,4900.0,
1985.0,5400-5600 m,5100.0,
1985.0,5400-5600 m,5300.0,
1985.0,5400-5600 m,5500.0,-50.6561586889104
1985.0,5400-5600 m,5700.0,
1985.0,5400-5600 m,5900.0,
1985.0,5400-5600 m,6100.0,
1985.0,5400-5600 m,6300.0,
1985.0,5400-5600 m,7100.0,
1985.0,5600-5800 m,3500.0,
1985.0,5600-5800 m,3700.0,
1985.0,5600-5800 m,3900.0,
1985.0,5600-5800 m,4100.0,
1985.0,5600-5800 m,4300.0,
1985.0,5600-5800 m,4500.0,
1985.0,5600-5800 m,4700.0,
1985.0,5600-5800 m,4900.0,
1985.0,5600-5800 m,5100.0,
1985.0,5600-5800 m,5300.0,
1985.0,5600-5800 m,5500.0,
1985.0,5600-5800 m,5700.0,-71.17275012802295
1985.0,5600-5800 m,5900.0,
1985.0,5600-5800 m,6100.0,
1985.0,5600-5800 m,6300.0,
1985.0,5600-5800 m,7100.0,
1985.0,5800-6000 m,3500.0,
1985.0,5800-6000 m,3700.0,
1985.0,5800-6000 m,3900.0,
1985.0,5800-6000 m,4100.0,
1985.0,5800-6000 m,4300.0,
1985.0,5800-6000 m,4500.0,
1985.0,5800-6000 m,4700.0,
1985.0,5800-6000 m,4900.0,
1985.0,5800-6000 m,5100.0,
1985.0,5800-6000 m,5300.0,
1985.0,5800-6000 m,5500.0,
1985.0,5800-6000 m,5700.0,
1985.0,5800-6000 m,5900.0,-125.9949915366193
1985.0,5800-6000 m,6100.0,
1985.0,5800-6000 m,6300.0,
1985.0,5800-6000 m,7100.0,
1985.0,6000-6200 m,3500.0,
1985.0,6000-6200 m,3700.0,
1985.0,6000-6200 m,3900.0,
1985.0,6000-6200 m,4100.0,
1985.0,6000-6200 m,4300.0,
1985.0,6000-6200 m,4500.0,
1985.0,6000-6200 m,4700.0,
1985.0,6000-6200 m,4900.0,
1985.0,6000-6200 m,5100.0,
1985.0,6000-6200 m,5300.0,
1985.0,6000-6200 m,5500.0,
1985.0,6000-6200 m,5700.0,
1985.0,6000-6200 m,5900.0,
1985.0,6000-6200 m,6100.0,-175.60356112750006
1985.0,6000-6200 m,6300.0,
1985.0,6000-6200 m,7100.0,
1985.0,6200-6400 m,3500.0,
1985.0,6200-6400 m,3700.0,
1985.0,6200-6400 m,3900.0,
1985.0,6200-6400 m,4100.0,
1985.0,6200-6400 m,4300.0,
1985.0,6200-6400 m,4500.0,
1985.0,6200-6400 m,4700.0,
1985.0,6200-6400 m,4900.0,
1985.0,6200-6400 m,5100.0,
1985.0,6200-6400 m,5300.0,
1985.0,6200-6400 m,5500.0,
1985.0,6200-6400 m,5700.0,
1985.0,6200-6400 m,5900.0,
1985.0,6200-6400 m,6100.0,
1985.0,6200-6400 m,6300.0,-118.69680420611111
1985.0,6200-6400 m,7100.0,
1985.0,6400-6600 m,3500.0,
1985.0,6400-6600 m,3700.0,
1985.0,6400-6600 m,3900.0,
1985.0,6400-6600 m,4100.0,
1985.0,6400-6600 m,4300.0,
1985.0,6400-6600 m,4500.0,
1985.0,6400-6600 m,4700.0,
1985.0,6400-6600 m,4900.0,
1985.0,6400-6600 m,5100.0,
1985.0,6400-6600 m,5300.0,
1985.0,6400-6600 m,5500.0,
1985.0,6400-6600 m,5700.0,
1985.0,6400-6600 m,5900.0,
1985.0,6400-6600 m,6100.0,
1985.0,6400-6600 m,6300.0,
1985.0,6400-6600 m,7100.0,
1985.0,6600-6800 m,3500.0,
1985.0,6600-6800 m,3700.0,
1985.0,6600-6800 m,3900.0,
1985.0,6600-6800 m,4100.0,
1985.0,6600-6800 m,4300.0,
1985.0,6600-6800 m,4500.0,
1985.0,6600-6800 m,4700.0,
1985.0,6600-6800 m,4900.0,
1985.0,6600-6800 m,5100.0,
1985.0,6600-6800 m,5300.0,
1985.0,6600-6800 m,5500.0,
1985.0,6600-6800 m,5700.0,
1985.0,6600-6800 m,5900.0,
1985.0,6600-6800 m,6100.0,
1985.0,6600-6800 m,6300.0,
1985.0,6600-6800 m,7100.0,
1985.0,6800-7000 m,3500.0,
1985.0,6800-7000 m,3700.0,
1985.0,6800-7000 m,3900.0,
1985.0,6800-7000 m,4100.0,
1985.0,6800-7000 m,4300.0,
1985.0,6800-7000 m,4500.0,
1985.0,6800-7000 m,4700.0,
1985.0,6800-7000 m,4900.0,
1985.0,6800-7000 m,5100.0,
1985.0,6800-7000 m,5300.0,
1985.0,6800-7000 m,5500.0,
1985.0,6800-7000 m,5700.0,
1985.0,6800-7000 m,5900.0,
1985.0,6800-7000 m,6100.0,
1985.0,6800-7000 m,6300.0,
1985.0,6800-7000 m,7100.0,
1985.0,7000-7200 m,3500.0,
1985.0,7000-7200 m,3700.0,
1985.0,7000-7200 m,3900.0,
1985.0,7000-7200 m,4100.0,
1985.0,7000-7200 m,4300.0,
1985.0,7000-7200 m,4500.0,
1985.0,7000-7200 m,4700.0,
1985.0,7000-7200 m,4900.0,
1985.0,7000-7200 m,5100.0,
1985.0,7000-7200 m,5300.0,
1985.0,7000-7200 m,5500.0,
1985.0,7000-7200 m,5700.0,
1985.0,7000-7200 m,5900.0,
1985.0,7000-7200 m,6100.0,
1985.0,7000-7200 m,6300.0,
1985.0,7000-7200 m,7100.0,52.20862712
1985.0,7200-7400 m,3500.0,
1985.0,7200-7400 m,3700.0,
1985.0,7200-7400 m,3900.0,
1985.0,7200-7400 m,4100.0,
1985.0,7200-7400 m,4300.0,
1985.0,7200-7400 m,4500.0,
1985.0,7200-7400 m,4700.0,
1985.0,7200-7400 m,4900.0,
1985.0,7200-7400 m,5100.0,
1985.0,7200-7400 m,5300.0,
1985.0,7200-7400 m,5500.0,
1985.0,7200-7400 m,5700.0,
1985.0,7200-7400 m,5900.0,
1985.0,7200-7400 m,6100.0,
1985.0,7200-7400 m,6300.0,
1985.0,7200-7400 m,7100.0,
1986.0,3400-3600 m,3500.0,-548.4477683327962
1986.0,3400-3600 m,3700.0,
1986.0,3400-3600 m,3900.0,
1986.0,3400-3600 m,4100.0,
1986.0,3400-3600 m,4300.0,
1986.0,3400-3600 m,4500.0,
1986.0,3400-3600 m,4700.0,
1986.0,3400-3600 m,4900.0,
1986.0,3400-3600 m,5100.0,
1986.0,3400-3600 m,5300.0,
1986.0,3400-3600 m,5500.0,
1986.0,3400-3600 m,5700.0,
1986.0,3400-3600 m,5900.0,
1986.0,3400-3600 m,6100.0,
1986.0,3400-3600 m,6300.0,
1986.0,3400-3600 m,7100.0,
1986.0,3600-3800 m,3500.0,
1986.0,3600-3800 m,3700.0,-155.87925833066473
1986.0,3600-3800 m,3900.0,
1986.0,3600-3800 m,4100.0,
1986.0,3600-3800 m,4300.0,
1986.0,3600-3800 m,4500.0,
1986.0,3600-3800 m,4700.0,
1986.0,3600-3800 m,4900.0,
1986.0,3600-3800 m,5100.0,
1986.0,3600-3800 m,5300.0,
1986.0,3600-3800 m,5500.0,
1986.0,3600-3800 m,5700.0,
1986.0,3600-3800 m,5900.0,
1986.0,3600-3800 m,6100.0,
1986.0,3600-3800 m,6300.0,
1986.0,3600-3800 m,7100.0,
1986.0,3800-4000 m,3500.0,
1986.0,3800-4000 m,3700.0,
1986.0,3800-4000 m,3900.0,-6.636943067632848
1986.0,3800-4000 m,4100.0,
1986.0,3800-4000 m,4300.0,
1986.0,3800-4000 m,4500.0,
1986.0,3800-4000 m,4700.0,
1986.0,3800-4000 m,4900.0,
1986.0,3800-4000 m,5100.0,
1986.0,3800-4000 m,5300.0,
1986.0,3800-4000 m,5500.0,
1986.0,3800-4000 m,5700.0,
1986.0,3800-4000 m,5900.0,
1986.0,3800-4000 m,6100.0,
1986.0,3800-4000 m,6300.0,
1986.0,3800-4000 m,7100.0,
1986.0,4000-4200 m,3500.0,
1986.0,4000-4200 m,3700.0,
1986.0,4000-4200 m,3900.0,
1986.0,4000-4200 m,4100.0,52.88230645065478
1986.0,4000-4200 m,4300.0,
1986.0,4000-4200 m,4500.0,
1986.0,4000-4200 m,4700.0,
1986.0,4000-4200 m,4900.0,
1986.0,4000-4200 m,5100.0,
1986.0,4000-4200 m,5300.0,
1986.0,4000-4200 m,5500.0,
1986.0,4000-4200 m,5700.0,
1986.0,4000-4200 m,5900.0,
1986.0,4000-4200 m,6100.0,
1986.0,4000-4200 m,6300.0,
1986.0,4000-4200 m,7100.0,
1986.0,4200-4400 m,3500.0,
1986.0,4200-4400 m,3700.0,
1986.0,4200-4400 m,3900.0,
1986.0,4200-4400 m,4100.0,
1986.0,4200-4400 m,4300.0,134.94536032804754
1986.0,4200-4400 m,4500.0,
1986.0,4200-4400 m,4700.0,
1986.0,4200-4400 m,4900.0,
1986.0,4200-4400 m,5100.0,
1986.0,4200-4400 m,5300.0,
1986.0,4200-4400 m,5500.0,
1986.0,4200-4400 m,5700.0,
1986.0,4200-4400 m,5900.0,
1986.0,4200-4400 m,6100.0,
1986.0,4200-4400 m,6300.0,
1986.0,4200-4400 m,7100.0,
1986.0,4400-4600 m,3500.0,
1986.0,4400-4600 m,3700.0,
1986.0,4400-4600 m,3900.0,
1986.0,4400-4600 m,4100.0,
1986.0,4400-4600 m,4300.0,
1986.0,4400-4600 m,4500.0,203.07382698048406
1986.0,4400-4600 m,4700.0,
1986.0,4400-4600 m,4900.0,
1986.0,4400-4600 m,5100.0,
1986.0,4400-4600 m,5300.0,
1986.0,4400-4600 m,5500.0,
1986.0,4400-4600 m,5700.0,
1986.0,4400-4600 m,5900.0,
1986.0,4400-4600 m,6100.0,
1986.0,4400-4600 m,6300.0,
1986.0,4400-4600 m,7100.0,
1986.0,4600-4800 m,3500.0,
1986.0,4600-4800 m,3700.0,
1986.0,4600-4800 m,3900.0,
1986.0,4600-4800 m,4100.0,
1986.0,4600-4800 m,4300.0,
1986.0,4600-4800 m,4500.0,
1986.0,4600-4800 m,4700.0,193.5133228634998
1986.0,4600-4800 m,4900.0,
1986.0,4600-4800 m,5100.0,
1986.0,4600-4800 m,5300.0,
1986.0,4600-4800 m,5500.0,
1986.0,4600-4800 m,5700.0,
1986.0,4600-4800 m,5900.0,
1986.0,4600-4800 m,6100.0,
1986.0,4600-4800 m,6300.0,
1986.0,4600-4800 m,7100.0,
1986.0,4800-5000 m,3500.0,
1986.0,4800-5000 m,3700.0,
1986.0,4800-5000 m,3900.0,
1986.0,4800-5000 m,4100.0,
1986.0,4800-5000 m,4300.0,
1986.0,4800-5000 m,4500.0,
1986.0,4800-5000 m,4700.0,
1986.0,4800-5000 m,4900.0,151.72323269794995
1986.0,4800-5000 m,5100.0,
1986.0,4800-5000 m,5300.0,
1986.0,4800-5000 m,5500.0,
1986.0,4800-5000 m,5700.0,
1986.0,4800-5000 m,5900.0,
1986.0,4800-5000 m,6100.0,
1986.0,4800-5000 m,6300.0,
1986.0,4800-5000 m,7100.0,
1986.0,5000-5200 m,3500.0,
1986.0,5000-5200 m,3700.0,
1986.0,5000-5200 m,3900.0,
1986.0,5000-5200 m,4100.0,
1986.0,5000-5200 m,4300.0,
1986.0,5000-5200 m,4500.0,
1986.0,5000-5200 m,4700.0,
1986.0,5000-5200 m,4900.0,
1986.0,5000-5200 m,5100.0,155.78934141301735
1986.0,5000-5200 m,5300.0,
1986.0,5000-5200 m,5500.0,
1986.0,5000-5200 m,5700.0,
1986.0,5000-5200 m,5900.0,
1986.0,5000-5200 m,6100.0,
1986.0,5000-5200 m,6300.0,
1986.0,5000-5200 m,7100.0,
1986.0,5200-5400 m,3500.0,
1986.0,5200-5400 m,3700.0,
1986.0,5200-5400 m,3900.0,
1986.0,5200-5400 m,4100.0,
1986.0,5200-5400 m,4300.0,
1986.0,5200-5400 m,4500.0,
1986.0,5200-5400 m,4700.0,
1986.0,5200-5400 m,4900.0,
1986.0,5200-5400 m,5100.0,
1986.0,5200-5400 m,5300.0,155.04932518526027
1986.0,5200-5400 m,5500.0,
1986.0,5200-5400 m,5700.0,
1986.0,5200-5400 m,5900.0,
1986.0,5200-5400 m,6100.0,
1986.0,5200-5400 m,6300.0,
1986.0,5200-5400 m,7100.0,
1986.0,5400-5600 m,3500.0,
1986.0,5400-5600 m,3700.0,
1986.0,5400-5600 m,3900.0,
1986.0,5400-5600 m,4100.0,
1986.0,5400-5600 m,4300.0,
1986.0,5400-5600 m,4500.0,
1986.0,5400-5600 m,4700.0,
1986.0,5400-5600 m,4900.0,
1986.0,5400-5600 m,5100.0,
1986.0,5400-5600 m,5300.0,
1986.0,5400-5600 m,5500.0,117.71004318067003
1986.0,5400-5600 m,5700.0,
1986.0,5400-5600 m,5900.0,
1986.0,5400-5600 m,6100.0,
1986.0,5400-5600 m,6300.0,
1986.0,5400-5600 m,7100.0,
1986.0,5600-5800 m,3500.0,
1986.0,5600-5800 m,3700.0,
1986.0,5600-5800 m,3900.0,
1986.0,5600-5800 m,4100.0,
1986.0,5600-5800 m,4300.0,
1986.0,5600-5800 m,4500.0,
1986.0,5600-5800 m,4700.0,
1986.0,5600-5800 m,4900.0,
1986.0,5600-5800 m,5100.0,
1986.0,5600-5800 m,5300.0,
1986.0,5600-5800 m,5500.0,
1986.0,5600-5800 m,5700.0,97.55504914234265
1986.0,5600-5800 m,5900.0,
1986.0,5600-5800 m,6100.0,
1986.0,5600-5800 m,6300.0,
1986.0,5600-5800 m,7100.0,
1986.0,5800-6000 m,3500.0,
1986.0,5800-6000 m,3700.0,
1986.0,5800-6000 m,3900.0,
1986.0,5800-6000 m,4100.0,
1986.0,5800-6000 m,4300.0,
1986.0,5800-6000 m,4500.0,
1986.0,5800-6000 m,4700.0,
1986.0,5800-6000 m,4900.0,
1986.0,5800-6000 m,5100.0,
1986.0,5800-6000 m,5300.0,
1986.0,5800-6000 m,5500.0,
1986.0,5800-6000 m,5700.0,
1986.0,5800-6000 m,5900.0,56.41749586815801
1986.0,5800-6000 m,6100.0,
1986.0,5800-6000 m,6300.0,
1986.0,5800-6000 m,7100.0,
1986.0,6000-6200 m,3500.0,
1986.0,6000-6200 m,3700.0,
1986.0,6000-6200 m,3900.0,
1986.0,6000-6200 m,4100.0,
1986.0,6000-6200 m,4300.0,
1986.0,6000-6200 m,4500.0,
1986.0,6000-6200 m,4700.0,
1986.0,6000-6200 m,4900.0,
1986.0,6000-6200 m,5100.0,
1986.0,6000-6200 m,5300.0,
1986.0,6000-6200 m,5500.0,
1986.0,6000-6200 m,5700.0,
1986.0,6000-6200 m,5900.0,
1986.0,6000-6200 m,6100.0,-42.32876153553572
1986.0,6000-6200 m,6300.0,
1986.0,6000-6200 m,7100.0,
1986.0,6200-6400 m,3500.0,
1986.0,6200-6400 m,3700.0,
1986.0,6200-6400 m,3900.0,
1986.0,6200-6400 m,4100.0,
1986.0,6200-6400 m,4300.0,
1986.0,6200-6400 m,4500.0,
1986.0,6200-6400 m,4700.0,
1986.0,6200-6400 m,4900.0,
1986.0,6200-6400 m,5100.0,
1986.0,6200-6400 m,5300.0,
1986.0,6200-6400 m,5500.0,
1986.0,6200-6400 m,5700.0,
1986.0,6200-6400 m,5900.0,
1986.0,6200-6400 m,6100.0,
1986.0,6200-6400 m,6300.0,29.86256853150001
1986.0,6200-6400 m,7100.0,
1986.0,6400-6600 m,3500.0,
1986.0,6400-6600 m,3700.0,
1986.0,6400-6600 m,3900.0,
1986.0,6400-6600 m,4100.0,
1986.0,6400-6600 m,4300.0,
1986.0,6400-6600 m,4500.0,
1986.0,6400-6600 m,4700.0,
1986.0,6400-6600 m,4900.0,
1986.0,6400-6600 m,5100.0,
1986.0,6400-6600 m,5300.0,
1986.0,6400-6600 m,5500.0,
1986.0,6400-6600 m,5700.0,
1986.0,6400-6600 m,5900.0,
1986.0,6400-6600 m,6100.0,
1986.0,6400-6600 m,6300.0,
1986.0,6400-6600 m,7100.0,
1986.0,6600-6800 m,3500.0,
1986.0,6600-6800 m,3700.0,
1986.0,6600-6800 m,3900.0,
1986.0,6600-6800 m,4100.0,
1986.0,6600-6800 m,4300.0,
1986.0,6600-6800 m,4500.0,
1986.0,6600-6800 m,4700.0,
1986.0,6600-6800 m,4900.0,
1986.0,6600-6800 m,5100.0,
1986.0,6600-6800 m,5300.0,
1986.0,6600-6800 m,5500.0,
1986.0,6600-6800 m,5700.0,
1986.0,6600-6800 m,5900.0,
1986.0,6600-6800 m,6100.0,
1986.0,6600-6800 m,6300.0,
1986.0,6600-6800 m,7100.0,
1986.0,6800-7000 m,3500.0,
1986.0,6800-7000 m,3700.0,
1986.0,6800-7000 m,3900.0,
1986.0,6800-7000 m,4100.0,
1986.0,6800-7000 m,4300.0,
1986.0,6800-7000 m,4500.0,
1986.0,6800-7000 m,4700.0,
1986.0,6800-7000 m,4900.0,
1986.0,6800-7000 m,5100.0,
1986.0,6800-7000 m,5300.0,
1986.0,6800-7000 m,5500.0,
1986.0,6800-7000 m,5700.0,
1986.0,6800-7000 m,5900.0,
1986.0,6800-7000 m,6100.0,
1986.0,6800-7000 m,6300.0,
1986.0,6800-7000 m,7100.0,
1986.0,7000-7200 m,3500.0,
1986.0,7000-7200 m,3700.0,
1986.0,7000-7200 m,3900.0,
1986.0,7000-7200 m,4100.0,
1986.0,7000-7200 m,4300.0,
1986.0,7000-7200 m,4500.0,
1986.0,7000-7200 m,4700.0,
1986.0,7000-7200 m,4900.0,
1986.0,7000-7200 m,5100.0,
1986.0,7000-7200 m,5300.0,
1986.0,7000-7200 m,5500.0,
1986.0,7000-7200 m,5700.0,
1986.0,7000-7200 m,5900.0,
1986.0,7000-7200 m,6100.0,
1986.0,7000-7200 m,6300.0,
1986.0,7000-7200 m,7100.0,62.99901523
1986.0,7200-7400 m,3500.0,
1986.0,7200-7400 m,3700.0,
1986.0,7200-7400 m,3900.0,
1986.0,7200-7400 m,4100.0,
1986.0,7200-7400 m,4300.0,
1986.0,7200-7400 m,4500.0,
1986.0,7200-7400 m,4700.0,
1986.0,7200-7400 m,4900.0,
1986.0,7200-7400 m,5100.0,
1986.0,7200-7400 m,5300.0,
1986.0,7200-7400 m,5500.0,
1986.0,7200-7400 m,5700.0,
1986.0,7200-7400 m,5900.0,
1986.0,7200-7400 m,6100.0,
1986.0,7200-7400 m,6300.0,
1986.0,7200-7400 m,7100.0,
1987.0,3400-3600 m,3500.0,225.38757211638384
1987.0,3400-3600 m,3700.0,
1987.0,3400-3600 m,3900.0,
1987.0,3400-3600 m,4100.0,
1987.0,3400-3600 m,4300.0,
1987.0,3400-3600 m,4500.0,
1987.0,3400-3600 m,4700.0,
1987.0,3400-3600 m,4900.0,
1987.0,3400-3600 m,5100.0,
1987.0,3400-3600 m,5300.0,
1987.0,3400-3600 m,5500.0,
1987.0,3400-3600 m,5700.0,
1987.0,3400-3600 m,5900.0,
1987.0,3400-3600 m,6100.0,
1987.0,3400-3600 m,6300.0,
1987.0,3400-3600 m,7100.0,
1987.0,3600-3800 m,3500.0,
1987.0,3600-3800 m,3700.0,28.083516908375017
1987.0,3600-3800 m,3900.0,
1987.0,3600-3800 m,4100.0,
1987.0,3600-3800 m,4300.0,
1987.0,3600-3800 m,4500.0,
1987.0,3600-3800 m,4700.0,
1987.0,3600-3800 m,4900.0,
1987.0,3600-3800 m,5100.0,
1987.0,3600-3800 m,5300.0,
1987.0,3600-3800 m,5500.0,
1987.0,3600-3800 m,5700.0,
1987.0,3600-3800 m,5900.0,
1987.0,3600-3800 m,6100.0,
1987.0,3600-3800 m,6300.0,
1987.0,3600-3800 m,7100.0,
1987.0,3800-4000 m,3500.0,
1987.0,3800-4000 m,3700.0,
1987.0,3800-4000 m,3900.0,160.93035543777614
1987.0,3800-4000 m,4100.0,
1987.0,3800-4000 m,4300.0,
1987.0,3800-4000 m,4500.0,
1987.0,3800-4000 m,4700.0,
1987.0,3800-4000 m,4900.0,
1987.0,3800-4000 m,5100.0,
1987.0,3800-4000 m,5300.0,
1987.0,3800-4000 m,5500.0,
1987.0,3800-4000 m,5700.0,
1987.0,3800-4000 m,5900.0,
1987.0,3800-4000 m,6100.0,
1987.0,3800-4000 m,6300.0,
1987.0,3800-4000 m,7100.0,
1987.0,4000-4200 m,3500.0,
1987.0,4000-4200 m,3700.0,
1987.0,4000-4200 m,3900.0,
1987.0,4000-4200 m,4100.0,307.4464588089327
1987.0,4000-4200 m,4300.0,
1987.0,4000-4200 m,4500.0,
1987.0,4000-4200 m,4700.0,
1987.0,4000-4200 m,4900.0,
1987.0,4000-4200 m,5100.0,
1987.0,4000-4200 m,5300.0,
1987.0,4000-4200 m,5500.0,
1987.0,4000-4200 m,5700.0,
1987.0,4000-4200 m,5900.0,
1987.0,4000-4200 m,6100.0,
1987.0,4000-4200 m,6300.0,
1987.0,4000-4200 m,7100.0,
1987.0,4200-4400 m,3500.0,
1987.0,4200-4400 m,3700.0,
1987.0,4200-4400 m,3900.0,
1987.0,4200-4400 m,4100.0,
1987.0,4200-4400 m,4300.0,347.8463979243807
1987.0,4200-4400 m,4500.0,
1987.0,4200-4400 m,4700.0,
1987.0,4200-4400 m,4900.0,
1987.0,4200-4400 m,5100.0,
1987.0,4200-4400 m,5300.0,
1987.0,4200-4400 m,5500.0,
1987.0,4200-4400 m,5700.0,
1987.0,4200-4400 m,5900.0,
1987.0,4200-4400 m,6100.0,
1987.0,4200-4400 m,6300.0,
1987.0,4200-4400 m,7100.0,
1987.0,4400-4600 m,3500.0,
1987.0,4400-4600 m,3700.0,
1987.0,4400-4600 m,3900.0,
1987.0,4400-4600 m,4100.0,
1987.0,4400-4600 m,4300.0,
1987.0,4400-4600 m,4500.0,442.2615319442046
1987.0,4400-4600 m,4700.0,
1987.0,4400-4600 m,4900.0,
1987.0,4400-4600 m,5100.0,
1987.0,4400-4600 m,5300.0,
1987.0,4400-4600 m,5500.0,
1987.0,4400-4600 m,5700.0,
1987.0,4400-4600 m,5900.0,
1987.0,4400-4600 m,6100.0,
1987.0,4400-4600 m,6300.0,
1987.0,4400-4600 m,7100.0,
1987.0,4600-4800 m,3500.0,
1987.0,4600-4800 m,3700.0,
1987.0,4600-4800 m,3900.0,
1987.0,4600-4800 m,4100.0,
1987.0,4600-4800 m,4300.0,
1987.0,4600-4800 m,4500.0,
1987.0,4600-4800 m,4700.0,561.4371043430307
1987.0,4600-4800 m,4900.0,
1987.0,4600-4800 m,5100.0,
1987.0,4600-4800 m,5300.0,
1987.0,4600-4800 m,5500.0,
1987.0,4600-4800 m,5700.0,
1987.0,4600-4800 m,5900.0,
1987.0,4600-4800 m,6100.0,
1987.0,4600-4800 m,6300.0,
1987.0,4600-4800 m,7100.0,
1987.0,4800-5000 m,3500.0,
1987.0,4800-5000 m,3700.0,
1987.0,4800-5000 m,3900.0,
1987.0,4800-5000 m,4100.0,
1987.0,4800-5000 m,4300.0,
1987.0,4800-5000 m,4500.0,
1987.0,4800-5000 m,4700.0,
1987.0,4800-5000 m,4900.0,518.6452061042382
1987.0,4800-5000 m,5100.0,
1987.0,4800-5000 m,5300.0,
1987.0,4800-5000 m,5500.0,
1987.0,4800-5000 m,5700.0,
1987.0,4800-5000 m,5900.0,
1987.0,4800-5000 m,6100.0,
1987.0,4800-5000 m,6300.0,
1987.0,4800-5000 m,7100.0,
1987.0,5000-5200 m,3500.0,
1987.0,5000-5200 m,3700.0,
1987.0,5000-5200 m,3900.0,
1987.0,5000-5200 m,4100.0,
1987.0,5000-5200 m,4300.0,
1987.0,5000-5200 m,4500.0,
1987.0,5000-5200 m,4700.0,
1987.0,5000-5200 m,4900.0,
1987.0,5000-5200 m,5100.0,526.3254944102206
1987.0,5000-5200 m,5300.0,
1987.0,5000-5200 m,5500.0,
1987.0,5000-5200 m,5700.0,
1987.0,5000-5200 m,5900.0,
1987.0,5000-5200 m,6100.0,
1987.0,5000-5200 m,6300.0,
1987.0,5000-5200 m,7100.0,
1987.0,5200-5400 m,3500.0,
1987.0,5200-5400 m,3700.0,
1987.0,5200-5400 m,3900.0,
1987.0,5200-5400 m,4100.0,
1987.0,5200-5400 m,4300.0,
1987.0,5200-5400 m,4500.0,
1987.0,5200-5400 m,4700.0,
1987.0,5200-5400 m,4900.0,
1987.0,5200-5400 m,5100.0,
1987.0,5200-5400 m,5300.0,587.1620962239368
1987.0,5200-5400 m,5500.0,
1987.0,5200-5400 m,5700.0,
1987.0,5200-5400 m,5900.0,
1987.0,5200-5400 m,6100.0,
1987.0,5200-5400 m,6300.0,
1987.0,5200-5400 m,7100.0,
1987.0,5400-5600 m,3500.0,
1987.0,5400-5600 m,3700.0,
1987.0,5400-5600 m,3900.0,
1987.0,5400-5600 m,4100.0,
1987.0,5400-5600 m,4300.0,
1987.0,5400-5600 m,4500.0,
1987.0,5400-5600 m,4700.0,
1987.0,5400-5600 m,4900.0,
1987.0,5400-5600 m,5100.0,
1987.0,5400-5600 m,5300.0,
1987.0,5400-5600 m,5500.0,596.2045821432858
1987.0,5400-5600 m,5700.0,
1987.0,5400-5600 m,5900.0,
1987.0,5400-5600 m,6100.0,
1987.0,5400-5600 m,6300.0,
1987.0,5400-5600 m,7100.0,
1987.0,5600-5800 m,3500.0,
1987.0,5600-5800 m,3700.0,
1987.0,5600-5800 m,3900.0,
1987.0,5600-5800 m,4100.0,
1987.0,5600-5800 m,4300.0,
1987.0,5600-5800 m,4500.0,
1987.0,5600-5800 m,4700.0,
1987.0,5600-5800 m,4900.0,
1987.0,5600-5800 m,5100.0,
1987.0,5600-5800 m,5300.0,
1987.0,5600-5800 m,5500.0,
1987.0,5600-5800 m,5700.0,556.4788331171078
1987.0,5600-5800 m,5900.0,
1987.0,5600-5800 m,6100.0,
1987.0,5600-5800 m,6300.0,
1987.0,5600-5800 m,7100.0,
1987.0,5800-6000 m,3500.0,
1987.0,5800-6000 m,3700.0,
1987.0,5800-6000 m,3900.0,
1987.0,5800-6000 m,4100.0,
1987.0,5800-6000 m,4300.0,
1987.0,5800-6000 m,4500.0,
1987.0,5800-6000 m,4700.0,
1987.0,5800-6000 m,4900.0,
1987.0,5800-6000 m,5100.0,
1987.0,5800-6000 m,5300.0,
1987.0,5800-6000 m,5500.0,
1987.0,5800-6000 m,5700.0,
1987.0,5800-6000 m,5900.0,538.4206255360057
1987.0,5800-6000 m,6100.0,
1987.0,5800-6000 m,6300.0,
1987.0,5800-6000 m,7100.0,
1987.0,6000-6200 m,3500.0,
1987.0,6000-6200 m,3700.0,
1987.0,6000-6200 m,3900.0,
1987.0,6000-6200 m,4100.0,
1987.0,6000-6200 m,4300.0,
1987.0,6000-6200 m,4500.0,
1987.0,6000-6200 m,4700.0,
1987.0,6000-6200 m,4900.0,
1987.0,6000-6200 m,5100.0,
1987.0,6000-6200 m,5300.0,
1987.0,6000-6200 m,5500.0,
1987.0,6000-6200 m,5700.0,
1987.0,6000-6200 m,5900.0,
1987.0,6000-6200 m,6100.0,525.3863186928571
1987.0,6000-6200 m,6300.0,
1987.0,6000-6200 m,7100.0,
1987.0,6200-6400 m,3500.0,
1987.0,6200-6400 m,3700.0,
1987.0,6200-6400 m,3900.0,
1987.0,6200-6400 m,4100.0,
1987.0,6200-6400 m,4300.0,
1987.0,6200-6400 m,4500.0,
1987.0,6200-6400 m,4700.0,
1987.0,6200-6400 m,4900.0,
1987.0,6200-6400 m,5100.0,
1987.0,6200-6400 m,5300.0,
1987.0,6200-6400 m,5500.0,
1987.0,6200-6400 m,5700.0,
1987.0,6200-6400 m,5900.0,
1987.0,6200-6400 m,6100.0,
1987.0,6200-6400 m,6300.0,493.30419641111104
1987.0,6200-6400 m,7100.0,
1987.0,6400-6600 m,3500.0,
1987.0,6400-6600 m,3700.0,
1987.0,6400-6600 m,3900.0,
1987.0,6400-6600 m,4100.0,
1987.0,6400-6600 m,4300.0,
1987.0,6400-6600 m,4500.0,
1987.0,6400-6600 m,4700.0,
1987.0,6400-6600 m,4900.0,
1987.0,6400-6600 m,5100.0,
1987.0,6400-6600 m,5300.0,
1987.0,6400-6600 m,5500.0,
1987.0,6400-6600 m,5700.0,
1987.0,6400-6600 m,5900.0,
1987.0,6400-6600 m,6100.0,
1987.0,6400-6600 m,6300.0,
1987.0,6400-6600 m,7100.0,
1987.0,6600-6800 m,3500.0,
1987.0,6600-6800 m,3700.0,
1987.0,6600-6800 m,3900.0,
1987.0,6600-6800 m,4100.0,
1987.0,6600-6800 m,4300.0,
1987.0,6600-6800 m,4500.0,
1987.0,6600-6800 m,4700.0,
1987.0,6600-6800 m,4900.0,
1987.0,6600-6800 m,5100.0,
1987.0,6600-6800 m,5300.0,
1987.0,6600-6800 m,5500.0,
1987.0,6600-6800 m,5700.0,
1987.0,6600-6800 m,5900.0,
1987.0,6600-6800 m,6100.0,
1987.0,6600-6800 m,6300.0,
1987.0,6600-6800 m,7100.0,
1987.0,6800-7000 m,3500.0,
1987.0,6800-7000 m,3700.0,
1987.0,6800-7000 m,3900.0,
1987.0,6800-7000 m,4100.0,
1987.0,6800-7000 m,4300.0,
1987.0,6800-7000 m,4500.0,
1987.0,6800-7000 m,4700.0,
1987.0,6800-7000 m,4900.0,
1987.0,6800-7000 m,5100.0,
1987.0,6800-7000 m,5300.0,
1987.0,6800-7000 m,5500.0,
1987.0,6800-7000 m,5700.0,
1987.0,6800-7000 m,5900.0,
1987.0,6800-7000 m,6100.0,
1987.0,6800-7000 m,6300.0,
1987.0,6800-7000 m,7100.0,
1987.0,7000-7200 m,3500.0,
1987.0,7000-7200 m,3700.0,
1987.0,7000-7200 m,3900.0,
1987.0,7000-7200 m,4100.0,
1987.0,7000-7200 m,4300.0,
1987.0,7000-7200 m,4500.0,
1987.0,7000-7200 m,4700.0,
1987.0,7000-7200 m,4900.0,
1987.0,7000-7200 m,5100.0,
1987.0,7000-7200 m,5300.0,
1987.0,7000-7200 m,5500.0,
1987.0,7000-7200 m,5700.0,
1987.0,7000-7200 m,5900.0,
1987.0,7000-7200 m,6100.0,
1987.0,7000-7200 m,6300.0,
1987.0,7000-7200 m,7100.0,143.1164784
1987.0,7200-7400 m,3500.0,
1987.0,7200-7400 m,3700.0,
1987.0,7200-7400 m,3900.0,
1987.0,7200-7400 m,4100.0,
1987.0,7200-7400 m,4300.0,
1987.0,7200-7400 m,4500.0,
1987.0,7200-7400 m,4700.0,
1987.0,7200-7400 m,4900.0,
1987.0,7200-7400 m,5100.0,
1987.0,7200-7400 m,5300.0,
1987.0,7200-7400 m,5500.0,
1987.0,7200-7400 m,5700.0,
1987.0,7200-7400 m,5900.0,
1987.0,7200-7400 m,6100.0,
1987.0,7200-7400 m,6300.0,
1987.0,7200-7400 m,7100.0,
1988.0,3400-3600 m,3500.0,-162.44537335435567
1988.0,3400-3600 m,3700.0,
1988.0,3400-3600 m,3900.0,
1988.0,3400-3600 m,4100.0,
1988.0,3400-3600 m,4300.0,
1988.0,3400-3600 m,4500.0,
1988.0,3400-3600 m,4700.0,
1988.0,3400-3600 m,4900.0,
1988.0,3400-3600 m,5100.0,
1988.0,3400-3600 m,5300.0,
1988.0,3400-3600 m,5500.0,
1988.0,3400-3600 m,5700.0,
1988.0,3400-3600 m,5900.0,
1988.0,3400-3600 m,6100.0,
1988.0,3400-3600 m,6300.0,
1988.0,3400-3600 m,7100.0,
1988.0,3600-3800 m,3500.0,
1988.0,3600-3800 m,3700.0,86.69170416816925
1988.0,3600-3800 m,3900.0,
1988.0,3600-3800 m,4100.0,
1988.0,3600-3800 m,4300.0,
1988.0,3600-3800 m,4500.0,
1988.0,3600-3800 m,4700.0,
1988.0,3600-3800 m,4900.0,
1988.0,3600-3800 m,5100.0,
1988.0,3600-3800 m,5300.0,
1988.0,3600-3800 m,5500.0,
1988.0,3600-3800 m,5700.0,
1988.0,3600-3800 m,5900.0,
1988.0,3600-3800 m,6100.0,
1988.0,3600-3800 m,6300.0,
1988.0,3600-3800 m,7100.0,
1988.0,3800-4000 m,3500.0,
1988.0,3800-4000 m,3700.0,
1988.0,3800-4000 m,3900.0,373.29150249208277
1988.0,3800-4000 m,4100.0,
1988.0,3800-4000 m,4300.0,
1988.0,3800-4000 m,4500.0,
1988.0,3800-4000 m,4700.0,
1988.0,3800-4000 m,4900.0,
1988.0,3800-4000 m,5100.0,
1988.0,3800-4000 m,5300.0,
1988.0,3800-4000 m,5500.0,
1988.0,3800-4000 m,5700.0,
1988.0,3800-4000 m,5900.0,
1988.0,3800-4000 m,6100.0,
1988.0,3800-4000 m,6300.0,
1988.0,3800-4000 m,7100.0,
1988.0,4000-4200 m,3500.0,
1988.0,4000-4200 m,3700.0,
1988.0,4000-4200 m,3900.0,
1988.0,4000-4200 m,4100.0,479.0776249491785
1988.0,4000-4200 m,4300.0,
1988.0,4000-4200 m,4500.0,
1988.0,4000-4200 m,4700.0,
1988.0,4000-4200 m,4900.0,
1988.0,4000-4200 m,5100.0,
1988.0,4000-4200 m,5300.0,
1988.0,4000-4200 m,5500.0,
1988.0,4000-4200 m,5700.0,
1988.0,4000-4200 m,5900.0,
1988.0,4000-4200 m,6100.0,
1988.0,4000-4200 m,6300.0,
1988.0,4000-4200 m,7100.0,
1988.0,4200-4400 m,3500.0,
1988.0,4200-4400 m,3700.0,
1988.0,4200-4400 m,3900.0,
1988.0,4200-4400 m,4100.0,
1988.0,4200-4400 m,4300.0,415.571031195044
1988.0,4200-4400 m,4500.0,
1988.0,4200-4400 m,4700.0,
1988.0,4200-4400 m,4900.0,
1988.0,4200-4400 m,5100.0,
1988.0,4200-4400 m,5300.0,
1988.0,4200-4400 m,5500.0,
1988.0,4200-4400 m,5700.0,
1988.0,4200-4400 m,5900.0,
1988.0,4200-4400 m,6100.0,
1988.0,4200-4400 m,6300.0,
1988.0,4200-4400 m,7100.0,
1988.0,4400-4600 m,3500.0,
1988.0,4400-4600 m,3700.0,
1988.0,4400-4600 m,3900.0,
1988.0,4400-4600 m,4100.0,
1988.0,4400-4600 m,4300.0,
1988.0,4400-4600 m,4500.0,532.2299693475086
1988.0,4400-4600 m,4700.0,
1988.0,4400-4600 m,4900.0,
1988.0,4400-4600 m,5100.0,
1988.0,4400-4600 m,5300.0,
1988.0,4400-4600 m,5500.0,
1988.0,4400-4600 m,5700.0,
1988.0,4400-4600 m,5900.0,
1988.0,4400-4600 m,6100.0,
1988.0,4400-4600 m,6300.0,
1988.0,4400-4600 m,7100.0,
1988.0,4600-4800 m,3500.0,
1988.0,4600-4800 m,3700.0,
1988.0,4600-4800 m,3900.0,
1988.0,4600-4800 m,4100.0,
1988.0,4600-4800 m,4300.0,
1988.0,4600-4800 m,4500.0,
1988.0,4600-4800 m,4700.0,541.2190808355941
1988.0,4600-4800 m,4900.0,
1988.0,4600-4800 m,5100.0,
1988.0,4600-4800 m,5300.0,
1988.0,4600-4800 m,5500.0,
1988.0,4600-4800 m,5700.0,
1988.0,4600-4800 m,5900.0,
1988.0,4600-4800 m,6100.0,
1988.0,4600-4800 m,6300.0,
1988.0,4600-4800 m,7100.0,
1988.0,4800-5000 m,3500.0,
1988.0,4800-5000 m,3700.0,
1988.0,4800-5000 m,3900.0,
1988.0,4800-5000 m,4100.0,
1988.0,4800-5000 m,4300.0,
1988.0,4800-5000 m,4500.0,
1988.0,4800-5000 m,4700.0,
1988.0,4800-5000 m,4900.0,317.5232121208772
1988.0,4800-5000 m,5100.0,
1988.0,4800-5000 m,5300.0,
1988.0,4800-5000 m,5500.0,
1988.0,4800-5000 m,5700.0,
1988.0,4800-5000 m,5900.0,
1988.0,4800-5000 m,6100.0,
1988.0,4800-5000 m,6300.0,
1988.0,4800-5000 m,7100.0,
1988.0,5000-5200 m,3500.0,
1988.0,5000-5200 m,3700.0,
1988.0,5000-5200 m,3900.0,
1988.0,5000-5200 m,4100.0,
1988.0,5000-5200 m,4300.0,
1988.0,5000-5200 m,4500.0,
1988.0,5000-5200 m,4700.0,
1988.0,5000-5200 m,4900.0,
1988.0,5000-5200 m,5100.0,198.9812664347365
1988.0,5000-5200 m,5300.0,
1988.0,5000-5200 m,5500.0,
1988.0,5000-5200 m,5700.0,
1988.0,5000-5200 m,5900.0,
1988.0,5000-5200 m,6100.0,
1988.0,5000-5200 m,6300.0,
1988.0,5000-5200 m,7100.0,
1988.0,5200-5400 m,3500.0,
1988.0,5200-5400 m,3700.0,
1988.0,5200-5400 m,3900.0,
1988.0,5200-5400 m,4100.0,
1988.0,5200-5400 m,4300.0,
1988.0,5200-5400 m,4500.0,
1988.0,5200-5400 m,4700.0,
1988.0,5200-5400 m,4900.0,
1988.0,5200-5400 m,5100.0,
1988.0,5200-5400 m,5300.0,222.30414818029072
1988.0,5200-5400 m,5500.0,
1988.0,5200-5400 m,5700.0,
1988.0,5200-5400 m,5900.0,
1988.0,5200-5400 m,6100.0,
1988.0,5200-5400 m,6300.0,
1988.0,5200-5400 m,7100.0,
1988.0,5400-5600 m,3500.0,
1988.0,5400-5600 m,3700.0,
1988.0,5400-5600 m,3900.0,
1988.0,5400-5600 m,4100.0,
1988.0,5400-5600 m,4300.0,
1988.0,5400-5600 m,4500.0,
1988.0,5400-5600 m,4700.0,
1988.0,5400-5600 m,4900.0,
1988.0,5400-5600 m,5100.0,
1988.0,5400-5600 m,5300.0,
1988.0,5400-5600 m,5500.0,240.06735398726133
1988.0,5400-5600 m,5700.0,
1988.0,5400-5600 m,5900.0,
1988.0,5400-5600 m,6100.0,
1988.0,5400-5600 m,6300.0,
1988.0,5400-5600 m,7100.0,
1988.0,5600-5800 m,3500.0,
1988.0,5600-5800 m,3700.0,
1988.0,5600-5800 m,3900.0,
1988.0,5600-5800 m,4100.0,
1988.0,5600-5800 m,4300.0,
1988.0,5600-5800 m,4500.0,
1988.0,5600-5800 m,4700.0,
1988.0,5600-5800 m,4900.0,
1988.0,5600-5800 m,5100.0,
1988.0,5600-5800 m,5300.0,
1988.0,5600-5800 m,5500.0,
1988.0,5600-5800 m,5700.0,275.0621907788587
1988.0,5600-5800 m,5900.0,
1988.0,5600-5800 m,6100.0,
1988.0,5600-5800 m,6300.0,
1988.0,5600-5800 m,7100.0,
1988.0,5800-6000 m,3500.0,
1988.0,5800-6000 m,3700.0,
1988.0,5800-6000 m,3900.0,
1988.0,5800-6000 m,4100.0,
1988.0,5800-6000 m,4300.0,
1988.0,5800-6000 m,4500.0,
1988.0,5800-6000 m,4700.0,
1988.0,5800-6000 m,4900.0,
1988.0,5800-6000 m,5100.0,
1988.0,5800-6000 m,5300.0,
1988.0,5800-6000 m,5500.0,
1988.0,5800-6000 m,5700.0,
1988.0,5800-6000 m,5900.0,272.9175032250899
1988.0,5800-6000 m,6100.0,
1988.0,5800-6000 m,6300.0,
1988.0,5800-6000 m,7100.0,
1988.0,6000-6200 m,3500.0,
1988.0,6000-6200 m,3700.0,
1988.0,6000-6200 m,3900.0,
1988.0,6000-6200 m,4100.0,
1988.0,6000-6200 m,4300.0,
1988.0,6000-6200 m,4500.0,
1988.0,6000-6200 m,4700.0,
1988.0,6000-6200 m,4900.0,
1988.0,6000-6200 m,5100.0,
1988.0,6000-6200 m,5300.0,
1988.0,6000-6200 m,5500.0,
1988.0,6000-6200 m,5700.0,
1988.0,6000-6200 m,5900.0,
1988.0,6000-6200 m,6100.0,274.5693799203571
1988.0,6000-6200 m,6300.0,
1988.0,6000-6200 m,7100.0,
1988.0,6200-6400 m,3500.0,
1988.0,6200-6400 m,3700.0,
1988.0,6200-6400 m,3900.0,
1988.0,6200-6400 m,4100.0,
1988.0,6200-6400 m,4300.0,
1988.0,6200-6400 m,4500.0,
1988.0,6200-6400 m,4700.0,
1988.0,6200-6400 m,4900.0,
1988.0,6200-6400 m,5100.0,
1988.0,6200-6400 m,5300.0,
1988.0,6200-6400 m,5500.0,
1988.0,6200-6400 m,5700.0,
1988.0,6200-6400 m,5900.0,
1988.0,6200-6400 m,6100.0,
1988.0,6200-6400 m,6300.0,273.0945967483333
1988.0,6200-6400 m,7100.0,
1988.0,6400-6600 m,3500.0,
1988.0,6400-6600 m,3700.0,
1988.0,6400-6600 m,3900.0,
1988.0,6400-6600 m,4100.0,
1988.0,6400-6600 m,4300.0,
1988.0,6400-6600 m,4500.0,
1988.0,6400-6600 m,4700.0,
1988.0,6400-6600 m,4900.0,
1988.0,6400-6600 m,5100.0,
1988.0,6400-6600 m,5300.0,
1988.0,6400-6600 m,5500.0,
1988.0,6400-6600 m,5700.0,
1988.0,6400-6600 m,5900.0,
1988.0,6400-6600 m,6100.0,
1988.0,6400-6600 m,6300.0,
1988.0,6400-6600 m,7100.0,
1988.0,6600-6800 m,3500.0,
1988.0,6600-6800 m,3700.0,
1988.0,6600-6800 m,3900.0,
1988.0,6600-6800 m,4100.0,
1988.0,6600-6800 m,4300.0,
1988.0,6600-6800 m,4500.0,
1988.0,6600-6800 m,4700.0,
1988.0,6600-6800 m,4900.0,
1988.0,6600-6800 m,5100.0,
1988.0,6600-6800 m,5300.0,
1988.0,6600-6800 m,5500.0,
1988.0,6600-6800 m,5700.0,
1988.0,6600-6800 m,5900.0,
1988.0,6600-6800 m,6100.0,
1988.0,6600-6800 m,6300.0,
1988.0,6600-6800 m,7100.0,
1988.0,6800-7000 m,3500.0,
1988.0,6800-7000 m,3700.0,
1988.0,6800-7000 m,3900.0,
1988.0,6800-7000 m,4100.0,
1988.0,6800-7000 m,4300.0,
1988.0,6800-7000 m,4500.0,
1988.0,6800-7000 m,4700.0,
1988.0,6800-7000 m,4900.0,
1988.0,6800-7000 m,5100.0,
1988.0,6800-7000 m,5300.0,
1988.0,6800-7000 m,5500.0,
1988.0,6800-7000 m,5700.0,
1988.0,6800-7000 m,5900.0,
1988.0,6800-7000 m,6100.0,
1988.0,6800-7000 m,6300.0,
1988.0,6800-7000 m,7100.0,
1988.0,7000-7200 m,3500.0,
1988.0,7000-7200 m,3700.0,
1988.0,7000-7200 m,3900.0,
1988.0,7000-7200 m,4100.0,
1988.0,7000-7200 m,4300.0,
1988.0,7000-7200 m,4500.0,
1988.0,7000-7200 m,4700.0,
1988.0,7000-7200 m,4900.0,
1988.0,7000-7200 m,5100.0,
1988.0,7000-7200 m,5300.0,
1988.0,7000-7200 m,5500.0,
1988.0,7000-7200 m,5700.0,
1988.0,7000-7200 m,5900.0,
1988.0,7000-7200 m,6100.0,
1988.0,7000-7200 m,6300.0,
1988.0,7000-7200 m,7100.0,-97.98979095
1988.0,7200-7400 m,3500.0,
1988.0,7200-7400 m,3700.0,
1988.0,7200-7400 m,3900.0,
1988.0,7200-7400 m,4100.0,
1988.0,7200-7400 m,4300.0,
1988.0,7200-7400 m,4500.0,
1988.0,7200-7400 m,4700.0,
1988.0,7200-7400 m,4900.0,
1988.0,7200-7400 m,5100.0,
1988.0,7200-7400 m,5300.0,
1988.0,7200-7400 m,5500.0,
1988.0,7200-7400 m,5700.0,
1988.0,7200-7400 m,5900.0,
1988.0,7200-7400 m,6100.0,
1988.0,7200-7400 m,6300.0,
1988.0,7200-7400 m,7100.0,
1989.0,3400-3600 m,3500.0,-344.969127398922
1989.0,3400-3600 m,3700.0,
1989.0,3400-3600 m,3900.0,
1989.0,3400-3600 m,4100.0,
1989.0,3400-3600 m,4300.0,
1989.0,3400-3600 m,4500.0,
1989.0,3400-3600 m,4700.0,
1989.0,3400-3600 m,4900.0,
1989.0,3400-3600 m,5100.0,
1989.0,3400-3600 m,5300.0,
1989.0,3400-3600 m,5500.0,
1989.0,3400-3600 m,5700.0,
1989.0,3400-3600 m,5900.0,
1989.0,3400-3600 m,6100.0,
1989.0,3400-3600 m,6300.0,
1989.0,3400-3600 m,7100.0,
1989.0,3600-3800 m,3500.0,
1989.0,3600-3800 m,3700.0,6.054158400766207
1989.0,3600-3800 m,3900.0,
1989.0,3600-3800 m,4100.0,
1989.0,3600-3800 m,4300.0,
1989.0,3600-3800 m,4500.0,
1989.0,3600-3800 m,4700.0,
1989.0,3600-3800 m,4900.0,
1989.0,3600-3800 m,5100.0,
1989.0,3600-3800 m,5300.0,
1989.0,3600-3800 m,5500.0,
1989.0,3600-3800 m,5700.0,
1989.0,3600-3800 m,5900.0,
1989.0,3600-3800 m,6100.0,
1989.0,3600-3800 m,6300.0,
1989.0,3600-3800 m,7100.0,
1989.0,3800-4000 m,3500.0,
1989.0,3800-4000 m,3700.0,
1989.0,3800-4000 m,3900.0,269.8847077787689
1989.0,3800-4000 m,4100.0,
1989.0,3800-4000 m,4300.0,
1989.0,3800-4000 m,4500.0,
1989.0,3800-4000 m,4700.0,
1989.0,3800-4000 m,4900.0,
1989.0,3800-4000 m,5100.0,
1989.0,3800-4000 m,5300.0,
1989.0,3800-4000 m,5500.0,
1989.0,3800-4000 m,5700.0,
1989.0,3800-4000 m,5900.0,
1989.0,3800-4000 m,6100.0,
1989.0,3800-4000 m,6300.0,
1989.0,3800-4000 m,7100.0,
1989.0,4000-4200 m,3500.0,
1989.0,4000-4200 m,3700.0,
1989.0,4000-4200 m,3900.0,
1989.0,4000-4200 m,4100.0,318.94268542839717
1989.0,4000-4200 m,4300.0,
1989.0,4000-4200 m,4500.0,
1989.0,4000-4200 m,4700.0,
1989.0,4000-4200 m,4900.0,
1989.0,4000-4200 m,5100.0,
1989.0,4000-4200 m,5300.0,
1989.0,4000-4200 m,5500.0,
1989.0,4000-4200 m,5700.0,
1989.0,4000-4200 m,5900.0,
1989.0,4000-4200 m,6100.0,
1989.0,4000-4200 m,6300.0,
1989.0,4000-4200 m,7100.0,
1989.0,4200-4400 m,3500.0,
1989.0,4200-4400 m,3700.0,
1989.0,4200-4400 m,3900.0,
1989.0,4200-4400 m,4100.0,
1989.0,4200-4400 m,4300.0,239.29580551631196
1989.0,4200-4400 m,4500.0,
1989.0,4200-4400 m,4700.0,
1989.0,4200-4400 m,4900.0,
1989.0,4200-4400 m,5100.0,
1989.0,4200-4400 m,5300.0,
1989.0,4200-4400 m,5500.0,
1989.0,4200-4400 m,5700.0,
1989.0,4200-4400 m,5900.0,
1989.0,4200-4400 m,6100.0,
1989.0,4200-4400 m,6300.0,
1989.0,4200-4400 m,7100.0,
1989.0,4400-4600 m,3500.0,
1989.0,4400-4600 m,3700.0,
1989.0,4400-4600 m,3900.0,
1989.0,4400-4600 m,4100.0,
1989.0,4400-4600 m,4300.0,
1989.0,4400-4600 m,4500.0,382.899254521497
1989.0,4400-4600 m,4700.0,
1989.0,4400-4600 m,4900.0,
1989.0,4400-4600 m,5100.0,
1989.0,4400-4600 m,5300.0,
1989.0,4400-4600 m,5500.0,
1989.0,4400-4600 m,5700.0,
1989.0,4400-4600 m,5900.0,
1989.0,4400-4600 m,6100.0,
1989.0,4400-4600 m,6300.0,
1989.0,4400-4600 m,7100.0,
1989.0,4600-4800 m,3500.0,
1989.0,4600-4800 m,3700.0,
1989.0,4600-4800 m,3900.0,
1989.0,4600-4800 m,4100.0,
1989.0,4600-4800 m,4300.0,
1989.0,4600-4800 m,4500.0,
1989.0,4600-4800 m,4700.0,517.8494206646292
1989.0,4600-4800 m,4900.0,
1989.0,4600-4800 m,5100.0,
1989.0,4600-4800 m,5300.0,
1989.0,4600-4800 m,5500.0,
1989.0,4600-4800 m,5700.0,
1989.0,4600-4800 m,5900.0,
1989.0,4600-4800 m,6100.0,
1989.0,4600-4800 m,6300.0,
1989.0,4600-4800 m,7100.0,
1989.0,4800-5000 m,3500.0,
1989.0,4800-5000 m,3700.0,
1989.0,4800-5000 m,3900.0,
1989.0,4800-5000 m,4100.0,
1989.0,4800-5000 m,4300.0,
1989.0,4800-5000 m,4500.0,
1989.0,4800-5000 m,4700.0,
1989.0,4800-5000 m,4900.0,481.0172992991904
1989.0,4800-5000 m,5100.0,
1989.0,4800-5000 m,5300.0,
1989.0,4800-5000 m,5500.0,
1989.0,4800-5000 m,5700.0,
1989.0,4800-5000 m,5900.0,
1989.0,4800-5000 m,6100.0,
1989.0,4800-5000 m,6300.0,
1989.0,4800-5000 m,7100.0,
1989.0,5000-5200 m,3500.0,
1989.0,5000-5200 m,3700.0,
1989.0,5000-5200 m,3900.0,
1989.0,5000-5200 m,4100.0,
1989.0,5000-5200 m,4300.0,
1989.0,5000-5200 m,4500.0,
1989.0,5000-5200 m,4700.0,
1989.0,5000-5200 m,4900.0,
1989.0,5000-5200 m,5100.0,471.6763143563107
1989.0,5000-5200 m,5300.0,
1989.0,5000-5200 m,5500.0,
1989.0,5000-5200 m,5700.0,
1989.0,5000-5200 m,5900.0,
1989.0,5000-5200 m,6100.0,
1989.0,5000-5200 m,6300.0,
1989.0,5000-5200 m,7100.0,
1989.0,5200-5400 m,3500.0,
1989.0,5200-5400 m,3700.0,
1989.0,5200-5400 m,3900.0,
1989.0,5200-5400 m,4100.0,
1989.0,5200-5400 m,4300.0,
1989.0,5200-5400 m,4500.0,
1989.0,5200-5400 m,4700.0,
1989.0,5200-5400 m,4900.0,
1989.0,5200-5400 m,5100.0,
1989.0,5200-5400 m,5300.0,402.9855367959795
1989.0,5200-5400 m,5500.0,
1989.0,5200-5400 m,5700.0,
1989.0,5200-5400 m,5900.0,
1989.0,5200-5400 m,6100.0,
1989.0,5200-5400 m,6300.0,
1989.0,5200-5400 m,7100.0,
1989.0,5400-5600 m,3500.0,
1989.0,5400-5600 m,3700.0,
1989.0,5400-5600 m,3900.0,
1989.0,5400-5600 m,4100.0,
1989.0,5400-5600 m,4300.0,
1989.0,5400-5600 m,4500.0,
1989.0,5400-5600 m,4700.0,
1989.0,5400-5600 m,4900.0,
1989.0,5400-5600 m,5100.0,
1989.0,5400-5600 m,5300.0,
1989.0,5400-5600 m,5500.0,290.38536707864824
1989.0,5400-5600 m,5700.0,
1989.0,5400-5600 m,5900.0,
1989.0,5400-5600 m,6100.0,
1989.0,5400-5600 m,6300.0,
1989.0,5400-5600 m,7100.0,
1989.0,5600-5800 m,3500.0,
1989.0,5600-5800 m,3700.0,
1989.0,5600-5800 m,3900.0,
1989.0,5600-5800 m,4100.0,
1989.0,5600-5800 m,4300.0,
1989.0,5600-5800 m,4500.0,
1989.0,5600-5800 m,4700.0,
1989.0,5600-5800 m,4900.0,
1989.0,5600-5800 m,5100.0,
1989.0,5600-5800 m,5300.0,
1989.0,5600-5800 m,5500.0,
1989.0,5600-5800 m,5700.0,247.93719474575195
1989.0,5600-5800 m,5900.0,
1989.0,5600-5800 m,6100.0,
1989.0,5600-5800 m,6300.0,
1989.0,5600-5800 m,7100.0,
1989.0,5800-6000 m,3500.0,
1989.0,5800-6000 m,3700.0,
1989.0,5800-6000 m,3900.0,
1989.0,5800-6000 m,4100.0,
1989.0,5800-6000 m,4300.0,
1989.0,5800-6000 m,4500.0,
1989.0,5800-6000 m,4700.0,
1989.0,5800-6000 m,4900.0,
1989.0,5800-6000 m,5100.0,
1989.0,5800-6000 m,5300.0,
1989.0,5800-6000 m,5500.0,
1989.0,5800-6000 m,5700.0,
1989.0,5800-6000 m,5900.0,222.83144058866336
1989.0,5800-6000 m,6100.0,
1989.0,5800-6000 m,6300.0,
1989.0,5800-6000 m,7100.0,
1989.0,6000-6200 m,3500.0,
1989.0,6000-6200 m,3700.0,
1989.0,6000-6200 m,3900.0,
1989.0,6000-6200 m,4100.0,
1989.0,6000-6200 m,4300.0,
1989.0,6000-6200 m,4500.0,
1989.0,6000-6200 m,4700.0,
1989.0,6000-6200 m,4900.0,
1989.0,6000-6200 m,5100.0,
1989.0,6000-6200 m,5300.0,
1989.0,6000-6200 m,5500.0,
1989.0,6000-6200 m,5700.0,
1989.0,6000-6200 m,5900.0,
1989.0,6000-6200 m,6100.0,178.87813878035715
1989.0,6000-6200 m,6300.0,
1989.0,6000-6200 m,7100.0,
1989.0,6200-6400 m,3500.0,
1989.0,6200-6400 m,3700.0,
1989.0,6200-6400 m,3900.0,
1989.0,6200-6400 m,4100.0,
1989.0,6200-6400 m,4300.0,
1989.0,6200-6400 m,4500.0,
1989.0,6200-6400 m,4700.0,
1989.0,6200-6400 m,4900.0,
1989.0,6200-6400 m,5100.0,
1989.0,6200-6400 m,5300.0,
1989.0,6200-6400 m,5500.0,
1989.0,6200-6400 m,5700.0,
1989.0,6200-6400 m,5900.0,
1989.0,6200-6400 m,6100.0,
1989.0,6200-6400 m,6300.0,189.4639169755556
1989.0,6200-6400 m,7100.0,
1989.0,6400-6600 m,3500.0,
1989.0,6400-6600 m,3700.0,
1989.0,6400-6600 m,3900.0,
1989.0,6400-6600 m,4100.0,
1989.0,6400-6600 m,4300.0,
1989.0,6400-6600 m,4500.0,
1989.0,6400-6600 m,4700.0,
1989.0,6400-6600 m,4900.0,
1989.0,6400-6600 m,5100.0,
1989.0,6400-6600 m,5300.0,
1989.0,6400-6600 m,5500.0,
1989.0,6400-6600 m,5700.0,
1989.0,6400-6600 m,5900.0,
1989.0,6400-6600 m,6100.0,
1989.0,6400-6600 m,6300.0,
1989.0,6400-6600 m,7100.0,
1989.0,6600-6800 m,3500.0,
1989.0,6600-6800 m,3700.0,
1989.0,6600-6800 m,3900.0,
1989.0,6600-6800 m,4100.0,
1989.0,6600-6800 m,4300.0,
1989.0,6600-6800 m,4500.0,
1989.0,6600-6800 m,4700.0,
1989.0,6600-6800 m,4900.0,
1989.0,6600-6800 m,5100.0,
1989.0,6600-6800 m,5300.0,
1989.0,6600-6800 m,5500.0,
1989.0,6600-6800 m,5700.0,
1989.0,6600-6800 m,5900.0,
1989.0,6600-6800 m,6100.0,
1989.0,6600-6800 m,6300.0,
1989.0,6600-6800 m,7100.0,
1989.0,6800-7000 m,3500.0,
1989.0,6800-7000 m,3700.0,
1989.0,6800-7000 m,3900.0,
1989.0,6800-7000 m,4100.0,
1989.0,6800-7000 m,4300.0,
1989.0,6800-7000 m,4500.0,
1989.0,6800-7000 m,4700.0,
1989.0,6800-7000 m,4900.0,
1989.0,6800-7000 m,5100.0,
1989.0,6800-7000 m,5300.0,
1989.0,6800-7000 m,5500.0,
1989.0,6800-7000 m,5700.0,
1989.0,6800-7000 m,5900.0,
1989.0,6800-7000 m,6100.0,
1989.0,6800-7000 m,6300.0,
1989.0,6800-7000 m,7100.0,
1989.0,7000-7200 m,3500.0,
1989.0,7000-7200 m,3700.0,
1989.0,7000-7200 m,3900.0,
1989.0,7000-7200 m,4100.0,
1989.0,7000-7200 m,4300.0,
1989.0,7000-7200 m,4500.0,
1989.0,7000-7200 m,4700.0,
1989.0,7000-7200 m,4900.0,
1989.0,7000-7200 m,5100.0,
1989.0,7000-7200 m,5300.0,
1989.0,7000-7200 m,5500.0,
1989.0,7000-7200 m,5700.0,
1989.0,7000-7200 m,5900.0,
1989.0,7000-7200 m,6100.0,
1989.0,7000-7200 m,6300.0,
1989.0,7000-7200 m,7100.0,248.0219648
1989.0,7200-7400 m,3500.0,
1989.0,7200-7400 m,3700.0,
1989.0,7200-7400 m,3900.0,
1989.0,7200-7400 m,4100.0,
1989.0,7200-7400 m,4300.0,
1989.0,7200-7400 m,4500.0,
1989.0,7200-7400 m,4700.0,
1989.0,7200-7400 m,4900.0,
1989.0,7200-7400 m,5100.0,
1989.0,7200-7400 m,5300.0,
1989.0,7200-7400 m,5500.0,
1989.0,7200-7400 m,5700.0,
1989.0,7200-7400 m,5900.0,
1989.0,7200-7400 m,6100.0,
1989.0,7200-7400 m,6300.0,
1989.0,7200-7400 m,7100.0,
1990.0,3400-3600 m,3500.0,-633.3953372918143
1990.0,3400-3600 m,3700.0,
1990.0,3400-3600 m,3900.0,
1990.0,3400-3600 m,4100.0,
1990.0,3400-3600 m,4300.0,
1990.0,3400-3600 m,4500.0,
1990.0,3400-3600 m,4700.0,
1990.0,3400-3600 m,4900.0,
1990.0,3400-3600 m,5100.0,
1990.0,3400-3600 m,5300.0,
1990.0,3400-3600 m,5500.0,
1990.0,3400-3600 m,5700.0,
1990.0,3400-3600 m,5900.0,
1990.0,3400-3600 m,6100.0,
1990.0,3400-3600 m,6300.0,
1990.0,3400-3600 m,7100.0,
1990.0,3600-3800 m,3500.0,
1990.0,3600-3800 m,3700.0,-534.9416566210867
1990.0,3600-3800 m,3900.0,
1990.0,3600-3800 m,4100.0,
1990.0,3600-3800 m,4300.0,
1990.0,3600-3800 m,4500.0,
1990.0,3600-3800 m,4700.0,
1990.0,3600-3800 m,4900.0,
1990.0,3600-3800 m,5100.0,
1990.0,3600-3800 m,5300.0,
1990.0,3600-3800 m,5500.0,
1990.0,3600-3800 m,5700.0,
1990.0,3600-3800 m,5900.0,
1990.0,3600-3800 m,6100.0,
1990.0,3600-3800 m,6300.0,
1990.0,3600-3800 m,7100.0,
1990.0,3800-4000 m,3500.0,
1990.0,3800-4000 m,3700.0,
1990.0,3800-4000 m,3900.0,-392.7556914004309
1990.0,3800-4000 m,4100.0,
1990.0,3800-4000 m,4300.0,
1990.0,3800-4000 m,4500.0,
1990.0,3800-4000 m,4700.0,
1990.0,3800-4000 m,4900.0,
1990.0,3800-4000 m,5100.0,
1990.0,3800-4000 m,5300.0,
1990.0,3800-4000 m,5500.0,
1990.0,3800-4000 m,5700.0,
1990.0,3800-4000 m,5900.0,
1990.0,3800-4000 m,6100.0,
1990.0,3800-4000 m,6300.0,
1990.0,3800-4000 m,7100.0,
1990.0,4000-4200 m,3500.0,
1990.0,4000-4200 m,3700.0,
1990.0,4000-4200 m,3900.0,
1990.0,4000-4200 m,4100.0,-333.6330708491417
1990.0,4000-4200 m,4300.0,
1990.0,4000-4200 m,4500.0,
1990.0,4000-4200 m,4700.0,
1990.0,4000-4200 m,4900.0,
1990.0,4000-4200 m,5100.0,
1990.0,4000-4200 m,5300.0,
1990.0,4000-4200 m,5500.0,
1990.0,4000-4200 m,5700.0,
1990.0,4000-4200 m,5900.0,
1990.0,4000-4200 m,6100.0,
1990.0,4000-4200 m,6300.0,
1990.0,4000-4200 m,7100.0,
1990.0,4200-4400 m,3500.0,
1990.0,4200-4400 m,3700.0,
1990.0,4200-4400 m,3900.0,
1990.0,4200-4400 m,4100.0,
1990.0,4200-4400 m,4300.0,-257.5272635341408
1990.0,4200-4400 m,4500.0,
1990.0,4200-4400 m,4700.0,
1990.0,4200-4400 m,4900.0,
1990.0,4200-4400 m,5100.0,
1990.0,4200-4400 m,5300.0,
1990.0,4200-4400 m,5500.0,
1990.0,4200-4400 m,5700.0,
1990.0,4200-4400 m,5900.0,
1990.0,4200-4400 m,6100.0,
1990.0,4200-4400 m,6300.0,
1990.0,4200-4400 m,7100.0,
1990.0,4400-4600 m,3500.0,
1990.0,4400-4600 m,3700.0,
1990.0,4400-4600 m,3900.0,
1990.0,4400-4600 m,4100.0,
1990.0,4400-4600 m,4300.0,
1990.0,4400-4600 m,4500.0,30.810944851793852
1990.0,4400-4600 m,4700.0,
1990.0,4400-4600 m,4900.0,
1990.0,4400-4600 m,5100.0,
1990.0,4400-4600 m,5300.0,
1990.0,4400-4600 m,5500.0,
1990.0,4400-4600 m,5700.0,
1990.0,4400-4600 m,5900.0,
1990.0,4400-4600 m,6100.0,
1990.0,4400-4600 m,6300.0,
1990.0,4400-4600 m,7100.0,
1990.0,4600-4800 m,3500.0,
1990.0,4600-4800 m,3700.0,
1990.0,4600-4800 m,3900.0,
1990.0,4600-4800 m,4100.0,
1990.0,4600-4800 m,4300.0,
1990.0,4600-4800 m,4500.0,
1990.0,4600-4800 m,4700.0,234.27022012981507
1990.0,4600-4800 m,4900.0,
1990.0,4600-4800 m,5100.0,
1990.0,4600-4800 m,5300.0,
1990.0,4600-4800 m,5500.0,
1990.0,4600-4800 m,5700.0,
1990.0,4600-4800 m,5900.0,
1990.0,4600-4800 m,6100.0,
1990.0,4600-4800 m,6300.0,
1990.0,4600-4800 m,7100.0,
1990.0,4800-5000 m,3500.0,
1990.0,4800-5000 m,3700.0,
1990.0,4800-5000 m,3900.0,
1990.0,4800-5000 m,4100.0,
1990.0,4800-5000 m,4300.0,
1990.0,4800-5000 m,4500.0,
1990.0,4800-5000 m,4700.0,
1990.0,4800-5000 m,4900.0,188.1643007599512
1990.0,4800-5000 m,5100.0,
1990.0,4800-5000 m,5300.0,
1990.0,4800-5000 m,5500.0,
1990.0,4800-5000 m,5700.0,
1990.0,4800-5000 m,5900.0,
1990.0,4800-5000 m,6100.0,
1990.0,4800-5000 m,6300.0,
1990.0,4800-5000 m,7100.0,
1990.0,5000-5200 m,3500.0,
1990.0,5000-5200 m,3700.0,
1990.0,5000-5200 m,3900.0,
1990.0,5000-5200 m,4100.0,
1990.0,5000-5200 m,4300.0,
1990.0,5000-5200 m,4500.0,
1990.0,5000-5200 m,4700.0,
1990.0,5000-5200 m,4900.0,
1990.0,5000-5200 m,5100.0,195.7532268078186
1990.0,5000-5200 m,5300.0,
1990.0,5000-5200 m,5500.0,
1990.0,5000-5200 m,5700.0,
1990.0,5000-5200 m,5900.0,
1990.0,5000-5200 m,6100.0,
1990.0,5000-5200 m,6300.0,
1990.0,5000-5200 m,7100.0,
1990.0,5200-5400 m,3500.0,
1990.0,5200-5400 m,3700.0,
1990.0,5200-5400 m,3900.0,
1990.0,5200-5400 m,4100.0,
1990.0,5200-5400 m,4300.0,
1990.0,5200-5400 m,4500.0,
1990.0,5200-5400 m,4700.0,
1990.0,5200-5400 m,4900.0,
1990.0,5200-5400 m,5100.0,
1990.0,5200-5400 m,5300.0,230.9722061322826
1990.0,5200-5400 m,5500.0,
1990.0,5200-5400 m,5700.0,
1990.0,5200-5400 m,5900.0,
1990.0,5200-5400 m,6100.0,
1990.0,5200-5400 m,6300.0,
1990.0,5200-5400 m,7100.0,
1990.0,5400-5600 m,3500.0,
1990.0,5400-5600 m,3700.0,
1990.0,5400-5600 m,3900.0,
1990.0,5400-5600 m,4100.0,
1990.0,5400-5600 m,4300.0,
1990.0,5400-5600 m,4500.0,
1990.0,5400-5600 m,4700.0,
1990.0,5400-5600 m,4900.0,
1990.0,5400-5600 m,5100.0,
1990.0,5400-5600 m,5300.0,
1990.0,5400-5600 m,5500.0,208.67959743684492
1990.0,5400-5600 m,5700.0,
1990.0,5400-5600 m,5900.0,
1990.0,5400-5600 m,6100.0,
1990.0,5400-5600 m,6300.0,
1990.0,5400-5600 m,7100.0,
1990.0,5600-5800 m,3500.0,
1990.0,5600-5800 m,3700.0,
1990.0,5600-5800 m,3900.0,
1990.0,5600-5800 m,4100.0,
1990.0,5600-5800 m,4300.0,
1990.0,5600-5800 m,4500.0,
1990.0,5600-5800 m,4700.0,
1990.0,5600-5800 m,4900.0,
1990.0,5600-5800 m,5100.0,
1990.0,5600-5800 m,5300.0,
1990.0,5600-5800 m,5500.0,
1990.0,5600-5800 m,5700.0,158.1435568761873
1990.0,5600-5800 m,5900.0,
1990.0,5600-5800 m,6100.0,
1990.0,5600-5800 m,6300.0,
1990.0,5600-5800 m,7100.0,
1990.0,5800-6000 m,3500.0,
1990.0,5800-6000 m,3700.0,
1990.0,5800-6000 m,3900.0,
1990.0,5800-6000 m,4100.0,
1990.0,5800-6000 m,4300.0,
1990.0,5800-6000 m,4500.0,
1990.0,5800-6000 m,4700.0,
1990.0,5800-6000 m,4900.0,
1990.0,5800-6000 m,5100.0,
1990.0,5800-6000 m,5300.0,
1990.0,5800-6000 m,5500.0,
1990.0,5800-6000 m,5700.0,
1990.0,5800-6000 m,5900.0,118.77624532247707
1990.0,5800-6000 m,6100.0,
1990.0,5800-6000 m,6300.0,
1990.0,5800-6000 m,7100.0,
1990.0,6000-6200 m,3500.0,
1990.0,6000-6200 m,3700.0,
1990.0,6000-6200 m,3900.0,
1990.0,6000-6200 m,4100.0,
1990.0,6000-6200 m,4300.0,
1990.0,6000-6200 m,4500.0,
1990.0,6000-6200 m,4700.0,
1990.0,6000-6200 m,4900.0,
1990.0,6000-6200 m,5100.0,
1990.0,6000-6200 m,5300.0,
1990.0,6000-6200 m,5500.0,
1990.0,6000-6200 m,5700.0,
1990.0,6000-6200 m,5900.0,
1990.0,6000-6200 m,6100.0,50.57711378942859
1990.0,6000-6200 m,6300.0,
1990.0,6000-6200 m,7100.0,
1990.0,6200-6400 m,3500.0,
1990.0,6200-6400 m,3700.0,
1990.0,6200-6400 m,3900.0,
1990.0,6200-6400 m,4100.0,
1990.0,6200-6400 m,4300.0,
1990.0,6200-6400 m,4500.0,
1990.0,6200-6400 m,4700.0,
1990.0,6200-6400 m,4900.0,
1990.0,6200-6400 m,5100.0,
1990.0,6200-6400 m,5300.0,
1990.0,6200-6400 m,5500.0,
1990.0,6200-6400 m,5700.0,
1990.0,6200-6400 m,5900.0,
1990.0,6200-6400 m,6100.0,
1990.0,6200-6400 m,6300.0,68.55098186177777
1990.0,6200-6400 m,7100.0,
1990.0,6400-6600 m,3500.0,
1990.0,6400-6600 m,3700.0,
1990.0,6400-6600 m,3900.0,
1990.0,6400-6600 m,4100.0,
1990.0,6400-6600 m,4300.0,
1990.0,6400-6600 m,4500.0,
1990.0,6400-6600 m,4700.0,
1990.0,6400-6600 m,4900.0,
1990.0,6400-6600 m,5100.0,
1990.0,6400-6600 m,5300.0,
1990.0,6400-6600 m,5500.0,
1990.0,6400-6600 m,5700.0,
1990.0,6400-6600 m,5900.0,
1990.0,6400-6600 m,6100.0,
1990.0,6400-6600 m,6300.0,
1990.0,6400-6600 m,7100.0,
1990.0,6600-6800 m,3500.0,
1990.0,6600-6800 m,3700.0,
1990.0,6600-6800 m,3900.0,
1990.0,6600-6800 m,4100.0,
1990.0,6600-6800 m,4300.0,
1990.0,6600-6800 m,4500.0,
1990.0,6600-6800 m,4700.0,
1990.0,6600-6800 m,4900.0,
1990.0,6600-6800 m,5100.0,
1990.0,6600-6800 m,5300.0,
1990.0,6600-6800 m,5500.0,
1990.0,6600-6800 m,5700.0,
1990.0,6600-6800 m,5900.0,
1990.0,6600-6800 m,6100.0,
1990.0,6600-6800 m,6300.0,
1990.0,6600-6800 m,7100.0,
1990.0,6800-7000 m,3500.0,
1990.0,6800-7000 m,3700.0,
1990.0,6800-7000 m,3900.0,
1990.0,6800-7000 m,4100.0,
1990.0,6800-7000 m,4300.0,
1990.0,6800-7000 m,4500.0,
1990.0,6800-7000 m,4700.0,
1990.0,6800-7000 m,4900.0,
1990.0,6800-7000 m,5100.0,
1990.0,6800-7000 m,5300.0,
1990.0,6800-7000 m,5500.0,
1990.0,6800-7000 m,5700.0,
1990.0,6800-7000 m,5900.0,
1990.0,6800-7000 m,6100.0,
1990.0,6800-7000 m,6300.0,
1990.0,6800-7000 m,7100.0,
1990.0,7000-7200 m,3500.0,
1990.0,7000-7200 m,3700.0,
1990.0,7000-7200 m,3900.0,
1990.0,7000-7200 m,4100.0,
1990.0,7000-7200 m,4300.0,
1990.0,7000-7200 m,4500.0,
1990.0,7000-7200 m,4700.0,
1990.0,7000-7200 m,4900.0,
1990.0,7000-7200 m,5100.0,
1990.0,7000-7200 m,5300.0,
1990.0,7000-7200 m,5500.0,
1990.0,7000-7200 m,5700.0,
1990.0,7000-7200 m,5900.0,
1990.0,7000-7200 m,6100.0,
1990.0,7000-7200 m,6300.0,
1990.0,7000-7200 m,7100.0,-189.2004105
1990.0,7200-7400 m,3500.0,
1990.0,7200-7400 m,3700.0,
1990.0,7200-7400 m,3900.0,
1990.0,7200-7400 m,4100.0,
1990.0,7200-7400 m,4300.0,
1990.0,7200-7400 m,4500.0,
1990.0,7200-7400 m,4700.0,
1990.0,7200-7400 m,4900.0,
1990.0,7200-7400 m,5100.0,
1990.0,7200-7400 m,5300.0,
1990.0,7200-7400 m,5500.0,
1990.0,7200-7400 m,5700.0,
1990.0,7200-7400 m,5900.0,
1990.0,7200-7400 m,6100.0,
1990.0,7200-7400 m,6300.0,
1990.0,7200-7400 m,7100.0,
1991.0,3400-3600 m,3500.0,-959.0459626048269
1991.0,3400-3600 m,3700.0,
1991.0,3400-3600 m,3900.0,
1991.0,3400-3600 m,4100.0,
1991.0,3400-3600 m,4300.0,
1991.0,3400-3600 m,4500.0,
1991.0,3400-3600 m,4700.0,
1991.0,3400-3600 m,4900.0,
1991.0,3400-3600 m,5100.0,
1991.0,3400-3600 m,5300.0,
1991.0,3400-3600 m,5500.0,
1991.0,3400-3600 m,5700.0,
1991.0,3400-3600 m,5900.0,
1991.0,3400-3600 m,6100.0,
1991.0,3400-3600 m,6300.0,
1991.0,3400-3600 m,7100.0,
1991.0,3600-3800 m,3500.0,
1991.0,3600-3800 m,3700.0,-591.0826024286081
1991.0,3600-3800 m,3900.0,
1991.0,3600-3800 m,4100.0,
1991.0,3600-3800 m,4300.0,
1991.0,3600-3800 m,4500.0,
1991.0,3600-3800 m,4700.0,
1991.0,3600-3800 m,4900.0,
1991.0,3600-3800 m,5100.0,
1991.0,3600-3800 m,5300.0,
1991.0,3600-3800 m,5500.0,
1991.0,3600-3800 m,5700.0,
1991.0,3600-3800 m,5900.0,
1991.0,3600-3800 m,6100.0,
1991.0,3600-3800 m,6300.0,
1991.0,3600-3800 m,7100.0,
1991.0,3800-4000 m,3500.0,
1991.0,3800-4000 m,3700.0,
1991.0,3800-4000 m,3900.0,-367.5979547564901
1991.0,3800-4000 m,4100.0,
1991.0,3800-4000 m,4300.0,
1991.0,3800-4000 m,4500.0,
1991.0,3800-4000 m,4700.0,
1991.0,3800-4000 m,4900.0,
1991.0,3800-4000 m,5100.0,
1991.0,3800-4000 m,5300.0,
1991.0,3800-4000 m,5500.0,
1991.0,3800-4000 m,5700.0,
1991.0,3800-4000 m,5900.0,
1991.0,3800-4000 m,6100.0,
1991.0,3800-4000 m,6300.0,
1991.0,3800-4000 m,7100.0,
1991.0,4000-4200 m,3500.0,
1991.0,4000-4200 m,3700.0,
1991.0,4000-4200 m,3900.0,
1991.0,4000-4200 m,4100.0,-105.31522806895752
1991.0,4000-4200 m,4300.0,
1991.0,4000-4200 m,4500.0,
1991.0,4000-4200 m,4700.0,
1991.0,4000-4200 m,4900.0,
1991.0,4000-4200 m,5100.0,
1991.0,4000-4200 m,5300.0,
1991.0,4000-4200 m,5500.0,
1991.0,4000-4200 m,5700.0,
1991.0,4000-4200 m,5900.0,
1991.0,4000-4200 m,6100.0,
1991.0,4000-4200 m,6300.0,
1991.0,4000-4200 m,7100.0,
1991.0,4200-4400 m,3500.0,
1991.0,4200-4400 m,3700.0,
1991.0,4200-4400 m,3900.0,
1991.0,4200-4400 m,4100.0,
1991.0,4200-4400 m,4300.0,82.41713300305233
1991.0,4200-4400 m,4500.0,
1991.0,4200-4400 m,4700.0,
1991.0,4200-4400 m,4900.0,
1991.0,4200-4400 m,5100.0,
1991.0,4200-4400 m,5300.0,
1991.0,4200-4400 m,5500.0,
1991.0,4200-4400 m,5700.0,
1991.0,4200-4400 m,5900.0,
1991.0,4200-4400 m,6100.0,
1991.0,4200-4400 m,6300.0,
1991.0,4200-4400 m,7100.0,
1991.0,4400-4600 m,3500.0,
1991.0,4400-4600 m,3700.0,
1991.0,4400-4600 m,3900.0,
1991.0,4400-4600 m,4100.0,
1991.0,4400-4600 m,4300.0,
1991.0,4400-4600 m,4500.0,257.6705096043149
1991.0,4400-4600 m,4700.0,
1991.0,4400-4600 m,4900.0,
1991.0,4400-4600 m,5100.0,
1991.0,4400-4600 m,5300.0,
1991.0,4400-4600 m,5500.0,
1991.0,4400-4600 m,5700.0,
1991.0,4400-4600 m,5900.0,
1991.0,4400-4600 m,6100.0,
1991.0,4400-4600 m,6300.0,
1991.0,4400-4600 m,7100.0,
1991.0,4600-4800 m,3500.0,
1991.0,4600-4800 m,3700.0,
1991.0,4600-4800 m,3900.0,
1991.0,4600-4800 m,4100.0,
1991.0,4600-4800 m,4300.0,
1991.0,4600-4800 m,4500.0,
1991.0,4600-4800 m,4700.0,354.08731131938873
1991.0,4600-4800 m,4900.0,
1991.0,4600-4800 m,5100.0,
1991.0,4600-4800 m,5300.0,
1991.0,4600-4800 m,5500.0,
1991.0,4600-4800 m,5700.0,
1991.0,4600-4800 m,5900.0,
1991.0,4600-4800 m,6100.0,
1991.0,4600-4800 m,6300.0,
1991.0,4600-4800 m,7100.0,
1991.0,4800-5000 m,3500.0,
1991.0,4800-5000 m,3700.0,
1991.0,4800-5000 m,3900.0,
1991.0,4800-5000 m,4100.0,
1991.0,4800-5000 m,4300.0,
1991.0,4800-5000 m,4500.0,
1991.0,4800-5000 m,4700.0,
1991.0,4800-5000 m,4900.0,218.64363709705898
1991.0,4800-5000 m,5100.0,
1991.0,4800-5000 m,5300.0,
1991.0,4800-5000 m,5500.0,
1991.0,4800-5000 m,5700.0,
1991.0,4800-5000 m,5900.0,
1991.0,4800-5000 m,6100.0,
1991.0,4800-5000 m,6300.0,
1991.0,4800-5000 m,7100.0,
1991.0,5000-5200 m,3500.0,
1991.0,5000-5200 m,3700.0,
1991.0,5000-5200 m,3900.0,
1991.0,5000-5200 m,4100.0,
1991.0,5000-5200 m,4300.0,
1991.0,5000-5200 m,4500.0,
1991.0,5000-5200 m,4700.0,
1991.0,5000-5200 m,4900.0,
1991.0,5000-5200 m,5100.0,162.17493290476583
1991.0,5000-5200 m,5300.0,
1991.0,5000-5200 m,5500.0,
1991.0,5000-5200 m,5700.0,
1991.0,5000-5200 m,5900.0,
1991.0,5000-5200 m,6100.0,
1991.0,5000-5200 m,6300.0,
1991.0,5000-5200 m,7100.0,
1991.0,5200-5400 m,3500.0,
1991.0,5200-5400 m,3700.0,
1991.0,5200-5400 m,3900.0,
1991.0,5200-5400 m,4100.0,
1991.0,5200-5400 m,4300.0,
1991.0,5200-5400 m,4500.0,
1991.0,5200-5400 m,4700.0,
1991.0,5200-5400 m,4900.0,
1991.0,5200-5400 m,5100.0,
1991.0,5200-5400 m,5300.0,223.77385698742123
1991.0,5200-5400 m,5500.0,
1991.0,5200-5400 m,5700.0,
1991.0,5200-5400 m,5900.0,
1991.0,5200-5400 m,6100.0,
1991.0,5200-5400 m,6300.0,
1991.0,5200-5400 m,7100.0,
1991.0,5400-5600 m,3500.0,
1991.0,5400-5600 m,3700.0,
1991.0,5400-5600 m,3900.0,
1991.0,5400-5600 m,4100.0,
1991.0,5400-5600 m,4300.0,
1991.0,5400-5600 m,4500.0,
1991.0,5400-5600 m,4700.0,
1991.0,5400-5600 m,4900.0,
1991.0,5400-5600 m,5100.0,
1991.0,5400-5600 m,5300.0,
1991.0,5400-5600 m,5500.0,253.85156318142228
1991.0,5400-5600 m,5700.0,
1991.0,5400-5600 m,5900.0,
1991.0,5400-5600 m,6100.0,
1991.0,5400-5600 m,6300.0,
1991.0,5400-5600 m,7100.0,
1991.0,5600-5800 m,3500.0,
1991.0,5600-5800 m,3700.0,
1991.0,5600-5800 m,3900.0,
1991.0,5600-5800 m,4100.0,
1991.0,5600-5800 m,4300.0,
1991.0,5600-5800 m,4500.0,
1991.0,5600-5800 m,4700.0,
1991.0,5600-5800 m,4900.0,
1991.0,5600-5800 m,5100.0,
1991.0,5600-5800 m,5300.0,
1991.0,5600-5800 m,5500.0,
1991.0,5600-5800 m,5700.0,218.45833923936004
1991.0,5600-5800 m,5900.0,
1991.0,5600-5800 m,6100.0,
1991.0,5600-5800 m,6300.0,
1991.0,5600-5800 m,7100.0,
1991.0,5800-6000 m,3500.0,
1991.0,5800-6000 m,3700.0,
1991.0,5800-6000 m,3900.0,
1991.0,5800-6000 m,4100.0,
1991.0,5800-6000 m,4300.0,
1991.0,5800-6000 m,4500.0,
1991.0,5800-6000 m,4700.0,
1991.0,5800-6000 m,4900.0,
1991.0,5800-6000 m,5100.0,
1991.0,5800-6000 m,5300.0,
1991.0,5800-6000 m,5500.0,
1991.0,5800-6000 m,5700.0,
1991.0,5800-6000 m,5900.0,202.86852259933747
1991.0,5800-6000 m,6100.0,
1991.0,5800-6000 m,6300.0,
1991.0,5800-6000 m,7100.0,
1991.0,6000-6200 m,3500.0,
1991.0,6000-6200 m,3700.0,
1991.0,6000-6200 m,3900.0,
1991.0,6000-6200 m,4100.0,
1991.0,6000-6200 m,4300.0,
1991.0,6000-6200 m,4500.0,
1991.0,6000-6200 m,4700.0,
1991.0,6000-6200 m,4900.0,
1991.0,6000-6200 m,5100.0,
1991.0,6000-6200 m,5300.0,
1991.0,6000-6200 m,5500.0,
1991.0,6000-6200 m,5700.0,
1991.0,6000-6200 m,5900.0,
1991.0,6000-6200 m,6100.0,215.0804965542857
1991.0,6000-6200 m,6300.0,
1991.0,6000-6200 m,7100.0,
1991.0,6200-6400 m,3500.0,
1991.0,6200-6400 m,3700.0,
1991.0,6200-6400 m,3900.0,
1991.0,6200-6400 m,4100.0,
1991.0,6200-6400 m,4300.0,
1991.0,6200-6400 m,4500.0,
1991.0,6200-6400 m,4700.0,
1991.0,6200-6400 m,4900.0,
1991.0,6200-6400 m,5100.0,
1991.0,6200-6400 m,5300.0,
1991.0,6200-6400 m,5500.0,
1991.0,6200-6400 m,5700.0,
1991.0,6200-6400 m,5900.0,
1991.0,6200-6400 m,6100.0,
1991.0,6200-6400 m,6300.0,188.41302971833332
1991.0,6200-6400 m,7100.0,
1991.0,6400-6600 m,3500.0,
1991.0,6400-6600 m,3700.0,
1991.0,6400-6600 m,3900.0,
1991.0,6400-6600 m,4100.0,
1991.0,6400-6600 m,4300.0,
1991.0,6400-6600 m,4500.0,
1991.0,6400-6600 m,4700.0,
1991.0,6400-6600 m,4900.0,
1991.0,6400-6600 m,5100.0,
1991.0,6400-6600 m,5300.0,
1991.0,6400-6600 m,5500.0,
1991.0,6400-6600 m,5700.0,
1991.0,6400-6600 m,5900.0,
1991.0,6400-6600 m,6100.0,
1991.0,6400-6600 m,6300.0,
1991.0,6400-6600 m,7100.0,
1991.0,6600-6800 m,3500.0,
1991.0,6600-6800 m,3700.0,
1991.0,6600-6800 m,3900.0,
1991.0,6600-6800 m,4100.0,
1991.0,6600-6800 m,4300.0,
1991.0,6600-6800 m,4500.0,
1991.0,6600-6800 m,4700.0,
1991.0,6600-6800 m,4900.0,
1991.0,6600-6800 m,5100.0,
1991.0,6600-6800 m,5300.0,
1991.0,6600-6800 m,5500.0,
1991.0,6600-6800 m,5700.0,
1991.0,6600-6800 m,5900.0,
1991.0,6600-6800 m,6100.0,
1991.0,6600-6800 m,6300.0,
1991.0,6600-6800 m,7100.0,
1991.0,6800-7000 m,3500.0,
1991.0,6800-7000 m,3700.0,
1991.0,6800-7000 m,3900.0,
1991.0,6800-7000 m,4100.0,
1991.0,6800-7000 m,4300.0,
1991.0,6800-7000 m,4500.0,
1991.0,6800-7000 m,4700.0,
1991.0,6800-7000 m,4900.0,
1991.0,6800-7000 m,5100.0,
1991.0,6800-7000 m,5300.0,
1991.0,6800-7000 m,5500.0,
1991.0,6800-7000 m,5700.0,
1991.0,6800-7000 m,5900.0,
1991.0,6800-7000 m,6100.0,
1991.0,6800-7000 m,6300.0,
1991.0,6800-7000 m,7100.0,
1991.0,7000-7200 m,3500.0,
1991.0,7000-7200 m,3700.0,
1991.0,7000-7200 m,3900.0,
1991.0,7000-7200 m,4100.0,
1991.0,7000-7200 m,4300.0,
1991.0,7000-7200 m,4500.0,
1991.0,7000-7200 m,4700.0,
1991.0,7000-7200 m,4900.0,
1991.0,7000-7200 m,5100.0,
1991.0,7000-7200 m,5300.0,
1991.0,7000-7200 m,5500.0,
1991.0,7000-7200 m,5700.0,
1991.0,7000-7200 m,5900.0,
1991.0,7000-7200 m,6100.0,
1991.0,7000-7200 m,6300.0,
1991.0,7000-7200 m,7100.0,-114.0712571
1991.0,7200-7400 m,3500.0,
1991.0,7200-7400 m,3700.0,
1991.0,7200-7400 m,3900.0,
1991.0,7200-7400 m,4100.0,
1991.0,7200-7400 m,4300.0,
1991.0,7200-7400 m,4500.0,
1991.0,7200-7400 m,4700.0,
1991.0,7200-7400 m,4900.0,
1991.0,7200-7400 m,5100.0,
1991.0,7200-7400 m,5300.0,
1991.0,7200-7400 m,5500.0,
1991.0,7200-7400 m,5700.0,
1991.0,7200-7400 m,5900.0,
1991.0,7200-7400 m,6100.0,
1991.0,7200-7400 m,6300.0,
1991.0,7200-7400 m,7100.0,
1992.0,3400-3600 m,3500.0,-120.16554269592089
1992.0,3400-3600 m,3700.0,
1992.0,3400-3600 m,3900.0,
1992.0,3400-3600 m,4100.0,
1992.0,3400-3600 m,4300.0,
1992.0,3400-3600 m,4500.0,
1992.0,3400-3600 m,4700.0,
1992.0,3400-3600 m,4900.0,
1992.0,3400-3600 m,5100.0,
1992.0,3400-3600 m,5300.0,
1992.0,3400-3600 m,5500.0,
1992.0,3400-3600 m,5700.0,
1992.0,3400-3600 m,5900.0,
1992.0,3400-3600 m,6100.0,
1992.0,3400-3600 m,6300.0,
1992.0,3400-3600 m,7100.0,
1992.0,3600-3800 m,3500.0,
1992.0,3600-3800 m,3700.0,165.0096839709122
1992.0,3600-3800 m,3900.0,
1992.0,3600-3800 m,4100.0,
1992.0,3600-3800 m,4300.0,
1992.0,3600-3800 m,4500.0,
1992.0,3600-3800 m,4700.0,
1992.0,3600-3800 m,4900.0,
1992.0,3600-3800 m,5100.0,
1992.0,3600-3800 m,5300.0,
1992.0,3600-3800 m,5500.0,
1992.0,3600-3800 m,5700.0,
1992.0,3600-3800 m,5900.0,
1992.0,3600-3800 m,6100.0,
1992.0,3600-3800 m,6300.0,
1992.0,3600-3800 m,7100.0,
1992.0,3800-4000 m,3500.0,
1992.0,3800-4000 m,3700.0,
1992.0,3800-4000 m,3900.0,470.1708289857409
1992.0,3800-4000 m,4100.0,
1992.0,3800-4000 m,4300.0,
1992.0,3800-4000 m,4500.0,
1992.0,3800-4000 m,4700.0,
1992.0,3800-4000 m,4900.0,
1992.0,3800-4000 m,5100.0,
1992.0,3800-4000 m,5300.0,
1992.0,3800-4000 m,5500.0,
1992.0,3800-4000 m,5700.0,
1992.0,3800-4000 m,5900.0,
1992.0,3800-4000 m,6100.0,
1992.0,3800-4000 m,6300.0,
1992.0,3800-4000 m,7100.0,
1992.0,4000-4200 m,3500.0,
1992.0,4000-4200 m,3700.0,
1992.0,4000-4200 m,3900.0,
1992.0,4000-4200 m,4100.0,618.9060347524443
1992.0,4000-4200 m,4300.0,
1992.0,4000-4200 m,4500.0,
1992.0,4000-4200 m,4700.0,
1992.0,4000-4200 m,4900.0,
1992.0,4000-4200 m,5100.0,
1992.0,4000-4200 m,5300.0,
1992.0,4000-4200 m,5500.0,
1992.0,4000-4200 m,5700.0,
1992.0,4000-4200 m,5900.0,
1992.0,4000-4200 m,6100.0,
1992.0,4000-4200 m,6300.0,
1992.0,4000-4200 m,7100.0,
1992.0,4200-4400 m,3500.0,
1992.0,4200-4400 m,3700.0,
1992.0,4200-4400 m,3900.0,
1992.0,4200-4400 m,4100.0,
1992.0,4200-4400 m,4300.0,620.6590001629772
1992.0,4200-4400 m,4500.0,
1992.0,4200-4400 m,4700.0,
1992.0,4200-4400 m,4900.0,
1992.0,4200-4400 m,5100.0,
1992.0,4200-4400 m,5300.0,
1992.0,4200-4400 m,5500.0,
1992.0,4200-4400 m,5700.0,
1992.0,4200-4400 m,5900.0,
1992.0,4200-4400 m,6100.0,
1992.0,4200-4400 m,6300.0,
1992.0,4200-4400 m,7100.0,
1992.0,4400-4600 m,3500.0,
1992.0,4400-4600 m,3700.0,
1992.0,4400-4600 m,3900.0,
1992.0,4400-4600 m,4100.0,
1992.0,4400-4600 m,4300.0,
1992.0,4400-4600 m,4500.0,692.9764954219559
1992.0,4400-4600 m,4700.0,
1992.0,4400-4600 m,4900.0,
1992.0,4400-4600 m,5100.0,
1992.0,4400-4600 m,5300.0,
1992.0,4400-4600 m,5500.0,
1992.0,4400-4600 m,5700.0,
1992.0,4400-4600 m,5900.0,
1992.0,4400-4600 m,6100.0,
1992.0,4400-4600 m,6300.0,
1992.0,4400-4600 m,7100.0,
1992.0,4600-4800 m,3500.0,
1992.0,4600-4800 m,3700.0,
1992.0,4600-4800 m,3900.0,
1992.0,4600-4800 m,4100.0,
1992.0,4600-4800 m,4300.0,
1992.0,4600-4800 m,4500.0,
1992.0,4600-4800 m,4700.0,760.8071685928747
1992.0,4600-4800 m,4900.0,
1992.0,4600-4800 m,5100.0,
1992.0,4600-4800 m,5300.0,
1992.0,4600-4800 m,5500.0,
1992.0,4600-4800 m,5700.0,
1992.0,4600-4800 m,5900.0,
1992.0,4600-4800 m,6100.0,
1992.0,4600-4800 m,6300.0,
1992.0,4600-4800 m,7100.0,
1992.0,4800-5000 m,3500.0,
1992.0,4800-5000 m,3700.0,
1992.0,4800-5000 m,3900.0,
1992.0,4800-5000 m,4100.0,
1992.0,4800-5000 m,4300.0,
1992.0,4800-5000 m,4500.0,
1992.0,4800-5000 m,4700.0,
1992.0,4800-5000 m,4900.0,634.2204123975166
1992.0,4800-5000 m,5100.0,
1992.0,4800-5000 m,5300.0,
1992.0,4800-5000 m,5500.0,
1992.0,4800-5000 m,5700.0,
1992.0,4800-5000 m,5900.0,
1992.0,4800-5000 m,6100.0,
1992.0,4800-5000 m,6300.0,
1992.0,4800-5000 m,7100.0,
1992.0,5000-5200 m,3500.0,
1992.0,5000-5200 m,3700.0,
1992.0,5000-5200 m,3900.0,
1992.0,5000-5200 m,4100.0,
1992.0,5000-5200 m,4300.0,
1992.0,5000-5200 m,4500.0,
1992.0,5000-5200 m,4700.0,
1992.0,5000-5200 m,4900.0,
1992.0,5000-5200 m,5100.0,592.2372133223295
1992.0,5000-5200 m,5300.0,
1992.0,5000-5200 m,5500.0,
1992.0,5000-5200 m,5700.0,
1992.0,5000-5200 m,5900.0,
1992.0,5000-5200 m,6100.0,
1992.0,5000-5200 m,6300.0,
1992.0,5000-5200 m,7100.0,
1992.0,5200-5400 m,3500.0,
1992.0,5200-5400 m,3700.0,
1992.0,5200-5400 m,3900.0,
1992.0,5200-5400 m,4100.0,
1992.0,5200-5400 m,4300.0,
1992.0,5200-5400 m,4500.0,
1992.0,5200-5400 m,4700.0,
1992.0,5200-5400 m,4900.0,
1992.0,5200-5400 m,5100.0,
1992.0,5200-5400 m,5300.0,579.0376762067131
1992.0,5200-5400 m,5500.0,
1992.0,5200-5400 m,5700.0,
1992.0,5200-5400 m,5900.0,
1992.0,5200-5400 m,6100.0,
1992.0,5200-5400 m,6300.0,
1992.0,5200-5400 m,7100.0,
1992.0,5400-5600 m,3500.0,
1992.0,5400-5600 m,3700.0,
1992.0,5400-5600 m,3900.0,
1992.0,5400-5600 m,4100.0,
1992.0,5400-5600 m,4300.0,
1992.0,5400-5600 m,4500.0,
1992.0,5400-5600 m,4700.0,
1992.0,5400-5600 m,4900.0,
1992.0,5400-5600 m,5100.0,
1992.0,5400-5600 m,5300.0,
1992.0,5400-5600 m,5500.0,489.0377652420991
1992.0,5400-5600 m,5700.0,
1992.0,5400-5600 m,5900.0,
1992.0,5400-5600 m,6100.0,
1992.0,5400-5600 m,6300.0,
1992.0,5400-5600 m,7100.0,
1992.0,5600-5800 m,3500.0,
1992.0,5600-5800 m,3700.0,
1992.0,5600-5800 m,3900.0,
1992.0,5600-5800 m,4100.0,
1992.0,5600-5800 m,4300.0,
1992.0,5600-5800 m,4500.0,
1992.0,5600-5800 m,4700.0,
1992.0,5600-5800 m,4900.0,
1992.0,5600-5800 m,5100.0,
1992.0,5600-5800 m,5300.0,
1992.0,5600-5800 m,5500.0,
1992.0,5600-5800 m,5700.0,431.6321529369191
1992.0,5600-5800 m,5900.0,
1992.0,5600-5800 m,6100.0,
1992.0,5600-5800 m,6300.0,
1992.0,5600-5800 m,7100.0,
1992.0,5800-6000 m,3500.0,
1992.0,5800-6000 m,3700.0,
1992.0,5800-6000 m,3900.0,
1992.0,5800-6000 m,4100.0,
1992.0,5800-6000 m,4300.0,
1992.0,5800-6000 m,4500.0,
1992.0,5800-6000 m,4700.0,
1992.0,5800-6000 m,4900.0,
1992.0,5800-6000 m,5100.0,
1992.0,5800-6000 m,5300.0,
1992.0,5800-6000 m,5500.0,
1992.0,5800-6000 m,5700.0,
1992.0,5800-6000 m,5900.0,384.2365684321749
1992.0,5800-6000 m,6100.0,
1992.0,5800-6000 m,6300.0,
1992.0,5800-6000 m,7100.0,
1992.0,6000-6200 m,3500.0,
1992.0,6000-6200 m,3700.0,
1992.0,6000-6200 m,3900.0,
1992.0,6000-6200 m,4100.0,
1992.0,6000-6200 m,4300.0,
1992.0,6000-6200 m,4500.0,
1992.0,6000-6200 m,4700.0,
1992.0,6000-6200 m,4900.0,
1992.0,6000-6200 m,5100.0,
1992.0,6000-6200 m,5300.0,
1992.0,6000-6200 m,5500.0,
1992.0,6000-6200 m,5700.0,
1992.0,6000-6200 m,5900.0,
1992.0,6000-6200 m,6100.0,280.6226484382143
1992.0,6000-6200 m,6300.0,
1992.0,6000-6200 m,7100.0,
1992.0,6200-6400 m,3500.0,
1992.0,6200-6400 m,3700.0,
1992.0,6200-6400 m,3900.0,
1992.0,6200-6400 m,4100.0,
1992.0,6200-6400 m,4300.0,
1992.0,6200-6400 m,4500.0,
1992.0,6200-6400 m,4700.0,
1992.0,6200-6400 m,4900.0,
1992.0,6200-6400 m,5100.0,
1992.0,6200-6400 m,5300.0,
1992.0,6200-6400 m,5500.0,
1992.0,6200-6400 m,5700.0,
1992.0,6200-6400 m,5900.0,
1992.0,6200-6400 m,6100.0,
1992.0,6200-6400 m,6300.0,305.4167490534445
1992.0,6200-6400 m,7100.0,
1992.0,6400-6600 m,3500.0,
1992.0,6400-6600 m,3700.0,
1992.0,6400-6600 m,3900.0,
1992.0,6400-6600 m,4100.0,
1992.0,6400-6600 m,4300.0,
1992.0,6400-6600 m,4500.0,
1992.0,6400-6600 m,4700.0,
1992.0,6400-6600 m,4900.0,
1992.0,6400-6600 m,5100.0,
1992.0,6400-6600 m,5300.0,
1992.0,6400-6600 m,5500.0,
1992.0,6400-6600 m,5700.0,
1992.0,6400-6600 m,5900.0,
1992.0,6400-6600 m,6100.0,
1992.0,6400-6600 m,6300.0,
1992.0,6400-6600 m,7100.0,
1992.0,6600-6800 m,3500.0,
1992.0,6600-6800 m,3700.0,
1992.0,6600-6800 m,3900.0,
1992.0,6600-6800 m,4100.0,
1992.0,6600-6800 m,4300.0,
1992.0,6600-6800 m,4500.0,
1992.0,6600-6800 m,4700.0,
1992.0,6600-6800 m,4900.0,
1992.0,6600-6800 m,5100.0,
1992.0,6600-6800 m,5300.0,
1992.0,6600-6800 m,5500.0,
1992.0,6600-6800 m,5700.0,
1992.0,6600-6800 m,5900.0,
1992.0,6600-6800 m,6100.0,
1992.0,6600-6800 m,6300.0,
1992.0,6600-6800 m,7100.0,
1992.0,6800-7000 m,3500.0,
1992.0,6800-7000 m,3700.0,
1992.0,6800-7000 m,3900.0,
1992.0,6800-7000 m,4100.0,
1992.0,6800-7000 m,4300.0,
1992.0,6800-7000 m,4500.0,
1992.0,6800-7000 m,4700.0,
1992.0,6800-7000 m,4900.0,
1992.0,6800-7000 m,5100.0,
1992.0,6800-7000 m,5300.0,
1992.0,6800-7000 m,5500.0,
1992.0,6800-7000 m,5700.0,
1992.0,6800-7000 m,5900.0,
1992.0,6800-7000 m,6100.0,
1992.0,6800-7000 m,6300.0,
1992.0,6800-7000 m,7100.0,
1992.0,7000-7200 m,3500.0,
1992.0,7000-7200 m,3700.0,
1992.0,7000-7200 m,3900.0,
1992.0,7000-7200 m,4100.0,
1992.0,7000-7200 m,4300.0,
1992.0,7000-7200 m,4500.0,
1992.0,7000-7200 m,4700.0,
1992.0,7000-7200 m,4900.0,
1992.0,7000-7200 m,5100.0,
1992.0,7000-7200 m,5300.0,
1992.0,7000-7200 m,5500.0,
1992.0,7000-7200 m,5700.0,
1992.0,7000-7200 m,5900.0,
1992.0,7000-7200 m,6100.0,
1992.0,7000-7200 m,6300.0,
1992.0,7000-7200 m,7100.0,379.0273331
1992.0,7200-7400 m,3500.0,
1992.0,7200-7400 m,3700.0,
1992.0,7200-7400 m,3900.0,
1992.0,7200-7400 m,4100.0,
1992.0,7200-7400 m,4300.0,
1992.0,7200-7400 m,4500.0,
1992.0,7200-7400 m,4700.0,
1992.0,7200-7400 m,4900.0,
1992.0,7200-7400 m,5100.0,
1992.0,7200-7400 m,5300.0,
1992.0,7200-7400 m,5500.0,
1992.0,7200-7400 m,5700.0,
1992.0,7200-7400 m,5900.0,
1992.0,7200-7400 m,6100.0,
1992.0,7200-7400 m,6300.0,
1992.0,7200-7400 m,7100.0,
1993.0,3400-3600 m,3500.0,-47.328051889385115
1993.0,3400-3600 m,3700.0,
1993.0,3400-3600 m,3900.0,
1993.0,3400-3600 m,4100.0,
1993.0,3400-3600 m,4300.0,
1993.0,3400-3600 m,4500.0,
1993.0,3400-3600 m,4700.0,
1993.0,3400-3600 m,4900.0,
1993.0,3400-3600 m,5100.0,
1993.0,3400-3600 m,5300.0,
1993.0,3400-3600 m,5500.0,
1993.0,3400-3600 m,5700.0,
1993.0,3400-3600 m,5900.0,
1993.0,3400-3600 m,6100.0,
1993.0,3400-3600 m,6300.0,
1993.0,3400-3600 m,7100.0,
1993.0,3600-3800 m,3500.0,
1993.0,3600-3800 m,3700.0,204.96756228898292
1993.0,3600-3800 m,3900.0,
1993.0,3600-3800 m,4100.0,
1993.0,3600-3800 m,4300.0,
1993.0,3600-3800 m,4500.0,
1993.0,3600-3800 m,4700.0,
1993.0,3600-3800 m,4900.0,
1993.0,3600-3800 m,5100.0,
1993.0,3600-3800 m,5300.0,
1993.0,3600-3800 m,5500.0,
1993.0,3600-3800 m,5700.0,
1993.0,3600-3800 m,5900.0,
1993.0,3600-3800 m,6100.0,
1993.0,3600-3800 m,6300.0,
1993.0,3600-3800 m,7100.0,
1993.0,3800-4000 m,3500.0,
1993.0,3800-4000 m,3700.0,
1993.0,3800-4000 m,3900.0,629.3116667493478
1993.0,3800-4000 m,4100.0,
1993.0,3800-4000 m,4300.0,
1993.0,3800-4000 m,4500.0,
1993.0,3800-4000 m,4700.0,
1993.0,3800-4000 m,4900.0,
1993.0,3800-4000 m,5100.0,
1993.0,3800-4000 m,5300.0,
1993.0,3800-4000 m,5500.0,
1993.0,3800-4000 m,5700.0,
1993.0,3800-4000 m,5900.0,
1993.0,3800-4000 m,6100.0,
1993.0,3800-4000 m,6300.0,
1993.0,3800-4000 m,7100.0,
1993.0,4000-4200 m,3500.0,
1993.0,4000-4200 m,3700.0,
1993.0,4000-4200 m,3900.0,
1993.0,4000-4200 m,4100.0,869.7532090688283
1993.0,4000-4200 m,4300.0,
1993.0,4000-4200 m,4500.0,
1993.0,4000-4200 m,4700.0,
1993.0,4000-4200 m,4900.0,
1993.0,4000-4200 m,5100.0,
1993.0,4000-4200 m,5300.0,
1993.0,4000-4200 m,5500.0,
1993.0,4000-4200 m,5700.0,
1993.0,4000-4200 m,5900.0,
1993.0,4000-4200 m,6100.0,
1993.0,4000-4200 m,6300.0,
1993.0,4000-4200 m,7100.0,
1993.0,4200-4400 m,3500.0,
1993.0,4200-4400 m,3700.0,
1993.0,4200-4400 m,3900.0,
1993.0,4200-4400 m,4100.0,
1993.0,4200-4400 m,4300.0,996.1717782033634
1993.0,4200-4400 m,4500.0,
1993.0,4200-4400 m,4700.0,
1993.0,4200-4400 m,4900.0,
1993.0,4200-4400 m,5100.0,
1993.0,4200-4400 m,5300.0,
1993.0,4200-4400 m,5500.0,
1993.0,4200-4400 m,5700.0,
1993.0,4200-4400 m,5900.0,
1993.0,4200-4400 m,6100.0,
1993.0,4200-4400 m,6300.0,
1993.0,4200-4400 m,7100.0,
1993.0,4400-4600 m,3500.0,
1993.0,4400-4600 m,3700.0,
1993.0,4400-4600 m,3900.0,
1993.0,4400-4600 m,4100.0,
1993.0,4400-4600 m,4300.0,
1993.0,4400-4600 m,4500.0,1159.3065431788968
1993.0,4400-4600 m,4700.0,
1993.0,4400-4600 m,4900.0,
1993.0,4400-4600 m,5100.0,
1993.0,4400-4600 m,5300.0,
1993.0,4400-4600 m,5500.0,
1993.0,4400-4600 m,5700.0,
1993.0,4400-4600 m,5900.0,
1993.0,4400-4600 m,6100.0,
1993.0,4400-4600 m,6300.0,
1993.0,4400-4600 m,7100.0,
1993.0,4600-4800 m,3500.0,
1993.0,4600-4800 m,3700.0,
1993.0,4600-4800 m,3900.0,
1993.0,4600-4800 m,4100.0,
1993.0,4600-4800 m,4300.0,
1993.0,4600-4800 m,4500.0,
1993.0,4600-4800 m,4700.0,1190.796077748218
1993.0,4600-4800 m,4900.0,
1993.0,4600-4800 m,5100.0,
1993.0,4600-4800 m,5300.0,
1993.0,4600-4800 m,5500.0,
1993.0,4600-4800 m,5700.0,
1993.0,4600-4800 m,5900.0,
1993.0,4600-4800 m,6100.0,
1993.0,4600-4800 m,6300.0,
1993.0,4600-4800 m,7100.0,
1993.0,4800-5000 m,3500.0,
1993.0,4800-5000 m,3700.0,
1993.0,4800-5000 m,3900.0,
1993.0,4800-5000 m,4100.0,
1993.0,4800-5000 m,4300.0,
1993.0,4800-5000 m,4500.0,
1993.0,4800-5000 m,4700.0,
1993.0,4800-5000 m,4900.0,768.7471709094635
1993.0,4800-5000 m,5100.0,
1993.0,4800-5000 m,5300.0,
1993.0,4800-5000 m,5500.0,
1993.0,4800-5000 m,5700.0,
1993.0,4800-5000 m,5900.0,
1993.0,4800-5000 m,6100.0,
1993.0,4800-5000 m,6300.0,
1993.0,4800-5000 m,7100.0,
1993.0,5000-5200 m,3500.0,
1993.0,5000-5200 m,3700.0,
1993.0,5000-5200 m,3900.0,
1993.0,5000-5200 m,4100.0,
1993.0,5000-5200 m,4300.0,
1993.0,5000-5200 m,4500.0,
1993.0,5000-5200 m,4700.0,
1993.0,5000-5200 m,4900.0,
1993.0,5000-5200 m,5100.0,616.063485442622
1993.0,5000-5200 m,5300.0,
1993.0,5000-5200 m,5500.0,
1993.0,5000-5200 m,5700.0,
1993.0,5000-5200 m,5900.0,
1993.0,5000-5200 m,6100.0,
1993.0,5000-5200 m,6300.0,
1993.0,5000-5200 m,7100.0,
1993.0,5200-5400 m,3500.0,
1993.0,5200-5400 m,3700.0,
1993.0,5200-5400 m,3900.0,
1993.0,5200-5400 m,4100.0,
1993.0,5200-5400 m,4300.0,
1993.0,5200-5400 m,4500.0,
1993.0,5200-5400 m,4700.0,
1993.0,5200-5400 m,4900.0,
1993.0,5200-5400 m,5100.0,
1993.0,5200-5400 m,5300.0,596.1860309228257
1993.0,5200-5400 m,5500.0,
1993.0,5200-5400 m,5700.0,
1993.0,5200-5400 m,5900.0,
1993.0,5200-5400 m,6100.0,
1993.0,5200-5400 m,6300.0,
1993.0,5200-5400 m,7100.0,
1993.0,5400-5600 m,3500.0,
1993.0,5400-5600 m,3700.0,
1993.0,5400-5600 m,3900.0,
1993.0,5400-5600 m,4100.0,
1993.0,5400-5600 m,4300.0,
1993.0,5400-5600 m,4500.0,
1993.0,5400-5600 m,4700.0,
1993.0,5400-5600 m,4900.0,
1993.0,5400-5600 m,5100.0,
1993.0,5400-5600 m,5300.0,
1993.0,5400-5600 m,5500.0,520.8664063526841
1993.0,5400-5600 m,5700.0,
1993.0,5400-5600 m,5900.0,
1993.0,5400-5600 m,6100.0,
1993.0,5400-5600 m,6300.0,
1993.0,5400-5600 m,7100.0,
1993.0,5600-5800 m,3500.0,
1993.0,5600-5800 m,3700.0,
1993.0,5600-5800 m,3900.0,
1993.0,5600-5800 m,4100.0,
1993.0,5600-5800 m,4300.0,
1993.0,5600-5800 m,4500.0,
1993.0,5600-5800 m,4700.0,
1993.0,5600-5800 m,4900.0,
1993.0,5600-5800 m,5100.0,
1993.0,5600-5800 m,5300.0,
1993.0,5600-5800 m,5500.0,
1993.0,5600-5800 m,5700.0,473.8027178293895
1993.0,5600-5800 m,5900.0,
1993.0,5600-5800 m,6100.0,
1993.0,5600-5800 m,6300.0,
1993.0,5600-5800 m,7100.0,
1993.0,5800-6000 m,3500.0,
1993.0,5800-6000 m,3700.0,
1993.0,5800-6000 m,3900.0,
1993.0,5800-6000 m,4100.0,
1993.0,5800-6000 m,4300.0,
1993.0,5800-6000 m,4500.0,
1993.0,5800-6000 m,4700.0,
1993.0,5800-6000 m,4900.0,
1993.0,5800-6000 m,5100.0,
1993.0,5800-6000 m,5300.0,
1993.0,5800-6000 m,5500.0,
1993.0,5800-6000 m,5700.0,
1993.0,5800-6000 m,5900.0,468.194609586707
1993.0,5800-6000 m,6100.0,
1993.0,5800-6000 m,6300.0,
1993.0,5800-6000 m,7100.0,
1993.0,6000-6200 m,3500.0,
1993.0,6000-6200 m,3700.0,
1993.0,6000-6200 m,3900.0,
1993.0,6000-6200 m,4100.0,
1993.0,6000-6200 m,4300.0,
1993.0,6000-6200 m,4500.0,
1993.0,6000-6200 m,4700.0,
1993.0,6000-6200 m,4900.0,
1993.0,6000-6200 m,5100.0,
1993.0,6000-6200 m,5300.0,
1993.0,6000-6200 m,5500.0,
1993.0,6000-6200 m,5700.0,
1993.0,6000-6200 m,5900.0,
1993.0,6000-6200 m,6100.0,422.3255745660714
1993.0,6000-6200 m,6300.0,
1993.0,6000-6200 m,7100.0,
1993.0,6200-6400 m,3500.0,
1993.0,6200-6400 m,3700.0,
1993.0,6200-6400 m,3900.0,
1993.0,6200-6400 m,4100.0,
1993.0,6200-6400 m,4300.0,
1993.0,6200-6400 m,4500.0,
1993.0,6200-6400 m,4700.0,
1993.0,6200-6400 m,4900.0,
1993.0,6200-6400 m,5100.0,
1993.0,6200-6400 m,5300.0,
1993.0,6200-6400 m,5500.0,
1993.0,6200-6400 m,5700.0,
1993.0,6200-6400 m,5900.0,
1993.0,6200-6400 m,6100.0,
1993.0,6200-6400 m,6300.0,394.49109543888903
1993.0,6200-6400 m,7100.0,
1993.0,6400-6600 m,3500.0,
1993.0,6400-6600 m,3700.0,
1993.0,6400-6600 m,3900.0,
1993.0,6400-6600 m,4100.0,
1993.0,6400-6600 m,4300.0,
1993.0,6400-6600 m,4500.0,
1993.0,6400-6600 m,4700.0,
1993.0,6400-6600 m,4900.0,
1993.0,6400-6600 m,5100.0,
1993.0,6400-6600 m,5300.0,
1993.0,6400-6600 m,5500.0,
1993.0,6400-6600 m,5700.0,
1993.0,6400-6600 m,5900.0,
1993.0,6400-6600 m,6100.0,
1993.0,6400-6600 m,6300.0,
1993.0,6400-6600 m,7100.0,
1993.0,6600-6800 m,3500.0,
1993.0,6600-6800 m,3700.0,
1993.0,6600-6800 m,3900.0,
1993.0,6600-6800 m,4100.0,
1993.0,6600-6800 m,4300.0,
1993.0,6600-6800 m,4500.0,
1993.0,6600-6800 m,4700.0,
1993.0,6600-6800 m,4900.0,
1993.0,6600-6800 m,5100.0,
1993.0,6600-6800 m,5300.0,
1993.0,6600-6800 m,5500.0,
1993.0,6600-6800 m,5700.0,
1993.0,6600-6800 m,5900.0,
1993.0,6600-6800 m,6100.0,
1993.0,6600-6800 m,6300.0,
1993.0,6600-6800 m,7100.0,
1993.0,6800-7000 m,3500.0,
1993.0,6800-7000 m,3700.0,
1993.0,6800-7000 m,3900.0,
1993.0,6800-7000 m,4100.0,
1993.0,6800-7000 m,4300.0,
1993.0,6800-7000 m,4500.0,
1993.0,6800-7000 m,4700.0,
1993.0,6800-7000 m,4900.0,
1993.0,6800-7000 m,5100.0,
1993.0,6800-7000 m,5300.0,
1993.0,6800-7000 m,5500.0,
1993.0,6800-7000 m,5700.0,
1993.0,6800-7000 m,5900.0,
1993.0,6800-7000 m,6100.0,
1993.0,6800-7000 m,6300.0,
1993.0,6800-7000 m,7100.0,
1993.0,7000-7200 m,3500.0,
1993.0,7000-7200 m,3700.0,
1993.0,7000-7200 m,3900.0,
1993.0,7000-7200 m,4100.0,
1993.0,7000-7200 m,4300.0,
1993.0,7000-7200 m,4500.0,
1993.0,7000-7200 m,4700.0,
1993.0,7000-7200 m,4900.0,
1993.0,7000-7200 m,5100.0,
1993.0,7000-7200 m,5300.0,
1993.0,7000-7200 m,5500.0,
1993.0,7000-7200 m,5700.0,
1993.0,7000-7200 m,5900.0,
1993.0,7000-7200 m,6100.0,
1993.0,7000-7200 m,6300.0,
1993.0,7000-7200 m,7100.0,172.7131985
1993.0,7200-7400 m,3500.0,
1993.0,7200-7400 m,3700.0,
1993.0,7200-7400 m,3900.0,
1993.0,7200-7400 m,4100.0,
1993.0,7200-7400 m,4300.0,
1993.0,7200-7400 m,4500.0,
1993.0,7200-7400 m,4700.0,
1993.0,7200-7400 m,4900.0,
1993.0,7200-7400 m,5100.0,
1993.0,7200-7400 m,5300.0,
1993.0,7200-7400 m,5500.0,
1993.0,7200-7400 m,5700.0,
1993.0,7200-7400 m,5900.0,
1993.0,7200-7400 m,6100.0,
1993.0,7200-7400 m,6300.0,
1993.0,7200-7400 m,7100.0,
1994.0,3400-3600 m,3500.0,-391.7335647061106
1994.0,3400-3600 m,3700.0,
1994.0,3400-3600 m,3900.0,
1994.0,3400-3600 m,4100.0,
1994.0,3400-3600 m,4300.0,
1994.0,3400-3600 m,4500.0,
1994.0,3400-3600 m,4700.0,
1994.0,3400-3600 m,4900.0,
1994.0,3400-3600 m,5100.0,
1994.0,3400-3600 m,5300.0,
1994.0,3400-3600 m,5500.0,
1994.0,3400-3600 m,5700.0,
1994.0,3400-3600 m,5900.0,
1994.0,3400-3600 m,6100.0,
1994.0,3400-3600 m,6300.0,
1994.0,3400-3600 m,7100.0,
1994.0,3600-3800 m,3500.0,
1994.0,3600-3800 m,3700.0,-460.95748838271334
1994.0,3600-3800 m,3900.0,
1994.0,3600-3800 m,4100.0,
1994.0,3600-3800 m,4300.0,
1994.0,3600-3800 m,4500.0,
1994.0,3600-3800 m,4700.0,
1994.0,3600-3800 m,4900.0,
1994.0,3600-3800 m,5100.0,
1994.0,3600-3800 m,5300.0,
1994.0,3600-3800 m,5500.0,
1994.0,3600-3800 m,5700.0,
1994.0,3600-3800 m,5900.0,
1994.0,3600-3800 m,6100.0,
1994.0,3600-3800 m,6300.0,
1994.0,3600-3800 m,7100.0,
1994.0,3800-4000 m,3500.0,
1994.0,3800-4000 m,3700.0,
1994.0,3800-4000 m,3900.0,-187.47963302053788
1994.0,3800-4000 m,4100.0,
1994.0,3800-4000 m,4300.0,
1994.0,3800-4000 m,4500.0,
1994.0,3800-4000 m,4700.0,
1994.0,3800-4000 m,4900.0,
1994.0,3800-4000 m,5100.0,
1994.0,3800-4000 m,5300.0,
1994.0,3800-4000 m,5500.0,
1994.0,3800-4000 m,5700.0,
1994.0,3800-4000 m,5900.0,
1994.0,3800-4000 m,6100.0,
1994.0,3800-4000 m,6300.0,
1994.0,3800-4000 m,7100.0,
1994.0,4000-4200 m,3500.0,
1994.0,4000-4200 m,3700.0,
1994.0,4000-4200 m,3900.0,
1994.0,4000-4200 m,4100.0,-154.66345984547996
1994.0,4000-4200 m,4300.0,
1994.0,4000-4200 m,4500.0,
1994.0,4000-4200 m,4700.0,
1994.0,4000-4200 m,4900.0,
1994.0,4000-4200 m,5100.0,
1994.0,4000-4200 m,5300.0,
1994.0,4000-4200 m,5500.0,
1994.0,4000-4200 m,5700.0,
1994.0,4000-4200 m,5900.0,
1994.0,4000-4200 m,6100.0,
1994.0,4000-4200 m,6300.0,
1994.0,4000-4200 m,7100.0,
1994.0,4200-4400 m,3500.0,
1994.0,4200-4400 m,3700.0,
1994.0,4200-4400 m,3900.0,
1994.0,4200-4400 m,4100.0,
1994.0,4200-4400 m,4300.0,-274.3787228230695
1994.0,4200-4400 m,4500.0,
1994.0,4200-4400 m,4700.0,
1994.0,4200-4400 m,4900.0,
1994.0,4200-4400 m,5100.0,
1994.0,4200-4400 m,5300.0,
1994.0,4200-4400 m,5500.0,
1994.0,4200-4400 m,5700.0,
1994.0,4200-4400 m,5900.0,
1994.0,4200-4400 m,6100.0,
1994.0,4200-4400 m,6300.0,
1994.0,4200-4400 m,7100.0,
1994.0,4400-4600 m,3500.0,
1994.0,4400-4600 m,3700.0,
1994.0,4400-4600 m,3900.0,
1994.0,4400-4600 m,4100.0,
1994.0,4400-4600 m,4300.0,
1994.0,4400-4600 m,4500.0,-204.42026533001348
1994.0,4400-4600 m,4700.0,
1994.0,4400-4600 m,4900.0,
1994.0,4400-4600 m,5100.0,
1994.0,4400-4600 m,5300.0,
1994.0,4400-4600 m,5500.0,
1994.0,4400-4600 m,5700.0,
1994.0,4400-4600 m,5900.0,
1994.0,4400-4600 m,6100.0,
1994.0,4400-4600 m,6300.0,
1994.0,4400-4600 m,7100.0,
1994.0,4600-4800 m,3500.0,
1994.0,4600-4800 m,3700.0,
1994.0,4600-4800 m,3900.0,
1994.0,4600-4800 m,4100.0,
1994.0,4600-4800 m,4300.0,
1994.0,4600-4800 m,4500.0,
1994.0,4600-4800 m,4700.0,-244.62000345693954
1994.0,4600-4800 m,4900.0,
1994.0,4600-4800 m,5100.0,
1994.0,4600-4800 m,5300.0,
1994.0,4600-4800 m,5500.0,
1994.0,4600-4800 m,5700.0,
1994.0,4600-4800 m,5900.0,
1994.0,4600-4800 m,6100.0,
1994.0,4600-4800 m,6300.0,
1994.0,4600-4800 m,7100.0,
1994.0,4800-5000 m,3500.0,
1994.0,4800-5000 m,3700.0,
1994.0,4800-5000 m,3900.0,
1994.0,4800-5000 m,4100.0,
1994.0,4800-5000 m,4300.0,
1994.0,4800-5000 m,4500.0,
1994.0,4800-5000 m,4700.0,
1994.0,4800-5000 m,4900.0,-64.76000554166129
1994.0,4800-5000 m,5100.0,
1994.0,4800-5000 m,5300.0,
1994.0,4800-5000 m,5500.0,
1994.0,4800-5000 m,5700.0,
1994.0,4800-5000 m,5900.0,
1994.0,4800-5000 m,6100.0,
1994.0,4800-5000 m,6300.0,
1994.0,4800-5000 m,7100.0,
1994.0,5000-5200 m,3500.0,
1994.0,5000-5200 m,3700.0,
1994.0,5000-5200 m,3900.0,
1994.0,5000-5200 m,4100.0,
1994.0,5000-5200 m,4300.0,
1994.0,5000-5200 m,4500.0,
1994.0,5000-5200 m,4700.0,
1994.0,5000-5200 m,4900.0,
1994.0,5000-5200 m,5100.0,-3.477473153995142
1994.0,5000-5200 m,5300.0,
1994.0,5000-5200 m,5500.0,
1994.0,5000-5200 m,5700.0,
1994.0,5000-5200 m,5900.0,
1994.0,5000-5200 m,6100.0,
1994.0,5000-5200 m,6300.0,
1994.0,5000-5200 m,7100.0,
1994.0,5200-5400 m,3500.0,
1994.0,5200-5400 m,3700.0,
1994.0,5200-5400 m,3900.0,
1994.0,5200-5400 m,4100.0,
1994.0,5200-5400 m,4300.0,
1994.0,5200-5400 m,4500.0,
1994.0,5200-5400 m,4700.0,
1994.0,5200-5400 m,4900.0,
1994.0,5200-5400 m,5100.0,
1994.0,5200-5400 m,5300.0,16.78387108140398
1994.0,5200-5400 m,5500.0,
1994.0,5200-5400 m,5700.0,
1994.0,5200-5400 m,5900.0,
1994.0,5200-5400 m,6100.0,
1994.0,5200-5400 m,6300.0,
1994.0,5200-5400 m,7100.0,
1994.0,5400-5600 m,3500.0,
1994.0,5400-5600 m,3700.0,
1994.0,5400-5600 m,3900.0,
1994.0,5400-5600 m,4100.0,
1994.0,5400-5600 m,4300.0,
1994.0,5400-5600 m,4500.0,
1994.0,5400-5600 m,4700.0,
1994.0,5400-5600 m,4900.0,
1994.0,5400-5600 m,5100.0,
1994.0,5400-5600 m,5300.0,
1994.0,5400-5600 m,5500.0,-0.7104200529517105
1994.0,5400-5600 m,5700.0,
1994.0,5400-5600 m,5900.0,
1994.0,5400-5600 m,6100.0,
1994.0,5400-5600 m,6300.0,
1994.0,5400-5600 m,7100.0,
1994.0,5600-5800 m,3500.0,
1994.0,5600-5800 m,3700.0,
1994.0,5600-5800 m,3900.0,
1994.0,5600-5800 m,4100.0,
1994.0,5600-5800 m,4300.0,
1994.0,5600-5800 m,4500.0,
1994.0,5600-5800 m,4700.0,
1994.0,5600-5800 m,4900.0,
1994.0,5600-5800 m,5100.0,
1994.0,5600-5800 m,5300.0,
1994.0,5600-5800 m,5500.0,
1994.0,5600-5800 m,5700.0,-29.17887928009743
1994.0,5600-5800 m,5900.0,
1994.0,5600-5800 m,6100.0,
1994.0,5600-5800 m,6300.0,
1994.0,5600-5800 m,7100.0,
1994.0,5800-6000 m,3500.0,
1994.0,5800-6000 m,3700.0,
1994.0,5800-6000 m,3900.0,
1994.0,5800-6000 m,4100.0,
1994.0,5800-6000 m,4300.0,
1994.0,5800-6000 m,4500.0,
1994.0,5800-6000 m,4700.0,
1994.0,5800-6000 m,4900.0,
1994.0,5800-6000 m,5100.0,
1994.0,5800-6000 m,5300.0,
1994.0,5800-6000 m,5500.0,
1994.0,5800-6000 m,5700.0,
1994.0,5800-6000 m,5900.0,-76.51811555537948
1994.0,5800-6000 m,6100.0,
1994.0,5800-6000 m,6300.0,
1994.0,5800-6000 m,7100.0,
1994.0,6000-6200 m,3500.0,
1994.0,6000-6200 m,3700.0,
1994.0,6000-6200 m,3900.0,
1994.0,6000-6200 m,4100.0,
1994.0,6000-6200 m,4300.0,
1994.0,6000-6200 m,4500.0,
1994.0,6000-6200 m,4700.0,
1994.0,6000-6200 m,4900.0,
1994.0,6000-6200 m,5100.0,
1994.0,6000-6200 m,5300.0,
1994.0,6000-6200 m,5500.0,
1994.0,6000-6200 m,5700.0,
1994.0,6000-6200 m,5900.0,
1994.0,6000-6200 m,6100.0,-165.27887798010713
1994.0,6000-6200 m,6300.0,
1994.0,6000-6200 m,7100.0,
1994.0,6200-6400 m,3500.0,
1994.0,6200-6400 m,3700.0,
1994.0,6200-6400 m,3900.0,
1994.0,6200-6400 m,4100.0,
1994.0,6200-6400 m,4300.0,
1994.0,6200-6400 m,4500.0,
1994.0,6200-6400 m,4700.0,
1994.0,6200-6400 m,4900.0,
1994.0,6200-6400 m,5100.0,
1994.0,6200-6400 m,5300.0,
1994.0,6200-6400 m,5500.0,
1994.0,6200-6400 m,5700.0,
1994.0,6200-6400 m,5900.0,
1994.0,6200-6400 m,6100.0,
1994.0,6200-6400 m,6300.0,-100.64089892927777
1994.0,6200-6400 m,7100.0,
1994.0,6400-6600 m,3500.0,
1994.0,6400-6600 m,3700.0,
1994.0,6400-6600 m,3900.0,
1994.0,6400-6600 m,4100.0,
1994.0,6400-6600 m,4300.0,
1994.0,6400-6600 m,4500.0,
1994.0,6400-6600 m,4700.0,
1994.0,6400-6600 m,4900.0,
1994.0,6400-6600 m,5100.0,
1994.0,6400-6600 m,5300.0,
1994.0,6400-6600 m,5500.0,
1994.0,6400-6600 m,5700.0,
1994.0,6400-6600 m,5900.0,
1994.0,6400-6600 m,6100.0,
1994.0,6400-6600 m,6300.0,
1994.0,6400-6600 m,7100.0,
1994.0,6600-6800 m,3500.0,
1994.0,6600-6800 m,3700.0,
1994.0,6600-6800 m,3900.0,
1994.0,6600-6800 m,4100.0,
1994.0,6600-6800 m,4300.0,
1994.0,6600-6800 m,4500.0,
1994.0,6600-6800 m,4700.0,
1994.0,6600-6800 m,4900.0,
1994.0,6600-6800 m,5100.0,
1994.0,6600-6800 m,5300.0,
1994.0,6600-6800 m,5500.0,
1994.0,6600-6800 m,5700.0,
1994.0,6600-6800 m,5900.0,
1994.0,6600-6800 m,6100.0,
1994.0,6600-6800 m,6300.0,
1994.0,6600-6800 m,7100.0,
1994.0,6800-7000 m,3500.0,
1994.0,6800-7000 m,3700.0,
1994.0,6800-7000 m,3900.0,
1994.0,6800-7000 m,4100.0,
1994.0,6800-7000 m,4300.0,
1994.0,6800-7000 m,4500.0,
1994.0,6800-7000 m,4700.0,
1994.0,6800-7000 m,4900.0,
1994.0,6800-7000 m,5100.0,
1994.0,6800-7000 m,5300.0,
1994.0,6800-7000 m,5500.0,
1994.0,6800-7000 m,5700.0,
1994.0,6800-7000 m,5900.0,
1994.0,6800-7000 m,6100.0,
1994.0,6800-7000 m,6300.0,
1994.0,6800-7000 m,7100.0,
1994.0,7000-7200 m,3500.0,
1994.0,7000-7200 m,3700.0,
1994.0,7000-7200 m,3900.0,
1994.0,7000-7200 m,4100.0,
1994.0,7000-7200 m,4300.0,
1994.0,7000-7200 m,4500.0,
1994.0,7000-7200 m,4700.0,
1994.0,7000-7200 m,4900.0,
1994.0,7000-7200 m,5100.0,
1994.0,7000-7200 m,5300.0,
1994.0,7000-7200 m,5500.0,
1994.0,7000-7200 m,5700.0,
1994.0,7000-7200 m,5900.0,
1994.0,7000-7200 m,6100.0,
1994.0,7000-7200 m,6300.0,
1994.0,7000-7200 m,7100.0,-140.8152664
1994.0,7200-7400 m,3500.0,
1994.0,7200-7400 m,3700.0,
1994.0,7200-7400 m,3900.0,
1994.0,7200-7400 m,4100.0,
1994.0,7200-7400 m,4300.0,
1994.0,7200-7400 m,4500.0,
1994.0,7200-7400 m,4700.0,
1994.0,7200-7400 m,4900.0,
1994.0,7200-7400 m,5100.0,
1994.0,7200-7400 m,5300.0,
1994.0,7200-7400 m,5500.0,
1994.0,7200-7400 m,5700.0,
1994.0,7200-7400 m,5900.0,
1994.0,7200-7400 m,6100.0,
1994.0,7200-7400 m,6300.0,
1994.0,7200-7400 m,7100.0,
1995.0,3400-3600 m,3500.0,-793.862724669234
1995.0,3400-3600 m,3700.0,
1995.0,3400-3600 m,3900.0,
1995.0,3400-3600 m,4100.0,
1995.0,3400-3600 m,4300.0,
1995.0,3400-3600 m,4500.0,
1995.0,3400-3600 m,4700.0,
1995.0,3400-3600 m,4900.0,
1995.0,3400-3600 m,5100.0,
1995.0,3400-3600 m,5300.0,
1995.0,3400-3600 m,5500.0,
1995.0,3400-3600 m,5700.0,
1995.0,3400-3600 m,5900.0,
1995.0,3400-3600 m,6100.0,
1995.0,3400-3600 m,6300.0,
1995.0,3400-3600 m,7100.0,
1995.0,3600-3800 m,3500.0,
1995.0,3600-3800 m,3700.0,-666.4264014418634
1995.0,3600-3800 m,3900.0,
1995.0,3600-3800 m,4100.0,
1995.0,3600-3800 m,4300.0,
1995.0,3600-3800 m,4500.0,
1995.0,3600-3800 m,4700.0,
1995.0,3600-3800 m,4900.0,
1995.0,3600-3800 m,5100.0,
1995.0,3600-3800 m,5300.0,
1995.0,3600-3800 m,5500.0,
1995.0,3600-3800 m,5700.0,
1995.0,3600-3800 m,5900.0,
1995.0,3600-3800 m,6100.0,
1995.0,3600-3800 m,6300.0,
1995.0,3600-3800 m,7100.0,
1995.0,3800-4000 m,3500.0,
1995.0,3800-4000 m,3700.0,
1995.0,3800-4000 m,3900.0,-488.96730820631143
1995.0,3800-4000 m,4100.0,
1995.0,3800-4000 m,4300.0,
1995.0,3800-4000 m,4500.0,
1995.0,3800-4000 m,4700.0,
1995.0,3800-4000 m,4900.0,
1995.0,3800-4000 m,5100.0,
1995.0,3800-4000 m,5300.0,
1995.0,3800-4000 m,5500.0,
1995.0,3800-4000 m,5700.0,
1995.0,3800-4000 m,5900.0,
1995.0,3800-4000 m,6100.0,
1995.0,3800-4000 m,6300.0,
1995.0,3800-4000 m,7100.0,
1995.0,4000-4200 m,3500.0,
1995.0,4000-4200 m,3700.0,
1995.0,4000-4200 m,3900.0,
1995.0,4000-4200 m,4100.0,-340.6919531460252
1995.0,4000-4200 m,4300.0,
1995.0,4000-4200 m,4500.0,
1995.0,4000-4200 m,4700.0,
1995.0,4000-4200 m,4900.0,
1995.0,4000-4200 m,5100.0,
1995.0,4000-4200 m,5300.0,
1995.0,4000-4200 m,5500.0,
1995.0,4000-4200 m,5700.0,
1995.0,4000-4200 m,5900.0,
1995.0,4000-4200 m,6100.0,
1995.0,4000-4200 m,6300.0,
1995.0,4000-4200 m,7100.0,
1995.0,4200-4400 m,3500.0,
1995.0,4200-4400 m,3700.0,
1995.0,4200-4400 m,3900.0,
1995.0,4200-4400 m,4100.0,
1995.0,4200-4400 m,4300.0,-240.45820362916078
1995.0,4200-4400 m,4500.0,
1995.0,4200-4400 m,4700.0,
1995.0,4200-4400 m,4900.0,
1995.0,4200-4400 m,5100.0,
1995.0,4200-4400 m,5300.0,
1995.0,4200-4400 m,5500.0,
1995.0,4200-4400 m,5700.0,
1995.0,4200-4400 m,5900.0,
1995.0,4200-4400 m,6100.0,
1995.0,4200-4400 m,6300.0,
1995.0,4200-4400 m,7100.0,
1995.0,4400-4600 m,3500.0,
1995.0,4400-4600 m,3700.0,
1995.0,4400-4600 m,3900.0,
1995.0,4400-4600 m,4100.0,
1995.0,4400-4600 m,4300.0,
1995.0,4400-4600 m,4500.0,-79.64304969777986
1995.0,4400-4600 m,4700.0,
1995.0,4400-4600 m,4900.0,
1995.0,4400-4600 m,5100.0,
1995.0,4400-4600 m,5300.0,
1995.0,4400-4600 m,5500.0,
1995.0,4400-4600 m,5700.0,
1995.0,4400-4600 m,5900.0,
1995.0,4400-4600 m,6100.0,
1995.0,4400-4600 m,6300.0,
1995.0,4400-4600 m,7100.0,
1995.0,4600-4800 m,3500.0,
1995.0,4600-4800 m,3700.0,
1995.0,4600-4800 m,3900.0,
1995.0,4600-4800 m,4100.0,
1995.0,4600-4800 m,4300.0,
1995.0,4600-4800 m,4500.0,
1995.0,4600-4800 m,4700.0,23.962661108080624
1995.0,4600-4800 m,4900.0,
1995.0,4600-4800 m,5100.0,
1995.0,4600-4800 m,5300.0,
1995.0,4600-4800 m,5500.0,
1995.0,4600-4800 m,5700.0,
1995.0,4600-4800 m,5900.0,
1995.0,4600-4800 m,6100.0,
1995.0,4600-4800 m,6300.0,
1995.0,4600-4800 m,7100.0,
1995.0,4800-5000 m,3500.0,
1995.0,4800-5000 m,3700.0,
1995.0,4800-5000 m,3900.0,
1995.0,4800-5000 m,4100.0,
1995.0,4800-5000 m,4300.0,
1995.0,4800-5000 m,4500.0,
1995.0,4800-5000 m,4700.0,
1995.0,4800-5000 m,4900.0,193.52565274509104
1995.0,4800-5000 m,5100.0,
1995.0,4800-5000 m,5300.0,
1995.0,4800-5000 m,5500.0,
1995.0,4800-5000 m,5700.0,
1995.0,4800-5000 m,5900.0,
1995.0,4800-5000 m,6100.0,
1995.0,4800-5000 m,6300.0,
1995.0,4800-5000 m,7100.0,
1995.0,5000-5200 m,3500.0,
1995.0,5000-5200 m,3700.0,
1995.0,5000-5200 m,3900.0,
1995.0,5000-5200 m,4100.0,
1995.0,5000-5200 m,4300.0,
1995.0,5000-5200 m,4500.0,
1995.0,5000-5200 m,4700.0,
1995.0,5000-5200 m,4900.0,
1995.0,5000-5200 m,5100.0,233.0595445556699
1995.0,5000-5200 m,5300.0,
1995.0,5000-5200 m,5500.0,
1995.0,5000-5200 m,5700.0,
1995.0,5000-5200 m,5900.0,
1995.0,5000-5200 m,6100.0,
1995.0,5000-5200 m,6300.0,
1995.0,5000-5200 m,7100.0,
1995.0,5200-5400 m,3500.0,
1995.0,5200-5400 m,3700.0,
1995.0,5200-5400 m,3900.0,
1995.0,5200-5400 m,4100.0,
1995.0,5200-5400 m,4300.0,
1995.0,5200-5400 m,4500.0,
1995.0,5200-5400 m,4700.0,
1995.0,5200-5400 m,4900.0,
1995.0,5200-5400 m,5100.0,
1995.0,5200-5400 m,5300.0,234.68624523118186
1995.0,5200-5400 m,5500.0,
1995.0,5200-5400 m,5700.0,
1995.0,5200-5400 m,5900.0,
1995.0,5200-5400 m,6100.0,
1995.0,5200-5400 m,6300.0,
1995.0,5200-5400 m,7100.0,
1995.0,5400-5600 m,3500.0,
1995.0,5400-5600 m,3700.0,
1995.0,5400-5600 m,3900.0,
1995.0,5400-5600 m,4100.0,
1995.0,5400-5600 m,4300.0,
1995.0,5400-5600 m,4500.0,
1995.0,5400-5600 m,4700.0,
1995.0,5400-5600 m,4900.0,
1995.0,5400-5600 m,5100.0,
1995.0,5400-5600 m,5300.0,
1995.0,5400-5600 m,5500.0,219.988663921607
1995.0,5400-5600 m,5700.0,
1995.0,5400-5600 m,5900.0,
1995.0,5400-5600 m,6100.0,
1995.0,5400-5600 m,6300.0,
1995.0,5400-5600 m,7100.0,
1995.0,5600-5800 m,3500.0,
1995.0,5600-5800 m,3700.0,
1995.0,5600-5800 m,3900.0,
1995.0,5600-5800 m,4100.0,
1995.0,5600-5800 m,4300.0,
1995.0,5600-5800 m,4500.0,
1995.0,5600-5800 m,4700.0,
1995.0,5600-5800 m,4900.0,
1995.0,5600-5800 m,5100.0,
1995.0,5600-5800 m,5300.0,
1995.0,5600-5800 m,5500.0,
1995.0,5600-5800 m,5700.0,188.05412399289557
1995.0,5600-5800 m,5900.0,
1995.0,5600-5800 m,6100.0,
1995.0,5600-5800 m,6300.0,
1995.0,5600-5800 m,7100.0,
1995.0,5800-6000 m,3500.0,
1995.0,5800-6000 m,3700.0,
1995.0,5800-6000 m,3900.0,
1995.0,5800-6000 m,4100.0,
1995.0,5800-6000 m,4300.0,
1995.0,5800-6000 m,4500.0,
1995.0,5800-6000 m,4700.0,
1995.0,5800-6000 m,4900.0,
1995.0,5800-6000 m,5100.0,
1995.0,5800-6000 m,5300.0,
1995.0,5800-6000 m,5500.0,
1995.0,5800-6000 m,5700.0,
1995.0,5800-6000 m,5900.0,168.66571886866268
1995.0,5800-6000 m,6100.0,
1995.0,5800-6000 m,6300.0,
1995.0,5800-6000 m,7100.0,
1995.0,6000-6200 m,3500.0,
1995.0,6000-6200 m,3700.0,
1995.0,6000-6200 m,3900.0,
1995.0,6000-6200 m,4100.0,
1995.0,6000-6200 m,4300.0,
1995.0,6000-6200 m,4500.0,
1995.0,6000-6200 m,4700.0,
1995.0,6000-6200 m,4900.0,
1995.0,6000-6200 m,5100.0,
1995.0,6000-6200 m,5300.0,
1995.0,6000-6200 m,5500.0,
1995.0,6000-6200 m,5700.0,
1995.0,6000-6200 m,5900.0,
1995.0,6000-6200 m,6100.0,160.96763536992856
1995.0,6000-6200 m,6300.0,
1995.0,6000-6200 m,7100.0,
1995.0,6200-6400 m,3500.0,
1995.0,6200-6400 m,3700.0,
1995.0,6200-6400 m,3900.0,
1995.0,6200-6400 m,4100.0,
1995.0,6200-6400 m,4300.0,
1995.0,6200-6400 m,4500.0,
1995.0,6200-6400 m,4700.0,
1995.0,6200-6400 m,4900.0,
1995.0,6200-6400 m,5100.0,
1995.0,6200-6400 m,5300.0,
1995.0,6200-6400 m,5500.0,
1995.0,6200-6400 m,5700.0,
1995.0,6200-6400 m,5900.0,
1995.0,6200-6400 m,6100.0,
1995.0,6200-6400 m,6300.0,154.52166189211113
1995.0,6200-6400 m,7100.0,
1995.0,6400-6600 m,3500.0,
1995.0,6400-6600 m,3700.0,
1995.0,6400-6600 m,3900.0,
1995.0,6400-6600 m,4100.0,
1995.0,6400-6600 m,4300.0,
1995.0,6400-6600 m,4500.0,
1995.0,6400-6600 m,4700.0,
1995.0,6400-6600 m,4900.0,
1995.0,6400-6600 m,5100.0,
1995.0,6400-6600 m,5300.0,
1995.0,6400-6600 m,5500.0,
1995.0,6400-6600 m,5700.0,
1995.0,6400-6600 m,5900.0,
1995.0,6400-6600 m,6100.0,
1995.0,6400-6600 m,6300.0,
1995.0,6400-6600 m,7100.0,
1995.0,6600-6800 m,3500.0,
1995.0,6600-6800 m,3700.0,
1995.0,6600-6800 m,3900.0,
1995.0,6600-6800 m,4100.0,
1995.0,6600-6800 m,4300.0,
1995.0,6600-6800 m,4500.0,
1995.0,6600-6800 m,4700.0,
1995.0,6600-6800 m,4900.0,
1995.0,6600-6800 m,5100.0,
1995.0,6600-6800 m,5300.0,
1995.0,6600-6800 m,5500.0,
1995.0,6600-6800 m,5700.0,
1995.0,6600-6800 m,5900.0,
1995.0,6600-6800 m,6100.0,
1995.0,6600-6800 m,6300.0,
1995.0,6600-6800 m,7100.0,
1995.0,6800-7000 m,3500.0,
1995.0,6800-7000 m,3700.0,
1995.0,6800-7000 m,3900.0,
1995.0,6800-7000 m,4100.0,
1995.0,6800-7000 m,4300.0,
1995.0,6800-7000 m,4500.0,
1995.0,6800-7000 m,4700.0,
1995.0,6800-7000 m,4900.0,
1995.0,6800-7000 m,5100.0,
1995.0,6800-7000 m,5300.0,
1995.0,6800-7000 m,5500.0,
1995.0,6800-7000 m,5700.0,
1995.0,6800-7000 m,5900.0,
1995.0,6800-7000 m,6100.0,
1995.0,6800-7000 m,6300.0,
1995.0,6800-7000 m,7100.0,
1995.0,7000-7200 m,3500.0,
1995.0,7000-7200 m,3700.0,
1995.0,7000-7200 m,3900.0,
1995.0,7000-7200 m,4100.0,
1995.0,7000-7200 m,4300.0,
1995.0,7000-7200 m,4500.0,
1995.0,7000-7200 m,4700.0,
1995.0,7000-7200 m,4900.0,
1995.0,7000-7200 m,5100.0,
1995.0,7000-7200 m,5300.0,
1995.0,7000-7200 m,5500.0,
1995.0,7000-7200 m,5700.0,
1995.0,7000-7200 m,5900.0,
1995.0,7000-7200 m,6100.0,
1995.0,7000-7200 m,6300.0,
1995.0,7000-7200 m,7100.0,172.1627811
1995.0,7200-7400 m,3500.0,
1995.0,7200-7400 m,3700.0,
1995.0,7200-7400 m,3900.0,
1995.0,7200-7400 m,4100.0,
1995.0,7200-7400 m,4300.0,
1995.0,7200-7400 m,4500.0,
1995.0,7200-7400 m,4700.0,
1995.0,7200-7400 m,4900.0,
1995.0,7200-7400 m,5100.0,
1995.0,7200-7400 m,5300.0,
1995.0,7200-7400 m,5500.0,
1995.0,7200-7400 m,5700.0,
1995.0,7200-7400 m,5900.0,
1995.0,7200-7400 m,6100.0,
1995.0,7200-7400 m,6300.0,
1995.0,7200-7400 m,7100.0,
1996.0,3400-3600 m,3500.0,-369.9094699976303
1996.0,3400-3600 m,3700.0,
1996.0,3400-3600 m,3900.0,
1996.0,3400-3600 m,4100.0,
1996.0,3400-3600 m,4300.0,
1996.0,3400-3600 m,4500.0,
1996.0,3400-3600 m,4700.0,
1996.0,3400-3600 m,4900.0,
1996.0,3400-3600 m,5100.0,
1996.0,3400-3600 m,5300.0,
1996.0,3400-3600 m,5500.0,
1996.0,3400-3600 m,5700.0,
1996.0,3400-3600 m,5900.0,
1996.0,3400-3600 m,6100.0,
1996.0,3400-3600 m,6300.0,
1996.0,3400-3600 m,7100.0,
1996.0,3600-3800 m,3500.0,
1996.0,3600-3800 m,3700.0,-214.80690260847877
1996.0,3600-3800 m,3900.0,
1996.0,3600-3800 m,4100.0,
1996.0,3600-3800 m,4300.0,
1996.0,3600-3800 m,4500.0,
1996.0,3600-3800 m,4700.0,
1996.0,3600-3800 m,4900.0,
1996.0,3600-3800 m,5100.0,
1996.0,3600-3800 m,5300.0,
1996.0,3600-3800 m,5500.0,
1996.0,3600-3800 m,5700.0,
1996.0,3600-3800 m,5900.0,
1996.0,3600-3800 m,6100.0,
1996.0,3600-3800 m,6300.0,
1996.0,3600-3800 m,7100.0,
1996.0,3800-4000 m,3500.0,
1996.0,3800-4000 m,3700.0,
1996.0,3800-4000 m,3900.0,3.041240263491511
1996.0,3800-4000 m,4100.0,
1996.0,3800-4000 m,4300.0,
1996.0,3800-4000 m,4500.0,
1996.0,3800-4000 m,4700.0,
1996.0,3800-4000 m,4900.0,
1996.0,3800-4000 m,5100.0,
1996.0,3800-4000 m,5300.0,
1996.0,3800-4000 m,5500.0,
1996.0,3800-4000 m,5700.0,
1996.0,3800-4000 m,5900.0,
1996.0,3800-4000 m,6100.0,
1996.0,3800-4000 m,6300.0,
1996.0,3800-4000 m,7100.0,
1996.0,4000-4200 m,3500.0,
1996.0,4000-4200 m,3700.0,
1996.0,4000-4200 m,3900.0,
1996.0,4000-4200 m,4100.0,182.77899725393382
1996.0,4000-4200 m,4300.0,
1996.0,4000-4200 m,4500.0,
1996.0,4000-4200 m,4700.0,
1996.0,4000-4200 m,4900.0,
1996.0,4000-4200 m,5100.0,
1996.0,4000-4200 m,5300.0,
1996.0,4000-4200 m,5500.0,
1996.0,4000-4200 m,5700.0,
1996.0,4000-4200 m,5900.0,
1996.0,4000-4200 m,6100.0,
1996.0,4000-4200 m,6300.0,
1996.0,4000-4200 m,7100.0,
1996.0,4200-4400 m,3500.0,
1996.0,4200-4400 m,3700.0,
1996.0,4200-4400 m,3900.0,
1996.0,4200-4400 m,4100.0,
1996.0,4200-4400 m,4300.0,281.0577538460902
1996.0,4200-4400 m,4500.0,
1996.0,4200-4400 m,4700.0,
1996.0,4200-4400 m,4900.0,
1996.0,4200-4400 m,5100.0,
1996.0,4200-4400 m,5300.0,
1996.0,4200-4400 m,5500.0,
1996.0,4200-4400 m,5700.0,
1996.0,4200-4400 m,5900.0,
1996.0,4200-4400 m,6100.0,
1996.0,4200-4400 m,6300.0,
1996.0,4200-4400 m,7100.0,
1996.0,4400-4600 m,3500.0,
1996.0,4400-4600 m,3700.0,
1996.0,4400-4600 m,3900.0,
1996.0,4400-4600 m,4100.0,
1996.0,4400-4600 m,4300.0,
1996.0,4400-4600 m,4500.0,502.78620458324775
1996.0,4400-4600 m,4700.0,
1996.0,4400-4600 m,4900.0,
1996.0,4400-4600 m,5100.0,
1996.0,4400-4600 m,5300.0,
1996.0,4400-4600 m,5500.0,
1996.0,4400-4600 m,5700.0,
1996.0,4400-4600 m,5900.0,
1996.0,4400-4600 m,6100.0,
1996.0,4400-4600 m,6300.0,
1996.0,4400-4600 m,7100.0,
1996.0,4600-4800 m,3500.0,
1996.0,4600-4800 m,3700.0,
1996.0,4600-4800 m,3900.0,
1996.0,4600-4800 m,4100.0,
1996.0,4600-4800 m,4300.0,
1996.0,4600-4800 m,4500.0,
1996.0,4600-4800 m,4700.0,724.2394858246574
1996.0,4600-4800 m,4900.0,
1996.0,4600-4800 m,5100.0,
1996.0,4600-4800 m,5300.0,
1996.0,4600-4800 m,5500.0,
1996.0,4600-4800 m,5700.0,
1996.0,4600-4800 m,5900.0,
1996.0,4600-4800 m,6100.0,
1996.0,4600-4800 m,6300.0,
1996.0,4600-4800 m,7100.0,
1996.0,4800-5000 m,3500.0,
1996.0,4800-5000 m,3700.0,
1996.0,4800-5000 m,3900.0,
1996.0,4800-5000 m,4100.0,
1996.0,4800-5000 m,4300.0,
1996.0,4800-5000 m,4500.0,
1996.0,4800-5000 m,4700.0,
1996.0,4800-5000 m,4900.0,689.7568430142846
1996.0,4800-5000 m,5100.0,
1996.0,4800-5000 m,5300.0,
1996.0,4800-5000 m,5500.0,
1996.0,4800-5000 m,5700.0,
1996.0,4800-5000 m,5900.0,
1996.0,4800-5000 m,6100.0,
1996.0,4800-5000 m,6300.0,
1996.0,4800-5000 m,7100.0,
1996.0,5000-5200 m,3500.0,
1996.0,5000-5200 m,3700.0,
1996.0,5000-5200 m,3900.0,
1996.0,5000-5200 m,4100.0,
1996.0,5000-5200 m,4300.0,
1996.0,5000-5200 m,4500.0,
1996.0,5000-5200 m,4700.0,
1996.0,5000-5200 m,4900.0,
1996.0,5000-5200 m,5100.0,706.6167157685396
1996.0,5000-5200 m,5300.0,
1996.0,5000-5200 m,5500.0,
1996.0,5000-5200 m,5700.0,
1996.0,5000-5200 m,5900.0,
1996.0,5000-5200 m,6100.0,
1996.0,5000-5200 m,6300.0,
1996.0,5000-5200 m,7100.0,
1996.0,5200-5400 m,3500.0,
1996.0,5200-5400 m,3700.0,
1996.0,5200-5400 m,3900.0,
1996.0,5200-5400 m,4100.0,
1996.0,5200-5400 m,4300.0,
1996.0,5200-5400 m,4500.0,
1996.0,5200-5400 m,4700.0,
1996.0,5200-5400 m,4900.0,
1996.0,5200-5400 m,5100.0,
1996.0,5200-5400 m,5300.0,779.5294365055717
1996.0,5200-5400 m,5500.0,
1996.0,5200-5400 m,5700.0,
1996.0,5200-5400 m,5900.0,
1996.0,5200-5400 m,6100.0,
1996.0,5200-5400 m,6300.0,
1996.0,5200-5400 m,7100.0,
1996.0,5400-5600 m,3500.0,
1996.0,5400-5600 m,3700.0,
1996.0,5400-5600 m,3900.0,
1996.0,5400-5600 m,4100.0,
1996.0,5400-5600 m,4300.0,
1996.0,5400-5600 m,4500.0,
1996.0,5400-5600 m,4700.0,
1996.0,5400-5600 m,4900.0,
1996.0,5400-5600 m,5100.0,
1996.0,5400-5600 m,5300.0,
1996.0,5400-5600 m,5500.0,707.9977983792194
1996.0,5400-5600 m,5700.0,
1996.0,5400-5600 m,5900.0,
1996.0,5400-5600 m,6100.0,
1996.0,5400-5600 m,6300.0,
1996.0,5400-5600 m,7100.0,
1996.0,5600-5800 m,3500.0,
1996.0,5600-5800 m,3700.0,
1996.0,5600-5800 m,3900.0,
1996.0,5600-5800 m,4100.0,
1996.0,5600-5800 m,4300.0,
1996.0,5600-5800 m,4500.0,
1996.0,5600-5800 m,4700.0,
1996.0,5600-5800 m,4900.0,
1996.0,5600-5800 m,5100.0,
1996.0,5600-5800 m,5300.0,
1996.0,5600-5800 m,5500.0,
1996.0,5600-5800 m,5700.0,612.3176741869021
1996.0,5600-5800 m,5900.0,
1996.0,5600-5800 m,6100.0,
1996.0,5600-5800 m,6300.0,
1996.0,5600-5800 m,7100.0,
1996.0,5800-6000 m,3500.0,
1996.0,5800-6000 m,3700.0,
1996.0,5800-6000 m,3900.0,
1996.0,5800-6000 m,4100.0,
1996.0,5800-6000 m,4300.0,
1996.0,5800-6000 m,4500.0,
1996.0,5800-6000 m,4700.0,
1996.0,5800-6000 m,4900.0,
1996.0,5800-6000 m,5100.0,
1996.0,5800-6000 m,5300.0,
1996.0,5800-6000 m,5500.0,
1996.0,5800-6000 m,5700.0,
1996.0,5800-6000 m,5900.0,558.7703021154715
1996.0,5800-6000 m,6100.0,
1996.0,5800-6000 m,6300.0,
1996.0,5800-6000 m,7100.0,
1996.0,6000-6200 m,3500.0,
1996.0,6000-6200 m,3700.0,
1996.0,6000-6200 m,3900.0,
1996.0,6000-6200 m,4100.0,
1996.0,6000-6200 m,4300.0,
1996.0,6000-6200 m,4500.0,
1996.0,6000-6200 m,4700.0,
1996.0,6000-6200 m,4900.0,
1996.0,6000-6200 m,5100.0,
1996.0,6000-6200 m,5300.0,
1996.0,6000-6200 m,5500.0,
1996.0,6000-6200 m,5700.0,
1996.0,6000-6200 m,5900.0,
1996.0,6000-6200 m,6100.0,463.29003784642856
1996.0,6000-6200 m,6300.0,
1996.0,6000-6200 m,7100.0,
1996.0,6200-6400 m,3500.0,
1996.0,6200-6400 m,3700.0,
1996.0,6200-6400 m,3900.0,
1996.0,6200-6400 m,4100.0,
1996.0,6200-6400 m,4300.0,
1996.0,6200-6400 m,4500.0,
1996.0,6200-6400 m,4700.0,
1996.0,6200-6400 m,4900.0,
1996.0,6200-6400 m,5100.0,
1996.0,6200-6400 m,5300.0,
1996.0,6200-6400 m,5500.0,
1996.0,6200-6400 m,5700.0,
1996.0,6200-6400 m,5900.0,
1996.0,6200-6400 m,6100.0,
1996.0,6200-6400 m,6300.0,438.32311911111105
1996.0,6200-6400 m,7100.0,
1996.0,6400-6600 m,3500.0,
1996.0,6400-6600 m,3700.0,
1996.0,6400-6600 m,3900.0,
1996.0,6400-6600 m,4100.0,
1996.0,6400-6600 m,4300.0,
1996.0,6400-6600 m,4500.0,
1996.0,6400-6600 m,4700.0,
1996.0,6400-6600 m,4900.0,
1996.0,6400-6600 m,5100.0,
1996.0,6400-6600 m,5300.0,
1996.0,6400-6600 m,5500.0,
1996.0,6400-6600 m,5700.0,
1996.0,6400-6600 m,5900.0,
1996.0,6400-6600 m,6100.0,
1996.0,6400-6600 m,6300.0,
1996.0,6400-6600 m,7100.0,
1996.0,6600-6800 m,3500.0,
1996.0,6600-6800 m,3700.0,
1996.0,6600-6800 m,3900.0,
1996.0,6600-6800 m,4100.0,
1996.0,6600-6800 m,4300.0,
1996.0,6600-6800 m,4500.0,
1996.0,6600-6800 m,4700.0,
1996.0,6600-6800 m,4900.0,
1996.0,6600-6800 m,5100.0,
1996.0,6600-6800 m,5300.0,
1996.0,6600-6800 m,5500.0,
1996.0,6600-6800 m,5700.0,
1996.0,6600-6800 m,5900.0,
1996.0,6600-6800 m,6100.0,
1996.0,6600-6800 m,6300.0,
1996.0,6600-6800 m,7100.0,
1996.0,6800-7000 m,3500.0,
1996.0,6800-7000 m,3700.0,
1996.0,6800-7000 m,3900.0,
1996.0,6800-7000 m,4100.0,
1996.0,6800-7000 m,4300.0,
1996.0,6800-7000 m,4500.0,
1996.0,6800-7000 m,4700.0,
1996.0,6800-7000 m,4900.0,
1996.0,6800-7000 m,5100.0,
1996.0,6800-7000 m,5300.0,
1996.0,6800-7000 m,5500.0,
1996.0,6800-7000 m,5700.0,
1996.0,6800-7000 m,5900.0,
1996.0,6800-7000 m,6100.0,
1996.0,6800-7000 m,6300.0,
1996.0,6800-7000 m,7100.0,
1996.0,7000-7200 m,3500.0,
1996.0,7000-7200 m,3700.0,
1996.0,7000-7200 m,3900.0,
1996.0,7000-7200 m,4100.0,
1996.0,7000-7200 m,4300.0,
1996.0,7000-7200 m,4500.0,
1996.0,7000-7200 m,4700.0,
1996.0,7000-7200 m,4900.0,
1996.0,7000-7200 m,5100.0,
1996.0,7000-7200 m,5300.0,
1996.0,7000-7200 m,5500.0,
1996.0,7000-7200 m,5700.0,
1996.0,7000-7200 m,5900.0,
1996.0,7000-7200 m,6100.0,
1996.0,7000-7200 m,6300.0,
1996.0,7000-7200 m,7100.0,320.6672415
1996.0,7200-7400 m,3500.0,
1996.0,7200-7400 m,3700.0,
1996.0,7200-7400 m,3900.0,
1996.0,7200-7400 m,4100.0,
1996.0,7200-7400 m,4300.0,
1996.0,7200-7400 m,4500.0,
1996.0,7200-7400 m,4700.0,
1996.0,7200-7400 m,4900.0,
1996.0,7200-7400 m,5100.0,
1996.0,7200-7400 m,5300.0,
1996.0,7200-7400 m,5500.0,
1996.0,7200-7400 m,5700.0,
1996.0,7200-7400 m,5900.0,
1996.0,7200-7400 m,6100.0,
1996.0,7200-7400 m,6300.0,
1996.0,7200-7400 m,7100.0,
1997.0,3400-3600 m,3500.0,-1218.8090495899348
1997.0,3400-3600 m,3700.0,
1997.0,3400-3600 m,3900.0,
1997.0,3400-3600 m,4100.0,
1997.0,3400-3600 m,4300.0,
1997.0,3400-3600 m,4500.0,
1997.0,3400-3600 m,4700.0,
1997.0,3400-3600 m,4900.0,
1997.0,3400-3600 m,5100.0,
1997.0,3400-3600 m,5300.0,
1997.0,3400-3600 m,5500.0,
1997.0,3400-3600 m,5700.0,
1997.0,3400-3600 m,5900.0,
1997.0,3400-3600 m,6100.0,
1997.0,3400-3600 m,6300.0,
1997.0,3400-3600 m,7100.0,
1997.0,3600-3800 m,3500.0,
1997.0,3600-3800 m,3700.0,-931.248775046985
1997.0,3600-3800 m,3900.0,
1997.0,3600-3800 m,4100.0,
1997.0,3600-3800 m,4300.0,
1997.0,3600-3800 m,4500.0,
1997.0,3600-3800 m,4700.0,
1997.0,3600-3800 m,4900.0,
1997.0,3600-3800 m,5100.0,
1997.0,3600-3800 m,5300.0,
1997.0,3600-3800 m,5500.0,
1997.0,3600-3800 m,5700.0,
1997.0,3600-3800 m,5900.0,
1997.0,3600-3800 m,6100.0,
1997.0,3600-3800 m,6300.0,
1997.0,3600-3800 m,7100.0,
1997.0,3800-4000 m,3500.0,
1997.0,3800-4000 m,3700.0,
1997.0,3800-4000 m,3900.0,-705.118032853071
1997.0,3800-4000 m,4100.0,
1997.0,3800-4000 m,4300.0,
1997.0,3800-4000 m,4500.0,
1997.0,3800-4000 m,4700.0,
1997.0,3800-4000 m,4900.0,
1997.0,3800-4000 m,5100.0,
1997.0,3800-4000 m,5300.0,
1997.0,3800-4000 m,5500.0,
1997.0,3800-4000 m,5700.0,
1997.0,3800-4000 m,5900.0,
1997.0,3800-4000 m,6100.0,
1997.0,3800-4000 m,6300.0,
1997.0,3800-4000 m,7100.0,
1997.0,4000-4200 m,3500.0,
1997.0,4000-4200 m,3700.0,
1997.0,4000-4200 m,3900.0,
1997.0,4000-4200 m,4100.0,-551.3369165679532
1997.0,4000-4200 m,4300.0,
1997.0,4000-4200 m,4500.0,
1997.0,4000-4200 m,4700.0,
1997.0,4000-4200 m,4900.0,
1997.0,4000-4200 m,5100.0,
1997.0,4000-4200 m,5300.0,
1997.0,4000-4200 m,5500.0,
1997.0,4000-4200 m,5700.0,
1997.0,4000-4200 m,5900.0,
1997.0,4000-4200 m,6100.0,
1997.0,4000-4200 m,6300.0,
1997.0,4000-4200 m,7100.0,
1997.0,4200-4400 m,3500.0,
1997.0,4200-4400 m,3700.0,
1997.0,4200-4400 m,3900.0,
1997.0,4200-4400 m,4100.0,
1997.0,4200-4400 m,4300.0,-498.4203713211594
1997.0,4200-4400 m,4500.0,
1997.0,4200-4400 m,4700.0,
1997.0,4200-4400 m,4900.0,
1997.0,4200-4400 m,5100.0,
1997.0,4200-4400 m,5300.0,
1997.0,4200-4400 m,5500.0,
1997.0,4200-4400 m,5700.0,
1997.0,4200-4400 m,5900.0,
1997.0,4200-4400 m,6100.0,
1997.0,4200-4400 m,6300.0,
1997.0,4200-4400 m,7100.0,
1997.0,4400-4600 m,3500.0,
1997.0,4400-4600 m,3700.0,
1997.0,4400-4600 m,3900.0,
1997.0,4400-4600 m,4100.0,
1997.0,4400-4600 m,4300.0,
1997.0,4400-4600 m,4500.0,-363.0592996346793
1997.0,4400-4600 m,4700.0,
1997.0,4400-4600 m,4900.0,
1997.0,4400-4600 m,5100.0,
1997.0,4400-4600 m,5300.0,
1997.0,4400-4600 m,5500.0,
1997.0,4400-4600 m,5700.0,
1997.0,4400-4600 m,5900.0,
1997.0,4400-4600 m,6100.0,
1997.0,4400-4600 m,6300.0,
1997.0,4400-4600 m,7100.0,
1997.0,4600-4800 m,3500.0,
1997.0,4600-4800 m,3700.0,
1997.0,4600-4800 m,3900.0,
1997.0,4600-4800 m,4100.0,
1997.0,4600-4800 m,4300.0,
1997.0,4600-4800 m,4500.0,
1997.0,4600-4800 m,4700.0,-324.2758084855018
1997.0,4600-4800 m,4900.0,
1997.0,4600-4800 m,5100.0,
1997.0,4600-4800 m,5300.0,
1997.0,4600-4800 m,5500.0,
1997.0,4600-4800 m,5700.0,
1997.0,4600-4800 m,5900.0,
1997.0,4600-4800 m,6100.0,
1997.0,4600-4800 m,6300.0,
1997.0,4600-4800 m,7100.0,
1997.0,4800-5000 m,3500.0,
1997.0,4800-5000 m,3700.0,
1997.0,4800-5000 m,3900.0,
1997.0,4800-5000 m,4100.0,
1997.0,4800-5000 m,4300.0,
1997.0,4800-5000 m,4500.0,
1997.0,4800-5000 m,4700.0,
1997.0,4800-5000 m,4900.0,-192.86600552149676
1997.0,4800-5000 m,5100.0,
1997.0,4800-5000 m,5300.0,
1997.0,4800-5000 m,5500.0,
1997.0,4800-5000 m,5700.0,
1997.0,4800-5000 m,5900.0,
1997.0,4800-5000 m,6100.0,
1997.0,4800-5000 m,6300.0,
1997.0,4800-5000 m,7100.0,
1997.0,5000-5200 m,3500.0,
1997.0,5000-5200 m,3700.0,
1997.0,5000-5200 m,3900.0,
1997.0,5000-5200 m,4100.0,
1997.0,5000-5200 m,4300.0,
1997.0,5000-5200 m,4500.0,
1997.0,5000-5200 m,4700.0,
1997.0,5000-5200 m,4900.0,
1997.0,5000-5200 m,5100.0,-124.05639209184704
1997.0,5000-5200 m,5300.0,
1997.0,5000-5200 m,5500.0,
1997.0,5000-5200 m,5700.0,
1997.0,5000-5200 m,5900.0,
1997.0,5000-5200 m,6100.0,
1997.0,5000-5200 m,6300.0,
1997.0,5000-5200 m,7100.0,
1997.0,5200-5400 m,3500.0,
1997.0,5200-5400 m,3700.0,
1997.0,5200-5400 m,3900.0,
1997.0,5200-5400 m,4100.0,
1997.0,5200-5400 m,4300.0,
1997.0,5200-5400 m,4500.0,
1997.0,5200-5400 m,4700.0,
1997.0,5200-5400 m,4900.0,
1997.0,5200-5400 m,5100.0,
1997.0,5200-5400 m,5300.0,-85.44990819714431
1997.0,5200-5400 m,5500.0,
1997.0,5200-5400 m,5700.0,
1997.0,5200-5400 m,5900.0,
1997.0,5200-5400 m,6100.0,
1997.0,5200-5400 m,6300.0,
1997.0,5200-5400 m,7100.0,
1997.0,5400-5600 m,3500.0,
1997.0,5400-5600 m,3700.0,
1997.0,5400-5600 m,3900.0,
1997.0,5400-5600 m,4100.0,
1997.0,5400-5600 m,4300.0,
1997.0,5400-5600 m,4500.0,
1997.0,5400-5600 m,4700.0,
1997.0,5400-5600 m,4900.0,
1997.0,5400-5600 m,5100.0,
1997.0,5400-5600 m,5300.0,
1997.0,5400-5600 m,5500.0,-100.06336037958273
1997.0,5400-5600 m,5700.0,
1997.0,5400-5600 m,5900.0,
1997.0,5400-5600 m,6100.0,
1997.0,5400-5600 m,6300.0,
1997.0,5400-5600 m,7100.0,
1997.0,5600-5800 m,3500.0,
1997.0,5600-5800 m,3700.0,
1997.0,5600-5800 m,3900.0,
1997.0,5600-5800 m,4100.0,
1997.0,5600-5800 m,4300.0,
1997.0,5600-5800 m,4500.0,
1997.0,5600-5800 m,4700.0,
1997.0,5600-5800 m,4900.0,
1997.0,5600-5800 m,5100.0,
1997.0,5600-5800 m,5300.0,
1997.0,5600-5800 m,5500.0,
1997.0,5600-5800 m,5700.0,-127.27273217985443
1997.0,5600-5800 m,5900.0,
1997.0,5600-5800 m,6100.0,
1997.0,5600-5800 m,6300.0,
1997.0,5600-5800 m,7100.0,
1997.0,5800-6000 m,3500.0,
1997.0,5800-6000 m,3700.0,
1997.0,5800-6000 m,3900.0,
1997.0,5800-6000 m,4100.0,
1997.0,5800-6000 m,4300.0,
1997.0,5800-6000 m,4500.0,
1997.0,5800-6000 m,4700.0,
1997.0,5800-6000 m,4900.0,
1997.0,5800-6000 m,5100.0,
1997.0,5800-6000 m,5300.0,
1997.0,5800-6000 m,5500.0,
1997.0,5800-6000 m,5700.0,
1997.0,5800-6000 m,5900.0,-171.76393379610124
1997.0,5800-6000 m,6100.0,
1997.0,5800-6000 m,6300.0,
1997.0,5800-6000 m,7100.0,
1997.0,6000-6200 m,3500.0,
1997.0,6000-6200 m,3700.0,
1997.0,6000-6200 m,3900.0,
1997.0,6000-6200 m,4100.0,
1997.0,6000-6200 m,4300.0,
1997.0,6000-6200 m,4500.0,
1997.0,6000-6200 m,4700.0,
1997.0,6000-6200 m,4900.0,
1997.0,6000-6200 m,5100.0,
1997.0,6000-6200 m,5300.0,
1997.0,6000-6200 m,5500.0,
1997.0,6000-6200 m,5700.0,
1997.0,6000-6200 m,5900.0,
1997.0,6000-6200 m,6100.0,-220.7300917889286
1997.0,6000-6200 m,6300.0,
1997.0,6000-6200 m,7100.0,
1997.0,6200-6400 m,3500.0,
1997.0,6200-6400 m,3700.0,
1997.0,6200-6400 m,3900.0,
1997.0,6200-6400 m,4100.0,
1997.0,6200-6400 m,4300.0,
1997.0,6200-6400 m,4500.0,
1997.0,6200-6400 m,4700.0,
1997.0,6200-6400 m,4900.0,
1997.0,6200-6400 m,5100.0,
1997.0,6200-6400 m,5300.0,
1997.0,6200-6400 m,5500.0,
1997.0,6200-6400 m,5700.0,
1997.0,6200-6400 m,5900.0,
1997.0,6200-6400 m,6100.0,
1997.0,6200-6400 m,6300.0,-176.4529286222222
1997.0,6200-6400 m,7100.0,
1997.0,6400-6600 m,3500.0,
1997.0,6400-6600 m,3700.0,
1997.0,6400-6600 m,3900.0,
1997.0,6400-6600 m,4100.0,
1997.0,6400-6600 m,4300.0,
1997.0,6400-6600 m,4500.0,
1997.0,6400-6600 m,4700.0,
1997.0,6400-6600 m,4900.0,
1997.0,6400-6600 m,5100.0,
1997.0,6400-6600 m,5300.0,
1997.0,6400-6600 m,5500.0,
1997.0,6400-6600 m,5700.0,
1997.0,6400-6600 m,5900.0,
1997.0,6400-6600 m,6100.0,
1997.0,6400-6600 m,6300.0,
1997.0,6400-6600 m,7100.0,
1997.0,6600-6800 m,3500.0,
1997.0,6600-6800 m,3700.0,
1997.0,6600-6800 m,3900.0,
1997.0,6600-6800 m,4100.0,
1997.0,6600-6800 m,4300.0,
1997.0,6600-6800 m,4500.0,
1997.0,6600-6800 m,4700.0,
1997.0,6600-6800 m,4900.0,
1997.0,6600-6800 m,5100.0,
1997.0,6600-6800 m,5300.0,
1997.0,6600-6800 m,5500.0,
1997.0,6600-6800 m,5700.0,
1997.0,6600-6800 m,5900.0,
1997.0,6600-6800 m,6100.0,
1997.0,6600-6800 m,6300.0,
1997.0,6600-6800 m,7100.0,
1997.0,6800-7000 m,3500.0,
1997.0,6800-7000 m,3700.0,
1997.0,6800-7000 m,3900.0,
1997.0,6800-7000 m,4100.0,
1997.0,6800-7000 m,4300.0,
1997.0,6800-7000 m,4500.0,
1997.0,6800-7000 m,4700.0,
1997.0,6800-7000 m,4900.0,
1997.0,6800-7000 m,5100.0,
1997.0,6800-7000 m,5300.0,
1997.0,6800-7000 m,5500.0,
1997.0,6800-7000 m,5700.0,
1997.0,6800-7000 m,5900.0,
1997.0,6800-7000 m,6100.0,
1997.0,6800-7000 m,6300.0,
1997.0,6800-7000 m,7100.0,
1997.0,7000-7200 m,3500.0,
1997.0,7000-7200 m,3700.0,
1997.0,7000-7200 m,3900.0,
1997.0,7000-7200 m,4100.0,
1997.0,7000-7200 m,4300.0,
1997.0,7000-7200 m,4500.0,
1997.0,7000-7200 m,4700.0,
1997.0,7000-7200 m,4900.0,
1997.0,7000-7200 m,5100.0,
1997.0,7000-7200 m,5300.0,
1997.0,7000-7200 m,5500.0,
1997.0,7000-7200 m,5700.0,
1997.0,7000-7200 m,5900.0,
1997.0,7000-7200 m,6100.0,
1997.0,7000-7200 m,6300.0,
1997.0,7000-7200 m,7100.0,-323.2979725
1997.0,7200-7400 m,3500.0,
1997.0,7200-7400 m,3700.0,
1997.0,7200-7400 m,3900.0,
1997.0,7200-7400 m,4100.0,
1997.0,7200-7400 m,4300.0,
1997.0,7200-7400 m,4500.0,
1997.0,7200-7400 m,4700.0,
1997.0,7200-7400 m,4900.0,
1997.0,7200-7400 m,5100.0,
1997.0,7200-7400 m,5300.0,
1997.0,7200-7400 m,5500.0,
1997.0,7200-7400 m,5700.0,
1997.0,7200-7400 m,5900.0,
1997.0,7200-7400 m,6100.0,
1997.0,7200-7400 m,6300.0,
1997.0,7200-7400 m,7100.0,
1998.0,3400-3600 m,3500.0,-515.3624520508821
1998.0,3400-3600 m,3700.0,
1998.0,3400-3600 m,3900.0,
1998.0,3400-3600 m,4100.0,
1998.0,3400-3600 m,4300.0,
1998.0,3400-3600 m,4500.0,
1998.0,3400-3600 m,4700.0,
1998.0,3400-3600 m,4900.0,
1998.0,3400-3600 m,5100.0,
1998.0,3400-3600 m,5300.0,
1998.0,3400-3600 m,5500.0,
1998.0,3400-3600 m,5700.0,
1998.0,3400-3600 m,5900.0,
1998.0,3400-3600 m,6100.0,
1998.0,3400-3600 m,6300.0,
1998.0,3400-3600 m,7100.0,
1998.0,3600-3800 m,3500.0,
1998.0,3600-3800 m,3700.0,-701.2819229810211
1998.0,3600-3800 m,3900.0,
1998.0,3600-3800 m,4100.0,
1998.0,3600-3800 m,4300.0,
1998.0,3600-3800 m,4500.0,
1998.0,3600-3800 m,4700.0,
1998.0,3600-3800 m,4900.0,
1998.0,3600-3800 m,5100.0,
1998.0,3600-3800 m,5300.0,
1998.0,3600-3800 m,5500.0,
1998.0,3600-3800 m,5700.0,
1998.0,3600-3800 m,5900.0,
1998.0,3600-3800 m,6100.0,
1998.0,3600-3800 m,6300.0,
1998.0,3600-3800 m,7100.0,
1998.0,3800-4000 m,3500.0,
1998.0,3800-4000 m,3700.0,
1998.0,3800-4000 m,3900.0,-495.05384433122254
1998.0,3800-4000 m,4100.0,
1998.0,3800-4000 m,4300.0,
1998.0,3800-4000 m,4500.0,
1998.0,3800-4000 m,4700.0,
1998.0,3800-4000 m,4900.0,
1998.0,3800-4000 m,5100.0,
1998.0,3800-4000 m,5300.0,
1998.0,3800-4000 m,5500.0,
1998.0,3800-4000 m,5700.0,
1998.0,3800-4000 m,5900.0,
1998.0,3800-4000 m,6100.0,
1998.0,3800-4000 m,6300.0,
1998.0,3800-4000 m,7100.0,
1998.0,4000-4200 m,3500.0,
1998.0,4000-4200 m,3700.0,
1998.0,4000-4200 m,3900.0,
1998.0,4000-4200 m,4100.0,-257.64426076530225
1998.0,4000-4200 m,4300.0,
1998.0,4000-4200 m,4500.0,
1998.0,4000-4200 m,4700.0,
1998.0,4000-4200 m,4900.0,
1998.0,4000-4200 m,5100.0,
1998.0,4000-4200 m,5300.0,
1998.0,4000-4200 m,5500.0,
1998.0,4000-4200 m,5700.0,
1998.0,4000-4200 m,5900.0,
1998.0,4000-4200 m,6100.0,
1998.0,4000-4200 m,6300.0,
1998.0,4000-4200 m,7100.0,
1998.0,4200-4400 m,3500.0,
1998.0,4200-4400 m,3700.0,
1998.0,4200-4400 m,3900.0,
1998.0,4200-4400 m,4100.0,
1998.0,4200-4400 m,4300.0,-61.28843197181135
1998.0,4200-4400 m,4500.0,
1998.0,4200-4400 m,4700.0,
1998.0,4200-4400 m,4900.0,
1998.0,4200-4400 m,5100.0,
1998.0,4200-4400 m,5300.0,
1998.0,4200-4400 m,5500.0,
1998.0,4200-4400 m,5700.0,
1998.0,4200-4400 m,5900.0,
1998.0,4200-4400 m,6100.0,
1998.0,4200-4400 m,6300.0,
1998.0,4200-4400 m,7100.0,
1998.0,4400-4600 m,3500.0,
1998.0,4400-4600 m,3700.0,
1998.0,4400-4600 m,3900.0,
1998.0,4400-4600 m,4100.0,
1998.0,4400-4600 m,4300.0,
1998.0,4400-4600 m,4500.0,84.22108622689615
1998.0,4400-4600 m,4700.0,
1998.0,4400-4600 m,4900.0,
1998.0,4400-4600 m,5100.0,
1998.0,4400-4600 m,5300.0,
1998.0,4400-4600 m,5500.0,
1998.0,4400-4600 m,5700.0,
1998.0,4400-4600 m,5900.0,
1998.0,4400-4600 m,6100.0,
1998.0,4400-4600 m,6300.0,
1998.0,4400-4600 m,7100.0,
1998.0,4600-4800 m,3500.0,
1998.0,4600-4800 m,3700.0,
1998.0,4600-4800 m,3900.0,
1998.0,4600-4800 m,4100.0,
1998.0,4600-4800 m,4300.0,
1998.0,4600-4800 m,4500.0,
1998.0,4600-4800 m,4700.0,156.6231558879431
1998.0,4600-4800 m,4900.0,
1998.0,4600-4800 m,5100.0,
1998.0,4600-4800 m,5300.0,
1998.0,4600-4800 m,5500.0,
1998.0,4600-4800 m,5700.0,
1998.0,4600-4800 m,5900.0,
1998.0,4600-4800 m,6100.0,
1998.0,4600-4800 m,6300.0,
1998.0,4600-4800 m,7100.0,
1998.0,4800-5000 m,3500.0,
1998.0,4800-5000 m,3700.0,
1998.0,4800-5000 m,3900.0,
1998.0,4800-5000 m,4100.0,
1998.0,4800-5000 m,4300.0,
1998.0,4800-5000 m,4500.0,
1998.0,4800-5000 m,4700.0,
1998.0,4800-5000 m,4900.0,202.6173518443004
1998.0,4800-5000 m,5100.0,
1998.0,4800-5000 m,5300.0,
1998.0,4800-5000 m,5500.0,
1998.0,4800-5000 m,5700.0,
1998.0,4800-5000 m,5900.0,
1998.0,4800-5000 m,6100.0,
1998.0,4800-5000 m,6300.0,
1998.0,4800-5000 m,7100.0,
1998.0,5000-5200 m,3500.0,
1998.0,5000-5200 m,3700.0,
1998.0,5000-5200 m,3900.0,
1998.0,5000-5200 m,4100.0,
1998.0,5000-5200 m,4300.0,
1998.0,5000-5200 m,4500.0,
1998.0,5000-5200 m,4700.0,
1998.0,5000-5200 m,4900.0,
1998.0,5000-5200 m,5100.0,226.00127348794885
1998.0,5000-5200 m,5300.0,
1998.0,5000-5200 m,5500.0,
1998.0,5000-5200 m,5700.0,
1998.0,5000-5200 m,5900.0,
1998.0,5000-5200 m,6100.0,
1998.0,5000-5200 m,6300.0,
1998.0,5000-5200 m,7100.0,
1998.0,5200-5400 m,3500.0,
1998.0,5200-5400 m,3700.0,
1998.0,5200-5400 m,3900.0,
1998.0,5200-5400 m,4100.0,
1998.0,5200-5400 m,4300.0,
1998.0,5200-5400 m,4500.0,
1998.0,5200-5400 m,4700.0,
1998.0,5200-5400 m,4900.0,
1998.0,5200-5400 m,5100.0,
1998.0,5200-5400 m,5300.0,212.53584726462554
1998.0,5200-5400 m,5500.0,
1998.0,5200-5400 m,5700.0,
1998.0,5200-5400 m,5900.0,
1998.0,5200-5400 m,6100.0,
1998.0,5200-5400 m,6300.0,
1998.0,5200-5400 m,7100.0,
1998.0,5400-5600 m,3500.0,
1998.0,5400-5600 m,3700.0,
1998.0,5400-5600 m,3900.0,
1998.0,5400-5600 m,4100.0,
1998.0,5400-5600 m,4300.0,
1998.0,5400-5600 m,4500.0,
1998.0,5400-5600 m,4700.0,
1998.0,5400-5600 m,4900.0,
1998.0,5400-5600 m,5100.0,
1998.0,5400-5600 m,5300.0,
1998.0,5400-5600 m,5500.0,141.17805032590783
1998.0,5400-5600 m,5700.0,
1998.0,5400-5600 m,5900.0,
1998.0,5400-5600 m,6100.0,
1998.0,5400-5600 m,6300.0,
1998.0,5400-5600 m,7100.0,
1998.0,5600-5800 m,3500.0,
1998.0,5600-5800 m,3700.0,
1998.0,5600-5800 m,3900.0,
1998.0,5600-5800 m,4100.0,
1998.0,5600-5800 m,4300.0,
1998.0,5600-5800 m,4500.0,
1998.0,5600-5800 m,4700.0,
1998.0,5600-5800 m,4900.0,
1998.0,5600-5800 m,5100.0,
1998.0,5600-5800 m,5300.0,
1998.0,5600-5800 m,5500.0,
1998.0,5600-5800 m,5700.0,91.48169663910305
1998.0,5600-5800 m,5900.0,
1998.0,5600-5800 m,6100.0,
1998.0,5600-5800 m,6300.0,
1998.0,5600-5800 m,7100.0,
1998.0,5800-6000 m,3500.0,
1998.0,5800-6000 m,3700.0,
1998.0,5800-6000 m,3900.0,
1998.0,5800-6000 m,4100.0,
1998.0,5800-6000 m,4300.0,
1998.0,5800-6000 m,4500.0,
1998.0,5800-6000 m,4700.0,
1998.0,5800-6000 m,4900.0,
1998.0,5800-6000 m,5100.0,
1998.0,5800-6000 m,5300.0,
1998.0,5800-6000 m,5500.0,
1998.0,5800-6000 m,5700.0,
1998.0,5800-6000 m,5900.0,17.972462107671305
1998.0,5800-6000 m,6100.0,
1998.0,5800-6000 m,6300.0,
1998.0,5800-6000 m,7100.0,
1998.0,6000-6200 m,3500.0,
1998.0,6000-6200 m,3700.0,
1998.0,6000-6200 m,3900.0,
1998.0,6000-6200 m,4100.0,
1998.0,6000-6200 m,4300.0,
1998.0,6000-6200 m,4500.0,
1998.0,6000-6200 m,4700.0,
1998.0,6000-6200 m,4900.0,
1998.0,6000-6200 m,5100.0,
1998.0,6000-6200 m,5300.0,
1998.0,6000-6200 m,5500.0,
1998.0,6000-6200 m,5700.0,
1998.0,6000-6200 m,5900.0,
1998.0,6000-6200 m,6100.0,-118.9922966321429
1998.0,6000-6200 m,6300.0,
1998.0,6000-6200 m,7100.0,
1998.0,6200-6400 m,3500.0,
1998.0,6200-6400 m,3700.0,
1998.0,6200-6400 m,3900.0,
1998.0,6200-6400 m,4100.0,
1998.0,6200-6400 m,4300.0,
1998.0,6200-6400 m,4500.0,
1998.0,6200-6400 m,4700.0,
1998.0,6200-6400 m,4900.0,
1998.0,6200-6400 m,5100.0,
1998.0,6200-6400 m,5300.0,
1998.0,6200-6400 m,5500.0,
1998.0,6200-6400 m,5700.0,
1998.0,6200-6400 m,5900.0,
1998.0,6200-6400 m,6100.0,
1998.0,6200-6400 m,6300.0,-32.46473737227778
1998.0,6200-6400 m,7100.0,
1998.0,6400-6600 m,3500.0,
1998.0,6400-6600 m,3700.0,
1998.0,6400-6600 m,3900.0,
1998.0,6400-6600 m,4100.0,
1998.0,6400-6600 m,4300.0,
1998.0,6400-6600 m,4500.0,
1998.0,6400-6600 m,4700.0,
1998.0,6400-6600 m,4900.0,
1998.0,6400-6600 m,5100.0,
1998.0,6400-6600 m,5300.0,
1998.0,6400-6600 m,5500.0,
1998.0,6400-6600 m,5700.0,
1998.0,6400-6600 m,5900.0,
1998.0,6400-6600 m,6100.0,
1998.0,6400-6600 m,6300.0,
1998.0,6400-6600 m,7100.0,
1998.0,6600-6800 m,3500.0,
1998.0,6600-6800 m,3700.0,
1998.0,6600-6800 m,3900.0,
1998.0,6600-6800 m,4100.0,
1998.0,6600-6800 m,4300.0,
1998.0,6600-6800 m,4500.0,
1998.0,6600-6800 m,4700.0,
1998.0,6600-6800 m,4900.0,
1998.0,6600-6800 m,5100.0,
1998.0,6600-6800 m,5300.0,
1998.0,6600-6800 m,5500.0,
1998.0,6600-6800 m,5700.0,
1998.0,6600-6800 m,5900.0,
1998.0,6600-6800 m,6100.0,
1998.0,6600-6800 m,6300.0,
1998.0,6600-6800 m,7100.0,
1998.0,6800-7000 m,3500.0,
1998.0,6800-7000 m,3700.0,
1998.0,6800-7000 m,3900.0,
1998.0,6800-7000 m,4100.0,
1998.0,6800-7000 m,4300.0,
1998.0,6800-7000 m,4500.0,
1998.0,6800-7000 m,4700.0,
1998.0,6800-7000 m,4900.0,
1998.0,6800-7000 m,5100.0,
1998.0,6800-7000 m,5300.0,
1998.0,6800-7000 m,5500.0,
1998.0,6800-7000 m,5700.0,
1998.0,6800-7000 m,5900.0,
1998.0,6800-7000 m,6100.0,
1998.0,6800-7000 m,6300.0,
1998.0,6800-7000 m,7100.0,
1998.0,7000-7200 m,3500.0,
1998.0,7000-7200 m,3700.0,
1998.0,7000-7200 m,3900.0,
1998.0,7000-7200 m,4100.0,
1998.0,7000-7200 m,4300.0,
1998.0,7000-7200 m,4500.0,
1998.0,7000-7200 m,4700.0,
1998.0,7000-7200 m,4900.0,
1998.0,7000-7200 m,5100.0,
1998.0,7000-7200 m,5300.0,
1998.0,7000-7200 m,5500.0,
1998.0,7000-7200 m,5700.0,
1998.0,7000-7200 m,5900.0,
1998.0,7000-7200 m,6100.0,
1998.0,7000-7200 m,6300.0,
1998.0,7000-7200 m,7100.0,139.2681062
1998.0,7200-7400 m,3500.0,
1998.0,7200-7400 m,3700.0,
1998.0,7200-7400 m,3900.0,
1998.0,7200-7400 m,4100.0,
1998.0,7200-7400 m,4300.0,
1998.0,7200-7400 m,4500.0,
1998.0,7200-7400 m,4700.0,
1998.0,7200-7400 m,4900.0,
1998.0,7200-7400 m,5100.0,
1998.0,7200-7400 m,5300.0,
1998.0,7200-7400 m,5500.0,
1998.0,7200-7400 m,5700.0,
1998.0,7200-7400 m,5900.0,
1998.0,7200-7400 m,6100.0,
1998.0,7200-7400 m,6300.0,
1998.0,7200-7400 m,7100.0,
1999.0,3400-3600 m,3500.0,-704.2367665696014
1999.0,3400-3600 m,3700.0,
1999.0,3400-3600 m,3900.0,
1999.0,3400-3600 m,4100.0,
1999.0,3400-3600 m,4300.0,
1999.0,3400-3600 m,4500.0,
1999.0,3400-3600 m,4700.0,
1999.0,3400-3600 m,4900.0,
1999.0,3400-3600 m,5100.0,
1999.0,3400-3600 m,5300.0,
1999.0,3400-3600 m,5500.0,
1999.0,3400-3600 m,5700.0,
1999.0,3400-3600 m,5900.0,
1999.0,3400-3600 m,6100.0,
1999.0,3400-3600 m,6300.0,
1999.0,3400-3600 m,7100.0,
1999.0,3600-3800 m,3500.0,
1999.0,3600-3800 m,3700.0,-463.06859033840954
1999.0,3600-3800 m,3900.0,
1999.0,3600-3800 m,4100.0,
1999.0,3600-3800 m,4300.0,
1999.0,3600-3800 m,4500.0,
1999.0,3600-3800 m,4700.0,
1999.0,3600-3800 m,4900.0,
1999.0,3600-3800 m,5100.0,
1999.0,3600-3800 m,5300.0,
1999.0,3600-3800 m,5500.0,
1999.0,3600-3800 m,5700.0,
1999.0,3600-3800 m,5900.0,
1999.0,3600-3800 m,6100.0,
1999.0,3600-3800 m,6300.0,
1999.0,3600-3800 m,7100.0,
1999.0,3800-4000 m,3500.0,
1999.0,3800-4000 m,3700.0,
1999.0,3800-4000 m,3900.0,-259.6476204565804
1999.0,3800-4000 m,4100.0,
1999.0,3800-4000 m,4300.0,
1999.0,3800-4000 m,4500.0,
1999.0,3800-4000 m,4700.0,
1999.0,3800-4000 m,4900.0,
1999.0,3800-4000 m,5100.0,
1999.0,3800-4000 m,5300.0,
1999.0,3800-4000 m,5500.0,
1999.0,3800-4000 m,5700.0,
1999.0,3800-4000 m,5900.0,
1999.0,3800-4000 m,6100.0,
1999.0,3800-4000 m,6300.0,
1999.0,3800-4000 m,7100.0,
1999.0,4000-4200 m,3500.0,
1999.0,4000-4200 m,3700.0,
1999.0,4000-4200 m,3900.0,
1999.0,4000-4200 m,4100.0,-107.97535010298103
1999.0,4000-4200 m,4300.0,
1999.0,4000-4200 m,4500.0,
1999.0,4000-4200 m,4700.0,
1999.0,4000-4200 m,4900.0,
1999.0,4000-4200 m,5100.0,
1999.0,4000-4200 m,5300.0,
1999.0,4000-4200 m,5500.0,
1999.0,4000-4200 m,5700.0,
1999.0,4000-4200 m,5900.0,
1999.0,4000-4200 m,6100.0,
1999.0,4000-4200 m,6300.0,
1999.0,4000-4200 m,7100.0,
1999.0,4200-4400 m,3500.0,
1999.0,4200-4400 m,3700.0,
1999.0,4200-4400 m,3900.0,
1999.0,4200-4400 m,4100.0,
1999.0,4200-4400 m,4300.0,-30.337274230512662
1999.0,4200-4400 m,4500.0,
1999.0,4200-4400 m,4700.0,
1999.0,4200-4400 m,4900.0,
1999.0,4200-4400 m,5100.0,
1999.0,4200-4400 m,5300.0,
1999.0,4200-4400 m,5500.0,
1999.0,4200-4400 m,5700.0,
1999.0,4200-4400 m,5900.0,
1999.0,4200-4400 m,6100.0,
1999.0,4200-4400 m,6300.0,
1999.0,4200-4400 m,7100.0,
1999.0,4400-4600 m,3500.0,
1999.0,4400-4600 m,3700.0,
1999.0,4400-4600 m,3900.0,
1999.0,4400-4600 m,4100.0,
1999.0,4400-4600 m,4300.0,
1999.0,4400-4600 m,4500.0,98.046772588476
1999.0,4400-4600 m,4700.0,
1999.0,4400-4600 m,4900.0,
1999.0,4400-4600 m,5100.0,
1999.0,4400-4600 m,5300.0,
1999.0,4400-4600 m,5500.0,
1999.0,4400-4600 m,5700.0,
1999.0,4400-4600 m,5900.0,
1999.0,4400-4600 m,6100.0,
1999.0,4400-4600 m,6300.0,
1999.0,4400-4600 m,7100.0,
1999.0,4600-4800 m,3500.0,
1999.0,4600-4800 m,3700.0,
1999.0,4600-4800 m,3900.0,
1999.0,4600-4800 m,4100.0,
1999.0,4600-4800 m,4300.0,
1999.0,4600-4800 m,4500.0,
1999.0,4600-4800 m,4700.0,115.92224898526666
1999.0,4600-4800 m,4900.0,
1999.0,4600-4800 m,5100.0,
1999.0,4600-4800 m,5300.0,
1999.0,4600-4800 m,5500.0,
1999.0,4600-4800 m,5700.0,
1999.0,4600-4800 m,5900.0,
1999.0,4600-4800 m,6100.0,
1999.0,4600-4800 m,6300.0,
1999.0,4600-4800 m,7100.0,
1999.0,4800-5000 m,3500.0,
1999.0,4800-5000 m,3700.0,
1999.0,4800-5000 m,3900.0,
1999.0,4800-5000 m,4100.0,
1999.0,4800-5000 m,4300.0,
1999.0,4800-5000 m,4500.0,
1999.0,4800-5000 m,4700.0,
1999.0,4800-5000 m,4900.0,128.27088461846682
1999.0,4800-5000 m,5100.0,
1999.0,4800-5000 m,5300.0,
1999.0,4800-5000 m,5500.0,
1999.0,4800-5000 m,5700.0,
1999.0,4800-5000 m,5900.0,
1999.0,4800-5000 m,6100.0,
1999.0,4800-5000 m,6300.0,
1999.0,4800-5000 m,7100.0,
1999.0,5000-5200 m,3500.0,
1999.0,5000-5200 m,3700.0,
1999.0,5000-5200 m,3900.0,
1999.0,5000-5200 m,4100.0,
1999.0,5000-5200 m,4300.0,
1999.0,5000-5200 m,4500.0,
1999.0,5000-5200 m,4700.0,
1999.0,5000-5200 m,4900.0,
1999.0,5000-5200 m,5100.0,137.25590422129977
1999.0,5000-5200 m,5300.0,
1999.0,5000-5200 m,5500.0,
1999.0,5000-5200 m,5700.0,
1999.0,5000-5200 m,5900.0,
1999.0,5000-5200 m,6100.0,
1999.0,5000-5200 m,6300.0,
1999.0,5000-5200 m,7100.0,
1999.0,5200-5400 m,3500.0,
1999.0,5200-5400 m,3700.0,
1999.0,5200-5400 m,3900.0,
1999.0,5200-5400 m,4100.0,
1999.0,5200-5400 m,4300.0,
1999.0,5200-5400 m,4500.0,
1999.0,5200-5400 m,4700.0,
1999.0,5200-5400 m,4900.0,
1999.0,5200-5400 m,5100.0,
1999.0,5200-5400 m,5300.0,144.71320826997396
1999.0,5200-5400 m,5500.0,
1999.0,5200-5400 m,5700.0,
1999.0,5200-5400 m,5900.0,
1999.0,5200-5400 m,6100.0,
1999.0,5200-5400 m,6300.0,
1999.0,5200-5400 m,7100.0,
1999.0,5400-5600 m,3500.0,
1999.0,5400-5600 m,3700.0,
1999.0,5400-5600 m,3900.0,
1999.0,5400-5600 m,4100.0,
1999.0,5400-5600 m,4300.0,
1999.0,5400-5600 m,4500.0,
1999.0,5400-5600 m,4700.0,
1999.0,5400-5600 m,4900.0,
1999.0,5400-5600 m,5100.0,
1999.0,5400-5600 m,5300.0,
1999.0,5400-5600 m,5500.0,115.82707098899907
1999.0,5400-5600 m,5700.0,
1999.0,5400-5600 m,5900.0,
1999.0,5400-5600 m,6100.0,
1999.0,5400-5600 m,6300.0,
1999.0,5400-5600 m,7100.0,
1999.0,5600-5800 m,3500.0,
1999.0,5600-5800 m,3700.0,
1999.0,5600-5800 m,3900.0,
1999.0,5600-5800 m,4100.0,
1999.0,5600-5800 m,4300.0,
1999.0,5600-5800 m,4500.0,
1999.0,5600-5800 m,4700.0,
1999.0,5600-5800 m,4900.0,
1999.0,5600-5800 m,5100.0,
1999.0,5600-5800 m,5300.0,
1999.0,5600-5800 m,5500.0,
1999.0,5600-5800 m,5700.0,65.58803887691221
1999.0,5600-5800 m,5900.0,
1999.0,5600-5800 m,6100.0,
1999.0,5600-5800 m,6300.0,
1999.0,5600-5800 m,7100.0,
1999.0,5800-6000 m,3500.0,
1999.0,5800-6000 m,3700.0,
1999.0,5800-6000 m,3900.0,
1999.0,5800-6000 m,4100.0,
1999.0,5800-6000 m,4300.0,
1999.0,5800-6000 m,4500.0,
1999.0,5800-6000 m,4700.0,
1999.0,5800-6000 m,4900.0,
1999.0,5800-6000 m,5100.0,
1999.0,5800-6000 m,5300.0,
1999.0,5800-6000 m,5500.0,
1999.0,5800-6000 m,5700.0,
1999.0,5800-6000 m,5900.0,15.324487471942867
1999.0,5800-6000 m,6100.0,
1999.0,5800-6000 m,6300.0,
1999.0,5800-6000 m,7100.0,
1999.0,6000-6200 m,3500.0,
1999.0,6000-6200 m,3700.0,
1999.0,6000-6200 m,3900.0,
1999.0,6000-6200 m,4100.0,
1999.0,6000-6200 m,4300.0,
1999.0,6000-6200 m,4500.0,
1999.0,6000-6200 m,4700.0,
1999.0,6000-6200 m,4900.0,
1999.0,6000-6200 m,5100.0,
1999.0,6000-6200 m,5300.0,
1999.0,6000-6200 m,5500.0,
1999.0,6000-6200 m,5700.0,
1999.0,6000-6200 m,5900.0,
1999.0,6000-6200 m,6100.0,-70.7754105857857
1999.0,6000-6200 m,6300.0,
1999.0,6000-6200 m,7100.0,
1999.0,6200-6400 m,3500.0,
1999.0,6200-6400 m,3700.0,
1999.0,6200-6400 m,3900.0,
1999.0,6200-6400 m,4100.0,
1999.0,6200-6400 m,4300.0,
1999.0,6200-6400 m,4500.0,
1999.0,6200-6400 m,4700.0,
1999.0,6200-6400 m,4900.0,
1999.0,6200-6400 m,5100.0,
1999.0,6200-6400 m,5300.0,
1999.0,6200-6400 m,5500.0,
1999.0,6200-6400 m,5700.0,
1999.0,6200-6400 m,5900.0,
1999.0,6200-6400 m,6100.0,
1999.0,6200-6400 m,6300.0,-2.3264127049444547
1999.0,6200-6400 m,7100.0,
1999.0,6400-6600 m,3500.0,
1999.0,6400-6600 m,3700.0,
1999.0,6400-6600 m,3900.0,
1999.0,6400-6600 m,4100.0,
1999.0,6400-6600 m,4300.0,
1999.0,6400-6600 m,4500.0,
1999.0,6400-6600 m,4700.0,
1999.0,6400-6600 m,4900.0,
1999.0,6400-6600 m,5100.0,
1999.0,6400-6600 m,5300.0,
1999.0,6400-6600 m,5500.0,
1999.0,6400-6600 m,5700.0,
1999.0,6400-6600 m,5900.0,
1999.0,6400-6600 m,6100.0,
1999.0,6400-6600 m,6300.0,
1999.0,6400-6600 m,7100.0,
1999.0,6600-6800 m,3500.0,
1999.0,6600-6800 m,3700.0,
1999.0,6600-6800 m,3900.0,
1999.0,6600-6800 m,4100.0,
1999.0,6600-6800 m,4300.0,
1999.0,6600-6800 m,4500.0,
1999.0,6600-6800 m,4700.0,
1999.0,6600-6800 m,4900.0,
1999.0,6600-6800 m,5100.0,
1999.0,6600-6800 m,5300.0,
1999.0,6600-6800 m,5500.0,
1999.0,6600-6800 m,5700.0,
1999.0,6600-6800 m,5900.0,
1999.0,6600-6800 m,6100.0,
1999.0,6600-6800 m,6300.0,
1999.0,6600-6800 m,7100.0,
1999.0,6800-7000 m,3500.0,
1999.0,6800-7000 m,3700.0,
1999.0,6800-7000 m,3900.0,
1999.0,6800-7000 m,4100.0,
1999.0,6800-7000 m,4300.0,
1999.0,6800-7000 m,4500.0,
1999.0,6800-7000 m,4700.0,
1999.0,6800-7000 m,4900.0,
1999.0,6800-7000 m,5100.0,
1999.0,6800-7000 m,5300.0,
1999.0,6800-7000 m,5500.0,
1999.0,6800-7000 m,5700.0,
1999.0,6800-7000 m,5900.0,
1999.0,6800-7000 m,6100.0,
1999.0,6800-7000 m,6300.0,
1999.0,6800-7000 m,7100.0,
1999.0,7000-7200 m,3500.0,
1999.0,7000-7200 m,3700.0,
1999.0,7000-7200 m,3900.0,
1999.0,7000-7200 m,4100.0,
1999.0,7000-7200 m,4300.0,
1999.0,7000-7200 m,4500.0,
1999.0,7000-7200 m,4700.0,
1999.0,7000-7200 m,4900.0,
1999.0,7000-7200 m,5100.0,
1999.0,7000-7200 m,5300.0,
1999.0,7000-7200 m,5500.0,
1999.0,7000-7200 m,5700.0,
1999.0,7000-7200 m,5900.0,
1999.0,7000-7200 m,6100.0,
1999.0,7000-7200 m,6300.0,
1999.0,7000-7200 m,7100.0,-14.71689226
1999.0,7200-7400 m,3500.0,
1999.0,7200-7400 m,3700.0,
1999.0,7200-7400 m,3900.0,
1999.0,7200-7400 m,4100.0,
1999.0,7200-7400 m,4300.0,
1999.0,7200-7400 m,4500.0,
1999.0,7200-7400 m,4700.0,
1999.0,7200-7400 m,4900.0,
1999.0,7200-7400 m,5100.0,
1999.0,7200-7400 m,5300.0,
1999.0,7200-7400 m,5500.0,
1999.0,7200-7400 m,5700.0,
1999.0,7200-7400 m,5900.0,
1999.0,7200-7400 m,6100.0,
1999.0,7200-7400 m,6300.0,
1999.0,7200-7400 m,7100.0,
2000.0,3400-3600 m,3500.0,-755.4205054774714
2000.0,3400-3600 m,3700.0,
2000.0,3400-3600 m,3900.0,
2000.0,3400-3600 m,4100.0,
2000.0,3400-3600 m,4300.0,
2000.0,3400-3600 m,4500.0,
2000.0,3400-3600 m,4700.0,
2000.0,3400-3600 m,4900.0,
2000.0,3400-3600 m,5100.0,
2000.0,3400-3600 m,5300.0,
2000.0,3400-3600 m,5500.0,
2000.0,3400-3600 m,5700.0,
2000.0,3400-3600 m,5900.0,
2000.0,3400-3600 m,6100.0,
2000.0,3400-3600 m,6300.0,
2000.0,3400-3600 m,7100.0,
2000.0,3600-3800 m,3500.0,
2000.0,3600-3800 m,3700.0,-252.5130009063875
2000.0,3600-3800 m,3900.0,
2000.0,3600-3800 m,4100.0,
2000.0,3600-3800 m,4300.0,
2000.0,3600-3800 m,4500.0,
2000.0,3600-3800 m,4700.0,
2000.0,3600-3800 m,4900.0,
2000.0,3600-3800 m,5100.0,
2000.0,3600-3800 m,5300.0,
2000.0,3600-3800 m,5500.0,
2000.0,3600-3800 m,5700.0,
2000.0,3600-3800 m,5900.0,
2000.0,3600-3800 m,6100.0,
2000.0,3600-3800 m,6300.0,
2000.0,3600-3800 m,7100.0,
2000.0,3800-4000 m,3500.0,
2000.0,3800-4000 m,3700.0,
2000.0,3800-4000 m,3900.0,-124.61279343191468
2000.0,3800-4000 m,4100.0,
2000.0,3800-4000 m,4300.0,
2000.0,3800-4000 m,4500.0,
2000.0,3800-4000 m,4700.0,
2000.0,3800-4000 m,4900.0,
2000.0,3800-4000 m,5100.0,
2000.0,3800-4000 m,5300.0,
2000.0,3800-4000 m,5500.0,
2000.0,3800-4000 m,5700.0,
2000.0,3800-4000 m,5900.0,
2000.0,3800-4000 m,6100.0,
2000.0,3800-4000 m,6300.0,
2000.0,3800-4000 m,7100.0,
2000.0,4000-4200 m,3500.0,
2000.0,4000-4200 m,3700.0,
2000.0,4000-4200 m,3900.0,
2000.0,4000-4200 m,4100.0,-140.57932252286426
2000.0,4000-4200 m,4300.0,
2000.0,4000-4200 m,4500.0,
2000.0,4000-4200 m,4700.0,
2000.0,4000-4200 m,4900.0,
2000.0,4000-4200 m,5100.0,
2000.0,4000-4200 m,5300.0,
2000.0,4000-4200 m,5500.0,
2000.0,4000-4200 m,5700.0,
2000.0,4000-4200 m,5900.0,
2000.0,4000-4200 m,6100.0,
2000.0,4000-4200 m,6300.0,
2000.0,4000-4200 m,7100.0,
2000.0,4200-4400 m,3500.0,
2000.0,4200-4400 m,3700.0,
2000.0,4200-4400 m,3900.0,
2000.0,4200-4400 m,4100.0,
2000.0,4200-4400 m,4300.0,-184.23967145150243
2000.0,4200-4400 m,4500.0,
2000.0,4200-4400 m,4700.0,
2000.0,4200-4400 m,4900.0,
2000.0,4200-4400 m,5100.0,
2000.0,4200-4400 m,5300.0,
2000.0,4200-4400 m,5500.0,
2000.0,4200-4400 m,5700.0,
2000.0,4200-4400 m,5900.0,
2000.0,4200-4400 m,6100.0,
2000.0,4200-4400 m,6300.0,
2000.0,4200-4400 m,7100.0,
2000.0,4400-4600 m,3500.0,
2000.0,4400-4600 m,3700.0,
2000.0,4400-4600 m,3900.0,
2000.0,4400-4600 m,4100.0,
2000.0,4400-4600 m,4300.0,
2000.0,4400-4600 m,4500.0,-193.83413904183894
2000.0,4400-4600 m,4700.0,
2000.0,4400-4600 m,4900.0,
2000.0,4400-4600 m,5100.0,
2000.0,4400-4600 m,5300.0,
2000.0,4400-4600 m,5500.0,
2000.0,4400-4600 m,5700.0,
2000.0,4400-4600 m,5900.0,
2000.0,4400-4600 m,6100.0,
2000.0,4400-4600 m,6300.0,
2000.0,4400-4600 m,7100.0,
2000.0,4600-4800 m,3500.0,
2000.0,4600-4800 m,3700.0,
2000.0,4600-4800 m,3900.0,
2000.0,4600-4800 m,4100.0,
2000.0,4600-4800 m,4300.0,
2000.0,4600-4800 m,4500.0,
2000.0,4600-4800 m,4700.0,-256.1645429115511
2000.0,4600-4800 m,4900.0,
2000.0,4600-4800 m,5100.0,
2000.0,4600-4800 m,5300.0,
2000.0,4600-4800 m,5500.0,
2000.0,4600-4800 m,5700.0,
2000.0,4600-4800 m,5900.0,
2000.0,4600-4800 m,6100.0,
2000.0,4600-4800 m,6300.0,
2000.0,4600-4800 m,7100.0,
2000.0,4800-5000 m,3500.0,
2000.0,4800-5000 m,3700.0,
2000.0,4800-5000 m,3900.0,
2000.0,4800-5000 m,4100.0,
2000.0,4800-5000 m,4300.0,
2000.0,4800-5000 m,4500.0,
2000.0,4800-5000 m,4700.0,
2000.0,4800-5000 m,4900.0,-145.825307298393
2000.0,4800-5000 m,5100.0,
2000.0,4800-5000 m,5300.0,
2000.0,4800-5000 m,5500.0,
2000.0,4800-5000 m,5700.0,
2000.0,4800-5000 m,5900.0,
2000.0,4800-5000 m,6100.0,
2000.0,4800-5000 m,6300.0,
2000.0,4800-5000 m,7100.0,
2000.0,5000-5200 m,3500.0,
2000.0,5000-5200 m,3700.0,
2000.0,5000-5200 m,3900.0,
2000.0,5000-5200 m,4100.0,
2000.0,5000-5200 m,4300.0,
2000.0,5000-5200 m,4500.0,
2000.0,5000-5200 m,4700.0,
2000.0,5000-5200 m,4900.0,
2000.0,5000-5200 m,5100.0,-81.02587588922269
2000.0,5000-5200 m,5300.0,
2000.0,5000-5200 m,5500.0,
2000.0,5000-5200 m,5700.0,
2000.0,5000-5200 m,5900.0,
2000.0,5000-5200 m,6100.0,
2000.0,5000-5200 m,6300.0,
2000.0,5000-5200 m,7100.0,
2000.0,5200-5400 m,3500.0,
2000.0,5200-5400 m,3700.0,
2000.0,5200-5400 m,3900.0,
2000.0,5200-5400 m,4100.0,
2000.0,5200-5400 m,4300.0,
2000.0,5200-5400 m,4500.0,
2000.0,5200-5400 m,4700.0,
2000.0,5200-5400 m,4900.0,
2000.0,5200-5400 m,5100.0,
2000.0,5200-5400 m,5300.0,-2.602082881940936
2000.0,5200-5400 m,5500.0,
2000.0,5200-5400 m,5700.0,
2000.0,5200-5400 m,5900.0,
2000.0,5200-5400 m,6100.0,
2000.0,5200-5400 m,6300.0,
2000.0,5200-5400 m,7100.0,
2000.0,5400-5600 m,3500.0,
2000.0,5400-5600 m,3700.0,
2000.0,5400-5600 m,3900.0,
2000.0,5400-5600 m,4100.0,
2000.0,5400-5600 m,4300.0,
2000.0,5400-5600 m,4500.0,
2000.0,5400-5600 m,4700.0,
2000.0,5400-5600 m,4900.0,
2000.0,5400-5600 m,5100.0,
2000.0,5400-5600 m,5300.0,
2000.0,5400-5600 m,5500.0,46.59895636198452
2000.0,5400-5600 m,5700.0,
2000.0,5400-5600 m,5900.0,
2000.0,5400-5600 m,6100.0,
2000.0,5400-5600 m,6300.0,
2000.0,5400-5600 m,7100.0,
2000.0,5600-5800 m,3500.0,
2000.0,5600-5800 m,3700.0,
2000.0,5600-5800 m,3900.0,
2000.0,5600-5800 m,4100.0,
2000.0,5600-5800 m,4300.0,
2000.0,5600-5800 m,4500.0,
2000.0,5600-5800 m,4700.0,
2000.0,5600-5800 m,4900.0,
2000.0,5600-5800 m,5100.0,
2000.0,5600-5800 m,5300.0,
2000.0,5600-5800 m,5500.0,
2000.0,5600-5800 m,5700.0,4.234950572621837
2000.0,5600-5800 m,5900.0,
2000.0,5600-5800 m,6100.0,
2000.0,5600-5800 m,6300.0,
2000.0,5600-5800 m,7100.0,
2000.0,5800-6000 m,3500.0,
2000.0,5800-6000 m,3700.0,
2000.0,5800-6000 m,3900.0,
2000.0,5800-6000 m,4100.0,
2000.0,5800-6000 m,4300.0,
2000.0,5800-6000 m,4500.0,
2000.0,5800-6000 m,4700.0,
2000.0,5800-6000 m,4900.0,
2000.0,5800-6000 m,5100.0,
2000.0,5800-6000 m,5300.0,
2000.0,5800-6000 m,5500.0,
2000.0,5800-6000 m,5700.0,
2000.0,5800-6000 m,5900.0,-31.129601409162238
2000.0,5800-6000 m,6100.0,
2000.0,5800-6000 m,6300.0,
2000.0,5800-6000 m,7100.0,
2000.0,6000-6200 m,3500.0,
2000.0,6000-6200 m,3700.0,
2000.0,6000-6200 m,3900.0,
2000.0,6000-6200 m,4100.0,
2000.0,6000-6200 m,4300.0,
2000.0,6000-6200 m,4500.0,
2000.0,6000-6200 m,4700.0,
2000.0,6000-6200 m,4900.0,
2000.0,6000-6200 m,5100.0,
2000.0,6000-6200 m,5300.0,
2000.0,6000-6200 m,5500.0,
2000.0,6000-6200 m,5700.0,
2000.0,6000-6200 m,5900.0,
2000.0,6000-6200 m,6100.0,-73.83921893678568
2000.0,6000-6200 m,6300.0,
2000.0,6000-6200 m,7100.0,
2000.0,6200-6400 m,3500.0,
2000.0,6200-6400 m,3700.0,
2000.0,6200-6400 m,3900.0,
2000.0,6200-6400 m,4100.0,
2000.0,6200-6400 m,4300.0,
2000.0,6200-6400 m,4500.0,
2000.0,6200-6400 m,4700.0,
2000.0,6200-6400 m,4900.0,
2000.0,6200-6400 m,5100.0,
2000.0,6200-6400 m,5300.0,
2000.0,6200-6400 m,5500.0,
2000.0,6200-6400 m,5700.0,
2000.0,6200-6400 m,5900.0,
2000.0,6200-6400 m,6100.0,
2000.0,6200-6400 m,6300.0,-38.559665134388894
2000.0,6200-6400 m,7100.0,
2000.0,6400-6600 m,3500.0,
2000.0,6400-6600 m,3700.0,
2000.0,6400-6600 m,3900.0,
2000.0,6400-6600 m,4100.0,
2000.0,6400-6600 m,4300.0,
2000.0,6400-6600 m,4500.0,
2000.0,6400-6600 m,4700.0,
2000.0,6400-6600 m,4900.0,
2000.0,6400-6600 m,5100.0,
2000.0,6400-6600 m,5300.0,
2000.0,6400-6600 m,5500.0,
2000.0,6400-6600 m,5700.0,
2000.0,6400-6600 m,5900.0,
2000.0,6400-6600 m,6100.0,
2000.0,6400-6600 m,6300.0,
2000.0,6400-6600 m,7100.0,
2000.0,6600-6800 m,3500.0,
2000.0,6600-6800 m,3700.0,
2000.0,6600-6800 m,3900.0,
2000.0,6600-6800 m,4100.0,
2000.0,6600-6800 m,4300.0,
2000.0,6600-6800 m,4500.0,
2000.0,6600-6800 m,4700.0,
2000.0,6600-6800 m,4900.0,
2000.0,6600-6800 m,5100.0,
2000.0,6600-6800 m,5300.0,
2000.0,6600-6800 m,5500.0,
2000.0,6600-6800 m,5700.0,
2000.0,6600-6800 m,5900.0,
2000.0,6600-6800 m,6100.0,
2000.0,6600-6800 m,6300.0,
2000.0,6600-6800 m,7100.0,
2000.0,6800-7000 m,3500.0,
2000.0,6800-7000 m,3700.0,
2000.0,6800-7000 m,3900.0,
2000.0,6800-7000 m,4100.0,
2000.0,6800-7000 m,4300.0,
2000.0,6800-7000 m,4500.0,
2000.0,6800-7000 m,4700.0,
2000.0,6800-7000 m,4900.0,
2000.0,6800-7000 m,5100.0,
2000.0,6800-7000 m,5300.0,
2000.0,6800-7000 m,5500.0,
2000.0,6800-7000 m,5700.0,
2000.0,6800-7000 m,5900.0,
2000.0,6800-7000 m,6100.0,
2000.0,6800-7000 m,6300.0,
2000.0,6800-7000 m,7100.0,
2000.0,7000-7200 m,3500.0,
2000.0,7000-7200 m,3700.0,
2000.0,7000-7200 m,3900.0,
2000.0,7000-7200 m,4100.0,
2000.0,7000-7200 m,4300.0,
2000.0,7000-7200 m,4500.0,
2000.0,7000-7200 m,4700.0,
2000.0,7000-7200 m,4900.0,
2000.0,7000-7200 m,5100.0,
2000.0,7000-7200 m,5300.0,
2000.0,7000-7200 m,5500.0,
2000.0,7000-7200 m,5700.0,
2000.0,7000-7200 m,5900.0,
2000.0,7000-7200 m,6100.0,
2000.0,7000-7200 m,6300.0,
2000.0,7000-7200 m,7100.0,-244.6765109
2000.0,7200-7400 m,3500.0,
2000.0,7200-7400 m,3700.0,
2000.0,7200-7400 m,3900.0,
2000.0,7200-7400 m,4100.0,
2000.0,7200-7400 m,4300.0,
2000.0,7200-7400 m,4500.0,
2000.0,7200-7400 m,4700.0,
2000.0,7200-7400 m,4900.0,
2000.0,7200-7400 m,5100.0,
2000.0,7200-7400 m,5300.0,
2000.0,7200-7400 m,5500.0,
2000.0,7200-7400 m,5700.0,
2000.0,7200-7400 m,5900.0,
2000.0,7200-7400 m,6100.0,
2000.0,7200-7400 m,6300.0,
2000.0,7200-7400 m,7100.0,
2001.0,3400-3600 m,3500.0,-1060.4353016124153
2001.0,3400-3600 m,3700.0,
2001.0,3400-3600 m,3900.0,
2001.0,3400-3600 m,4100.0,
2001.0,3400-3600 m,4300.0,
2001.0,3400-3600 m,4500.0,
2001.0,3400-3600 m,4700.0,
2001.0,3400-3600 m,4900.0,
2001.0,3400-3600 m,5100.0,
2001.0,3400-3600 m,5300.0,
2001.0,3400-3600 m,5500.0,
2001.0,3400-3600 m,5700.0,
2001.0,3400-3600 m,5900.0,
2001.0,3400-3600 m,6100.0,
2001.0,3400-3600 m,6300.0,
2001.0,3400-3600 m,7100.0,
2001.0,3600-3800 m,3500.0,
2001.0,3600-3800 m,3700.0,-917.0647862061408
2001.0,3600-3800 m,3900.0,
2001.0,3600-3800 m,4100.0,
2001.0,3600-3800 m,4300.0,
2001.0,3600-3800 m,4500.0,
2001.0,3600-3800 m,4700.0,
2001.0,3600-3800 m,4900.0,
2001.0,3600-3800 m,5100.0,
2001.0,3600-3800 m,5300.0,
2001.0,3600-3800 m,5500.0,
2001.0,3600-3800 m,5700.0,
2001.0,3600-3800 m,5900.0,
2001.0,3600-3800 m,6100.0,
2001.0,3600-3800 m,6300.0,
2001.0,3600-3800 m,7100.0,
2001.0,3800-4000 m,3500.0,
2001.0,3800-4000 m,3700.0,
2001.0,3800-4000 m,3900.0,-789.9549858910175
2001.0,3800-4000 m,4100.0,
2001.0,3800-4000 m,4300.0,
2001.0,3800-4000 m,4500.0,
2001.0,3800-4000 m,4700.0,
2001.0,3800-4000 m,4900.0,
2001.0,3800-4000 m,5100.0,
2001.0,3800-4000 m,5300.0,
2001.0,3800-4000 m,5500.0,
2001.0,3800-4000 m,5700.0,
2001.0,3800-4000 m,5900.0,
2001.0,3800-4000 m,6100.0,
2001.0,3800-4000 m,6300.0,
2001.0,3800-4000 m,7100.0,
2001.0,4000-4200 m,3500.0,
2001.0,4000-4200 m,3700.0,
2001.0,4000-4200 m,3900.0,
2001.0,4000-4200 m,4100.0,-600.7612656324491
2001.0,4000-4200 m,4300.0,
2001.0,4000-4200 m,4500.0,
2001.0,4000-4200 m,4700.0,
2001.0,4000-4200 m,4900.0,
2001.0,4000-4200 m,5100.0,
2001.0,4000-4200 m,5300.0,
2001.0,4000-4200 m,5500.0,
2001.0,4000-4200 m,5700.0,
2001.0,4000-4200 m,5900.0,
2001.0,4000-4200 m,6100.0,
2001.0,4000-4200 m,6300.0,
2001.0,4000-4200 m,7100.0,
2001.0,4200-4400 m,3500.0,
2001.0,4200-4400 m,3700.0,
2001.0,4200-4400 m,3900.0,
2001.0,4200-4400 m,4100.0,
2001.0,4200-4400 m,4300.0,-343.4876480183426
2001.0,4200-4400 m,4500.0,
2001.0,4200-4400 m,4700.0,
2001.0,4200-4400 m,4900.0,
2001.0,4200-4400 m,5100.0,
2001.0,4200-4400 m,5300.0,
2001.0,4200-4400 m,5500.0,
2001.0,4200-4400 m,5700.0,
2001.0,4200-4400 m,5900.0,
2001.0,4200-4400 m,6100.0,
2001.0,4200-4400 m,6300.0,
2001.0,4200-4400 m,7100.0,
2001.0,4400-4600 m,3500.0,
2001.0,4400-4600 m,3700.0,
2001.0,4400-4600 m,3900.0,
2001.0,4400-4600 m,4100.0,
2001.0,4400-4600 m,4300.0,
2001.0,4400-4600 m,4500.0,9.680320349611598
2001.0,4400-4600 m,4700.0,
2001.0,4400-4600 m,4900.0,
2001.0,4400-4600 m,5100.0,
2001.0,4400-4600 m,5300.0,
2001.0,4400-4600 m,5500.0,
2001.0,4400-4600 m,5700.0,
2001.0,4400-4600 m,5900.0,
2001.0,4400-4600 m,6100.0,
2001.0,4400-4600 m,6300.0,
2001.0,4400-4600 m,7100.0,
2001.0,4600-4800 m,3500.0,
2001.0,4600-4800 m,3700.0,
2001.0,4600-4800 m,3900.0,
2001.0,4600-4800 m,4100.0,
2001.0,4600-4800 m,4300.0,
2001.0,4600-4800 m,4500.0,
2001.0,4600-4800 m,4700.0,242.59782559151392
2001.0,4600-4800 m,4900.0,
2001.0,4600-4800 m,5100.0,
2001.0,4600-4800 m,5300.0,
2001.0,4600-4800 m,5500.0,
2001.0,4600-4800 m,5700.0,
2001.0,4600-4800 m,5900.0,
2001.0,4600-4800 m,6100.0,
2001.0,4600-4800 m,6300.0,
2001.0,4600-4800 m,7100.0,
2001.0,4800-5000 m,3500.0,
2001.0,4800-5000 m,3700.0,
2001.0,4800-5000 m,3900.0,
2001.0,4800-5000 m,4100.0,
2001.0,4800-5000 m,4300.0,
2001.0,4800-5000 m,4500.0,
2001.0,4800-5000 m,4700.0,
2001.0,4800-5000 m,4900.0,154.81443081895216
2001.0,4800-5000 m,5100.0,
2001.0,4800-5000 m,5300.0,
2001.0,4800-5000 m,5500.0,
2001.0,4800-5000 m,5700.0,
2001.0,4800-5000 m,5900.0,
2001.0,4800-5000 m,6100.0,
2001.0,4800-5000 m,6300.0,
2001.0,4800-5000 m,7100.0,
2001.0,5000-5200 m,3500.0,
2001.0,5000-5200 m,3700.0,
2001.0,5000-5200 m,3900.0,
2001.0,5000-5200 m,4100.0,
2001.0,5000-5200 m,4300.0,
2001.0,5000-5200 m,4500.0,
2001.0,5000-5200 m,4700.0,
2001.0,5000-5200 m,4900.0,
2001.0,5000-5200 m,5100.0,117.65892974846977
2001.0,5000-5200 m,5300.0,
2001.0,5000-5200 m,5500.0,
2001.0,5000-5200 m,5700.0,
2001.0,5000-5200 m,5900.0,
2001.0,5000-5200 m,6100.0,
2001.0,5000-5200 m,6300.0,
2001.0,5000-5200 m,7100.0,
2001.0,5200-5400 m,3500.0,
2001.0,5200-5400 m,3700.0,
2001.0,5200-5400 m,3900.0,
2001.0,5200-5400 m,4100.0,
2001.0,5200-5400 m,4300.0,
2001.0,5200-5400 m,4500.0,
2001.0,5200-5400 m,4700.0,
2001.0,5200-5400 m,4900.0,
2001.0,5200-5400 m,5100.0,
2001.0,5200-5400 m,5300.0,127.75632755700184
2001.0,5200-5400 m,5500.0,
2001.0,5200-5400 m,5700.0,
2001.0,5200-5400 m,5900.0,
2001.0,5200-5400 m,6100.0,
2001.0,5200-5400 m,6300.0,
2001.0,5200-5400 m,7100.0,
2001.0,5400-5600 m,3500.0,
2001.0,5400-5600 m,3700.0,
2001.0,5400-5600 m,3900.0,
2001.0,5400-5600 m,4100.0,
2001.0,5400-5600 m,4300.0,
2001.0,5400-5600 m,4500.0,
2001.0,5400-5600 m,4700.0,
2001.0,5400-5600 m,4900.0,
2001.0,5400-5600 m,5100.0,
2001.0,5400-5600 m,5300.0,
2001.0,5400-5600 m,5500.0,122.16205994238307
2001.0,5400-5600 m,5700.0,
2001.0,5400-5600 m,5900.0,
2001.0,5400-5600 m,6100.0,
2001.0,5400-5600 m,6300.0,
2001.0,5400-5600 m,7100.0,
2001.0,5600-5800 m,3500.0,
2001.0,5600-5800 m,3700.0,
2001.0,5600-5800 m,3900.0,
2001.0,5600-5800 m,4100.0,
2001.0,5600-5800 m,4300.0,
2001.0,5600-5800 m,4500.0,
2001.0,5600-5800 m,4700.0,
2001.0,5600-5800 m,4900.0,
2001.0,5600-5800 m,5100.0,
2001.0,5600-5800 m,5300.0,
2001.0,5600-5800 m,5500.0,
2001.0,5600-5800 m,5700.0,74.94533083420751
2001.0,5600-5800 m,5900.0,
2001.0,5600-5800 m,6100.0,
2001.0,5600-5800 m,6300.0,
2001.0,5600-5800 m,7100.0,
2001.0,5800-6000 m,3500.0,
2001.0,5800-6000 m,3700.0,
2001.0,5800-6000 m,3900.0,
2001.0,5800-6000 m,4100.0,
2001.0,5800-6000 m,4300.0,
2001.0,5800-6000 m,4500.0,
2001.0,5800-6000 m,4700.0,
2001.0,5800-6000 m,4900.0,
2001.0,5800-6000 m,5100.0,
2001.0,5800-6000 m,5300.0,
2001.0,5800-6000 m,5500.0,
2001.0,5800-6000 m,5700.0,
2001.0,5800-6000 m,5900.0,0.18924538385982048
2001.0,5800-6000 m,6100.0,
2001.0,5800-6000 m,6300.0,
2001.0,5800-6000 m,7100.0,
2001.0,6000-6200 m,3500.0,
2001.0,6000-6200 m,3700.0,
2001.0,6000-6200 m,3900.0,
2001.0,6000-6200 m,4100.0,
2001.0,6000-6200 m,4300.0,
2001.0,6000-6200 m,4500.0,
2001.0,6000-6200 m,4700.0,
2001.0,6000-6200 m,4900.0,
2001.0,6000-6200 m,5100.0,
2001.0,6000-6200 m,5300.0,
2001.0,6000-6200 m,5500.0,
2001.0,6000-6200 m,5700.0,
2001.0,6000-6200 m,5900.0,
2001.0,6000-6200 m,6100.0,-112.54273474928569
2001.0,6000-6200 m,6300.0,
2001.0,6000-6200 m,7100.0,
2001.0,6200-6400 m,3500.0,
2001.0,6200-6400 m,3700.0,
2001.0,6200-6400 m,3900.0,
2001.0,6200-6400 m,4100.0,
2001.0,6200-6400 m,4300.0,
2001.0,6200-6400 m,4500.0,
2001.0,6200-6400 m,4700.0,
2001.0,6200-6400 m,4900.0,
2001.0,6200-6400 m,5100.0,
2001.0,6200-6400 m,5300.0,
2001.0,6200-6400 m,5500.0,
2001.0,6200-6400 m,5700.0,
2001.0,6200-6400 m,5900.0,
2001.0,6200-6400 m,6100.0,
2001.0,6200-6400 m,6300.0,-18.890397613222223
2001.0,6200-6400 m,7100.0,
2001.0,6400-6600 m,3500.0,
2001.0,6400-6600 m,3700.0,
2001.0,6400-6600 m,3900.0,
2001.0,6400-6600 m,4100.0,
2001.0,6400-6600 m,4300.0,
2001.0,6400-6600 m,4500.0,
2001.0,6400-6600 m,4700.0,
2001.0,6400-6600 m,4900.0,
2001.0,6400-6600 m,5100.0,
2001.0,6400-6600 m,5300.0,
2001.0,6400-6600 m,5500.0,
2001.0,6400-6600 m,5700.0,
2001.0,6400-6600 m,5900.0,
2001.0,6400-6600 m,6100.0,
2001.0,6400-6600 m,6300.0,
2001.0,6400-6600 m,7100.0,
2001.0,6600-6800 m,3500.0,
2001.0,6600-6800 m,3700.0,
2001.0,6600-6800 m,3900.0,
2001.0,6600-6800 m,4100.0,
2001.0,6600-6800 m,4300.0,
2001.0,6600-6800 m,4500.0,
2001.0,6600-6800 m,4700.0,
2001.0,6600-6800 m,4900.0,
2001.0,6600-6800 m,5100.0,
2001.0,6600-6800 m,5300.0,
2001.0,6600-6800 m,5500.0,
2001.0,6600-6800 m,5700.0,
2001.0,6600-6800 m,5900.0,
2001.0,6600-6800 m,6100.0,
2001.0,6600-6800 m,6300.0,
2001.0,6600-6800 m,7100.0,
2001.0,6800-7000 m,3500.0,
2001.0,6800-7000 m,3700.0,
2001.0,6800-7000 m,3900.0,
2001.0,6800-7000 m,4100.0,
2001.0,6800-7000 m,4300.0,
2001.0,6800-7000 m,4500.0,
2001.0,6800-7000 m,4700.0,
2001.0,6800-7000 m,4900.0,
2001.0,6800-7000 m,5100.0,
2001.0,6800-7000 m,5300.0,
2001.0,6800-7000 m,5500.0,
2001.0,6800-7000 m,5700.0,
2001.0,6800-7000 m,5900.0,
2001.0,6800-7000 m,6100.0,
2001.0,6800-7000 m,6300.0,
2001.0,6800-7000 m,7100.0,
2001.0,7000-7200 m,3500.0,
2001.0,7000-7200 m,3700.0,
2001.0,7000-7200 m,3900.0,
2001.0,7000-7200 m,4100.0,
2001.0,7000-7200 m,4300.0,
2001.0,7000-7200 m,4500.0,
2001.0,7000-7200 m,4700.0,
2001.0,7000-7200 m,4900.0,
2001.0,7000-7200 m,5100.0,
2001.0,7000-7200 m,5300.0,
2001.0,7000-7200 m,5500.0,
2001.0,7000-7200 m,5700.0,
2001.0,7000-7200 m,5900.0,
2001.0,7000-7200 m,6100.0,
2001.0,7000-7200 m,6300.0,
2001.0,7000-7200 m,7100.0,19.47898678
2001.0,7200-7400 m,3500.0,
2001.0,7200-7400 m,3700.0,
2001.0,7200-7400 m,3900.0,
2001.0,7200-7400 m,4100.0,
2001.0,7200-7400 m,4300.0,
2001.0,7200-7400 m,4500.0,
2001.0,7200-7400 m,4700.0,
2001.0,7200-7400 m,4900.0,
2001.0,7200-7400 m,5100.0,
2001.0,7200-7400 m,5300.0,
2001.0,7200-7400 m,5500.0,
2001.0,7200-7400 m,5700.0,
2001.0,7200-7400 m,5900.0,
2001.0,7200-7400 m,6100.0,
2001.0,7200-7400 m,6300.0,
2001.0,7200-7400 m,7100.0,
2002.0,3400-3600 m,3500.0,-671.21201174951
2002.0,3400-3600 m,3700.0,
2002.0,3400-3600 m,3900.0,
2002.0,3400-3600 m,4100.0,
2002.0,3400-3600 m,4300.0,
2002.0,3400-3600 m,4500.0,
2002.0,3400-3600 m,4700.0,
2002.0,3400-3600 m,4900.0,
2002.0,3400-3600 m,5100.0,
2002.0,3400-3600 m,5300.0,
2002.0,3400-3600 m,5500.0,
2002.0,3400-3600 m,5700.0,
2002.0,3400-3600 m,5900.0,
2002.0,3400-3600 m,6100.0,
2002.0,3400-3600 m,6300.0,
2002.0,3400-3600 m,7100.0,
2002.0,3600-3800 m,3500.0,
2002.0,3600-3800 m,3700.0,-629.8577710141666
2002.0,3600-3800 m,3900.0,
2002.0,3600-3800 m,4100.0,
2002.0,3600-3800 m,4300.0,
2002.0,3600-3800 m,4500.0,
2002.0,3600-3800 m,4700.0,
2002.0,3600-3800 m,4900.0,
2002.0,3600-3800 m,5100.0,
2002.0,3600-3800 m,5300.0,
2002.0,3600-3800 m,5500.0,
2002.0,3600-3800 m,5700.0,
2002.0,3600-3800 m,5900.0,
2002.0,3600-3800 m,6100.0,
2002.0,3600-3800 m,6300.0,
2002.0,3600-3800 m,7100.0,
2002.0,3800-4000 m,3500.0,
2002.0,3800-4000 m,3700.0,
2002.0,3800-4000 m,3900.0,-378.8844207725727
2002.0,3800-4000 m,4100.0,
2002.0,3800-4000 m,4300.0,
2002.0,3800-4000 m,4500.0,
2002.0,3800-4000 m,4700.0,
2002.0,3800-4000 m,4900.0,
2002.0,3800-4000 m,5100.0,
2002.0,3800-4000 m,5300.0,
2002.0,3800-4000 m,5500.0,
2002.0,3800-4000 m,5700.0,
2002.0,3800-4000 m,5900.0,
2002.0,3800-4000 m,6100.0,
2002.0,3800-4000 m,6300.0,
2002.0,3800-4000 m,7100.0,
2002.0,4000-4200 m,3500.0,
2002.0,4000-4200 m,3700.0,
2002.0,4000-4200 m,3900.0,
2002.0,4000-4200 m,4100.0,-121.66082361318827
2002.0,4000-4200 m,4300.0,
2002.0,4000-4200 m,4500.0,
2002.0,4000-4200 m,4700.0,
2002.0,4000-4200 m,4900.0,
2002.0,4000-4200 m,5100.0,
2002.0,4000-4200 m,5300.0,
2002.0,4000-4200 m,5500.0,
2002.0,4000-4200 m,5700.0,
2002.0,4000-4200 m,5900.0,
2002.0,4000-4200 m,6100.0,
2002.0,4000-4200 m,6300.0,
2002.0,4000-4200 m,7100.0,
2002.0,4200-4400 m,3500.0,
2002.0,4200-4400 m,3700.0,
2002.0,4200-4400 m,3900.0,
2002.0,4200-4400 m,4100.0,
2002.0,4200-4400 m,4300.0,63.24127085584523
2002.0,4200-4400 m,4500.0,
2002.0,4200-4400 m,4700.0,
2002.0,4200-4400 m,4900.0,
2002.0,4200-4400 m,5100.0,
2002.0,4200-4400 m,5300.0,
2002.0,4200-4400 m,5500.0,
2002.0,4200-4400 m,5700.0,
2002.0,4200-4400 m,5900.0,
2002.0,4200-4400 m,6100.0,
2002.0,4200-4400 m,6300.0,
2002.0,4200-4400 m,7100.0,
2002.0,4400-4600 m,3500.0,
2002.0,4400-4600 m,3700.0,
2002.0,4400-4600 m,3900.0,
2002.0,4400-4600 m,4100.0,
2002.0,4400-4600 m,4300.0,
2002.0,4400-4600 m,4500.0,152.38250255887672
2002.0,4400-4600 m,4700.0,
2002.0,4400-4600 m,4900.0,
2002.0,4400-4600 m,5100.0,
2002.0,4400-4600 m,5300.0,
2002.0,4400-4600 m,5500.0,
2002.0,4400-4600 m,5700.0,
2002.0,4400-4600 m,5900.0,
2002.0,4400-4600 m,6100.0,
2002.0,4400-4600 m,6300.0,
2002.0,4400-4600 m,7100.0,
2002.0,4600-4800 m,3500.0,
2002.0,4600-4800 m,3700.0,
2002.0,4600-4800 m,3900.0,
2002.0,4600-4800 m,4100.0,
2002.0,4600-4800 m,4300.0,
2002.0,4600-4800 m,4500.0,
2002.0,4600-4800 m,4700.0,180.69215256813547
2002.0,4600-4800 m,4900.0,
2002.0,4600-4800 m,5100.0,
2002.0,4600-4800 m,5300.0,
2002.0,4600-4800 m,5500.0,
2002.0,4600-4800 m,5700.0,
2002.0,4600-4800 m,5900.0,
2002.0,4600-4800 m,6100.0,
2002.0,4600-4800 m,6300.0,
2002.0,4600-4800 m,7100.0,
2002.0,4800-5000 m,3500.0,
2002.0,4800-5000 m,3700.0,
2002.0,4800-5000 m,3900.0,
2002.0,4800-5000 m,4100.0,
2002.0,4800-5000 m,4300.0,
2002.0,4800-5000 m,4500.0,
2002.0,4800-5000 m,4700.0,
2002.0,4800-5000 m,4900.0,284.22443520463116
2002.0,4800-5000 m,5100.0,
2002.0,4800-5000 m,5300.0,
2002.0,4800-5000 m,5500.0,
2002.0,4800-5000 m,5700.0,
2002.0,4800-5000 m,5900.0,
2002.0,4800-5000 m,6100.0,
2002.0,4800-5000 m,6300.0,
2002.0,4800-5000 m,7100.0,
2002.0,5000-5200 m,3500.0,
2002.0,5000-5200 m,3700.0,
2002.0,5000-5200 m,3900.0,
2002.0,5000-5200 m,4100.0,
2002.0,5000-5200 m,4300.0,
2002.0,5000-5200 m,4500.0,
2002.0,5000-5200 m,4700.0,
2002.0,5000-5200 m,4900.0,
2002.0,5000-5200 m,5100.0,260.6459214017855
2002.0,5000-5200 m,5300.0,
2002.0,5000-5200 m,5500.0,
2002.0,5000-5200 m,5700.0,
2002.0,5000-5200 m,5900.0,
2002.0,5000-5200 m,6100.0,
2002.0,5000-5200 m,6300.0,
2002.0,5000-5200 m,7100.0,
2002.0,5200-5400 m,3500.0,
2002.0,5200-5400 m,3700.0,
2002.0,5200-5400 m,3900.0,
2002.0,5200-5400 m,4100.0,
2002.0,5200-5400 m,4300.0,
2002.0,5200-5400 m,4500.0,
2002.0,5200-5400 m,4700.0,
2002.0,5200-5400 m,4900.0,
2002.0,5200-5400 m,5100.0,
2002.0,5200-5400 m,5300.0,245.07664262791042
2002.0,5200-5400 m,5500.0,
2002.0,5200-5400 m,5700.0,
2002.0,5200-5400 m,5900.0,
2002.0,5200-5400 m,6100.0,
2002.0,5200-5400 m,6300.0,
2002.0,5200-5400 m,7100.0,
2002.0,5400-5600 m,3500.0,
2002.0,5400-5600 m,3700.0,
2002.0,5400-5600 m,3900.0,
2002.0,5400-5600 m,4100.0,
2002.0,5400-5600 m,4300.0,
2002.0,5400-5600 m,4500.0,
2002.0,5400-5600 m,4700.0,
2002.0,5400-5600 m,4900.0,
2002.0,5400-5600 m,5100.0,
2002.0,5400-5600 m,5300.0,
2002.0,5400-5600 m,5500.0,264.1813470446451
2002.0,5400-5600 m,5700.0,
2002.0,5400-5600 m,5900.0,
2002.0,5400-5600 m,6100.0,
2002.0,5400-5600 m,6300.0,
2002.0,5400-5600 m,7100.0,
2002.0,5600-5800 m,3500.0,
2002.0,5600-5800 m,3700.0,
2002.0,5600-5800 m,3900.0,
2002.0,5600-5800 m,4100.0,
2002.0,5600-5800 m,4300.0,
2002.0,5600-5800 m,4500.0,
2002.0,5600-5800 m,4700.0,
2002.0,5600-5800 m,4900.0,
2002.0,5600-5800 m,5100.0,
2002.0,5600-5800 m,5300.0,
2002.0,5600-5800 m,5500.0,
2002.0,5600-5800 m,5700.0,217.57874021294984
2002.0,5600-5800 m,5900.0,
2002.0,5600-5800 m,6100.0,
2002.0,5600-5800 m,6300.0,
2002.0,5600-5800 m,7100.0,
2002.0,5800-6000 m,3500.0,
2002.0,5800-6000 m,3700.0,
2002.0,5800-6000 m,3900.0,
2002.0,5800-6000 m,4100.0,
2002.0,5800-6000 m,4300.0,
2002.0,5800-6000 m,4500.0,
2002.0,5800-6000 m,4700.0,
2002.0,5800-6000 m,4900.0,
2002.0,5800-6000 m,5100.0,
2002.0,5800-6000 m,5300.0,
2002.0,5800-6000 m,5500.0,
2002.0,5800-6000 m,5700.0,
2002.0,5800-6000 m,5900.0,176.13190946877316
2002.0,5800-6000 m,6100.0,
2002.0,5800-6000 m,6300.0,
2002.0,5800-6000 m,7100.0,
2002.0,6000-6200 m,3500.0,
2002.0,6000-6200 m,3700.0,
2002.0,6000-6200 m,3900.0,
2002.0,6000-6200 m,4100.0,
2002.0,6000-6200 m,4300.0,
2002.0,6000-6200 m,4500.0,
2002.0,6000-6200 m,4700.0,
2002.0,6000-6200 m,4900.0,
2002.0,6000-6200 m,5100.0,
2002.0,6000-6200 m,5300.0,
2002.0,6000-6200 m,5500.0,
2002.0,6000-6200 m,5700.0,
2002.0,6000-6200 m,5900.0,
2002.0,6000-6200 m,6100.0,174.79210909392856
2002.0,6000-6200 m,6300.0,
2002.0,6000-6200 m,7100.0,
2002.0,6200-6400 m,3500.0,
2002.0,6200-6400 m,3700.0,
2002.0,6200-6400 m,3900.0,
2002.0,6200-6400 m,4100.0,
2002.0,6200-6400 m,4300.0,
2002.0,6200-6400 m,4500.0,
2002.0,6200-6400 m,4700.0,
2002.0,6200-6400 m,4900.0,
2002.0,6200-6400 m,5100.0,
2002.0,6200-6400 m,5300.0,
2002.0,6200-6400 m,5500.0,
2002.0,6200-6400 m,5700.0,
2002.0,6200-6400 m,5900.0,
2002.0,6200-6400 m,6100.0,
2002.0,6200-6400 m,6300.0,207.11625999466662
2002.0,6200-6400 m,7100.0,
2002.0,6400-6600 m,3500.0,
2002.0,6400-6600 m,3700.0,
2002.0,6400-6600 m,3900.0,
2002.0,6400-6600 m,4100.0,
2002.0,6400-6600 m,4300.0,
2002.0,6400-6600 m,4500.0,
2002.0,6400-6600 m,4700.0,
2002.0,6400-6600 m,4900.0,
2002.0,6400-6600 m,5100.0,
2002.0,6400-6600 m,5300.0,
2002.0,6400-6600 m,5500.0,
2002.0,6400-6600 m,5700.0,
2002.0,6400-6600 m,5900.0,
2002.0,6400-6600 m,6100.0,
2002.0,6400-6600 m,6300.0,
2002.0,6400-6600 m,7100.0,
2002.0,6600-6800 m,3500.0,
2002.0,6600-6800 m,3700.0,
2002.0,6600-6800 m,3900.0,
2002.0,6600-6800 m,4100.0,
2002.0,6600-6800 m,4300.0,
2002.0,6600-6800 m,4500.0,
2002.0,6600-6800 m,4700.0,
2002.0,6600-6800 m,4900.0,
2002.0,6600-6800 m,5100.0,
2002.0,6600-6800 m,5300.0,
2002.0,6600-6800 m,5500.0,
2002.0,6600-6800 m,5700.0,
2002.0,6600-6800 m,5900.0,
2002.0,6600-6800 m,6100.0,
2002.0,6600-6800 m,6300.0,
2002.0,6600-6800 m,7100.0,
2002.0,6800-7000 m,3500.0,
2002.0,6800-7000 m,3700.0,
2002.0,6800-7000 m,3900.0,
2002.0,6800-7000 m,4100.0,
2002.0,6800-7000 m,4300.0,
2002.0,6800-7000 m,4500.0,
2002.0,6800-7000 m,4700.0,
2002.0,6800-7000 m,4900.0,
2002.0,6800-7000 m,5100.0,
2002.0,6800-7000 m,5300.0,
2002.0,6800-7000 m,5500.0,
2002.0,6800-7000 m,5700.0,
2002.0,6800-7000 m,5900.0,
2002.0,6800-7000 m,6100.0,
2002.0,6800-7000 m,6300.0,
2002.0,6800-7000 m,7100.0,
2002.0,7000-7200 m,3500.0,
2002.0,7000-7200 m,3700.0,
2002.0,7000-7200 m,3900.0,
2002.0,7000-7200 m,4100.0,
2002.0,7000-7200 m,4300.0,
2002.0,7000-7200 m,4500.0,
2002.0,7000-7200 m,4700.0,
2002.0,7000-7200 m,4900.0,
2002.0,7000-7200 m,5100.0,
2002.0,7000-7200 m,5300.0,
2002.0,7000-7200 m,5500.0,
2002.0,7000-7200 m,5700.0,
2002.0,7000-7200 m,5900.0,
2002.0,7000-7200 m,6100.0,
2002.0,7000-7200 m,6300.0,
2002.0,7000-7200 m,7100.0,161.0182986
2002.0,7200-7400 m,3500.0,
2002.0,7200-7400 m,3700.0,
2002.0,7200-7400 m,3900.0,
2002.0,7200-7400 m,4100.0,
2002.0,7200-7400 m,4300.0,
2002.0,7200-7400 m,4500.0,
2002.0,7200-7400 m,4700.0,
2002.0,7200-7400 m,4900.0,
2002.0,7200-7400 m,5100.0,
2002.0,7200-7400 m,5300.0,
2002.0,7200-7400 m,5500.0,
2002.0,7200-7400 m,5700.0,
2002.0,7200-7400 m,5900.0,
2002.0,7200-7400 m,6100.0,
2002.0,7200-7400 m,6300.0,
2002.0,7200-7400 m,7100.0,
2003.0,3400-3600 m,3500.0,-395.0953492256431
2003.0,3400-3600 m,3700.0,
2003.0,3400-3600 m,3900.0,
2003.0,3400-3600 m,4100.0,
2003.0,3400-3600 m,4300.0,
2003.0,3400-3600 m,4500.0,
2003.0,3400-3600 m,4700.0,
2003.0,3400-3600 m,4900.0,
2003.0,3400-3600 m,5100.0,
2003.0,3400-3600 m,5300.0,
2003.0,3400-3600 m,5500.0,
2003.0,3400-3600 m,5700.0,
2003.0,3400-3600 m,5900.0,
2003.0,3400-3600 m,6100.0,
2003.0,3400-3600 m,6300.0,
2003.0,3400-3600 m,7100.0,
2003.0,3600-3800 m,3500.0,
2003.0,3600-3800 m,3700.0,-128.26230574308713
2003.0,3600-3800 m,3900.0,
2003.0,3600-3800 m,4100.0,
2003.0,3600-3800 m,4300.0,
2003.0,3600-3800 m,4500.0,
2003.0,3600-3800 m,4700.0,
2003.0,3600-3800 m,4900.0,
2003.0,3600-3800 m,5100.0,
2003.0,3600-3800 m,5300.0,
2003.0,3600-3800 m,5500.0,
2003.0,3600-3800 m,5700.0,
2003.0,3600-3800 m,5900.0,
2003.0,3600-3800 m,6100.0,
2003.0,3600-3800 m,6300.0,
2003.0,3600-3800 m,7100.0,
2003.0,3800-4000 m,3500.0,
2003.0,3800-4000 m,3700.0,
2003.0,3800-4000 m,3900.0,191.02675715723413
2003.0,3800-4000 m,4100.0,
2003.0,3800-4000 m,4300.0,
2003.0,3800-4000 m,4500.0,
2003.0,3800-4000 m,4700.0,
2003.0,3800-4000 m,4900.0,
2003.0,3800-4000 m,5100.0,
2003.0,3800-4000 m,5300.0,
2003.0,3800-4000 m,5500.0,
2003.0,3800-4000 m,5700.0,
2003.0,3800-4000 m,5900.0,
2003.0,3800-4000 m,6100.0,
2003.0,3800-4000 m,6300.0,
2003.0,3800-4000 m,7100.0,
2003.0,4000-4200 m,3500.0,
2003.0,4000-4200 m,3700.0,
2003.0,4000-4200 m,3900.0,
2003.0,4000-4200 m,4100.0,518.4570199746514
2003.0,4000-4200 m,4300.0,
2003.0,4000-4200 m,4500.0,
2003.0,4000-4200 m,4700.0,
2003.0,4000-4200 m,4900.0,
2003.0,4000-4200 m,5100.0,
2003.0,4000-4200 m,5300.0,
2003.0,4000-4200 m,5500.0,
2003.0,4000-4200 m,5700.0,
2003.0,4000-4200 m,5900.0,
2003.0,4000-4200 m,6100.0,
2003.0,4000-4200 m,6300.0,
2003.0,4000-4200 m,7100.0,
2003.0,4200-4400 m,3500.0,
2003.0,4200-4400 m,3700.0,
2003.0,4200-4400 m,3900.0,
2003.0,4200-4400 m,4100.0,
2003.0,4200-4400 m,4300.0,715.70288788495
2003.0,4200-4400 m,4500.0,
2003.0,4200-4400 m,4700.0,
2003.0,4200-4400 m,4900.0,
2003.0,4200-4400 m,5100.0,
2003.0,4200-4400 m,5300.0,
2003.0,4200-4400 m,5500.0,
2003.0,4200-4400 m,5700.0,
2003.0,4200-4400 m,5900.0,
2003.0,4200-4400 m,6100.0,
2003.0,4200-4400 m,6300.0,
2003.0,4200-4400 m,7100.0,
2003.0,4400-4600 m,3500.0,
2003.0,4400-4600 m,3700.0,
2003.0,4400-4600 m,3900.0,
2003.0,4400-4600 m,4100.0,
2003.0,4400-4600 m,4300.0,
2003.0,4400-4600 m,4500.0,852.2884485363095
2003.0,4400-4600 m,4700.0,
2003.0,4400-4600 m,4900.0,
2003.0,4400-4600 m,5100.0,
2003.0,4400-4600 m,5300.0,
2003.0,4400-4600 m,5500.0,
2003.0,4400-4600 m,5700.0,
2003.0,4400-4600 m,5900.0,
2003.0,4400-4600 m,6100.0,
2003.0,4400-4600 m,6300.0,
2003.0,4400-4600 m,7100.0,
2003.0,4600-4800 m,3500.0,
2003.0,4600-4800 m,3700.0,
2003.0,4600-4800 m,3900.0,
2003.0,4600-4800 m,4100.0,
2003.0,4600-4800 m,4300.0,
2003.0,4600-4800 m,4500.0,
2003.0,4600-4800 m,4700.0,934.6822428958535
2003.0,4600-4800 m,4900.0,
2003.0,4600-4800 m,5100.0,
2003.0,4600-4800 m,5300.0,
2003.0,4600-4800 m,5500.0,
2003.0,4600-4800 m,5700.0,
2003.0,4600-4800 m,5900.0,
2003.0,4600-4800 m,6100.0,
2003.0,4600-4800 m,6300.0,
2003.0,4600-4800 m,7100.0,
2003.0,4800-5000 m,3500.0,
2003.0,4800-5000 m,3700.0,
2003.0,4800-5000 m,3900.0,
2003.0,4800-5000 m,4100.0,
2003.0,4800-5000 m,4300.0,
2003.0,4800-5000 m,4500.0,
2003.0,4800-5000 m,4700.0,
2003.0,4800-5000 m,4900.0,652.7104904728085
2003.0,4800-5000 m,5100.0,
2003.0,4800-5000 m,5300.0,
2003.0,4800-5000 m,5500.0,
2003.0,4800-5000 m,5700.0,
2003.0,4800-5000 m,5900.0,
2003.0,4800-5000 m,6100.0,
2003.0,4800-5000 m,6300.0,
2003.0,4800-5000 m,7100.0,
2003.0,5000-5200 m,3500.0,
2003.0,5000-5200 m,3700.0,
2003.0,5000-5200 m,3900.0,
2003.0,5000-5200 m,4100.0,
2003.0,5000-5200 m,4300.0,
2003.0,5000-5200 m,4500.0,
2003.0,5000-5200 m,4700.0,
2003.0,5000-5200 m,4900.0,
2003.0,5000-5200 m,5100.0,562.9909998975384
2003.0,5000-5200 m,5300.0,
2003.0,5000-5200 m,5500.0,
2003.0,5000-5200 m,5700.0,
2003.0,5000-5200 m,5900.0,
2003.0,5000-5200 m,6100.0,
2003.0,5000-5200 m,6300.0,
2003.0,5000-5200 m,7100.0,
2003.0,5200-5400 m,3500.0,
2003.0,5200-5400 m,3700.0,
2003.0,5200-5400 m,3900.0,
2003.0,5200-5400 m,4100.0,
2003.0,5200-5400 m,4300.0,
2003.0,5200-5400 m,4500.0,
2003.0,5200-5400 m,4700.0,
2003.0,5200-5400 m,4900.0,
2003.0,5200-5400 m,5100.0,
2003.0,5200-5400 m,5300.0,513.2661052877876
2003.0,5200-5400 m,5500.0,
2003.0,5200-5400 m,5700.0,
2003.0,5200-5400 m,5900.0,
2003.0,5200-5400 m,6100.0,
2003.0,5200-5400 m,6300.0,
2003.0,5200-5400 m,7100.0,
2003.0,5400-5600 m,3500.0,
2003.0,5400-5600 m,3700.0,
2003.0,5400-5600 m,3900.0,
2003.0,5400-5600 m,4100.0,
2003.0,5400-5600 m,4300.0,
2003.0,5400-5600 m,4500.0,
2003.0,5400-5600 m,4700.0,
2003.0,5400-5600 m,4900.0,
2003.0,5400-5600 m,5100.0,
2003.0,5400-5600 m,5300.0,
2003.0,5400-5600 m,5500.0,427.3610949459301
2003.0,5400-5600 m,5700.0,
2003.0,5400-5600 m,5900.0,
2003.0,5400-5600 m,6100.0,
2003.0,5400-5600 m,6300.0,
2003.0,5400-5600 m,7100.0,
2003.0,5600-5800 m,3500.0,
2003.0,5600-5800 m,3700.0,
2003.0,5600-5800 m,3900.0,
2003.0,5600-5800 m,4100.0,
2003.0,5600-5800 m,4300.0,
2003.0,5600-5800 m,4500.0,
2003.0,5600-5800 m,4700.0,
2003.0,5600-5800 m,4900.0,
2003.0,5600-5800 m,5100.0,
2003.0,5600-5800 m,5300.0,
2003.0,5600-5800 m,5500.0,
2003.0,5600-5800 m,5700.0,378.9051646488284
2003.0,5600-5800 m,5900.0,
2003.0,5600-5800 m,6100.0,
2003.0,5600-5800 m,6300.0,
2003.0,5600-5800 m,7100.0,
2003.0,5800-6000 m,3500.0,
2003.0,5800-6000 m,3700.0,
2003.0,5800-6000 m,3900.0,
2003.0,5800-6000 m,4100.0,
2003.0,5800-6000 m,4300.0,
2003.0,5800-6000 m,4500.0,
2003.0,5800-6000 m,4700.0,
2003.0,5800-6000 m,4900.0,
2003.0,5800-6000 m,5100.0,
2003.0,5800-6000 m,5300.0,
2003.0,5800-6000 m,5500.0,
2003.0,5800-6000 m,5700.0,
2003.0,5800-6000 m,5900.0,324.8546370815189
2003.0,5800-6000 m,6100.0,
2003.0,5800-6000 m,6300.0,
2003.0,5800-6000 m,7100.0,
2003.0,6000-6200 m,3500.0,
2003.0,6000-6200 m,3700.0,
2003.0,6000-6200 m,3900.0,
2003.0,6000-6200 m,4100.0,
2003.0,6000-6200 m,4300.0,
2003.0,6000-6200 m,4500.0,
2003.0,6000-6200 m,4700.0,
2003.0,6000-6200 m,4900.0,
2003.0,6000-6200 m,5100.0,
2003.0,6000-6200 m,5300.0,
2003.0,6000-6200 m,5500.0,
2003.0,6000-6200 m,5700.0,
2003.0,6000-6200 m,5900.0,
2003.0,6000-6200 m,6100.0,207.60180077
2003.0,6000-6200 m,6300.0,
2003.0,6000-6200 m,7100.0,
2003.0,6200-6400 m,3500.0,
2003.0,6200-6400 m,3700.0,
2003.0,6200-6400 m,3900.0,
2003.0,6200-6400 m,4100.0,
2003.0,6200-6400 m,4300.0,
2003.0,6200-6400 m,4500.0,
2003.0,6200-6400 m,4700.0,
2003.0,6200-6400 m,4900.0,
2003.0,6200-6400 m,5100.0,
2003.0,6200-6400 m,5300.0,
2003.0,6200-6400 m,5500.0,
2003.0,6200-6400 m,5700.0,
2003.0,6200-6400 m,5900.0,
2003.0,6200-6400 m,6100.0,
2003.0,6200-6400 m,6300.0,284.5749630794445
2003.0,6200-6400 m,7100.0,
2003.0,6400-6600 m,3500.0,
2003.0,6400-6600 m,3700.0,
2003.0,6400-6600 m,3900.0,
2003.0,6400-6600 m,4100.0,
2003.0,6400-6600 m,4300.0,
2003.0,6400-6600 m,4500.0,
2003.0,6400-6600 m,4700.0,
2003.0,6400-6600 m,4900.0,
2003.0,6400-6600 m,5100.0,
2003.0,6400-6600 m,5300.0,
2003.0,6400-6600 m,5500.0,
2003.0,6400-6600 m,5700.0,
2003.0,6400-6600 m,5900.0,
2003.0,6400-6600 m,6100.0,
2003.0,6400-6600 m,6300.0,
2003.0,6400-6600 m,7100.0,
2003.0,6600-6800 m,3500.0,
2003.0,6600-6800 m,3700.0,
2003.0,6600-6800 m,3900.0,
2003.0,6600-6800 m,4100.0,
2003.0,6600-6800 m,4300.0,
2003.0,6600-6800 m,4500.0,
2003.0,6600-6800 m,4700.0,
2003.0,6600-6800 m,4900.0,
2003.0,6600-6800 m,5100.0,
2003.0,6600-6800 m,5300.0,
2003.0,6600-6800 m,5500.0,
2003.0,6600-6800 m,5700.0,
2003.0,6600-6800 m,5900.0,
2003.0,6600-6800 m,6100.0,
2003.0,6600-6800 m,6300.0,
2003.0,6600-6800 m,7100.0,
2003.0,6800-7000 m,3500.0,
2003.0,6800-7000 m,3700.0,
2003.0,6800-7000 m,3900.0,
2003.0,6800-7000 m,4100.0,
2003.0,6800-7000 m,4300.0,
2003.0,6800-7000 m,4500.0,
2003.0,6800-7000 m,4700.0,
2003.0,6800-7000 m,4900.0,
2003.0,6800-7000 m,5100.0,
2003.0,6800-7000 m,5300.0,
2003.0,6800-7000 m,5500.0,
2003.0,6800-7000 m,5700.0,
2003.0,6800-7000 m,5900.0,
2003.0,6800-7000 m,6100.0,
2003.0,6800-7000 m,6300.0,
2003.0,6800-7000 m,7100.0,
2003.0,7000-7200 m,3500.0,
2003.0,7000-7200 m,3700.0,
2003.0,7000-7200 m,3900.0,
2003.0,7000-7200 m,4100.0,
2003.0,7000-7200 m,4300.0,
2003.0,7000-7200 m,4500.0,
2003.0,7000-7200 m,4700.0,
2003.0,7000-7200 m,4900.0,
2003.0,7000-7200 m,5100.0,
2003.0,7000-7200 m,5300.0,
2003.0,7000-7200 m,5500.0,
2003.0,7000-7200 m,5700.0,
2003.0,7000-7200 m,5900.0,
2003.0,7000-7200 m,6100.0,
2003.0,7000-7200 m,6300.0,
2003.0,7000-7200 m,7100.0,429.37448919999997
2003.0,7200-7400 m,3500.0,
2003.0,7200-7400 m,3700.0,
2003.0,7200-7400 m,3900.0,
2003.0,7200-7400 m,4100.0,
2003.0,7200-7400 m,4300.0,
2003.0,7200-7400 m,4500.0,
2003.0,7200-7400 m,4700.0,
2003.0,7200-7400 m,4900.0,
2003.0,7200-7400 m,5100.0,
2003.0,7200-7400 m,5300.0,
2003.0,7200-7400 m,5500.0,
2003.0,7200-7400 m,5700.0,
2003.0,7200-7400 m,5900.0,
2003.0,7200-7400 m,6100.0,
2003.0,7200-7400 m,6300.0,
2003.0,7200-7400 m,7100.0,
2004.0,3400-3600 m,3500.0,-722.1012418012291
2004.0,3400-3600 m,3700.0,
2004.0,3400-3600 m,3900.0,
2004.0,3400-3600 m,4100.0,
2004.0,3400-3600 m,4300.0,
2004.0,3400-3600 m,4500.0,
2004.0,3400-3600 m,4700.0,
2004.0,3400-3600 m,4900.0,
2004.0,3400-3600 m,5100.0,
2004.0,3400-3600 m,5300.0,
2004.0,3400-3600 m,5500.0,
2004.0,3400-3600 m,5700.0,
2004.0,3400-3600 m,5900.0,
2004.0,3400-3600 m,6100.0,
2004.0,3400-3600 m,6300.0,
2004.0,3400-3600 m,7100.0,
2004.0,3600-3800 m,3500.0,
2004.0,3600-3800 m,3700.0,-555.6578196427345
2004.0,3600-3800 m,3900.0,
2004.0,3600-3800 m,4100.0,
2004.0,3600-3800 m,4300.0,
2004.0,3600-3800 m,4500.0,
2004.0,3600-3800 m,4700.0,
2004.0,3600-3800 m,4900.0,
2004.0,3600-3800 m,5100.0,
2004.0,3600-3800 m,5300.0,
2004.0,3600-3800 m,5500.0,
2004.0,3600-3800 m,5700.0,
2004.0,3600-3800 m,5900.0,
2004.0,3600-3800 m,6100.0,
2004.0,3600-3800 m,6300.0,
2004.0,3600-3800 m,7100.0,
2004.0,3800-4000 m,3500.0,
2004.0,3800-4000 m,3700.0,
2004.0,3800-4000 m,3900.0,-354.15537576371474
2004.0,3800-4000 m,4100.0,
2004.0,3800-4000 m,4300.0,
2004.0,3800-4000 m,4500.0,
2004.0,3800-4000 m,4700.0,
2004.0,3800-4000 m,4900.0,
2004.0,3800-4000 m,5100.0,
2004.0,3800-4000 m,5300.0,
2004.0,3800-4000 m,5500.0,
2004.0,3800-4000 m,5700.0,
2004.0,3800-4000 m,5900.0,
2004.0,3800-4000 m,6100.0,
2004.0,3800-4000 m,6300.0,
2004.0,3800-4000 m,7100.0,
2004.0,4000-4200 m,3500.0,
2004.0,4000-4200 m,3700.0,
2004.0,4000-4200 m,3900.0,
2004.0,4000-4200 m,4100.0,-116.20998318854029
2004.0,4000-4200 m,4300.0,
2004.0,4000-4200 m,4500.0,
2004.0,4000-4200 m,4700.0,
2004.0,4000-4200 m,4900.0,
2004.0,4000-4200 m,5100.0,
2004.0,4000-4200 m,5300.0,
2004.0,4000-4200 m,5500.0,
2004.0,4000-4200 m,5700.0,
2004.0,4000-4200 m,5900.0,
2004.0,4000-4200 m,6100.0,
2004.0,4000-4200 m,6300.0,
2004.0,4000-4200 m,7100.0,
2004.0,4200-4400 m,3500.0,
2004.0,4200-4400 m,3700.0,
2004.0,4200-4400 m,3900.0,
2004.0,4200-4400 m,4100.0,
2004.0,4200-4400 m,4300.0,54.14570030391617
2004.0,4200-4400 m,4500.0,
2004.0,4200-4400 m,4700.0,
2004.0,4200-4400 m,4900.0,
2004.0,4200-4400 m,5100.0,
2004.0,4200-4400 m,5300.0,
2004.0,4200-4400 m,5500.0,
2004.0,4200-4400 m,5700.0,
2004.0,4200-4400 m,5900.0,
2004.0,4200-4400 m,6100.0,
2004.0,4200-4400 m,6300.0,
2004.0,4200-4400 m,7100.0,
2004.0,4400-4600 m,3500.0,
2004.0,4400-4600 m,3700.0,
2004.0,4400-4600 m,3900.0,
2004.0,4400-4600 m,4100.0,
2004.0,4400-4600 m,4300.0,
2004.0,4400-4600 m,4500.0,247.54108880545635
2004.0,4400-4600 m,4700.0,
2004.0,4400-4600 m,4900.0,
2004.0,4400-4600 m,5100.0,
2004.0,4400-4600 m,5300.0,
2004.0,4400-4600 m,5500.0,
2004.0,4400-4600 m,5700.0,
2004.0,4400-4600 m,5900.0,
2004.0,4400-4600 m,6100.0,
2004.0,4400-4600 m,6300.0,
2004.0,4400-4600 m,7100.0,
2004.0,4600-4800 m,3500.0,
2004.0,4600-4800 m,3700.0,
2004.0,4600-4800 m,3900.0,
2004.0,4600-4800 m,4100.0,
2004.0,4600-4800 m,4300.0,
2004.0,4600-4800 m,4500.0,
2004.0,4600-4800 m,4700.0,379.1679135720819
2004.0,4600-4800 m,4900.0,
2004.0,4600-4800 m,5100.0,
2004.0,4600-4800 m,5300.0,
2004.0,4600-4800 m,5500.0,
2004.0,4600-4800 m,5700.0,
2004.0,4600-4800 m,5900.0,
2004.0,4600-4800 m,6100.0,
2004.0,4600-4800 m,6300.0,
2004.0,4600-4800 m,7100.0,
2004.0,4800-5000 m,3500.0,
2004.0,4800-5000 m,3700.0,
2004.0,4800-5000 m,3900.0,
2004.0,4800-5000 m,4100.0,
2004.0,4800-5000 m,4300.0,
2004.0,4800-5000 m,4500.0,
2004.0,4800-5000 m,4700.0,
2004.0,4800-5000 m,4900.0,339.7195858720241
2004.0,4800-5000 m,5100.0,
2004.0,4800-5000 m,5300.0,
2004.0,4800-5000 m,5500.0,
2004.0,4800-5000 m,5700.0,
2004.0,4800-5000 m,5900.0,
2004.0,4800-5000 m,6100.0,
2004.0,4800-5000 m,6300.0,
2004.0,4800-5000 m,7100.0,
2004.0,5000-5200 m,3500.0,
2004.0,5000-5200 m,3700.0,
2004.0,5000-5200 m,3900.0,
2004.0,5000-5200 m,4100.0,
2004.0,5000-5200 m,4300.0,
2004.0,5000-5200 m,4500.0,
2004.0,5000-5200 m,4700.0,
2004.0,5000-5200 m,4900.0,
2004.0,5000-5200 m,5100.0,303.8698096705
2004.0,5000-5200 m,5300.0,
2004.0,5000-5200 m,5500.0,
2004.0,5000-5200 m,5700.0,
2004.0,5000-5200 m,5900.0,
2004.0,5000-5200 m,6100.0,
2004.0,5000-5200 m,6300.0,
2004.0,5000-5200 m,7100.0,
2004.0,5200-5400 m,3500.0,
2004.0,5200-5400 m,3700.0,
2004.0,5200-5400 m,3900.0,
2004.0,5200-5400 m,4100.0,
2004.0,5200-5400 m,4300.0,
2004.0,5200-5400 m,4500.0,
2004.0,5200-5400 m,4700.0,
2004.0,5200-5400 m,4900.0,
2004.0,5200-5400 m,5100.0,
2004.0,5200-5400 m,5300.0,240.97818304747534
2004.0,5200-5400 m,5500.0,
2004.0,5200-5400 m,5700.0,
2004.0,5200-5400 m,5900.0,
2004.0,5200-5400 m,6100.0,
2004.0,5200-5400 m,6300.0,
2004.0,5200-5400 m,7100.0,
2004.0,5400-5600 m,3500.0,
2004.0,5400-5600 m,3700.0,
2004.0,5400-5600 m,3900.0,
2004.0,5400-5600 m,4100.0,
2004.0,5400-5600 m,4300.0,
2004.0,5400-5600 m,4500.0,
2004.0,5400-5600 m,4700.0,
2004.0,5400-5600 m,4900.0,
2004.0,5400-5600 m,5100.0,
2004.0,5400-5600 m,5300.0,
2004.0,5400-5600 m,5500.0,201.24182706751668
2004.0,5400-5600 m,5700.0,
2004.0,5400-5600 m,5900.0,
2004.0,5400-5600 m,6100.0,
2004.0,5400-5600 m,6300.0,
2004.0,5400-5600 m,7100.0,
2004.0,5600-5800 m,3500.0,
2004.0,5600-5800 m,3700.0,
2004.0,5600-5800 m,3900.0,
2004.0,5600-5800 m,4100.0,
2004.0,5600-5800 m,4300.0,
2004.0,5600-5800 m,4500.0,
2004.0,5600-5800 m,4700.0,
2004.0,5600-5800 m,4900.0,
2004.0,5600-5800 m,5100.0,
2004.0,5600-5800 m,5300.0,
2004.0,5600-5800 m,5500.0,
2004.0,5600-5800 m,5700.0,154.52633673243676
2004.0,5600-5800 m,5900.0,
2004.0,5600-5800 m,6100.0,
2004.0,5600-5800 m,6300.0,
2004.0,5600-5800 m,7100.0,
2004.0,5800-6000 m,3500.0,
2004.0,5800-6000 m,3700.0,
2004.0,5800-6000 m,3900.0,
2004.0,5800-6000 m,4100.0,
2004.0,5800-6000 m,4300.0,
2004.0,5800-6000 m,4500.0,
2004.0,5800-6000 m,4700.0,
2004.0,5800-6000 m,4900.0,
2004.0,5800-6000 m,5100.0,
2004.0,5800-6000 m,5300.0,
2004.0,5800-6000 m,5500.0,
2004.0,5800-6000 m,5700.0,
2004.0,5800-6000 m,5900.0,103.5742643223969
2004.0,5800-6000 m,6100.0,
2004.0,5800-6000 m,6300.0,
2004.0,5800-6000 m,7100.0,
2004.0,6000-6200 m,3500.0,
2004.0,6000-6200 m,3700.0,
2004.0,6000-6200 m,3900.0,
2004.0,6000-6200 m,4100.0,
2004.0,6000-6200 m,4300.0,
2004.0,6000-6200 m,4500.0,
2004.0,6000-6200 m,4700.0,
2004.0,6000-6200 m,4900.0,
2004.0,6000-6200 m,5100.0,
2004.0,6000-6200 m,5300.0,
2004.0,6000-6200 m,5500.0,
2004.0,6000-6200 m,5700.0,
2004.0,6000-6200 m,5900.0,
2004.0,6000-6200 m,6100.0,2.584440498285709
2004.0,6000-6200 m,6300.0,
2004.0,6000-6200 m,7100.0,
2004.0,6200-6400 m,3500.0,
2004.0,6200-6400 m,3700.0,
2004.0,6200-6400 m,3900.0,
2004.0,6200-6400 m,4100.0,
2004.0,6200-6400 m,4300.0,
2004.0,6200-6400 m,4500.0,
2004.0,6200-6400 m,4700.0,
2004.0,6200-6400 m,4900.0,
2004.0,6200-6400 m,5100.0,
2004.0,6200-6400 m,5300.0,
2004.0,6200-6400 m,5500.0,
2004.0,6200-6400 m,5700.0,
2004.0,6200-6400 m,5900.0,
2004.0,6200-6400 m,6100.0,
2004.0,6200-6400 m,6300.0,93.18228314000001
2004.0,6200-6400 m,7100.0,
2004.0,6400-6600 m,3500.0,
2004.0,6400-6600 m,3700.0,
2004.0,6400-6600 m,3900.0,
2004.0,6400-6600 m,4100.0,
2004.0,6400-6600 m,4300.0,
2004.0,6400-6600 m,4500.0,
2004.0,6400-6600 m,4700.0,
2004.0,6400-6600 m,4900.0,
2004.0,6400-6600 m,5100.0,
2004.0,6400-6600 m,5300.0,
2004.0,6400-6600 m,5500.0,
2004.0,6400-6600 m,5700.0,
2004.0,6400-6600 m,5900.0,
2004.0,6400-6600 m,6100.0,
2004.0,6400-6600 m,6300.0,
2004.0,6400-6600 m,7100.0,
2004.0,6600-6800 m,3500.0,
2004.0,6600-6800 m,3700.0,
2004.0,6600-6800 m,3900.0,
2004.0,6600-6800 m,4100.0,
2004.0,6600-6800 m,4300.0,
2004.0,6600-6800 m,4500.0,
2004.0,6600-6800 m,4700.0,
2004.0,6600-6800 m,4900.0,
2004.0,6600-6800 m,5100.0,
2004.0,6600-6800 m,5300.0,
2004.0,6600-6800 m,5500.0,
2004.0,6600-6800 m,5700.0,
2004.0,6600-6800 m,5900.0,
2004.0,6600-6800 m,6100.0,
2004.0,6600-6800 m,6300.0,
2004.0,6600-6800 m,7100.0,
2004.0,6800-7000 m,3500.0,
2004.0,6800-7000 m,3700.0,
2004.0,6800-7000 m,3900.0,
2004.0,6800-7000 m,4100.0,
2004.0,6800-7000 m,4300.0,
2004.0,6800-7000 m,4500.0,
2004.0,6800-7000 m,4700.0,
2004.0,6800-7000 m,4900.0,
2004.0,6800-7000 m,5100.0,
2004.0,6800-7000 m,5300.0,
2004.0,6800-7000 m,5500.0,
2004.0,6800-7000 m,5700.0,
2004.0,6800-7000 m,5900.0,
2004.0,6800-7000 m,6100.0,
2004.0,6800-7000 m,6300.0,
2004.0,6800-7000 m,7100.0,
2004.0,7000-7200 m,3500.0,
2004.0,7000-7200 m,3700.0,
2004.0,7000-7200 m,3900.0,
2004.0,7000-7200 m,4100.0,
2004.0,7000-7200 m,4300.0,
2004.0,7000-7200 m,4500.0,
2004.0,7000-7200 m,4700.0,
2004.0,7000-7200 m,4900.0,
2004.0,7000-7200 m,5100.0,
2004.0,7000-7200 m,5300.0,
2004.0,7000-7200 m,5500.0,
2004.0,7000-7200 m,5700.0,
2004.0,7000-7200 m,5900.0,
2004.0,7000-7200 m,6100.0,
2004.0,7000-7200 m,6300.0,
2004.0,7000-7200 m,7100.0,261.6322039
2004.0,7200-7400 m,3500.0,
2004.0,7200-7400 m,3700.0,
2004.0,7200-7400 m,3900.0,
2004.0,7200-7400 m,4100.0,
2004.0,7200-7400 m,4300.0,
2004.0,7200-7400 m,4500.0,
2004.0,7200-7400 m,4700.0,
2004.0,7200-7400 m,4900.0,
2004.0,7200-7400 m,5100.0,
2004.0,7200-7400 m,5300.0,
2004.0,7200-7400 m,5500.0,
2004.0,7200-7400 m,5700.0,
2004.0,7200-7400 m,5900.0,
2004.0,7200-7400 m,6100.0,
2004.0,7200-7400 m,6300.0,
2004.0,7200-7400 m,7100.0,
2005.0,3400-3600 m,3500.0,-889.0153858904024
2005.0,3400-3600 m,3700.0,
2005.0,3400-3600 m,3900.0,
2005.0,3400-3600 m,4100.0,
2005.0,3400-3600 m,4300.0,
2005.0,3400-3600 m,4500.0,
2005.0,3400-3600 m,4700.0,
2005.0,3400-3600 m,4900.0,
2005.0,3400-3600 m,5100.0,
2005.0,3400-3600 m,5300.0,
2005.0,3400-3600 m,5500.0,
2005.0,3400-3600 m,5700.0,
2005.0,3400-3600 m,5900.0,
2005.0,3400-3600 m,6100.0,
2005.0,3400-3600 m,6300.0,
2005.0,3400-3600 m,7100.0,
2005.0,3600-3800 m,3500.0,
2005.0,3600-3800 m,3700.0,-676.3338771826205
2005.0,3600-3800 m,3900.0,
2005.0,3600-3800 m,4100.0,
2005.0,3600-3800 m,4300.0,
2005.0,3600-3800 m,4500.0,
2005.0,3600-3800 m,4700.0,
2005.0,3600-3800 m,4900.0,
2005.0,3600-3800 m,5100.0,
2005.0,3600-3800 m,5300.0,
2005.0,3600-3800 m,5500.0,
2005.0,3600-3800 m,5700.0,
2005.0,3600-3800 m,5900.0,
2005.0,3600-3800 m,6100.0,
2005.0,3600-3800 m,6300.0,
2005.0,3600-3800 m,7100.0,
2005.0,3800-4000 m,3500.0,
2005.0,3800-4000 m,3700.0,
2005.0,3800-4000 m,3900.0,-513.3126151501305
2005.0,3800-4000 m,4100.0,
2005.0,3800-4000 m,4300.0,
2005.0,3800-4000 m,4500.0,
2005.0,3800-4000 m,4700.0,
2005.0,3800-4000 m,4900.0,
2005.0,3800-4000 m,5100.0,
2005.0,3800-4000 m,5300.0,
2005.0,3800-4000 m,5500.0,
2005.0,3800-4000 m,5700.0,
2005.0,3800-4000 m,5900.0,
2005.0,3800-4000 m,6100.0,
2005.0,3800-4000 m,6300.0,
2005.0,3800-4000 m,7100.0,
2005.0,4000-4200 m,3500.0,
2005.0,4000-4200 m,3700.0,
2005.0,4000-4200 m,3900.0,
2005.0,4000-4200 m,4100.0,-318.61373874109546
2005.0,4000-4200 m,4300.0,
2005.0,4000-4200 m,4500.0,
2005.0,4000-4200 m,4700.0,
2005.0,4000-4200 m,4900.0,
2005.0,4000-4200 m,5100.0,
2005.0,4000-4200 m,5300.0,
2005.0,4000-4200 m,5500.0,
2005.0,4000-4200 m,5700.0,
2005.0,4000-4200 m,5900.0,
2005.0,4000-4200 m,6100.0,
2005.0,4000-4200 m,6300.0,
2005.0,4000-4200 m,7100.0,
2005.0,4200-4400 m,3500.0,
2005.0,4200-4400 m,3700.0,
2005.0,4200-4400 m,3900.0,
2005.0,4200-4400 m,4100.0,
2005.0,4200-4400 m,4300.0,-85.52603200093975
2005.0,4200-4400 m,4500.0,
2005.0,4200-4400 m,4700.0,
2005.0,4200-4400 m,4900.0,
2005.0,4200-4400 m,5100.0,
2005.0,4200-4400 m,5300.0,
2005.0,4200-4400 m,5500.0,
2005.0,4200-4400 m,5700.0,
2005.0,4200-4400 m,5900.0,
2005.0,4200-4400 m,6100.0,
2005.0,4200-4400 m,6300.0,
2005.0,4200-4400 m,7100.0,
2005.0,4400-4600 m,3500.0,
2005.0,4400-4600 m,3700.0,
2005.0,4400-4600 m,3900.0,
2005.0,4400-4600 m,4100.0,
2005.0,4400-4600 m,4300.0,
2005.0,4400-4600 m,4500.0,133.9082542603488
2005.0,4400-4600 m,4700.0,
2005.0,4400-4600 m,4900.0,
2005.0,4400-4600 m,5100.0,
2005.0,4400-4600 m,5300.0,
2005.0,4400-4600 m,5500.0,
2005.0,4400-4600 m,5700.0,
2005.0,4400-4600 m,5900.0,
2005.0,4400-4600 m,6100.0,
2005.0,4400-4600 m,6300.0,
2005.0,4400-4600 m,7100.0,
2005.0,4600-4800 m,3500.0,
2005.0,4600-4800 m,3700.0,
2005.0,4600-4800 m,3900.0,
2005.0,4600-4800 m,4100.0,
2005.0,4600-4800 m,4300.0,
2005.0,4600-4800 m,4500.0,
2005.0,4600-4800 m,4700.0,201.01546670721373
2005.0,4600-4800 m,4900.0,
2005.0,4600-4800 m,5100.0,
2005.0,4600-4800 m,5300.0,
2005.0,4600-4800 m,5500.0,
2005.0,4600-4800 m,5700.0,
2005.0,4600-4800 m,5900.0,
2005.0,4600-4800 m,6100.0,
2005.0,4600-4800 m,6300.0,
2005.0,4600-4800 m,7100.0,
2005.0,4800-5000 m,3500.0,
2005.0,4800-5000 m,3700.0,
2005.0,4800-5000 m,3900.0,
2005.0,4800-5000 m,4100.0,
2005.0,4800-5000 m,4300.0,
2005.0,4800-5000 m,4500.0,
2005.0,4800-5000 m,4700.0,
2005.0,4800-5000 m,4900.0,383.6586489178669
2005.0,4800-5000 m,5100.0,
2005.0,4800-5000 m,5300.0,
2005.0,4800-5000 m,5500.0,
2005.0,4800-5000 m,5700.0,
2005.0,4800-5000 m,5900.0,
2005.0,4800-5000 m,6100.0,
2005.0,4800-5000 m,6300.0,
2005.0,4800-5000 m,7100.0,
2005.0,5000-5200 m,3500.0,
2005.0,5000-5200 m,3700.0,
2005.0,5000-5200 m,3900.0,
2005.0,5000-5200 m,4100.0,
2005.0,5000-5200 m,4300.0,
2005.0,5000-5200 m,4500.0,
2005.0,5000-5200 m,4700.0,
2005.0,5000-5200 m,4900.0,
2005.0,5000-5200 m,5100.0,483.1544968208492
2005.0,5000-5200 m,5300.0,
2005.0,5000-5200 m,5500.0,
2005.0,5000-5200 m,5700.0,
2005.0,5000-5200 m,5900.0,
2005.0,5000-5200 m,6100.0,
2005.0,5000-5200 m,6300.0,
2005.0,5000-5200 m,7100.0,
2005.0,5200-5400 m,3500.0,
2005.0,5200-5400 m,3700.0,
2005.0,5200-5400 m,3900.0,
2005.0,5200-5400 m,4100.0,
2005.0,5200-5400 m,4300.0,
2005.0,5200-5400 m,4500.0,
2005.0,5200-5400 m,4700.0,
2005.0,5200-5400 m,4900.0,
2005.0,5200-5400 m,5100.0,
2005.0,5200-5400 m,5300.0,502.6376088295881
2005.0,5200-5400 m,5500.0,
2005.0,5200-5400 m,5700.0,
2005.0,5200-5400 m,5900.0,
2005.0,5200-5400 m,6100.0,
2005.0,5200-5400 m,6300.0,
2005.0,5200-5400 m,7100.0,
2005.0,5400-5600 m,3500.0,
2005.0,5400-5600 m,3700.0,
2005.0,5400-5600 m,3900.0,
2005.0,5400-5600 m,4100.0,
2005.0,5400-5600 m,4300.0,
2005.0,5400-5600 m,4500.0,
2005.0,5400-5600 m,4700.0,
2005.0,5400-5600 m,4900.0,
2005.0,5400-5600 m,5100.0,
2005.0,5400-5600 m,5300.0,
2005.0,5400-5600 m,5500.0,494.07253295944946
2005.0,5400-5600 m,5700.0,
2005.0,5400-5600 m,5900.0,
2005.0,5400-5600 m,6100.0,
2005.0,5400-5600 m,6300.0,
2005.0,5400-5600 m,7100.0,
2005.0,5600-5800 m,3500.0,
2005.0,5600-5800 m,3700.0,
2005.0,5600-5800 m,3900.0,
2005.0,5600-5800 m,4100.0,
2005.0,5600-5800 m,4300.0,
2005.0,5600-5800 m,4500.0,
2005.0,5600-5800 m,4700.0,
2005.0,5600-5800 m,4900.0,
2005.0,5600-5800 m,5100.0,
2005.0,5600-5800 m,5300.0,
2005.0,5600-5800 m,5500.0,
2005.0,5600-5800 m,5700.0,445.542620923853
2005.0,5600-5800 m,5900.0,
2005.0,5600-5800 m,6100.0,
2005.0,5600-5800 m,6300.0,
2005.0,5600-5800 m,7100.0,
2005.0,5800-6000 m,3500.0,
2005.0,5800-6000 m,3700.0,
2005.0,5800-6000 m,3900.0,
2005.0,5800-6000 m,4100.0,
2005.0,5800-6000 m,4300.0,
2005.0,5800-6000 m,4500.0,
2005.0,5800-6000 m,4700.0,
2005.0,5800-6000 m,4900.0,
2005.0,5800-6000 m,5100.0,
2005.0,5800-6000 m,5300.0,
2005.0,5800-6000 m,5500.0,
2005.0,5800-6000 m,5700.0,
2005.0,5800-6000 m,5900.0,375.34993070382484
2005.0,5800-6000 m,6100.0,
2005.0,5800-6000 m,6300.0,
2005.0,5800-6000 m,7100.0,
2005.0,6000-6200 m,3500.0,
2005.0,6000-6200 m,3700.0,
2005.0,6000-6200 m,3900.0,
2005.0,6000-6200 m,4100.0,
2005.0,6000-6200 m,4300.0,
2005.0,6000-6200 m,4500.0,
2005.0,6000-6200 m,4700.0,
2005.0,6000-6200 m,4900.0,
2005.0,6000-6200 m,5100.0,
2005.0,6000-6200 m,5300.0,
2005.0,6000-6200 m,5500.0,
2005.0,6000-6200 m,5700.0,
2005.0,6000-6200 m,5900.0,
2005.0,6000-6200 m,6100.0,309.89907134999993
2005.0,6000-6200 m,6300.0,
2005.0,6000-6200 m,7100.0,
2005.0,6200-6400 m,3500.0,
2005.0,6200-6400 m,3700.0,
2005.0,6200-6400 m,3900.0,
2005.0,6200-6400 m,4100.0,
2005.0,6200-6400 m,4300.0,
2005.0,6200-6400 m,4500.0,
2005.0,6200-6400 m,4700.0,
2005.0,6200-6400 m,4900.0,
2005.0,6200-6400 m,5100.0,
2005.0,6200-6400 m,5300.0,
2005.0,6200-6400 m,5500.0,
2005.0,6200-6400 m,5700.0,
2005.0,6200-6400 m,5900.0,
2005.0,6200-6400 m,6100.0,
2005.0,6200-6400 m,6300.0,376.6351625072222
2005.0,6200-6400 m,7100.0,
2005.0,6400-6600 m,3500.0,
2005.0,6400-6600 m,3700.0,
2005.0,6400-6600 m,3900.0,
2005.0,6400-6600 m,4100.0,
2005.0,6400-6600 m,4300.0,
2005.0,6400-6600 m,4500.0,
2005.0,6400-6600 m,4700.0,
2005.0,6400-6600 m,4900.0,
2005.0,6400-6600 m,5100.0,
2005.0,6400-6600 m,5300.0,
2005.0,6400-6600 m,5500.0,
2005.0,6400-6600 m,5700.0,
2005.0,6400-6600 m,5900.0,
2005.0,6400-6600 m,6100.0,
2005.0,6400-6600 m,6300.0,
2005.0,6400-6600 m,7100.0,
2005.0,6600-6800 m,3500.0,
2005.0,6600-6800 m,3700.0,
2005.0,6600-6800 m,3900.0,
2005.0,6600-6800 m,4100.0,
2005.0,6600-6800 m,4300.0,
2005.0,6600-6800 m,4500.0,
2005.0,6600-6800 m,4700.0,
2005.0,6600-6800 m,4900.0,
2005.0,6600-6800 m,5100.0,
2005.0,6600-6800 m,5300.0,
2005.0,6600-6800 m,5500.0,
2005.0,6600-6800 m,5700.0,
2005.0,6600-6800 m,5900.0,
2005.0,6600-6800 m,6100.0,
2005.0,6600-6800 m,6300.0,
2005.0,6600-6800 m,7100.0,
2005.0,6800-7000 m,3500.0,
2005.0,6800-7000 m,3700.0,
2005.0,6800-7000 m,3900.0,
2005.0,6800-7000 m,4100.0,
2005.0,6800-7000 m,4300.0,
2005.0,6800-7000 m,4500.0,
2005.0,6800-7000 m,4700.0,
2005.0,6800-7000 m,4900.0,
2005.0,6800-7000 m,5100.0,
2005.0,6800-7000 m,5300.0,
2005.0,6800-7000 m,5500.0,
2005.0,6800-7000 m,5700.0,
2005.0,6800-7000 m,5900.0,
2005.0,6800-7000 m,6100.0,
2005.0,6800-7000 m,6300.0,
2005.0,6800-7000 m,7100.0,
2005.0,7000-7200 m,3500.0,
2005.0,7000-7200 m,3700.0,
2005.0,7000-7200 m,3900.0,
2005.0,7000-7200 m,4100.0,
2005.0,7000-7200 m,4300.0,
2005.0,7000-7200 m,4500.0,
2005.0,7000-7200 m,4700.0,
2005.0,7000-7200 m,4900.0,
2005.0,7000-7200 m,5100.0,
2005.0,7000-7200 m,5300.0,
2005.0,7000-7200 m,5500.0,
2005.0,7000-7200 m,5700.0,
2005.0,7000-7200 m,5900.0,
2005.0,7000-7200 m,6100.0,
2005.0,7000-7200 m,6300.0,
2005.0,7000-7200 m,7100.0,291.0308451
2005.0,7200-7400 m,3500.0,
2005.0,7200-7400 m,3700.0,
2005.0,7200-7400 m,3900.0,
2005.0,7200-7400 m,4100.0,
2005.0,7200-7400 m,4300.0,
2005.0,7200-7400 m,4500.0,
2005.0,7200-7400 m,4700.0,
2005.0,7200-7400 m,4900.0,
2005.0,7200-7400 m,5100.0,
2005.0,7200-7400 m,5300.0,
2005.0,7200-7400 m,5500.0,
2005.0,7200-7400 m,5700.0,
2005.0,7200-7400 m,5900.0,
2005.0,7200-7400 m,6100.0,
2005.0,7200-7400 m,6300.0,
2005.0,7200-7400 m,7100.0,
2006.0,3400-3600 m,3500.0,-843.1069192134057
2006.0,3400-3600 m,3700.0,
2006.0,3400-3600 m,3900.0,
2006.0,3400-3600 m,4100.0,
2006.0,3400-3600 m,4300.0,
2006.0,3400-3600 m,4500.0,
2006.0,3400-3600 m,4700.0,
2006.0,3400-3600 m,4900.0,
2006.0,3400-3600 m,5100.0,
2006.0,3400-3600 m,5300.0,
2006.0,3400-3600 m,5500.0,
2006.0,3400-3600 m,5700.0,
2006.0,3400-3600 m,5900.0,
2006.0,3400-3600 m,6100.0,
2006.0,3400-3600 m,6300.0,
2006.0,3400-3600 m,7100.0,
2006.0,3600-3800 m,3500.0,
2006.0,3600-3800 m,3700.0,-752.0056599173954
2006.0,3600-3800 m,3900.0,
2006.0,3600-3800 m,4100.0,
2006.0,3600-3800 m,4300.0,
2006.0,3600-3800 m,4500.0,
2006.0,3600-3800 m,4700.0,
2006.0,3600-3800 m,4900.0,
2006.0,3600-3800 m,5100.0,
2006.0,3600-3800 m,5300.0,
2006.0,3600-3800 m,5500.0,
2006.0,3600-3800 m,5700.0,
2006.0,3600-3800 m,5900.0,
2006.0,3600-3800 m,6100.0,
2006.0,3600-3800 m,6300.0,
2006.0,3600-3800 m,7100.0,
2006.0,3800-4000 m,3500.0,
2006.0,3800-4000 m,3700.0,
2006.0,3800-4000 m,3900.0,-653.7609952713863
2006.0,3800-4000 m,4100.0,
2006.0,3800-4000 m,4300.0,
2006.0,3800-4000 m,4500.0,
2006.0,3800-4000 m,4700.0,
2006.0,3800-4000 m,4900.0,
2006.0,3800-4000 m,5100.0,
2006.0,3800-4000 m,5300.0,
2006.0,3800-4000 m,5500.0,
2006.0,3800-4000 m,5700.0,
2006.0,3800-4000 m,5900.0,
2006.0,3800-4000 m,6100.0,
2006.0,3800-4000 m,6300.0,
2006.0,3800-4000 m,7100.0,
2006.0,4000-4200 m,3500.0,
2006.0,4000-4200 m,3700.0,
2006.0,4000-4200 m,3900.0,
2006.0,4000-4200 m,4100.0,-478.16403224514085
2006.0,4000-4200 m,4300.0,
2006.0,4000-4200 m,4500.0,
2006.0,4000-4200 m,4700.0,
2006.0,4000-4200 m,4900.0,
2006.0,4000-4200 m,5100.0,
2006.0,4000-4200 m,5300.0,
2006.0,4000-4200 m,5500.0,
2006.0,4000-4200 m,5700.0,
2006.0,4000-4200 m,5900.0,
2006.0,4000-4200 m,6100.0,
2006.0,4000-4200 m,6300.0,
2006.0,4000-4200 m,7100.0,
2006.0,4200-4400 m,3500.0,
2006.0,4200-4400 m,3700.0,
2006.0,4200-4400 m,3900.0,
2006.0,4200-4400 m,4100.0,
2006.0,4200-4400 m,4300.0,-347.8752388270844
2006.0,4200-4400 m,4500.0,
2006.0,4200-4400 m,4700.0,
2006.0,4200-4400 m,4900.0,
2006.0,4200-4400 m,5100.0,
2006.0,4200-4400 m,5300.0,
2006.0,4200-4400 m,5500.0,
2006.0,4200-4400 m,5700.0,
2006.0,4200-4400 m,5900.0,
2006.0,4200-4400 m,6100.0,
2006.0,4200-4400 m,6300.0,
2006.0,4200-4400 m,7100.0,
2006.0,4400-4600 m,3500.0,
2006.0,4400-4600 m,3700.0,
2006.0,4400-4600 m,3900.0,
2006.0,4400-4600 m,4100.0,
2006.0,4400-4600 m,4300.0,
2006.0,4400-4600 m,4500.0,-271.4098332382538
2006.0,4400-4600 m,4700.0,
2006.0,4400-4600 m,4900.0,
2006.0,4400-4600 m,5100.0,
2006.0,4400-4600 m,5300.0,
2006.0,4400-4600 m,5500.0,
2006.0,4400-4600 m,5700.0,
2006.0,4400-4600 m,5900.0,
2006.0,4400-4600 m,6100.0,
2006.0,4400-4600 m,6300.0,
2006.0,4400-4600 m,7100.0,
2006.0,4600-4800 m,3500.0,
2006.0,4600-4800 m,3700.0,
2006.0,4600-4800 m,3900.0,
2006.0,4600-4800 m,4100.0,
2006.0,4600-4800 m,4300.0,
2006.0,4600-4800 m,4500.0,
2006.0,4600-4800 m,4700.0,-317.7692863838315
2006.0,4600-4800 m,4900.0,
2006.0,4600-4800 m,5100.0,
2006.0,4600-4800 m,5300.0,
2006.0,4600-4800 m,5500.0,
2006.0,4600-4800 m,5700.0,
2006.0,4600-4800 m,5900.0,
2006.0,4600-4800 m,6100.0,
2006.0,4600-4800 m,6300.0,
2006.0,4600-4800 m,7100.0,
2006.0,4800-5000 m,3500.0,
2006.0,4800-5000 m,3700.0,
2006.0,4800-5000 m,3900.0,
2006.0,4800-5000 m,4100.0,
2006.0,4800-5000 m,4300.0,
2006.0,4800-5000 m,4500.0,
2006.0,4800-5000 m,4700.0,
2006.0,4800-5000 m,4900.0,-114.72325783936262
2006.0,4800-5000 m,5100.0,
2006.0,4800-5000 m,5300.0,
2006.0,4800-5000 m,5500.0,
2006.0,4800-5000 m,5700.0,
2006.0,4800-5000 m,5900.0,
2006.0,4800-5000 m,6100.0,
2006.0,4800-5000 m,6300.0,
2006.0,4800-5000 m,7100.0,
2006.0,5000-5200 m,3500.0,
2006.0,5000-5200 m,3700.0,
2006.0,5000-5200 m,3900.0,
2006.0,5000-5200 m,4100.0,
2006.0,5000-5200 m,4300.0,
2006.0,5000-5200 m,4500.0,
2006.0,5000-5200 m,4700.0,
2006.0,5000-5200 m,4900.0,
2006.0,5000-5200 m,5100.0,-12.722516300347616
2006.0,5000-5200 m,5300.0,
2006.0,5000-5200 m,5500.0,
2006.0,5000-5200 m,5700.0,
2006.0,5000-5200 m,5900.0,
2006.0,5000-5200 m,6100.0,
2006.0,5000-5200 m,6300.0,
2006.0,5000-5200 m,7100.0,
2006.0,5200-5400 m,3500.0,
2006.0,5200-5400 m,3700.0,
2006.0,5200-5400 m,3900.0,
2006.0,5200-5400 m,4100.0,
2006.0,5200-5400 m,4300.0,
2006.0,5200-5400 m,4500.0,
2006.0,5200-5400 m,4700.0,
2006.0,5200-5400 m,4900.0,
2006.0,5200-5400 m,5100.0,
2006.0,5200-5400 m,5300.0,81.05555061091935
2006.0,5200-5400 m,5500.0,
2006.0,5200-5400 m,5700.0,
2006.0,5200-5400 m,5900.0,
2006.0,5200-5400 m,6100.0,
2006.0,5200-5400 m,6300.0,
2006.0,5200-5400 m,7100.0,
2006.0,5400-5600 m,3500.0,
2006.0,5400-5600 m,3700.0,
2006.0,5400-5600 m,3900.0,
2006.0,5400-5600 m,4100.0,
2006.0,5400-5600 m,4300.0,
2006.0,5400-5600 m,4500.0,
2006.0,5400-5600 m,4700.0,
2006.0,5400-5600 m,4900.0,
2006.0,5400-5600 m,5100.0,
2006.0,5400-5600 m,5300.0,
2006.0,5400-5600 m,5500.0,83.12689297887866
2006.0,5400-5600 m,5700.0,
2006.0,5400-5600 m,5900.0,
2006.0,5400-5600 m,6100.0,
2006.0,5400-5600 m,6300.0,
2006.0,5400-5600 m,7100.0,
2006.0,5600-5800 m,3500.0,
2006.0,5600-5800 m,3700.0,
2006.0,5600-5800 m,3900.0,
2006.0,5600-5800 m,4100.0,
2006.0,5600-5800 m,4300.0,
2006.0,5600-5800 m,4500.0,
2006.0,5600-5800 m,4700.0,
2006.0,5600-5800 m,4900.0,
2006.0,5600-5800 m,5100.0,
2006.0,5600-5800 m,5300.0,
2006.0,5600-5800 m,5500.0,
2006.0,5600-5800 m,5700.0,29.56674351324905
2006.0,5600-5800 m,5900.0,
2006.0,5600-5800 m,6100.0,
2006.0,5600-5800 m,6300.0,
2006.0,5600-5800 m,7100.0,
2006.0,5800-6000 m,3500.0,
2006.0,5800-6000 m,3700.0,
2006.0,5800-6000 m,3900.0,
2006.0,5800-6000 m,4100.0,
2006.0,5800-6000 m,4300.0,
2006.0,5800-6000 m,4500.0,
2006.0,5800-6000 m,4700.0,
2006.0,5800-6000 m,4900.0,
2006.0,5800-6000 m,5100.0,
2006.0,5800-6000 m,5300.0,
2006.0,5800-6000 m,5500.0,
2006.0,5800-6000 m,5700.0,
2006.0,5800-6000 m,5900.0,-36.39267561295222
2006.0,5800-6000 m,6100.0,
2006.0,5800-6000 m,6300.0,
2006.0,5800-6000 m,7100.0,
2006.0,6000-6200 m,3500.0,
2006.0,6000-6200 m,3700.0,
2006.0,6000-6200 m,3900.0,
2006.0,6000-6200 m,4100.0,
2006.0,6000-6200 m,4300.0,
2006.0,6000-6200 m,4500.0,
2006.0,6000-6200 m,4700.0,
2006.0,6000-6200 m,4900.0,
2006.0,6000-6200 m,5100.0,
2006.0,6000-6200 m,5300.0,
2006.0,6000-6200 m,5500.0,
2006.0,6000-6200 m,5700.0,
2006.0,6000-6200 m,5900.0,
2006.0,6000-6200 m,6100.0,-61.93402611975001
2006.0,6000-6200 m,6300.0,
2006.0,6000-6200 m,7100.0,
2006.0,6200-6400 m,3500.0,
2006.0,6200-6400 m,3700.0,
2006.0,6200-6400 m,3900.0,
2006.0,6200-6400 m,4100.0,
2006.0,6200-6400 m,4300.0,
2006.0,6200-6400 m,4500.0,
2006.0,6200-6400 m,4700.0,
2006.0,6200-6400 m,4900.0,
2006.0,6200-6400 m,5100.0,
2006.0,6200-6400 m,5300.0,
2006.0,6200-6400 m,5500.0,
2006.0,6200-6400 m,5700.0,
2006.0,6200-6400 m,5900.0,
2006.0,6200-6400 m,6100.0,
2006.0,6200-6400 m,6300.0,-29.66107042494443
2006.0,6200-6400 m,7100.0,
2006.0,6400-6600 m,3500.0,
2006.0,6400-6600 m,3700.0,
2006.0,6400-6600 m,3900.0,
2006.0,6400-6600 m,4100.0,
2006.0,6400-6600 m,4300.0,
2006.0,6400-6600 m,4500.0,
2006.0,6400-6600 m,4700.0,
2006.0,6400-6600 m,4900.0,
2006.0,6400-6600 m,5100.0,
2006.0,6400-6600 m,5300.0,
2006.0,6400-6600 m,5500.0,
2006.0,6400-6600 m,5700.0,
2006.0,6400-6600 m,5900.0,
2006.0,6400-6600 m,6100.0,
2006.0,6400-6600 m,6300.0,
2006.0,6400-6600 m,7100.0,
2006.0,6600-6800 m,3500.0,
2006.0,6600-6800 m,3700.0,
2006.0,6600-6800 m,3900.0,
2006.0,6600-6800 m,4100.0,
2006.0,6600-6800 m,4300.0,
2006.0,6600-6800 m,4500.0,
2006.0,6600-6800 m,4700.0,
2006.0,6600-6800 m,4900.0,
2006.0,6600-6800 m,5100.0,
2006.0,6600-6800 m,5300.0,
2006.0,6600-6800 m,5500.0,
2006.0,6600-6800 m,5700.0,
2006.0,6600-6800 m,5900.0,
2006.0,6600-6800 m,6100.0,
2006.0,6600-6800 m,6300.0,
2006.0,6600-6800 m,7100.0,
2006.0,6800-7000 m,3500.0,
2006.0,6800-7000 m,3700.0,
2006.0,6800-7000 m,3900.0,
2006.0,6800-7000 m,4100.0,
2006.0,6800-7000 m,4300.0,
2006.0,6800-7000 m,4500.0,
2006.0,6800-7000 m,4700.0,
2006.0,6800-7000 m,4900.0,
2006.0,6800-7000 m,5100.0,
2006.0,6800-7000 m,5300.0,
2006.0,6800-7000 m,5500.0,
2006.0,6800-7000 m,5700.0,
2006.0,6800-7000 m,5900.0,
2006.0,6800-7000 m,6100.0,
2006.0,6800-7000 m,6300.0,
2006.0,6800-7000 m,7100.0,
2006.0,7000-7200 m,3500.0,
2006.0,7000-7200 m,3700.0,
2006.0,7000-7200 m,3900.0,
2006.0,7000-7200 m,4100.0,
2006.0,7000-7200 m,4300.0,
2006.0,7000-7200 m,4500.0,
2006.0,7000-7200 m,4700.0,
2006.0,7000-7200 m,4900.0,
2006.0,7000-7200 m,5100.0,
2006.0,7000-7200 m,5300.0,
2006.0,7000-7200 m,5500.0,
2006.0,7000-7200 m,5700.0,
2006.0,7000-7200 m,5900.0,
2006.0,7000-7200 m,6100.0,
2006.0,7000-7200 m,6300.0,
2006.0,7000-7200 m,7100.0,-244.6975937
2006.0,7200-7400 m,3500.0,
2006.0,7200-7400 m,3700.0,
2006.0,7200-7400 m,3900.0,
2006.0,7200-7400 m,4100.0,
2006.0,7200-7400 m,4300.0,
2006.0,7200-7400 m,4500.0,
2006.0,7200-7400 m,4700.0,
2006.0,7200-7400 m,4900.0,
2006.0,7200-7400 m,5100.0,
2006.0,7200-7400 m,5300.0,
2006.0,7200-7400 m,5500.0,
2006.0,7200-7400 m,5700.0,
2006.0,7200-7400 m,5900.0,
2006.0,7200-7400 m,6100.0,
2006.0,7200-7400 m,6300.0,
2006.0,7200-7400 m,7100.0,
2007.0,3400-3600 m,3500.0,-955.1218170585133
2007.0,3400-3600 m,3700.0,
2007.0,3400-3600 m,3900.0,
2007.0,3400-3600 m,4100.0,
2007.0,3400-3600 m,4300.0,
2007.0,3400-3600 m,4500.0,
2007.0,3400-3600 m,4700.0,
2007.0,3400-3600 m,4900.0,
2007.0,3400-3600 m,5100.0,
2007.0,3400-3600 m,5300.0,
2007.0,3400-3600 m,5500.0,
2007.0,3400-3600 m,5700.0,
2007.0,3400-3600 m,5900.0,
2007.0,3400-3600 m,6100.0,
2007.0,3400-3600 m,6300.0,
2007.0,3400-3600 m,7100.0,
2007.0,3600-3800 m,3500.0,
2007.0,3600-3800 m,3700.0,-790.3116531492591
2007.0,3600-3800 m,3900.0,
2007.0,3600-3800 m,4100.0,
2007.0,3600-3800 m,4300.0,
2007.0,3600-3800 m,4500.0,
2007.0,3600-3800 m,4700.0,
2007.0,3600-3800 m,4900.0,
2007.0,3600-3800 m,5100.0,
2007.0,3600-3800 m,5300.0,
2007.0,3600-3800 m,5500.0,
2007.0,3600-3800 m,5700.0,
2007.0,3600-3800 m,5900.0,
2007.0,3600-3800 m,6100.0,
2007.0,3600-3800 m,6300.0,
2007.0,3600-3800 m,7100.0,
2007.0,3800-4000 m,3500.0,
2007.0,3800-4000 m,3700.0,
2007.0,3800-4000 m,3900.0,-641.7518075110052
2007.0,3800-4000 m,4100.0,
2007.0,3800-4000 m,4300.0,
2007.0,3800-4000 m,4500.0,
2007.0,3800-4000 m,4700.0,
2007.0,3800-4000 m,4900.0,
2007.0,3800-4000 m,5100.0,
2007.0,3800-4000 m,5300.0,
2007.0,3800-4000 m,5500.0,
2007.0,3800-4000 m,5700.0,
2007.0,3800-4000 m,5900.0,
2007.0,3800-4000 m,6100.0,
2007.0,3800-4000 m,6300.0,
2007.0,3800-4000 m,7100.0,
2007.0,4000-4200 m,3500.0,
2007.0,4000-4200 m,3700.0,
2007.0,4000-4200 m,3900.0,
2007.0,4000-4200 m,4100.0,-479.8351564444308
2007.0,4000-4200 m,4300.0,
2007.0,4000-4200 m,4500.0,
2007.0,4000-4200 m,4700.0,
2007.0,4000-4200 m,4900.0,
2007.0,4000-4200 m,5100.0,
2007.0,4000-4200 m,5300.0,
2007.0,4000-4200 m,5500.0,
2007.0,4000-4200 m,5700.0,
2007.0,4000-4200 m,5900.0,
2007.0,4000-4200 m,6100.0,
2007.0,4000-4200 m,6300.0,
2007.0,4000-4200 m,7100.0,
2007.0,4200-4400 m,3500.0,
2007.0,4200-4400 m,3700.0,
2007.0,4200-4400 m,3900.0,
2007.0,4200-4400 m,4100.0,
2007.0,4200-4400 m,4300.0,-322.4090291198428
2007.0,4200-4400 m,4500.0,
2007.0,4200-4400 m,4700.0,
2007.0,4200-4400 m,4900.0,
2007.0,4200-4400 m,5100.0,
2007.0,4200-4400 m,5300.0,
2007.0,4200-4400 m,5500.0,
2007.0,4200-4400 m,5700.0,
2007.0,4200-4400 m,5900.0,
2007.0,4200-4400 m,6100.0,
2007.0,4200-4400 m,6300.0,
2007.0,4200-4400 m,7100.0,
2007.0,4400-4600 m,3500.0,
2007.0,4400-4600 m,3700.0,
2007.0,4400-4600 m,3900.0,
2007.0,4400-4600 m,4100.0,
2007.0,4400-4600 m,4300.0,
2007.0,4400-4600 m,4500.0,-93.81284575709273
2007.0,4400-4600 m,4700.0,
2007.0,4400-4600 m,4900.0,
2007.0,4400-4600 m,5100.0,
2007.0,4400-4600 m,5300.0,
2007.0,4400-4600 m,5500.0,
2007.0,4400-4600 m,5700.0,
2007.0,4400-4600 m,5900.0,
2007.0,4400-4600 m,6100.0,
2007.0,4400-4600 m,6300.0,
2007.0,4400-4600 m,7100.0,
2007.0,4600-4800 m,3500.0,
2007.0,4600-4800 m,3700.0,
2007.0,4600-4800 m,3900.0,
2007.0,4600-4800 m,4100.0,
2007.0,4600-4800 m,4300.0,
2007.0,4600-4800 m,4500.0,
2007.0,4600-4800 m,4700.0,-10.431556507618337
2007.0,4600-4800 m,4900.0,
2007.0,4600-4800 m,5100.0,
2007.0,4600-4800 m,5300.0,
2007.0,4600-4800 m,5500.0,
2007.0,4600-4800 m,5700.0,
2007.0,4600-4800 m,5900.0,
2007.0,4600-4800 m,6100.0,
2007.0,4600-4800 m,6300.0,
2007.0,4600-4800 m,7100.0,
2007.0,4800-5000 m,3500.0,
2007.0,4800-5000 m,3700.0,
2007.0,4800-5000 m,3900.0,
2007.0,4800-5000 m,4100.0,
2007.0,4800-5000 m,4300.0,
2007.0,4800-5000 m,4500.0,
2007.0,4800-5000 m,4700.0,
2007.0,4800-5000 m,4900.0,-90.59714017833454
2007.0,4800-5000 m,5100.0,
2007.0,4800-5000 m,5300.0,
2007.0,4800-5000 m,5500.0,
2007.0,4800-5000 m,5700.0,
2007.0,4800-5000 m,5900.0,
2007.0,4800-5000 m,6100.0,
2007.0,4800-5000 m,6300.0,
2007.0,4800-5000 m,7100.0,
2007.0,5000-5200 m,3500.0,
2007.0,5000-5200 m,3700.0,
2007.0,5000-5200 m,3900.0,
2007.0,5000-5200 m,4100.0,
2007.0,5000-5200 m,4300.0,
2007.0,5000-5200 m,4500.0,
2007.0,5000-5200 m,4700.0,
2007.0,5000-5200 m,4900.0,
2007.0,5000-5200 m,5100.0,-120.91238805839538
2007.0,5000-5200 m,5300.0,
2007.0,5000-5200 m,5500.0,
2007.0,5000-5200 m,5700.0,
2007.0,5000-5200 m,5900.0,
2007.0,5000-5200 m,6100.0,
2007.0,5000-5200 m,6300.0,
2007.0,5000-5200 m,7100.0,
2007.0,5200-5400 m,3500.0,
2007.0,5200-5400 m,3700.0,
2007.0,5200-5400 m,3900.0,
2007.0,5200-5400 m,4100.0,
2007.0,5200-5400 m,4300.0,
2007.0,5200-5400 m,4500.0,
2007.0,5200-5400 m,4700.0,
2007.0,5200-5400 m,4900.0,
2007.0,5200-5400 m,5100.0,
2007.0,5200-5400 m,5300.0,-77.10853069095063
2007.0,5200-5400 m,5500.0,
2007.0,5200-5400 m,5700.0,
2007.0,5200-5400 m,5900.0,
2007.0,5200-5400 m,6100.0,
2007.0,5200-5400 m,6300.0,
2007.0,5200-5400 m,7100.0,
2007.0,5400-5600 m,3500.0,
2007.0,5400-5600 m,3700.0,
2007.0,5400-5600 m,3900.0,
2007.0,5400-5600 m,4100.0,
2007.0,5400-5600 m,4300.0,
2007.0,5400-5600 m,4500.0,
2007.0,5400-5600 m,4700.0,
2007.0,5400-5600 m,4900.0,
2007.0,5400-5600 m,5100.0,
2007.0,5400-5600 m,5300.0,
2007.0,5400-5600 m,5500.0,-28.571887313338475
2007.0,5400-5600 m,5700.0,
2007.0,5400-5600 m,5900.0,
2007.0,5400-5600 m,6100.0,
2007.0,5400-5600 m,6300.0,
2007.0,5400-5600 m,7100.0,
2007.0,5600-5800 m,3500.0,
2007.0,5600-5800 m,3700.0,
2007.0,5600-5800 m,3900.0,
2007.0,5600-5800 m,4100.0,
2007.0,5600-5800 m,4300.0,
2007.0,5600-5800 m,4500.0,
2007.0,5600-5800 m,4700.0,
2007.0,5600-5800 m,4900.0,
2007.0,5600-5800 m,5100.0,
2007.0,5600-5800 m,5300.0,
2007.0,5600-5800 m,5500.0,
2007.0,5600-5800 m,5700.0,-73.0323277705205
2007.0,5600-5800 m,5900.0,
2007.0,5600-5800 m,6100.0,
2007.0,5600-5800 m,6300.0,
2007.0,5600-5800 m,7100.0,
2007.0,5800-6000 m,3500.0,
2007.0,5800-6000 m,3700.0,
2007.0,5800-6000 m,3900.0,
2007.0,5800-6000 m,4100.0,
2007.0,5800-6000 m,4300.0,
2007.0,5800-6000 m,4500.0,
2007.0,5800-6000 m,4700.0,
2007.0,5800-6000 m,4900.0,
2007.0,5800-6000 m,5100.0,
2007.0,5800-6000 m,5300.0,
2007.0,5800-6000 m,5500.0,
2007.0,5800-6000 m,5700.0,
2007.0,5800-6000 m,5900.0,-132.46493187474428
2007.0,5800-6000 m,6100.0,
2007.0,5800-6000 m,6300.0,
2007.0,5800-6000 m,7100.0,
2007.0,6000-6200 m,3500.0,
2007.0,6000-6200 m,3700.0,
2007.0,6000-6200 m,3900.0,
2007.0,6000-6200 m,4100.0,
2007.0,6000-6200 m,4300.0,
2007.0,6000-6200 m,4500.0,
2007.0,6000-6200 m,4700.0,
2007.0,6000-6200 m,4900.0,
2007.0,6000-6200 m,5100.0,
2007.0,6000-6200 m,5300.0,
2007.0,6000-6200 m,5500.0,
2007.0,6000-6200 m,5700.0,
2007.0,6000-6200 m,5900.0,
2007.0,6000-6200 m,6100.0,-173.40376586335714
2007.0,6000-6200 m,6300.0,
2007.0,6000-6200 m,7100.0,
2007.0,6200-6400 m,3500.0,
2007.0,6200-6400 m,3700.0,
2007.0,6200-6400 m,3900.0,
2007.0,6200-6400 m,4100.0,
2007.0,6200-6400 m,4300.0,
2007.0,6200-6400 m,4500.0,
2007.0,6200-6400 m,4700.0,
2007.0,6200-6400 m,4900.0,
2007.0,6200-6400 m,5100.0,
2007.0,6200-6400 m,5300.0,
2007.0,6200-6400 m,5500.0,
2007.0,6200-6400 m,5700.0,
2007.0,6200-6400 m,5900.0,
2007.0,6200-6400 m,6100.0,
2007.0,6200-6400 m,6300.0,-113.84984427416667
2007.0,6200-6400 m,7100.0,
2007.0,6400-6600 m,3500.0,
2007.0,6400-6600 m,3700.0,
2007.0,6400-6600 m,3900.0,
2007.0,6400-6600 m,4100.0,
2007.0,6400-6600 m,4300.0,
2007.0,6400-6600 m,4500.0,
2007.0,6400-6600 m,4700.0,
2007.0,6400-6600 m,4900.0,
2007.0,6400-6600 m,5100.0,
2007.0,6400-6600 m,5300.0,
2007.0,6400-6600 m,5500.0,
2007.0,6400-6600 m,5700.0,
2007.0,6400-6600 m,5900.0,
2007.0,6400-6600 m,6100.0,
2007.0,6400-6600 m,6300.0,
2007.0,6400-6600 m,7100.0,
2007.0,6600-6800 m,3500.0,
2007.0,6600-6800 m,3700.0,
2007.0,6600-6800 m,3900.0,
2007.0,6600-6800 m,4100.0,
2007.0,6600-6800 m,4300.0,
2007.0,6600-6800 m,4500.0,
2007.0,6600-6800 m,4700.0,
2007.0,6600-6800 m,4900.0,
2007.0,6600-6800 m,5100.0,
2007.0,6600-6800 m,5300.0,
2007.0,6600-6800 m,5500.0,
2007.0,6600-6800 m,5700.0,
2007.0,6600-6800 m,5900.0,
2007.0,6600-6800 m,6100.0,
2007.0,6600-6800 m,6300.0,
2007.0,6600-6800 m,7100.0,
2007.0,6800-7000 m,3500.0,
2007.0,6800-7000 m,3700.0,
2007.0,6800-7000 m,3900.0,
2007.0,6800-7000 m,4100.0,
2007.0,6800-7000 m,4300.0,
2007.0,6800-7000 m,4500.0,
2007.0,6800-7000 m,4700.0,
2007.0,6800-7000 m,4900.0,
2007.0,6800-7000 m,5100.0,
2007.0,6800-7000 m,5300.0,
2007.0,6800-7000 m,5500.0,
2007.0,6800-7000 m,5700.0,
2007.0,6800-7000 m,5900.0,
2007.0,6800-7000 m,6100.0,
2007.0,6800-7000 m,6300.0,
2007.0,6800-7000 m,7100.0,
2007.0,7000-7200 m,3500.0,
2007.0,7000-7200 m,3700.0,
2007.0,7000-7200 m,3900.0,
2007.0,7000-7200 m,4100.0,
2007.0,7000-7200 m,4300.0,
2007.0,7000-7200 m,4500.0,
2007.0,7000-7200 m,4700.0,
2007.0,7000-7200 m,4900.0,
2007.0,7000-7200 m,5100.0,
2007.0,7000-7200 m,5300.0,
2007.0,7000-7200 m,5500.0,
2007.0,7000-7200 m,5700.0,
2007.0,7000-7200 m,5900.0,
2007.0,7000-7200 m,6100.0,
2007.0,7000-7200 m,6300.0,
2007.0,7000-7200 m,7100.0,-367.8656577
2007.0,7200-7400 m,3500.0,
2007.0,7200-7400 m,3700.0,
2007.0,7200-7400 m,3900.0,
2007.0,7200-7400 m,4100.0,
2007.0,7200-7400 m,4300.0,
2007.0,7200-7400 m,4500.0,
2007.0,7200-7400 m,4700.0,
2007.0,7200-7400 m,4900.0,
2007.0,7200-7400 m,5100.0,
2007.0,7200-7400 m,5300.0,
2007.0,7200-7400 m,5500.0,
2007.0,7200-7400 m,5700.0,
2007.0,7200-7400 m,5900.0,
2007.0,7200-7400 m,6100.0,
2007.0,7200-7400 m,6300.0,
2007.0,7200-7400 m,7100.0,
2008.0,3400-3600 m,3500.0,-1277.2989801700498
2008.0,3400-3600 m,3700.0,
2008.0,3400-3600 m,3900.0,
2008.0,3400-3600 m,4100.0,
2008.0,3400-3600 m,4300.0,
2008.0,3400-3600 m,4500.0,
2008.0,3400-3600 m,4700.0,
2008.0,3400-3600 m,4900.0,
2008.0,3400-3600 m,5100.0,
2008.0,3400-3600 m,5300.0,
2008.0,3400-3600 m,5500.0,
2008.0,3400-3600 m,5700.0,
2008.0,3400-3600 m,5900.0,
2008.0,3400-3600 m,6100.0,
2008.0,3400-3600 m,6300.0,
2008.0,3400-3600 m,7100.0,
2008.0,3600-3800 m,3500.0,
2008.0,3600-3800 m,3700.0,-1215.0985446994755
2008.0,3600-3800 m,3900.0,
2008.0,3600-3800 m,4100.0,
2008.0,3600-3800 m,4300.0,
2008.0,3600-3800 m,4500.0,
2008.0,3600-3800 m,4700.0,
2008.0,3600-3800 m,4900.0,
2008.0,3600-3800 m,5100.0,
2008.0,3600-3800 m,5300.0,
2008.0,3600-3800 m,5500.0,
2008.0,3600-3800 m,5700.0,
2008.0,3600-3800 m,5900.0,
2008.0,3600-3800 m,6100.0,
2008.0,3600-3800 m,6300.0,
2008.0,3600-3800 m,7100.0,
2008.0,3800-4000 m,3500.0,
2008.0,3800-4000 m,3700.0,
2008.0,3800-4000 m,3900.0,-1134.068730320142
2008.0,3800-4000 m,4100.0,
2008.0,3800-4000 m,4300.0,
2008.0,3800-4000 m,4500.0,
2008.0,3800-4000 m,4700.0,
2008.0,3800-4000 m,4900.0,
2008.0,3800-4000 m,5100.0,
2008.0,3800-4000 m,5300.0,
2008.0,3800-4000 m,5500.0,
2008.0,3800-4000 m,5700.0,
2008.0,3800-4000 m,5900.0,
2008.0,3800-4000 m,6100.0,
2008.0,3800-4000 m,6300.0,
2008.0,3800-4000 m,7100.0,
2008.0,4000-4200 m,3500.0,
2008.0,4000-4200 m,3700.0,
2008.0,4000-4200 m,3900.0,
2008.0,4000-4200 m,4100.0,-1069.1982286470663
2008.0,4000-4200 m,4300.0,
2008.0,4000-4200 m,4500.0,
2008.0,4000-4200 m,4700.0,
2008.0,4000-4200 m,4900.0,
2008.0,4000-4200 m,5100.0,
2008.0,4000-4200 m,5300.0,
2008.0,4000-4200 m,5500.0,
2008.0,4000-4200 m,5700.0,
2008.0,4000-4200 m,5900.0,
2008.0,4000-4200 m,6100.0,
2008.0,4000-4200 m,6300.0,
2008.0,4000-4200 m,7100.0,
2008.0,4200-4400 m,3500.0,
2008.0,4200-4400 m,3700.0,
2008.0,4200-4400 m,3900.0,
2008.0,4200-4400 m,4100.0,
2008.0,4200-4400 m,4300.0,-1064.9428809829521
2008.0,4200-4400 m,4500.0,
2008.0,4200-4400 m,4700.0,
2008.0,4200-4400 m,4900.0,
2008.0,4200-4400 m,5100.0,
2008.0,4200-4400 m,5300.0,
2008.0,4200-4400 m,5500.0,
2008.0,4200-4400 m,5700.0,
2008.0,4200-4400 m,5900.0,
2008.0,4200-4400 m,6100.0,
2008.0,4200-4400 m,6300.0,
2008.0,4200-4400 m,7100.0,
2008.0,4400-4600 m,3500.0,
2008.0,4400-4600 m,3700.0,
2008.0,4400-4600 m,3900.0,
2008.0,4400-4600 m,4100.0,
2008.0,4400-4600 m,4300.0,
2008.0,4400-4600 m,4500.0,-985.6997851729985
2008.0,4400-4600 m,4700.0,
2008.0,4400-4600 m,4900.0,
2008.0,4400-4600 m,5100.0,
2008.0,4400-4600 m,5300.0,
2008.0,4400-4600 m,5500.0,
2008.0,4400-4600 m,5700.0,
2008.0,4400-4600 m,5900.0,
2008.0,4400-4600 m,6100.0,
2008.0,4400-4600 m,6300.0,
2008.0,4400-4600 m,7100.0,
2008.0,4600-4800 m,3500.0,
2008.0,4600-4800 m,3700.0,
2008.0,4600-4800 m,3900.0,
2008.0,4600-4800 m,4100.0,
2008.0,4600-4800 m,4300.0,
2008.0,4600-4800 m,4500.0,
2008.0,4600-4800 m,4700.0,-982.2783444880478
2008.0,4600-4800 m,4900.0,
2008.0,4600-4800 m,5100.0,
2008.0,4600-4800 m,5300.0,
2008.0,4600-4800 m,5500.0,
2008.0,4600-4800 m,5700.0,
2008.0,4600-4800 m,5900.0,
2008.0,4600-4800 m,6100.0,
2008.0,4600-4800 m,6300.0,
2008.0,4600-4800 m,7100.0,
2008.0,4800-5000 m,3500.0,
2008.0,4800-5000 m,3700.0,
2008.0,4800-5000 m,3900.0,
2008.0,4800-5000 m,4100.0,
2008.0,4800-5000 m,4300.0,
2008.0,4800-5000 m,4500.0,
2008.0,4800-5000 m,4700.0,
2008.0,4800-5000 m,4900.0,-490.3724130129378
2008.0,4800-5000 m,5100.0,
2008.0,4800-5000 m,5300.0,
2008.0,4800-5000 m,5500.0,
2008.0,4800-5000 m,5700.0,
2008.0,4800-5000 m,5900.0,
2008.0,4800-5000 m,6100.0,
2008.0,4800-5000 m,6300.0,
2008.0,4800-5000 m,7100.0,
2008.0,5000-5200 m,3500.0,
2008.0,5000-5200 m,3700.0,
2008.0,5000-5200 m,3900.0,
2008.0,5000-5200 m,4100.0,
2008.0,5000-5200 m,4300.0,
2008.0,5000-5200 m,4500.0,
2008.0,5000-5200 m,4700.0,
2008.0,5000-5200 m,4900.0,
2008.0,5000-5200 m,5100.0,-265.61465293031836
2008.0,5000-5200 m,5300.0,
2008.0,5000-5200 m,5500.0,
2008.0,5000-5200 m,5700.0,
2008.0,5000-5200 m,5900.0,
2008.0,5000-5200 m,6100.0,
2008.0,5000-5200 m,6300.0,
2008.0,5000-5200 m,7100.0,
2008.0,5200-5400 m,3500.0,
2008.0,5200-5400 m,3700.0,
2008.0,5200-5400 m,3900.0,
2008.0,5200-5400 m,4100.0,
2008.0,5200-5400 m,4300.0,
2008.0,5200-5400 m,4500.0,
2008.0,5200-5400 m,4700.0,
2008.0,5200-5400 m,4900.0,
2008.0,5200-5400 m,5100.0,
2008.0,5200-5400 m,5300.0,-151.4955052594813
2008.0,5200-5400 m,5500.0,
2008.0,5200-5400 m,5700.0,
2008.0,5200-5400 m,5900.0,
2008.0,5200-5400 m,6100.0,
2008.0,5200-5400 m,6300.0,
2008.0,5200-5400 m,7100.0,
2008.0,5400-5600 m,3500.0,
2008.0,5400-5600 m,3700.0,
2008.0,5400-5600 m,3900.0,
2008.0,5400-5600 m,4100.0,
2008.0,5400-5600 m,4300.0,
2008.0,5400-5600 m,4500.0,
2008.0,5400-5600 m,4700.0,
2008.0,5400-5600 m,4900.0,
2008.0,5400-5600 m,5100.0,
2008.0,5400-5600 m,5300.0,
2008.0,5400-5600 m,5500.0,-62.22829252338106
2008.0,5400-5600 m,5700.0,
2008.0,5400-5600 m,5900.0,
2008.0,5400-5600 m,6100.0,
2008.0,5400-5600 m,6300.0,
2008.0,5400-5600 m,7100.0,
2008.0,5600-5800 m,3500.0,
2008.0,5600-5800 m,3700.0,
2008.0,5600-5800 m,3900.0,
2008.0,5600-5800 m,4100.0,
2008.0,5600-5800 m,4300.0,
2008.0,5600-5800 m,4500.0,
2008.0,5600-5800 m,4700.0,
2008.0,5600-5800 m,4900.0,
2008.0,5600-5800 m,5100.0,
2008.0,5600-5800 m,5300.0,
2008.0,5600-5800 m,5500.0,
2008.0,5600-5800 m,5700.0,-57.32280191246082
2008.0,5600-5800 m,5900.0,
2008.0,5600-5800 m,6100.0,
2008.0,5600-5800 m,6300.0,
2008.0,5600-5800 m,7100.0,
2008.0,5800-6000 m,3500.0,
2008.0,5800-6000 m,3700.0,
2008.0,5800-6000 m,3900.0,
2008.0,5800-6000 m,4100.0,
2008.0,5800-6000 m,4300.0,
2008.0,5800-6000 m,4500.0,
2008.0,5800-6000 m,4700.0,
2008.0,5800-6000 m,4900.0,
2008.0,5800-6000 m,5100.0,
2008.0,5800-6000 m,5300.0,
2008.0,5800-6000 m,5500.0,
2008.0,5800-6000 m,5700.0,
2008.0,5800-6000 m,5900.0,-123.16313634687809
2008.0,5800-6000 m,6100.0,
2008.0,5800-6000 m,6300.0,
2008.0,5800-6000 m,7100.0,
2008.0,6000-6200 m,3500.0,
2008.0,6000-6200 m,3700.0,
2008.0,6000-6200 m,3900.0,
2008.0,6000-6200 m,4100.0,
2008.0,6000-6200 m,4300.0,
2008.0,6000-6200 m,4500.0,
2008.0,6000-6200 m,4700.0,
2008.0,6000-6200 m,4900.0,
2008.0,6000-6200 m,5100.0,
2008.0,6000-6200 m,5300.0,
2008.0,6000-6200 m,5500.0,
2008.0,6000-6200 m,5700.0,
2008.0,6000-6200 m,5900.0,
2008.0,6000-6200 m,6100.0,-75.56135698010715
2008.0,6000-6200 m,6300.0,
2008.0,6000-6200 m,7100.0,
2008.0,6200-6400 m,3500.0,
2008.0,6200-6400 m,3700.0,
2008.0,6200-6400 m,3900.0,
2008.0,6200-6400 m,4100.0,
2008.0,6200-6400 m,4300.0,
2008.0,6200-6400 m,4500.0,
2008.0,6200-6400 m,4700.0,
2008.0,6200-6400 m,4900.0,
2008.0,6200-6400 m,5100.0,
2008.0,6200-6400 m,5300.0,
2008.0,6200-6400 m,5500.0,
2008.0,6200-6400 m,5700.0,
2008.0,6200-6400 m,5900.0,
2008.0,6200-6400 m,6100.0,
2008.0,6200-6400 m,6300.0,-57.23204915505554
2008.0,6200-6400 m,7100.0,
2008.0,6400-6600 m,3500.0,
2008.0,6400-6600 m,3700.0,
2008.0,6400-6600 m,3900.0,
2008.0,6400-6600 m,4100.0,
2008.0,6400-6600 m,4300.0,
2008.0,6400-6600 m,4500.0,
2008.0,6400-6600 m,4700.0,
2008.0,6400-6600 m,4900.0,
2008.0,6400-6600 m,5100.0,
2008.0,6400-6600 m,5300.0,
2008.0,6400-6600 m,5500.0,
2008.0,6400-6600 m,5700.0,
2008.0,6400-6600 m,5900.0,
2008.0,6400-6600 m,6100.0,
2008.0,6400-6600 m,6300.0,
2008.0,6400-6600 m,7100.0,
2008.0,6600-6800 m,3500.0,
2008.0,6600-6800 m,3700.0,
2008.0,6600-6800 m,3900.0,
2008.0,6600-6800 m,4100.0,
2008.0,6600-6800 m,4300.0,
2008.0,6600-6800 m,4500.0,
2008.0,6600-6800 m,4700.0,
2008.0,6600-6800 m,4900.0,
2008.0,6600-6800 m,5100.0,
2008.0,6600-6800 m,5300.0,
2008.0,6600-6800 m,5500.0,
2008.0,6600-6800 m,5700.0,
2008.0,6600-6800 m,5900.0,
2008.0,6600-6800 m,6100.0,
2008.0,6600-6800 m,6300.0,
2008.0,6600-6800 m,7100.0,
2008.0,6800-7000 m,3500.0,
2008.0,6800-7000 m,3700.0,
2008.0,6800-7000 m,3900.0,
2008.0,6800-7000 m,4100.0,
2008.0,6800-7000 m,4300.0,
2008.0,6800-7000 m,4500.0,
2008.0,6800-7000 m,4700.0,
2008.0,6800-7000 m,4900.0,
2008.0,6800-7000 m,5100.0,
2008.0,6800-7000 m,5300.0,
2008.0,6800-7000 m,5500.0,
2008.0,6800-7000 m,5700.0,
2008.0,6800-7000 m,5900.0,
2008.0,6800-7000 m,6100.0,
2008.0,6800-7000 m,6300.0,
2008.0,6800-7000 m,7100.0,
2008.0,7000-7200 m,3500.0,
2008.0,7000-7200 m,3700.0,
2008.0,7000-7200 m,3900.0,
2008.0,7000-7200 m,4100.0,
2008.0,7000-7200 m,4300.0,
2008.0,7000-7200 m,4500.0,
2008.0,7000-7200 m,4700.0,
2008.0,7000-7200 m,4900.0,
2008.0,7000-7200 m,5100.0,
2008.0,7000-7200 m,5300.0,
2008.0,7000-7200 m,5500.0,
2008.0,7000-7200 m,5700.0,
2008.0,7000-7200 m,5900.0,
2008.0,7000-7200 m,6100.0,
2008.0,7000-7200 m,6300.0,
2008.0,7000-7200 m,7100.0,-322.5889517
2008.0,7200-7400 m,3500.0,
2008.0,7200-7400 m,3700.0,
2008.0,7200-7400 m,3900.0,
2008.0,7200-7400 m,4100.0,
2008.0,7200-7400 m,4300.0,
2008.0,7200-7400 m,4500.0,
2008.0,7200-7400 m,4700.0,
2008.0,7200-7400 m,4900.0,
2008.0,7200-7400 m,5100.0,
2008.0,7200-7400 m,5300.0,
2008.0,7200-7400 m,5500.0,
2008.0,7200-7400 m,5700.0,
2008.0,7200-7400 m,5900.0,
2008.0,7200-7400 m,6100.0,
2008.0,7200-7400 m,6300.0,
2008.0,7200-7400 m,7100.0,
2009.0,3400-3600 m,3500.0,-186.91393296454382
2009.0,3400-3600 m,3700.0,
2009.0,3400-3600 m,3900.0,
2009.0,3400-3600 m,4100.0,
2009.0,3400-3600 m,4300.0,
2009.0,3400-3600 m,4500.0,
2009.0,3400-3600 m,4700.0,
2009.0,3400-3600 m,4900.0,
2009.0,3400-3600 m,5100.0,
2009.0,3400-3600 m,5300.0,
2009.0,3400-3600 m,5500.0,
2009.0,3400-3600 m,5700.0,
2009.0,3400-3600 m,5900.0,
2009.0,3400-3600 m,6100.0,
2009.0,3400-3600 m,6300.0,
2009.0,3400-3600 m,7100.0,
2009.0,3600-3800 m,3500.0,
2009.0,3600-3800 m,3700.0,47.770354662305294
2009.0,3600-3800 m,3900.0,
2009.0,3600-3800 m,4100.0,
2009.0,3600-3800 m,4300.0,
2009.0,3600-3800 m,4500.0,
2009.0,3600-3800 m,4700.0,
2009.0,3600-3800 m,4900.0,
2009.0,3600-3800 m,5100.0,
2009.0,3600-3800 m,5300.0,
2009.0,3600-3800 m,5500.0,
2009.0,3600-3800 m,5700.0,
2009.0,3600-3800 m,5900.0,
2009.0,3600-3800 m,6100.0,
2009.0,3600-3800 m,6300.0,
2009.0,3600-3800 m,7100.0,
2009.0,3800-4000 m,3500.0,
2009.0,3800-4000 m,3700.0,
2009.0,3800-4000 m,3900.0,148.70252438761074
2009.0,3800-4000 m,4100.0,
2009.0,3800-4000 m,4300.0,
2009.0,3800-4000 m,4500.0,
2009.0,3800-4000 m,4700.0,
2009.0,3800-4000 m,4900.0,
2009.0,3800-4000 m,5100.0,
2009.0,3800-4000 m,5300.0,
2009.0,3800-4000 m,5500.0,
2009.0,3800-4000 m,5700.0,
2009.0,3800-4000 m,5900.0,
2009.0,3800-4000 m,6100.0,
2009.0,3800-4000 m,6300.0,
2009.0,3800-4000 m,7100.0,
2009.0,4000-4200 m,3500.0,
2009.0,4000-4200 m,3700.0,
2009.0,4000-4200 m,3900.0,
2009.0,4000-4200 m,4100.0,205.34697334831398
2009.0,4000-4200 m,4300.0,
2009.0,4000-4200 m,4500.0,
2009.0,4000-4200 m,4700.0,
2009.0,4000-4200 m,4900.0,
2009.0,4000-4200 m,5100.0,
2009.0,4000-4200 m,5300.0,
2009.0,4000-4200 m,5500.0,
2009.0,4000-4200 m,5700.0,
2009.0,4000-4200 m,5900.0,
2009.0,4000-4200 m,6100.0,
2009.0,4000-4200 m,6300.0,
2009.0,4000-4200 m,7100.0,
2009.0,4200-4400 m,3500.0,
2009.0,4200-4400 m,3700.0,
2009.0,4200-4400 m,3900.0,
2009.0,4200-4400 m,4100.0,
2009.0,4200-4400 m,4300.0,213.21726977276407
2009.0,4200-4400 m,4500.0,
2009.0,4200-4400 m,4700.0,
2009.0,4200-4400 m,4900.0,
2009.0,4200-4400 m,5100.0,
2009.0,4200-4400 m,5300.0,
2009.0,4200-4400 m,5500.0,
2009.0,4200-4400 m,5700.0,
2009.0,4200-4400 m,5900.0,
2009.0,4200-4400 m,6100.0,
2009.0,4200-4400 m,6300.0,
2009.0,4200-4400 m,7100.0,
2009.0,4400-4600 m,3500.0,
2009.0,4400-4600 m,3700.0,
2009.0,4400-4600 m,3900.0,
2009.0,4400-4600 m,4100.0,
2009.0,4400-4600 m,4300.0,
2009.0,4400-4600 m,4500.0,321.94178484755355
2009.0,4400-4600 m,4700.0,
2009.0,4400-4600 m,4900.0,
2009.0,4400-4600 m,5100.0,
2009.0,4400-4600 m,5300.0,
2009.0,4400-4600 m,5500.0,
2009.0,4400-4600 m,5700.0,
2009.0,4400-4600 m,5900.0,
2009.0,4400-4600 m,6100.0,
2009.0,4400-4600 m,6300.0,
2009.0,4400-4600 m,7100.0,
2009.0,4600-4800 m,3500.0,
2009.0,4600-4800 m,3700.0,
2009.0,4600-4800 m,3900.0,
2009.0,4600-4800 m,4100.0,
2009.0,4600-4800 m,4300.0,
2009.0,4600-4800 m,4500.0,
2009.0,4600-4800 m,4700.0,306.355562295931
2009.0,4600-4800 m,4900.0,
2009.0,4600-4800 m,5100.0,
2009.0,4600-4800 m,5300.0,
2009.0,4600-4800 m,5500.0,
2009.0,4600-4800 m,5700.0,
2009.0,4600-4800 m,5900.0,
2009.0,4600-4800 m,6100.0,
2009.0,4600-4800 m,6300.0,
2009.0,4600-4800 m,7100.0,
2009.0,4800-5000 m,3500.0,
2009.0,4800-5000 m,3700.0,
2009.0,4800-5000 m,3900.0,
2009.0,4800-5000 m,4100.0,
2009.0,4800-5000 m,4300.0,
2009.0,4800-5000 m,4500.0,
2009.0,4800-5000 m,4700.0,
2009.0,4800-5000 m,4900.0,70.51057960579752
2009.0,4800-5000 m,5100.0,
2009.0,4800-5000 m,5300.0,
2009.0,4800-5000 m,5500.0,
2009.0,4800-5000 m,5700.0,
2009.0,4800-5000 m,5900.0,
2009.0,4800-5000 m,6100.0,
2009.0,4800-5000 m,6300.0,
2009.0,4800-5000 m,7100.0,
2009.0,5000-5200 m,3500.0,
2009.0,5000-5200 m,3700.0,
2009.0,5000-5200 m,3900.0,
2009.0,5000-5200 m,4100.0,
2009.0,5000-5200 m,4300.0,
2009.0,5000-5200 m,4500.0,
2009.0,5000-5200 m,4700.0,
2009.0,5000-5200 m,4900.0,
2009.0,5000-5200 m,5100.0,-57.95428972171308
2009.0,5000-5200 m,5300.0,
2009.0,5000-5200 m,5500.0,
2009.0,5000-5200 m,5700.0,
2009.0,5000-5200 m,5900.0,
2009.0,5000-5200 m,6100.0,
2009.0,5000-5200 m,6300.0,
2009.0,5000-5200 m,7100.0,
2009.0,5200-5400 m,3500.0,
2009.0,5200-5400 m,3700.0,
2009.0,5200-5400 m,3900.0,
2009.0,5200-5400 m,4100.0,
2009.0,5200-5400 m,4300.0,
2009.0,5200-5400 m,4500.0,
2009.0,5200-5400 m,4700.0,
2009.0,5200-5400 m,4900.0,
2009.0,5200-5400 m,5100.0,
2009.0,5200-5400 m,5300.0,-64.33080188143103
2009.0,5200-5400 m,5500.0,
2009.0,5200-5400 m,5700.0,
2009.0,5200-5400 m,5900.0,
2009.0,5200-5400 m,6100.0,
2009.0,5200-5400 m,6300.0,
2009.0,5200-5400 m,7100.0,
2009.0,5400-5600 m,3500.0,
2009.0,5400-5600 m,3700.0,
2009.0,5400-5600 m,3900.0,
2009.0,5400-5600 m,4100.0,
2009.0,5400-5600 m,4300.0,
2009.0,5400-5600 m,4500.0,
2009.0,5400-5600 m,4700.0,
2009.0,5400-5600 m,4900.0,
2009.0,5400-5600 m,5100.0,
2009.0,5400-5600 m,5300.0,
2009.0,5400-5600 m,5500.0,-57.914893803410436
2009.0,5400-5600 m,5700.0,
2009.0,5400-5600 m,5900.0,
2009.0,5400-5600 m,6100.0,
2009.0,5400-5600 m,6300.0,
2009.0,5400-5600 m,7100.0,
2009.0,5600-5800 m,3500.0,
2009.0,5600-5800 m,3700.0,
2009.0,5600-5800 m,3900.0,
2009.0,5600-5800 m,4100.0,
2009.0,5600-5800 m,4300.0,
2009.0,5600-5800 m,4500.0,
2009.0,5600-5800 m,4700.0,
2009.0,5600-5800 m,4900.0,
2009.0,5600-5800 m,5100.0,
2009.0,5600-5800 m,5300.0,
2009.0,5600-5800 m,5500.0,
2009.0,5600-5800 m,5700.0,-84.51218902407601
2009.0,5600-5800 m,5900.0,
2009.0,5600-5800 m,6100.0,
2009.0,5600-5800 m,6300.0,
2009.0,5600-5800 m,7100.0,
2009.0,5800-6000 m,3500.0,
2009.0,5800-6000 m,3700.0,
2009.0,5800-6000 m,3900.0,
2009.0,5800-6000 m,4100.0,
2009.0,5800-6000 m,4300.0,
2009.0,5800-6000 m,4500.0,
2009.0,5800-6000 m,4700.0,
2009.0,5800-6000 m,4900.0,
2009.0,5800-6000 m,5100.0,
2009.0,5800-6000 m,5300.0,
2009.0,5800-6000 m,5500.0,
2009.0,5800-6000 m,5700.0,
2009.0,5800-6000 m,5900.0,-137.03907731804344
2009.0,5800-6000 m,6100.0,
2009.0,5800-6000 m,6300.0,
2009.0,5800-6000 m,7100.0,
2009.0,6000-6200 m,3500.0,
2009.0,6000-6200 m,3700.0,
2009.0,6000-6200 m,3900.0,
2009.0,6000-6200 m,4100.0,
2009.0,6000-6200 m,4300.0,
2009.0,6000-6200 m,4500.0,
2009.0,6000-6200 m,4700.0,
2009.0,6000-6200 m,4900.0,
2009.0,6000-6200 m,5100.0,
2009.0,6000-6200 m,5300.0,
2009.0,6000-6200 m,5500.0,
2009.0,6000-6200 m,5700.0,
2009.0,6000-6200 m,5900.0,
2009.0,6000-6200 m,6100.0,-196.7119223957143
2009.0,6000-6200 m,6300.0,
2009.0,6000-6200 m,7100.0,
2009.0,6200-6400 m,3500.0,
2009.0,6200-6400 m,3700.0,
2009.0,6200-6400 m,3900.0,
2009.0,6200-6400 m,4100.0,
2009.0,6200-6400 m,4300.0,
2009.0,6200-6400 m,4500.0,
2009.0,6200-6400 m,4700.0,
2009.0,6200-6400 m,4900.0,
2009.0,6200-6400 m,5100.0,
2009.0,6200-6400 m,5300.0,
2009.0,6200-6400 m,5500.0,
2009.0,6200-6400 m,5700.0,
2009.0,6200-6400 m,5900.0,
2009.0,6200-6400 m,6100.0,
2009.0,6200-6400 m,6300.0,-124.45934493166666
2009.0,6200-6400 m,7100.0,
2009.0,6400-6600 m,3500.0,
2009.0,6400-6600 m,3700.0,
2009.0,6400-6600 m,3900.0,
2009.0,6400-6600 m,4100.0,
2009.0,6400-6600 m,4300.0,
2009.0,6400-6600 m,4500.0,
2009.0,6400-6600 m,4700.0,
2009.0,6400-6600 m,4900.0,
2009.0,6400-6600 m,5100.0,
2009.0,6400-6600 m,5300.0,
2009.0,6400-6600 m,5500.0,
2009.0,6400-6600 m,5700.0,
2009.0,6400-6600 m,5900.0,
2009.0,6400-6600 m,6100.0,
2009.0,6400-6600 m,6300.0,
2009.0,6400-6600 m,7100.0,
2009.0,6600-6800 m,3500.0,
2009.0,6600-6800 m,3700.0,
2009.0,6600-6800 m,3900.0,
2009.0,6600-6800 m,4100.0,
2009.0,6600-6800 m,4300.0,
2009.0,6600-6800 m,4500.0,
2009.0,6600-6800 m,4700.0,
2009.0,6600-6800 m,4900.0,
2009.0,6600-6800 m,5100.0,
2009.0,6600-6800 m,5300.0,
2009.0,6600-6800 m,5500.0,
2009.0,6600-6800 m,5700.0,
2009.0,6600-6800 m,5900.0,
2009.0,6600-6800 m,6100.0,
2009.0,6600-6800 m,6300.0,
2009.0,6600-6800 m,7100.0,
2009.0,6800-7000 m,3500.0,
2009.0,6800-7000 m,3700.0,
2009.0,6800-7000 m,3900.0,
2009.0,6800-7000 m,4100.0,
2009.0,6800-7000 m,4300.0,
2009.0,6800-7000 m,4500.0,
2009.0,6800-7000 m,4700.0,
2009.0,6800-7000 m,4900.0,
2009.0,6800-7000 m,5100.0,
2009.0,6800-7000 m,5300.0,
2009.0,6800-7000 m,5500.0,
2009.0,6800-7000 m,5700.0,
2009.0,6800-7000 m,5900.0,
2009.0,6800-7000 m,6100.0,
2009.0,6800-7000 m,6300.0,
2009.0,6800-7000 m,7100.0,
2009.0,7000-7200 m,3500.0,
2009.0,7000-7200 m,3700.0,
2009.0,7000-7200 m,3900.0,
2009.0,7000-7200 m,4100.0,
2009.0,7000-7200 m,4300.0,
2009.0,7000-7200 m,4500.0,
2009.0,7000-7200 m,4700.0,
2009.0,7000-7200 m,4900.0,
2009.0,7000-7200 m,5100.0,
2009.0,7000-7200 m,5300.0,
2009.0,7000-7200 m,5500.0,
2009.0,7000-7200 m,5700.0,
2009.0,7000-7200 m,5900.0,
2009.0,7000-7200 m,6100.0,
2009.0,7000-7200 m,6300.0,
2009.0,7000-7200 m,7100.0,-136.5430232
2009.0,7200-7400 m,3500.0,
2009.0,7200-7400 m,3700.0,
2009.0,7200-7400 m,3900.0,
2009.0,7200-7400 m,4100.0,
2009.0,7200-7400 m,4300.0,
2009.0,7200-7400 m,4500.0,
2009.0,7200-7400 m,4700.0,
2009.0,7200-7400 m,4900.0,
2009.0,7200-7400 m,5100.0,
2009.0,7200-7400 m,5300.0,
2009.0,7200-7400 m,5500.0,
2009.0,7200-7400 m,5700.0,
2009.0,7200-7400 m,5900.0,
2009.0,7200-7400 m,6100.0,
2009.0,7200-7400 m,6300.0,
2009.0,7200-7400 m,7100.0,
2010.0,3400-3600 m,3500.0,-474.9239218029684
2010.0,3400-3600 m,3700.0,
2010.0,3400-3600 m,3900.0,
2010.0,3400-3600 m,4100.0,
2010.0,3400-3600 m,4300.0,
2010.0,3400-3600 m,4500.0,
2010.0,3400-3600 m,4700.0,
2010.0,3400-3600 m,4900.0,
2010.0,3400-3600 m,5100.0,
2010.0,3400-3600 m,5300.0,
2010.0,3400-3600 m,5500.0,
2010.0,3400-3600 m,5700.0,
2010.0,3400-3600 m,5900.0,
2010.0,3400-3600 m,6100.0,
2010.0,3400-3600 m,6300.0,
2010.0,3400-3600 m,7100.0,
2010.0,3600-3800 m,3500.0,
2010.0,3600-3800 m,3700.0,-227.5324415618043
2010.0,3600-3800 m,3900.0,
2010.0,3600-3800 m,4100.0,
2010.0,3600-3800 m,4300.0,
2010.0,3600-3800 m,4500.0,
2010.0,3600-3800 m,4700.0,
2010.0,3600-3800 m,4900.0,
2010.0,3600-3800 m,5100.0,
2010.0,3600-3800 m,5300.0,
2010.0,3600-3800 m,5500.0,
2010.0,3600-3800 m,5700.0,
2010.0,3600-3800 m,5900.0,
2010.0,3600-3800 m,6100.0,
2010.0,3600-3800 m,6300.0,
2010.0,3600-3800 m,7100.0,
2010.0,3800-4000 m,3500.0,
2010.0,3800-4000 m,3700.0,
2010.0,3800-4000 m,3900.0,-147.90983759349828
2010.0,3800-4000 m,4100.0,
2010.0,3800-4000 m,4300.0,
2010.0,3800-4000 m,4500.0,
2010.0,3800-4000 m,4700.0,
2010.0,3800-4000 m,4900.0,
2010.0,3800-4000 m,5100.0,
2010.0,3800-4000 m,5300.0,
2010.0,3800-4000 m,5500.0,
2010.0,3800-4000 m,5700.0,
2010.0,3800-4000 m,5900.0,
2010.0,3800-4000 m,6100.0,
2010.0,3800-4000 m,6300.0,
2010.0,3800-4000 m,7100.0,
2010.0,4000-4200 m,3500.0,
2010.0,4000-4200 m,3700.0,
2010.0,4000-4200 m,3900.0,
2010.0,4000-4200 m,4100.0,51.92729352299076
2010.0,4000-4200 m,4300.0,
2010.0,4000-4200 m,4500.0,
2010.0,4000-4200 m,4700.0,
2010.0,4000-4200 m,4900.0,
2010.0,4000-4200 m,5100.0,
2010.0,4000-4200 m,5300.0,
2010.0,4000-4200 m,5500.0,
2010.0,4000-4200 m,5700.0,
2010.0,4000-4200 m,5900.0,
2010.0,4000-4200 m,6100.0,
2010.0,4000-4200 m,6300.0,
2010.0,4000-4200 m,7100.0,
2010.0,4200-4400 m,3500.0,
2010.0,4200-4400 m,3700.0,
2010.0,4200-4400 m,3900.0,
2010.0,4200-4400 m,4100.0,
2010.0,4200-4400 m,4300.0,223.37433764265447
2010.0,4200-4400 m,4500.0,
2010.0,4200-4400 m,4700.0,
2010.0,4200-4400 m,4900.0,
2010.0,4200-4400 m,5100.0,
2010.0,4200-4400 m,5300.0,
2010.0,4200-4400 m,5500.0,
2010.0,4200-4400 m,5700.0,
2010.0,4200-4400 m,5900.0,
2010.0,4200-4400 m,6100.0,
2010.0,4200-4400 m,6300.0,
2010.0,4200-4400 m,7100.0,
2010.0,4400-4600 m,3500.0,
2010.0,4400-4600 m,3700.0,
2010.0,4400-4600 m,3900.0,
2010.0,4400-4600 m,4100.0,
2010.0,4400-4600 m,4300.0,
2010.0,4400-4600 m,4500.0,376.33214794504073
2010.0,4400-4600 m,4700.0,
2010.0,4400-4600 m,4900.0,
2010.0,4400-4600 m,5100.0,
2010.0,4400-4600 m,5300.0,
2010.0,4400-4600 m,5500.0,
2010.0,4400-4600 m,5700.0,
2010.0,4400-4600 m,5900.0,
2010.0,4400-4600 m,6100.0,
2010.0,4400-4600 m,6300.0,
2010.0,4400-4600 m,7100.0,
2010.0,4600-4800 m,3500.0,
2010.0,4600-4800 m,3700.0,
2010.0,4600-4800 m,3900.0,
2010.0,4600-4800 m,4100.0,
2010.0,4600-4800 m,4300.0,
2010.0,4600-4800 m,4500.0,
2010.0,4600-4800 m,4700.0,495.12118423870993
2010.0,4600-4800 m,4900.0,
2010.0,4600-4800 m,5100.0,
2010.0,4600-4800 m,5300.0,
2010.0,4600-4800 m,5500.0,
2010.0,4600-4800 m,5700.0,
2010.0,4600-4800 m,5900.0,
2010.0,4600-4800 m,6100.0,
2010.0,4600-4800 m,6300.0,
2010.0,4600-4800 m,7100.0,
2010.0,4800-5000 m,3500.0,
2010.0,4800-5000 m,3700.0,
2010.0,4800-5000 m,3900.0,
2010.0,4800-5000 m,4100.0,
2010.0,4800-5000 m,4300.0,
2010.0,4800-5000 m,4500.0,
2010.0,4800-5000 m,4700.0,
2010.0,4800-5000 m,4900.0,673.8046840499235
2010.0,4800-5000 m,5100.0,
2010.0,4800-5000 m,5300.0,
2010.0,4800-5000 m,5500.0,
2010.0,4800-5000 m,5700.0,
2010.0,4800-5000 m,5900.0,
2010.0,4800-5000 m,6100.0,
2010.0,4800-5000 m,6300.0,
2010.0,4800-5000 m,7100.0,
2010.0,5000-5200 m,3500.0,
2010.0,5000-5200 m,3700.0,
2010.0,5000-5200 m,3900.0,
2010.0,5000-5200 m,4100.0,
2010.0,5000-5200 m,4300.0,
2010.0,5000-5200 m,4500.0,
2010.0,5000-5200 m,4700.0,
2010.0,5000-5200 m,4900.0,
2010.0,5000-5200 m,5100.0,705.5059539315289
2010.0,5000-5200 m,5300.0,
2010.0,5000-5200 m,5500.0,
2010.0,5000-5200 m,5700.0,
2010.0,5000-5200 m,5900.0,
2010.0,5000-5200 m,6100.0,
2010.0,5000-5200 m,6300.0,
2010.0,5000-5200 m,7100.0,
2010.0,5200-5400 m,3500.0,
2010.0,5200-5400 m,3700.0,
2010.0,5200-5400 m,3900.0,
2010.0,5200-5400 m,4100.0,
2010.0,5200-5400 m,4300.0,
2010.0,5200-5400 m,4500.0,
2010.0,5200-5400 m,4700.0,
2010.0,5200-5400 m,4900.0,
2010.0,5200-5400 m,5100.0,
2010.0,5200-5400 m,5300.0,669.0690089525378
2010.0,5200-5400 m,5500.0,
2010.0,5200-5400 m,5700.0,
2010.0,5200-5400 m,5900.0,
2010.0,5200-5400 m,6100.0,
2010.0,5200-5400 m,6300.0,
2010.0,5200-5400 m,7100.0,
2010.0,5400-5600 m,3500.0,
2010.0,5400-5600 m,3700.0,
2010.0,5400-5600 m,3900.0,
2010.0,5400-5600 m,4100.0,
2010.0,5400-5600 m,4300.0,
2010.0,5400-5600 m,4500.0,
2010.0,5400-5600 m,4700.0,
2010.0,5400-5600 m,4900.0,
2010.0,5400-5600 m,5100.0,
2010.0,5400-5600 m,5300.0,
2010.0,5400-5600 m,5500.0,656.1619871103475
2010.0,5400-5600 m,5700.0,
2010.0,5400-5600 m,5900.0,
2010.0,5400-5600 m,6100.0,
2010.0,5400-5600 m,6300.0,
2010.0,5400-5600 m,7100.0,
2010.0,5600-5800 m,3500.0,
2010.0,5600-5800 m,3700.0,
2010.0,5600-5800 m,3900.0,
2010.0,5600-5800 m,4100.0,
2010.0,5600-5800 m,4300.0,
2010.0,5600-5800 m,4500.0,
2010.0,5600-5800 m,4700.0,
2010.0,5600-5800 m,4900.0,
2010.0,5600-5800 m,5100.0,
2010.0,5600-5800 m,5300.0,
2010.0,5600-5800 m,5500.0,
2010.0,5600-5800 m,5700.0,618.9601889300977
2010.0,5600-5800 m,5900.0,
2010.0,5600-5800 m,6100.0,
2010.0,5600-5800 m,6300.0,
2010.0,5600-5800 m,7100.0,
2010.0,5800-6000 m,3500.0,
2010.0,5800-6000 m,3700.0,
2010.0,5800-6000 m,3900.0,
2010.0,5800-6000 m,4100.0,
2010.0,5800-6000 m,4300.0,
2010.0,5800-6000 m,4500.0,
2010.0,5800-6000 m,4700.0,
2010.0,5800-6000 m,4900.0,
2010.0,5800-6000 m,5100.0,
2010.0,5800-6000 m,5300.0,
2010.0,5800-6000 m,5500.0,
2010.0,5800-6000 m,5700.0,
2010.0,5800-6000 m,5900.0,559.7347690981109
2010.0,5800-6000 m,6100.0,
2010.0,5800-6000 m,6300.0,
2010.0,5800-6000 m,7100.0,
2010.0,6000-6200 m,3500.0,
2010.0,6000-6200 m,3700.0,
2010.0,6000-6200 m,3900.0,
2010.0,6000-6200 m,4100.0,
2010.0,6000-6200 m,4300.0,
2010.0,6000-6200 m,4500.0,
2010.0,6000-6200 m,4700.0,
2010.0,6000-6200 m,4900.0,
2010.0,6000-6200 m,5100.0,
2010.0,6000-6200 m,5300.0,
2010.0,6000-6200 m,5500.0,
2010.0,6000-6200 m,5700.0,
2010.0,6000-6200 m,5900.0,
2010.0,6000-6200 m,6100.0,596.0379122714286
2010.0,6000-6200 m,6300.0,
2010.0,6000-6200 m,7100.0,
2010.0,6200-6400 m,3500.0,
2010.0,6200-6400 m,3700.0,
2010.0,6200-6400 m,3900.0,
2010.0,6200-6400 m,4100.0,
2010.0,6200-6400 m,4300.0,
2010.0,6200-6400 m,4500.0,
2010.0,6200-6400 m,4700.0,
2010.0,6200-6400 m,4900.0,
2010.0,6200-6400 m,5100.0,
2010.0,6200-6400 m,5300.0,
2010.0,6200-6400 m,5500.0,
2010.0,6200-6400 m,5700.0,
2010.0,6200-6400 m,5900.0,
2010.0,6200-6400 m,6100.0,
2010.0,6200-6400 m,6300.0,583.406833438889
2010.0,6200-6400 m,7100.0,
2010.0,6400-6600 m,3500.0,
2010.0,6400-6600 m,3700.0,
2010.0,6400-6600 m,3900.0,
2010.0,6400-6600 m,4100.0,
2010.0,6400-6600 m,4300.0,
2010.0,6400-6600 m,4500.0,
2010.0,6400-6600 m,4700.0,
2010.0,6400-6600 m,4900.0,
2010.0,6400-6600 m,5100.0,
2010.0,6400-6600 m,5300.0,
2010.0,6400-6600 m,5500.0,
2010.0,6400-6600 m,5700.0,
2010.0,6400-6600 m,5900.0,
2010.0,6400-6600 m,6100.0,
2010.0,6400-6600 m,6300.0,
2010.0,6400-6600 m,7100.0,
2010.0,6600-6800 m,3500.0,
2010.0,6600-6800 m,3700.0,
2010.0,6600-6800 m,3900.0,
2010.0,6600-6800 m,4100.0,
2010.0,6600-6800 m,4300.0,
2010.0,6600-6800 m,4500.0,
2010.0,6600-6800 m,4700.0,
2010.0,6600-6800 m,4900.0,
2010.0,6600-6800 m,5100.0,
2010.0,6600-6800 m,5300.0,
2010.0,6600-6800 m,5500.0,
2010.0,6600-6800 m,5700.0,
2010.0,6600-6800 m,5900.0,
2010.0,6600-6800 m,6100.0,
2010.0,6600-6800 m,6300.0,
2010.0,6600-6800 m,7100.0,
2010.0,6800-7000 m,3500.0,
2010.0,6800-7000 m,3700.0,
2010.0,6800-7000 m,3900.0,
2010.0,6800-7000 m,4100.0,
2010.0,6800-7000 m,4300.0,
2010.0,6800-7000 m,4500.0,
2010.0,6800-7000 m,4700.0,
2010.0,6800-7000 m,4900.0,
2010.0,6800-7000 m,5100.0,
2010.0,6800-7000 m,5300.0,
2010.0,6800-7000 m,5500.0,
2010.0,6800-7000 m,5700.0,
2010.0,6800-7000 m,5900.0,
2010.0,6800-7000 m,6100.0,
2010.0,6800-7000 m,6300.0,
2010.0,6800-7000 m,7100.0,
2010.0,7000-7200 m,3500.0,
2010.0,7000-7200 m,3700.0,
2010.0,7000-7200 m,3900.0,
2010.0,7000-7200 m,4100.0,
2010.0,7000-7200 m,4300.0,
2010.0,7000-7200 m,4500.0,
2010.0,7000-7200 m,4700.0,
2010.0,7000-7200 m,4900.0,
2010.0,7000-7200 m,5100.0,
2010.0,7000-7200 m,5300.0,
2010.0,7000-7200 m,5500.0,
2010.0,7000-7200 m,5700.0,
2010.0,7000-7200 m,5900.0,
2010.0,7000-7200 m,6100.0,
2010.0,7000-7200 m,6300.0,
2010.0,7000-7200 m,7100.0,841.2196526
2010.0,7200-7400 m,3500.0,
2010.0,7200-7400 m,3700.0,
2010.0,7200-7400 m,3900.0,
2010.0,7200-7400 m,4100.0,
2010.0,7200-7400 m,4300.0,
2010.0,7200-7400 m,4500.0,
2010.0,7200-7400 m,4700.0,
2010.0,7200-7400 m,4900.0,
2010.0,7200-7400 m,5100.0,
2010.0,7200-7400 m,5300.0,
2010.0,7200-7400 m,5500.0,
2010.0,7200-7400 m,5700.0,
2010.0,7200-7400 m,5900.0,
2010.0,7200-7400 m,6100.0,
2010.0,7200-7400 m,6300.0,
2010.0,7200-7400 m,7100.0,
2011.0,3400-3600 m,3500.0,-860.971201759232
2011.0,3400-3600 m,3700.0,
2011.0,3400-3600 m,3900.0,
2011.0,3400-3600 m,4100.0,
2011.0,3400-3600 m,4300.0,
2011.0,3400-3600 m,4500.0,
2011.0,3400-3600 m,4700.0,
2011.0,3400-3600 m,4900.0,
2011.0,3400-3600 m,5100.0,
2011.0,3400-3600 m,5300.0,
2011.0,3400-3600 m,5500.0,
2011.0,3400-3600 m,5700.0,
2011.0,3400-3600 m,5900.0,
2011.0,3400-3600 m,6100.0,
2011.0,3400-3600 m,6300.0,
2011.0,3400-3600 m,7100.0,
2011.0,3600-3800 m,3500.0,
2011.0,3600-3800 m,3700.0,-768.2983267774754
2011.0,3600-3800 m,3900.0,
2011.0,3600-3800 m,4100.0,
2011.0,3600-3800 m,4300.0,
2011.0,3600-3800 m,4500.0,
2011.0,3600-3800 m,4700.0,
2011.0,3600-3800 m,4900.0,
2011.0,3600-3800 m,5100.0,
2011.0,3600-3800 m,5300.0,
2011.0,3600-3800 m,5500.0,
2011.0,3600-3800 m,5700.0,
2011.0,3600-3800 m,5900.0,
2011.0,3600-3800 m,6100.0,
2011.0,3600-3800 m,6300.0,
2011.0,3600-3800 m,7100.0,
2011.0,3800-4000 m,3500.0,
2011.0,3800-4000 m,3700.0,
2011.0,3800-4000 m,3900.0,-686.7100004525532
2011.0,3800-4000 m,4100.0,
2011.0,3800-4000 m,4300.0,
2011.0,3800-4000 m,4500.0,
2011.0,3800-4000 m,4700.0,
2011.0,3800-4000 m,4900.0,
2011.0,3800-4000 m,5100.0,
2011.0,3800-4000 m,5300.0,
2011.0,3800-4000 m,5500.0,
2011.0,3800-4000 m,5700.0,
2011.0,3800-4000 m,5900.0,
2011.0,3800-4000 m,6100.0,
2011.0,3800-4000 m,6300.0,
2011.0,3800-4000 m,7100.0,
2011.0,4000-4200 m,3500.0,
2011.0,4000-4200 m,3700.0,
2011.0,4000-4200 m,3900.0,
2011.0,4000-4200 m,4100.0,-540.0923507829372
2011.0,4000-4200 m,4300.0,
2011.0,4000-4200 m,4500.0,
2011.0,4000-4200 m,4700.0,
2011.0,4000-4200 m,4900.0,
2011.0,4000-4200 m,5100.0,
2011.0,4000-4200 m,5300.0,
2011.0,4000-4200 m,5500.0,
2011.0,4000-4200 m,5700.0,
2011.0,4000-4200 m,5900.0,
2011.0,4000-4200 m,6100.0,
2011.0,4000-4200 m,6300.0,
2011.0,4000-4200 m,7100.0,
2011.0,4200-4400 m,3500.0,
2011.0,4200-4400 m,3700.0,
2011.0,4200-4400 m,3900.0,
2011.0,4200-4400 m,4100.0,
2011.0,4200-4400 m,4300.0,-377.91750470768307
2011.0,4200-4400 m,4500.0,
2011.0,4200-4400 m,4700.0,
2011.0,4200-4400 m,4900.0,
2011.0,4200-4400 m,5100.0,
2011.0,4200-4400 m,5300.0,
2011.0,4200-4400 m,5500.0,
2011.0,4200-4400 m,5700.0,
2011.0,4200-4400 m,5900.0,
2011.0,4200-4400 m,6100.0,
2011.0,4200-4400 m,6300.0,
2011.0,4200-4400 m,7100.0,
2011.0,4400-4600 m,3500.0,
2011.0,4400-4600 m,3700.0,
2011.0,4400-4600 m,3900.0,
2011.0,4400-4600 m,4100.0,
2011.0,4400-4600 m,4300.0,
2011.0,4400-4600 m,4500.0,-204.73281060496535
2011.0,4400-4600 m,4700.0,
2011.0,4400-4600 m,4900.0,
2011.0,4400-4600 m,5100.0,
2011.0,4400-4600 m,5300.0,
2011.0,4400-4600 m,5500.0,
2011.0,4400-4600 m,5700.0,
2011.0,4400-4600 m,5900.0,
2011.0,4400-4600 m,6100.0,
2011.0,4400-4600 m,6300.0,
2011.0,4400-4600 m,7100.0,
2011.0,4600-4800 m,3500.0,
2011.0,4600-4800 m,3700.0,
2011.0,4600-4800 m,3900.0,
2011.0,4600-4800 m,4100.0,
2011.0,4600-4800 m,4300.0,
2011.0,4600-4800 m,4500.0,
2011.0,4600-4800 m,4700.0,-152.08375862532685
2011.0,4600-4800 m,4900.0,
2011.0,4600-4800 m,5100.0,
2011.0,4600-4800 m,5300.0,
2011.0,4600-4800 m,5500.0,
2011.0,4600-4800 m,5700.0,
2011.0,4600-4800 m,5900.0,
2011.0,4600-4800 m,6100.0,
2011.0,4600-4800 m,6300.0,
2011.0,4600-4800 m,7100.0,
2011.0,4800-5000 m,3500.0,
2011.0,4800-5000 m,3700.0,
2011.0,4800-5000 m,3900.0,
2011.0,4800-5000 m,4100.0,
2011.0,4800-5000 m,4300.0,
2011.0,4800-5000 m,4500.0,
2011.0,4800-5000 m,4700.0,
2011.0,4800-5000 m,4900.0,-12.336055912268002
2011.0,4800-5000 m,5100.0,
2011.0,4800-5000 m,5300.0,
2011.0,4800-5000 m,5500.0,
2011.0,4800-5000 m,5700.0,
2011.0,4800-5000 m,5900.0,
2011.0,4800-5000 m,6100.0,
2011.0,4800-5000 m,6300.0,
2011.0,4800-5000 m,7100.0,
2011.0,5000-5200 m,3500.0,
2011.0,5000-5200 m,3700.0,
2011.0,5000-5200 m,3900.0,
2011.0,5000-5200 m,4100.0,
2011.0,5000-5200 m,4300.0,
2011.0,5000-5200 m,4500.0,
2011.0,5000-5200 m,4700.0,
2011.0,5000-5200 m,4900.0,
2011.0,5000-5200 m,5100.0,51.10400705870021
2011.0,5000-5200 m,5300.0,
2011.0,5000-5200 m,5500.0,
2011.0,5000-5200 m,5700.0,
2011.0,5000-5200 m,5900.0,
2011.0,5000-5200 m,6100.0,
2011.0,5000-5200 m,6300.0,
2011.0,5000-5200 m,7100.0,
2011.0,5200-5400 m,3500.0,
2011.0,5200-5400 m,3700.0,
2011.0,5200-5400 m,3900.0,
2011.0,5200-5400 m,4100.0,
2011.0,5200-5400 m,4300.0,
2011.0,5200-5400 m,4500.0,
2011.0,5200-5400 m,4700.0,
2011.0,5200-5400 m,4900.0,
2011.0,5200-5400 m,5100.0,
2011.0,5200-5400 m,5300.0,56.18818001946538
2011.0,5200-5400 m,5500.0,
2011.0,5200-5400 m,5700.0,
2011.0,5200-5400 m,5900.0,
2011.0,5200-5400 m,6100.0,
2011.0,5200-5400 m,6300.0,
2011.0,5200-5400 m,7100.0,
2011.0,5400-5600 m,3500.0,
2011.0,5400-5600 m,3700.0,
2011.0,5400-5600 m,3900.0,
2011.0,5400-5600 m,4100.0,
2011.0,5400-5600 m,4300.0,
2011.0,5400-5600 m,4500.0,
2011.0,5400-5600 m,4700.0,
2011.0,5400-5600 m,4900.0,
2011.0,5400-5600 m,5100.0,
2011.0,5400-5600 m,5300.0,
2011.0,5400-5600 m,5500.0,21.92543937441807
2011.0,5400-5600 m,5700.0,
2011.0,5400-5600 m,5900.0,
2011.0,5400-5600 m,6100.0,
2011.0,5400-5600 m,6300.0,
2011.0,5400-5600 m,7100.0,
2011.0,5600-5800 m,3500.0,
2011.0,5600-5800 m,3700.0,
2011.0,5600-5800 m,3900.0,
2011.0,5600-5800 m,4100.0,
2011.0,5600-5800 m,4300.0,
2011.0,5600-5800 m,4500.0,
2011.0,5600-5800 m,4700.0,
2011.0,5600-5800 m,4900.0,
2011.0,5600-5800 m,5100.0,
2011.0,5600-5800 m,5300.0,
2011.0,5600-5800 m,5500.0,
2011.0,5600-5800 m,5700.0,-43.29640035666741
2011.0,5600-5800 m,5900.0,
2011.0,5600-5800 m,6100.0,
2011.0,5600-5800 m,6300.0,
2011.0,5600-5800 m,7100.0,
2011.0,5800-6000 m,3500.0,
2011.0,5800-6000 m,3700.0,
2011.0,5800-6000 m,3900.0,
2011.0,5800-6000 m,4100.0,
2011.0,5800-6000 m,4300.0,
2011.0,5800-6000 m,4500.0,
2011.0,5800-6000 m,4700.0,
2011.0,5800-6000 m,4900.0,
2011.0,5800-6000 m,5100.0,
2011.0,5800-6000 m,5300.0,
2011.0,5800-6000 m,5500.0,
2011.0,5800-6000 m,5700.0,
2011.0,5800-6000 m,5900.0,-138.79720011856517
2011.0,5800-6000 m,6100.0,
2011.0,5800-6000 m,6300.0,
2011.0,5800-6000 m,7100.0,
2011.0,6000-6200 m,3500.0,
2011.0,6000-6200 m,3700.0,
2011.0,6000-6200 m,3900.0,
2011.0,6000-6200 m,4100.0,
2011.0,6000-6200 m,4300.0,
2011.0,6000-6200 m,4500.0,
2011.0,6000-6200 m,4700.0,
2011.0,6000-6200 m,4900.0,
2011.0,6000-6200 m,5100.0,
2011.0,6000-6200 m,5300.0,
2011.0,6000-6200 m,5500.0,
2011.0,6000-6200 m,5700.0,
2011.0,6000-6200 m,5900.0,
2011.0,6000-6200 m,6100.0,-214.7139528517857
2011.0,6000-6200 m,6300.0,
2011.0,6000-6200 m,7100.0,
2011.0,6200-6400 m,3500.0,
2011.0,6200-6400 m,3700.0,
2011.0,6200-6400 m,3900.0,
2011.0,6200-6400 m,4100.0,
2011.0,6200-6400 m,4300.0,
2011.0,6200-6400 m,4500.0,
2011.0,6200-6400 m,4700.0,
2011.0,6200-6400 m,4900.0,
2011.0,6200-6400 m,5100.0,
2011.0,6200-6400 m,5300.0,
2011.0,6200-6400 m,5500.0,
2011.0,6200-6400 m,5700.0,
2011.0,6200-6400 m,5900.0,
2011.0,6200-6400 m,6100.0,
2011.0,6200-6400 m,6300.0,-140.60553621777777
2011.0,6200-6400 m,7100.0,
2011.0,6400-6600 m,3500.0,
2011.0,6400-6600 m,3700.0,
2011.0,6400-6600 m,3900.0,
2011.0,6400-6600 m,4100.0,
2011.0,6400-6600 m,4300.0,
2011.0,6400-6600 m,4500.0,
2011.0,6400-6600 m,4700.0,
2011.0,6400-6600 m,4900.0,
2011.0,6400-6600 m,5100.0,
2011.0,6400-6600 m,5300.0,
2011.0,6400-6600 m,5500.0,
2011.0,6400-6600 m,5700.0,
2011.0,6400-6600 m,5900.0,
2011.0,6400-6600 m,6100.0,
2011.0,6400-6600 m,6300.0,
2011.0,6400-6600 m,7100.0,
2011.0,6600-6800 m,3500.0,
2011.0,6600-6800 m,3700.0,
2011.0,6600-6800 m,3900.0,
2011.0,6600-6800 m,4100.0,
2011.0,6600-6800 m,4300.0,
2011.0,6600-6800 m,4500.0,
2011.0,6600-6800 m,4700.0,
2011.0,6600-6800 m,4900.0,
2011.0,6600-6800 m,5100.0,
2011.0,6600-6800 m,5300.0,
2011.0,6600-6800 m,5500.0,
2011.0,6600-6800 m,5700.0,
2011.0,6600-6800 m,5900.0,
2011.0,6600-6800 m,6100.0,
2011.0,6600-6800 m,6300.0,
2011.0,6600-6800 m,7100.0,
2011.0,6800-7000 m,3500.0,
2011.0,6800-7000 m,3700.0,
2011.0,6800-7000 m,3900.0,
2011.0,6800-7000 m,4100.0,
2011.0,6800-7000 m,4300.0,
2011.0,6800-7000 m,4500.0,
2011.0,6800-7000 m,4700.0,
2011.0,6800-7000 m,4900.0,
2011.0,6800-7000 m,5100.0,
2011.0,6800-7000 m,5300.0,
2011.0,6800-7000 m,5500.0,
2011.0,6800-7000 m,5700.0,
2011.0,6800-7000 m,5900.0,
2011.0,6800-7000 m,6100.0,
2011.0,6800-7000 m,6300.0,
2011.0,6800-7000 m,7100.0,
2011.0,7000-7200 m,3500.0,
2011.0,7000-7200 m,3700.0,
2011.0,7000-7200 m,3900.0,
2011.0,7000-7200 m,4100.0,
2011.0,7000-7200 m,4300.0,
2011.0,7000-7200 m,4500.0,
2011.0,7000-7200 m,4700.0,
2011.0,7000-7200 m,4900.0,
2011.0,7000-7200 m,5100.0,
2011.0,7000-7200 m,5300.0,
2011.0,7000-7200 m,5500.0,
2011.0,7000-7200 m,5700.0,
2011.0,7000-7200 m,5900.0,
2011.0,7000-7200 m,6100.0,
2011.0,7000-7200 m,6300.0,
2011.0,7000-7200 m,7100.0,56.91989488
2011.0,7200-7400 m,3500.0,
2011.0,7200-7400 m,3700.0,
2011.0,7200-7400 m,3900.0,
2011.0,7200-7400 m,4100.0,
2011.0,7200-7400 m,4300.0,
2011.0,7200-7400 m,4500.0,
2011.0,7200-7400 m,4700.0,
2011.0,7200-7400 m,4900.0,
2011.0,7200-7400 m,5100.0,
2011.0,7200-7400 m,5300.0,
2011.0,7200-7400 m,5500.0,
2011.0,7200-7400 m,5700.0,
2011.0,7200-7400 m,5900.0,
2011.0,7200-7400 m,6100.0,
2011.0,7200-7400 m,6300.0,
2011.0,7200-7400 m,7100.0,
2012.0,3400-3600 m,3500.0,-993.6932484603318
2012.0,3400-3600 m,3700.0,
2012.0,3400-3600 m,3900.0,
2012.0,3400-3600 m,4100.0,
2012.0,3400-3600 m,4300.0,
2012.0,3400-3600 m,4500.0,
2012.0,3400-3600 m,4700.0,
2012.0,3400-3600 m,4900.0,
2012.0,3400-3600 m,5100.0,
2012.0,3400-3600 m,5300.0,
2012.0,3400-3600 m,5500.0,
2012.0,3400-3600 m,5700.0,
2012.0,3400-3600 m,5900.0,
2012.0,3400-3600 m,6100.0,
2012.0,3400-3600 m,6300.0,
2012.0,3400-3600 m,7100.0,
2012.0,3600-3800 m,3500.0,
2012.0,3600-3800 m,3700.0,-923.9704509786233
2012.0,3600-3800 m,3900.0,
2012.0,3600-3800 m,4100.0,
2012.0,3600-3800 m,4300.0,
2012.0,3600-3800 m,4500.0,
2012.0,3600-3800 m,4700.0,
2012.0,3600-3800 m,4900.0,
2012.0,3600-3800 m,5100.0,
2012.0,3600-3800 m,5300.0,
2012.0,3600-3800 m,5500.0,
2012.0,3600-3800 m,5700.0,
2012.0,3600-3800 m,5900.0,
2012.0,3600-3800 m,6100.0,
2012.0,3600-3800 m,6300.0,
2012.0,3600-3800 m,7100.0,
2012.0,3800-4000 m,3500.0,
2012.0,3800-4000 m,3700.0,
2012.0,3800-4000 m,3900.0,-802.6571917908265
2012.0,3800-4000 m,4100.0,
2012.0,3800-4000 m,4300.0,
2012.0,3800-4000 m,4500.0,
2012.0,3800-4000 m,4700.0,
2012.0,3800-4000 m,4900.0,
2012.0,3800-4000 m,5100.0,
2012.0,3800-4000 m,5300.0,
2012.0,3800-4000 m,5500.0,
2012.0,3800-4000 m,5700.0,
2012.0,3800-4000 m,5900.0,
2012.0,3800-4000 m,6100.0,
2012.0,3800-4000 m,6300.0,
2012.0,3800-4000 m,7100.0,
2012.0,4000-4200 m,3500.0,
2012.0,4000-4200 m,3700.0,
2012.0,4000-4200 m,3900.0,
2012.0,4000-4200 m,4100.0,-656.9800790262796
2012.0,4000-4200 m,4300.0,
2012.0,4000-4200 m,4500.0,
2012.0,4000-4200 m,4700.0,
2012.0,4000-4200 m,4900.0,
2012.0,4000-4200 m,5100.0,
2012.0,4000-4200 m,5300.0,
2012.0,4000-4200 m,5500.0,
2012.0,4000-4200 m,5700.0,
2012.0,4000-4200 m,5900.0,
2012.0,4000-4200 m,6100.0,
2012.0,4000-4200 m,6300.0,
2012.0,4000-4200 m,7100.0,
2012.0,4200-4400 m,3500.0,
2012.0,4200-4400 m,3700.0,
2012.0,4200-4400 m,3900.0,
2012.0,4200-4400 m,4100.0,
2012.0,4200-4400 m,4300.0,-510.393872173129
2012.0,4200-4400 m,4500.0,
2012.0,4200-4400 m,4700.0,
2012.0,4200-4400 m,4900.0,
2012.0,4200-4400 m,5100.0,
2012.0,4200-4400 m,5300.0,
2012.0,4200-4400 m,5500.0,
2012.0,4200-4400 m,5700.0,
2012.0,4200-4400 m,5900.0,
2012.0,4200-4400 m,6100.0,
2012.0,4200-4400 m,6300.0,
2012.0,4200-4400 m,7100.0,
2012.0,4400-4600 m,3500.0,
2012.0,4400-4600 m,3700.0,
2012.0,4400-4600 m,3900.0,
2012.0,4400-4600 m,4100.0,
2012.0,4400-4600 m,4300.0,
2012.0,4400-4600 m,4500.0,-394.3148652520745
2012.0,4400-4600 m,4700.0,
2012.0,4400-4600 m,4900.0,
2012.0,4400-4600 m,5100.0,
2012.0,4400-4600 m,5300.0,
2012.0,4400-4600 m,5500.0,
2012.0,4400-4600 m,5700.0,
2012.0,4400-4600 m,5900.0,
2012.0,4400-4600 m,6100.0,
2012.0,4400-4600 m,6300.0,
2012.0,4400-4600 m,7100.0,
2012.0,4600-4800 m,3500.0,
2012.0,4600-4800 m,3700.0,
2012.0,4600-4800 m,3900.0,
2012.0,4600-4800 m,4100.0,
2012.0,4600-4800 m,4300.0,
2012.0,4600-4800 m,4500.0,
2012.0,4600-4800 m,4700.0,-386.62492953102725
2012.0,4600-4800 m,4900.0,
2012.0,4600-4800 m,5100.0,
2012.0,4600-4800 m,5300.0,
2012.0,4600-4800 m,5500.0,
2012.0,4600-4800 m,5700.0,
2012.0,4600-4800 m,5900.0,
2012.0,4600-4800 m,6100.0,
2012.0,4600-4800 m,6300.0,
2012.0,4600-4800 m,7100.0,
2012.0,4800-5000 m,3500.0,
2012.0,4800-5000 m,3700.0,
2012.0,4800-5000 m,3900.0,
2012.0,4800-5000 m,4100.0,
2012.0,4800-5000 m,4300.0,
2012.0,4800-5000 m,4500.0,
2012.0,4800-5000 m,4700.0,
2012.0,4800-5000 m,4900.0,-89.06875694755063
2012.0,4800-5000 m,5100.0,
2012.0,4800-5000 m,5300.0,
2012.0,4800-5000 m,5500.0,
2012.0,4800-5000 m,5700.0,
2012.0,4800-5000 m,5900.0,
2012.0,4800-5000 m,6100.0,
2012.0,4800-5000 m,6300.0,
2012.0,4800-5000 m,7100.0,
2012.0,5000-5200 m,3500.0,
2012.0,5000-5200 m,3700.0,
2012.0,5000-5200 m,3900.0,
2012.0,5000-5200 m,4100.0,
2012.0,5000-5200 m,4300.0,
2012.0,5000-5200 m,4500.0,
2012.0,5000-5200 m,4700.0,
2012.0,5000-5200 m,4900.0,
2012.0,5000-5200 m,5100.0,11.712822854363647
2012.0,5000-5200 m,5300.0,
2012.0,5000-5200 m,5500.0,
2012.0,5000-5200 m,5700.0,
2012.0,5000-5200 m,5900.0,
2012.0,5000-5200 m,6100.0,
2012.0,5000-5200 m,6300.0,
2012.0,5000-5200 m,7100.0,
2012.0,5200-5400 m,3500.0,
2012.0,5200-5400 m,3700.0,
2012.0,5200-5400 m,3900.0,
2012.0,5200-5400 m,4100.0,
2012.0,5200-5400 m,4300.0,
2012.0,5200-5400 m,4500.0,
2012.0,5200-5400 m,4700.0,
2012.0,5200-5400 m,4900.0,
2012.0,5200-5400 m,5100.0,
2012.0,5200-5400 m,5300.0,-23.20342527954367
2012.0,5200-5400 m,5500.0,
2012.0,5200-5400 m,5700.0,
2012.0,5200-5400 m,5900.0,
2012.0,5200-5400 m,6100.0,
2012.0,5200-5400 m,6300.0,
2012.0,5200-5400 m,7100.0,
2012.0,5400-5600 m,3500.0,
2012.0,5400-5600 m,3700.0,
2012.0,5400-5600 m,3900.0,
2012.0,5400-5600 m,4100.0,
2012.0,5400-5600 m,4300.0,
2012.0,5400-5600 m,4500.0,
2012.0,5400-5600 m,4700.0,
2012.0,5400-5600 m,4900.0,
2012.0,5400-5600 m,5100.0,
2012.0,5400-5600 m,5300.0,
2012.0,5400-5600 m,5500.0,-2.3542965527707653
2012.0,5400-5600 m,5700.0,
2012.0,5400-5600 m,5900.0,
2012.0,5400-5600 m,6100.0,
2012.0,5400-5600 m,6300.0,
2012.0,5400-5600 m,7100.0,
2012.0,5600-5800 m,3500.0,
2012.0,5600-5800 m,3700.0,
2012.0,5600-5800 m,3900.0,
2012.0,5600-5800 m,4100.0,
2012.0,5600-5800 m,4300.0,
2012.0,5600-5800 m,4500.0,
2012.0,5600-5800 m,4700.0,
2012.0,5600-5800 m,4900.0,
2012.0,5600-5800 m,5100.0,
2012.0,5600-5800 m,5300.0,
2012.0,5600-5800 m,5500.0,
2012.0,5600-5800 m,5700.0,61.38741602128954
2012.0,5600-5800 m,5900.0,
2012.0,5600-5800 m,6100.0,
2012.0,5600-5800 m,6300.0,
2012.0,5600-5800 m,7100.0,
2012.0,5800-6000 m,3500.0,
2012.0,5800-6000 m,3700.0,
2012.0,5800-6000 m,3900.0,
2012.0,5800-6000 m,4100.0,
2012.0,5800-6000 m,4300.0,
2012.0,5800-6000 m,4500.0,
2012.0,5800-6000 m,4700.0,
2012.0,5800-6000 m,4900.0,
2012.0,5800-6000 m,5100.0,
2012.0,5800-6000 m,5300.0,
2012.0,5800-6000 m,5500.0,
2012.0,5800-6000 m,5700.0,
2012.0,5800-6000 m,5900.0,-3.5825979236493515
2012.0,5800-6000 m,6100.0,
2012.0,5800-6000 m,6300.0,
2012.0,5800-6000 m,7100.0,
2012.0,6000-6200 m,3500.0,
2012.0,6000-6200 m,3700.0,
2012.0,6000-6200 m,3900.0,
2012.0,6000-6200 m,4100.0,
2012.0,6000-6200 m,4300.0,
2012.0,6000-6200 m,4500.0,
2012.0,6000-6200 m,4700.0,
2012.0,6000-6200 m,4900.0,
2012.0,6000-6200 m,5100.0,
2012.0,6000-6200 m,5300.0,
2012.0,6000-6200 m,5500.0,
2012.0,6000-6200 m,5700.0,
2012.0,6000-6200 m,5900.0,
2012.0,6000-6200 m,6100.0,8.748322545000006
2012.0,6000-6200 m,6300.0,
2012.0,6000-6200 m,7100.0,
2012.0,6200-6400 m,3500.0,
2012.0,6200-6400 m,3700.0,
2012.0,6200-6400 m,3900.0,
2012.0,6200-6400 m,4100.0,
2012.0,6200-6400 m,4300.0,
2012.0,6200-6400 m,4500.0,
2012.0,6200-6400 m,4700.0,
2012.0,6200-6400 m,4900.0,
2012.0,6200-6400 m,5100.0,
2012.0,6200-6400 m,5300.0,
2012.0,6200-6400 m,5500.0,
2012.0,6200-6400 m,5700.0,
2012.0,6200-6400 m,5900.0,
2012.0,6200-6400 m,6100.0,
2012.0,6200-6400 m,6300.0,98.44965747149998
2012.0,6200-6400 m,7100.0,
2012.0,6400-6600 m,3500.0,
2012.0,6400-6600 m,3700.0,
2012.0,6400-6600 m,3900.0,
2012.0,6400-6600 m,4100.0,
2012.0,6400-6600 m,4300.0,
2012.0,6400-6600 m,4500.0,
2012.0,6400-6600 m,4700.0,
2012.0,6400-6600 m,4900.0,
2012.0,6400-6600 m,5100.0,
2012.0,6400-6600 m,5300.0,
2012.0,6400-6600 m,5500.0,
2012.0,6400-6600 m,5700.0,
2012.0,6400-6600 m,5900.0,
2012.0,6400-6600 m,6100.0,
2012.0,6400-6600 m,6300.0,
2012.0,6400-6600 m,7100.0,
2012.0,6600-6800 m,3500.0,
2012.0,6600-6800 m,3700.0,
2012.0,6600-6800 m,3900.0,
2012.0,6600-6800 m,4100.0,
2012.0,6600-6800 m,4300.0,
2012.0,6600-6800 m,4500.0,
2012.0,6600-6800 m,4700.0,
2012.0,6600-6800 m,4900.0,
2012.0,6600-6800 m,5100.0,
2012.0,6600-6800 m,5300.0,
2012.0,6600-6800 m,5500.0,
2012.0,6600-6800 m,5700.0,
2012.0,6600-6800 m,5900.0,
2012.0,6600-6800 m,6100.0,
2012.0,6600-6800 m,6300.0,
2012.0,6600-6800 m,7100.0,
2012.0,6800-7000 m,3500.0,
2012.0,6800-7000 m,3700.0,
2012.0,6800-7000 m,3900.0,
2012.0,6800-7000 m,4100.0,
2012.0,6800-7000 m,4300.0,
2012.0,6800-7000 m,4500.0,
2012.0,6800-7000 m,4700.0,
2012.0,6800-7000 m,4900.0,
2012.0,6800-7000 m,5100.0,
2012.0,6800-7000 m,5300.0,
2012.0,6800-7000 m,5500.0,
2012.0,6800-7000 m,5700.0,
2012.0,6800-7000 m,5900.0,
2012.0,6800-7000 m,6100.0,
2012.0,6800-7000 m,6300.0,
2012.0,6800-7000 m,7100.0,
2012.0,7000-7200 m,3500.0,
2012.0,7000-7200 m,3700.0,
2012.0,7000-7200 m,3900.0,
2012.0,7000-7200 m,4100.0,
2012.0,7000-7200 m,4300.0,
2012.0,7000-7200 m,4500.0,
2012.0,7000-7200 m,4700.0,
2012.0,7000-7200 m,4900.0,
2012.0,7000-7200 m,5100.0,
2012.0,7000-7200 m,5300.0,
2012.0,7000-7200 m,5500.0,
2012.0,7000-7200 m,5700.0,
2012.0,7000-7200 m,5900.0,
2012.0,7000-7200 m,6100.0,
2012.0,7000-7200 m,6300.0,
2012.0,7000-7200 m,7100.0,359.4988793
2012.0,7200-7400 m,3500.0,
2012.0,7200-7400 m,3700.0,
2012.0,7200-7400 m,3900.0,
2012.0,7200-7400 m,4100.0,
2012.0,7200-7400 m,4300.0,
2012.0,7200-7400 m,4500.0,
2012.0,7200-7400 m,4700.0,
2012.0,7200-7400 m,4900.0,
2012.0,7200-7400 m,5100.0,
2012.0,7200-7400 m,5300.0,
2012.0,7200-7400 m,5500.0,
2012.0,7200-7400 m,5700.0,
2012.0,7200-7400 m,5900.0,
2012.0,7200-7400 m,6100.0,
2012.0,7200-7400 m,6300.0,
2012.0,7200-7400 m,7100.0,
2013.0,3400-3600 m,3500.0,-506.74452583471793
2013.0,3400-3600 m,3700.0,
2013.0,3400-3600 m,3900.0,
2013.0,3400-3600 m,4100.0,
2013.0,3400-3600 m,4300.0,
2013.0,3400-3600 m,4500.0,
2013.0,3400-3600 m,4700.0,
2013.0,3400-3600 m,4900.0,
2013.0,3400-3600 m,5100.0,
2013.0,3400-3600 m,5300.0,
2013.0,3400-3600 m,5500.0,
2013.0,3400-3600 m,5700.0,
2013.0,3400-3600 m,5900.0,
2013.0,3400-3600 m,6100.0,
2013.0,3400-3600 m,6300.0,
2013.0,3400-3600 m,7100.0,
2013.0,3600-3800 m,3500.0,
2013.0,3600-3800 m,3700.0,-452.6003309004049
2013.0,3600-3800 m,3900.0,
2013.0,3600-3800 m,4100.0,
2013.0,3600-3800 m,4300.0,
2013.0,3600-3800 m,4500.0,
2013.0,3600-3800 m,4700.0,
2013.0,3600-3800 m,4900.0,
2013.0,3600-3800 m,5100.0,
2013.0,3600-3800 m,5300.0,
2013.0,3600-3800 m,5500.0,
2013.0,3600-3800 m,5700.0,
2013.0,3600-3800 m,5900.0,
2013.0,3600-3800 m,6100.0,
2013.0,3600-3800 m,6300.0,
2013.0,3600-3800 m,7100.0,
2013.0,3800-4000 m,3500.0,
2013.0,3800-4000 m,3700.0,
2013.0,3800-4000 m,3900.0,-232.1060323107539
2013.0,3800-4000 m,4100.0,
2013.0,3800-4000 m,4300.0,
2013.0,3800-4000 m,4500.0,
2013.0,3800-4000 m,4700.0,
2013.0,3800-4000 m,4900.0,
2013.0,3800-4000 m,5100.0,
2013.0,3800-4000 m,5300.0,
2013.0,3800-4000 m,5500.0,
2013.0,3800-4000 m,5700.0,
2013.0,3800-4000 m,5900.0,
2013.0,3800-4000 m,6100.0,
2013.0,3800-4000 m,6300.0,
2013.0,3800-4000 m,7100.0,
2013.0,4000-4200 m,3500.0,
2013.0,4000-4200 m,3700.0,
2013.0,4000-4200 m,3900.0,
2013.0,4000-4200 m,4100.0,-96.83696252509453
2013.0,4000-4200 m,4300.0,
2013.0,4000-4200 m,4500.0,
2013.0,4000-4200 m,4700.0,
2013.0,4000-4200 m,4900.0,
2013.0,4000-4200 m,5100.0,
2013.0,4000-4200 m,5300.0,
2013.0,4000-4200 m,5500.0,
2013.0,4000-4200 m,5700.0,
2013.0,4000-4200 m,5900.0,
2013.0,4000-4200 m,6100.0,
2013.0,4000-4200 m,6300.0,
2013.0,4000-4200 m,7100.0,
2013.0,4200-4400 m,3500.0,
2013.0,4200-4400 m,3700.0,
2013.0,4200-4400 m,3900.0,
2013.0,4200-4400 m,4100.0,
2013.0,4200-4400 m,4300.0,-98.98869733880426
2013.0,4200-4400 m,4500.0,
2013.0,4200-4400 m,4700.0,
2013.0,4200-4400 m,4900.0,
2013.0,4200-4400 m,5100.0,
2013.0,4200-4400 m,5300.0,
2013.0,4200-4400 m,5500.0,
2013.0,4200-4400 m,5700.0,
2013.0,4200-4400 m,5900.0,
2013.0,4200-4400 m,6100.0,
2013.0,4200-4400 m,6300.0,
2013.0,4200-4400 m,7100.0,
2013.0,4400-4600 m,3500.0,
2013.0,4400-4600 m,3700.0,
2013.0,4400-4600 m,3900.0,
2013.0,4400-4600 m,4100.0,
2013.0,4400-4600 m,4300.0,
2013.0,4400-4600 m,4500.0,95.01718971490749
2013.0,4400-4600 m,4700.0,
2013.0,4400-4600 m,4900.0,
2013.0,4400-4600 m,5100.0,
2013.0,4400-4600 m,5300.0,
2013.0,4400-4600 m,5500.0,
2013.0,4400-4600 m,5700.0,
2013.0,4400-4600 m,5900.0,
2013.0,4400-4600 m,6100.0,
2013.0,4400-4600 m,6300.0,
2013.0,4400-4600 m,7100.0,
2013.0,4600-4800 m,3500.0,
2013.0,4600-4800 m,3700.0,
2013.0,4600-4800 m,3900.0,
2013.0,4600-4800 m,4100.0,
2013.0,4600-4800 m,4300.0,
2013.0,4600-4800 m,4500.0,
2013.0,4600-4800 m,4700.0,207.13762907804272
2013.0,4600-4800 m,4900.0,
2013.0,4600-4800 m,5100.0,
2013.0,4600-4800 m,5300.0,
2013.0,4600-4800 m,5500.0,
2013.0,4600-4800 m,5700.0,
2013.0,4600-4800 m,5900.0,
2013.0,4600-4800 m,6100.0,
2013.0,4600-4800 m,6300.0,
2013.0,4600-4800 m,7100.0,
2013.0,4800-5000 m,3500.0,
2013.0,4800-5000 m,3700.0,
2013.0,4800-5000 m,3900.0,
2013.0,4800-5000 m,4100.0,
2013.0,4800-5000 m,4300.0,
2013.0,4800-5000 m,4500.0,
2013.0,4800-5000 m,4700.0,
2013.0,4800-5000 m,4900.0,184.6202312376798
2013.0,4800-5000 m,5100.0,
2013.0,4800-5000 m,5300.0,
2013.0,4800-5000 m,5500.0,
2013.0,4800-5000 m,5700.0,
2013.0,4800-5000 m,5900.0,
2013.0,4800-5000 m,6100.0,
2013.0,4800-5000 m,6300.0,
2013.0,4800-5000 m,7100.0,
2013.0,5000-5200 m,3500.0,
2013.0,5000-5200 m,3700.0,
2013.0,5000-5200 m,3900.0,
2013.0,5000-5200 m,4100.0,
2013.0,5000-5200 m,4300.0,
2013.0,5000-5200 m,4500.0,
2013.0,5000-5200 m,4700.0,
2013.0,5000-5200 m,4900.0,
2013.0,5000-5200 m,5100.0,171.71012029061865
2013.0,5000-5200 m,5300.0,
2013.0,5000-5200 m,5500.0,
2013.0,5000-5200 m,5700.0,
2013.0,5000-5200 m,5900.0,
2013.0,5000-5200 m,6100.0,
2013.0,5000-5200 m,6300.0,
2013.0,5000-5200 m,7100.0,
2013.0,5200-5400 m,3500.0,
2013.0,5200-5400 m,3700.0,
2013.0,5200-5400 m,3900.0,
2013.0,5200-5400 m,4100.0,
2013.0,5200-5400 m,4300.0,
2013.0,5200-5400 m,4500.0,
2013.0,5200-5400 m,4700.0,
2013.0,5200-5400 m,4900.0,
2013.0,5200-5400 m,5100.0,
2013.0,5200-5400 m,5300.0,243.17298155531182
2013.0,5200-5400 m,5500.0,
2013.0,5200-5400 m,5700.0,
2013.0,5200-5400 m,5900.0,
2013.0,5200-5400 m,6100.0,
2013.0,5200-5400 m,6300.0,
2013.0,5200-5400 m,7100.0,
2013.0,5400-5600 m,3500.0,
2013.0,5400-5600 m,3700.0,
2013.0,5400-5600 m,3900.0,
2013.0,5400-5600 m,4100.0,
2013.0,5400-5600 m,4300.0,
2013.0,5400-5600 m,4500.0,
2013.0,5400-5600 m,4700.0,
2013.0,5400-5600 m,4900.0,
2013.0,5400-5600 m,5100.0,
2013.0,5400-5600 m,5300.0,
2013.0,5400-5600 m,5500.0,224.0838150942375
2013.0,5400-5600 m,5700.0,
2013.0,5400-5600 m,5900.0,
2013.0,5400-5600 m,6100.0,
2013.0,5400-5600 m,6300.0,
2013.0,5400-5600 m,7100.0,
2013.0,5600-5800 m,3500.0,
2013.0,5600-5800 m,3700.0,
2013.0,5600-5800 m,3900.0,
2013.0,5600-5800 m,4100.0,
2013.0,5600-5800 m,4300.0,
2013.0,5600-5800 m,4500.0,
2013.0,5600-5800 m,4700.0,
2013.0,5600-5800 m,4900.0,
2013.0,5600-5800 m,5100.0,
2013.0,5600-5800 m,5300.0,
2013.0,5600-5800 m,5500.0,
2013.0,5600-5800 m,5700.0,148.25101341656202
2013.0,5600-5800 m,5900.0,
2013.0,5600-5800 m,6100.0,
2013.0,5600-5800 m,6300.0,
2013.0,5600-5800 m,7100.0,
2013.0,5800-6000 m,3500.0,
2013.0,5800-6000 m,3700.0,
2013.0,5800-6000 m,3900.0,
2013.0,5800-6000 m,4100.0,
2013.0,5800-6000 m,4300.0,
2013.0,5800-6000 m,4500.0,
2013.0,5800-6000 m,4700.0,
2013.0,5800-6000 m,4900.0,
2013.0,5800-6000 m,5100.0,
2013.0,5800-6000 m,5300.0,
2013.0,5800-6000 m,5500.0,
2013.0,5800-6000 m,5700.0,
2013.0,5800-6000 m,5900.0,67.83099228977325
2013.0,5800-6000 m,6100.0,
2013.0,5800-6000 m,6300.0,
2013.0,5800-6000 m,7100.0,
2013.0,6000-6200 m,3500.0,
2013.0,6000-6200 m,3700.0,
2013.0,6000-6200 m,3900.0,
2013.0,6000-6200 m,4100.0,
2013.0,6000-6200 m,4300.0,
2013.0,6000-6200 m,4500.0,
2013.0,6000-6200 m,4700.0,
2013.0,6000-6200 m,4900.0,
2013.0,6000-6200 m,5100.0,
2013.0,6000-6200 m,5300.0,
2013.0,6000-6200 m,5500.0,
2013.0,6000-6200 m,5700.0,
2013.0,6000-6200 m,5900.0,
2013.0,6000-6200 m,6100.0,43.01728928142857
2013.0,6000-6200 m,6300.0,
2013.0,6000-6200 m,7100.0,
2013.0,6200-6400 m,3500.0,
2013.0,6200-6400 m,3700.0,
2013.0,6200-6400 m,3900.0,
2013.0,6200-6400 m,4100.0,
2013.0,6200-6400 m,4300.0,
2013.0,6200-6400 m,4500.0,
2013.0,6200-6400 m,4700.0,
2013.0,6200-6400 m,4900.0,
2013.0,6200-6400 m,5100.0,
2013.0,6200-6400 m,5300.0,
2013.0,6200-6400 m,5500.0,
2013.0,6200-6400 m,5700.0,
2013.0,6200-6400 m,5900.0,
2013.0,6200-6400 m,6100.0,
2013.0,6200-6400 m,6300.0,52.570802508333344
2013.0,6200-6400 m,7100.0,
2013.0,6400-6600 m,3500.0,
2013.0,6400-6600 m,3700.0,
2013.0,6400-6600 m,3900.0,
2013.0,6400-6600 m,4100.0,
2013.0,6400-6600 m,4300.0,
2013.0,6400-6600 m,4500.0,
2013.0,6400-6600 m,4700.0,
2013.0,6400-6600 m,4900.0,
2013.0,6400-6600 m,5100.0,
2013.0,6400-6600 m,5300.0,
2013.0,6400-6600 m,5500.0,
2013.0,6400-6600 m,5700.0,
2013.0,6400-6600 m,5900.0,
2013.0,6400-6600 m,6100.0,
2013.0,6400-6600 m,6300.0,
2013.0,6400-6600 m,7100.0,
2013.0,6600-6800 m,3500.0,
2013.0,6600-6800 m,3700.0,
2013.0,6600-6800 m,3900.0,
2013.0,6600-6800 m,4100.0,
2013.0,6600-6800 m,4300.0,
2013.0,6600-6800 m,4500.0,
2013.0,6600-6800 m,4700.0,
2013.0,6600-6800 m,4900.0,
2013.0,6600-6800 m,5100.0,
2013.0,6600-6800 m,5300.0,
2013.0,6600-6800 m,5500.0,
2013.0,6600-6800 m,5700.0,
2013.0,6600-6800 m,5900.0,
2013.0,6600-6800 m,6100.0,
2013.0,6600-6800 m,6300.0,
2013.0,6600-6800 m,7100.0,
2013.0,6800-7000 m,3500.0,
2013.0,6800-7000 m,3700.0,
2013.0,6800-7000 m,3900.0,
2013.0,6800-7000 m,4100.0,
2013.0,6800-7000 m,4300.0,
2013.0,6800-7000 m,4500.0,
2013.0,6800-7000 m,4700.0,
2013.0,6800-7000 m,4900.0,
2013.0,6800-7000 m,5100.0,
2013.0,6800-7000 m,5300.0,
2013.0,6800-7000 m,5500.0,
2013.0,6800-7000 m,5700.0,
2013.0,6800-7000 m,5900.0,
2013.0,6800-7000 m,6100.0,
2013.0,6800-7000 m,6300.0,
2013.0,6800-7000 m,7100.0,
2013.0,7000-7200 m,3500.0,
2013.0,7000-7200 m,3700.0,
2013.0,7000-7200 m,3900.0,
2013.0,7000-7200 m,4100.0,
2013.0,7000-7200 m,4300.0,
2013.0,7000-7200 m,4500.0,
2013.0,7000-7200 m,4700.0,
2013.0,7000-7200 m,4900.0,
2013.0,7000-7200 m,5100.0,
2013.0,7000-7200 m,5300.0,
2013.0,7000-7200 m,5500.0,
2013.0,7000-7200 m,5700.0,
2013.0,7000-7200 m,5900.0,
2013.0,7000-7200 m,6100.0,
2013.0,7000-7200 m,6300.0,
2013.0,7000-7200 m,7100.0,-164.7372204
2013.0,7200-7400 m,3500.0,
2013.0,7200-7400 m,3700.0,
2013.0,7200-7400 m,3900.0,
2013.0,7200-7400 m,4100.0,
2013.0,7200-7400 m,4300.0,
2013.0,7200-7400 m,4500.0,
2013.0,7200-7400 m,4700.0,
2013.0,7200-7400 m,4900.0,
2013.0,7200-7400 m,5100.0,
2013.0,7200-7400 m,5300.0,
2013.0,7200-7400 m,5500.0,
2013.0,7200-7400 m,5700.0,
2013.0,7200-7400 m,5900.0,
2013.0,7200-7400 m,6100.0,
2013.0,7200-7400 m,6300.0,
2013.0,7200-7400 m,7100.0,
2014.0,3400-3600 m,3500.0,-587.2447069072451
2014.0,3400-3600 m,3700.0,
2014.0,3400-3600 m,3900.0,
2014.0,3400-3600 m,4100.0,
2014.0,3400-3600 m,4300.0,
2014.0,3400-3600 m,4500.0,
2014.0,3400-3600 m,4700.0,
2014.0,3400-3600 m,4900.0,
2014.0,3400-3600 m,5100.0,
2014.0,3400-3600 m,5300.0,
2014.0,3400-3600 m,5500.0,
2014.0,3400-3600 m,5700.0,
2014.0,3400-3600 m,5900.0,
2014.0,3400-3600 m,6100.0,
2014.0,3400-3600 m,6300.0,
2014.0,3400-3600 m,7100.0,
2014.0,3600-3800 m,3500.0,
2014.0,3600-3800 m,3700.0,-639.6497024508424
2014.0,3600-3800 m,3900.0,
2014.0,3600-3800 m,4100.0,
2014.0,3600-3800 m,4300.0,
2014.0,3600-3800 m,4500.0,
2014.0,3600-3800 m,4700.0,
2014.0,3600-3800 m,4900.0,
2014.0,3600-3800 m,5100.0,
2014.0,3600-3800 m,5300.0,
2014.0,3600-3800 m,5500.0,
2014.0,3600-3800 m,5700.0,
2014.0,3600-3800 m,5900.0,
2014.0,3600-3800 m,6100.0,
2014.0,3600-3800 m,6300.0,
2014.0,3600-3800 m,7100.0,
2014.0,3800-4000 m,3500.0,
2014.0,3800-4000 m,3700.0,
2014.0,3800-4000 m,3900.0,-407.89951618872766
2014.0,3800-4000 m,4100.0,
2014.0,3800-4000 m,4300.0,
2014.0,3800-4000 m,4500.0,
2014.0,3800-4000 m,4700.0,
2014.0,3800-4000 m,4900.0,
2014.0,3800-4000 m,5100.0,
2014.0,3800-4000 m,5300.0,
2014.0,3800-4000 m,5500.0,
2014.0,3800-4000 m,5700.0,
2014.0,3800-4000 m,5900.0,
2014.0,3800-4000 m,6100.0,
2014.0,3800-4000 m,6300.0,
2014.0,3800-4000 m,7100.0,
2014.0,4000-4200 m,3500.0,
2014.0,4000-4200 m,3700.0,
2014.0,4000-4200 m,3900.0,
2014.0,4000-4200 m,4100.0,-323.6043278849147
2014.0,4000-4200 m,4300.0,
2014.0,4000-4200 m,4500.0,
2014.0,4000-4200 m,4700.0,
2014.0,4000-4200 m,4900.0,
2014.0,4000-4200 m,5100.0,
2014.0,4000-4200 m,5300.0,
2014.0,4000-4200 m,5500.0,
2014.0,4000-4200 m,5700.0,
2014.0,4000-4200 m,5900.0,
2014.0,4000-4200 m,6100.0,
2014.0,4000-4200 m,6300.0,
2014.0,4000-4200 m,7100.0,
2014.0,4200-4400 m,3500.0,
2014.0,4200-4400 m,3700.0,
2014.0,4200-4400 m,3900.0,
2014.0,4200-4400 m,4100.0,
2014.0,4200-4400 m,4300.0,-385.60291650017655
2014.0,4200-4400 m,4500.0,
2014.0,4200-4400 m,4700.0,
2014.0,4200-4400 m,4900.0,
2014.0,4200-4400 m,5100.0,
2014.0,4200-4400 m,5300.0,
2014.0,4200-4400 m,5500.0,
2014.0,4200-4400 m,5700.0,
2014.0,4200-4400 m,5900.0,
2014.0,4200-4400 m,6100.0,
2014.0,4200-4400 m,6300.0,
2014.0,4200-4400 m,7100.0,
2014.0,4400-4600 m,3500.0,
2014.0,4400-4600 m,3700.0,
2014.0,4400-4600 m,3900.0,
2014.0,4400-4600 m,4100.0,
2014.0,4400-4600 m,4300.0,
2014.0,4400-4600 m,4500.0,-234.21295589531093
2014.0,4400-4600 m,4700.0,
2014.0,4400-4600 m,4900.0,
2014.0,4400-4600 m,5100.0,
2014.0,4400-4600 m,5300.0,
2014.0,4400-4600 m,5500.0,
2014.0,4400-4600 m,5700.0,
2014.0,4400-4600 m,5900.0,
2014.0,4400-4600 m,6100.0,
2014.0,4400-4600 m,6300.0,
2014.0,4400-4600 m,7100.0,
2014.0,4600-4800 m,3500.0,
2014.0,4600-4800 m,3700.0,
2014.0,4600-4800 m,3900.0,
2014.0,4600-4800 m,4100.0,
2014.0,4600-4800 m,4300.0,
2014.0,4600-4800 m,4500.0,
2014.0,4600-4800 m,4700.0,-120.41654341947586
2014.0,4600-4800 m,4900.0,
2014.0,4600-4800 m,5100.0,
2014.0,4600-4800 m,5300.0,
2014.0,4600-4800 m,5500.0,
2014.0,4600-4800 m,5700.0,
2014.0,4600-4800 m,5900.0,
2014.0,4600-4800 m,6100.0,
2014.0,4600-4800 m,6300.0,
2014.0,4600-4800 m,7100.0,
2014.0,4800-5000 m,3500.0,
2014.0,4800-5000 m,3700.0,
2014.0,4800-5000 m,3900.0,
2014.0,4800-5000 m,4100.0,
2014.0,4800-5000 m,4300.0,
2014.0,4800-5000 m,4500.0,
2014.0,4800-5000 m,4700.0,
2014.0,4800-5000 m,4900.0,71.00461469042375
2014.0,4800-5000 m,5100.0,
2014.0,4800-5000 m,5300.0,
2014.0,4800-5000 m,5500.0,
2014.0,4800-5000 m,5700.0,
2014.0,4800-5000 m,5900.0,
2014.0,4800-5000 m,6100.0,
2014.0,4800-5000 m,6300.0,
2014.0,4800-5000 m,7100.0,
2014.0,5000-5200 m,3500.0,
2014.0,5000-5200 m,3700.0,
2014.0,5000-5200 m,3900.0,
2014.0,5000-5200 m,4100.0,
2014.0,5000-5200 m,4300.0,
2014.0,5000-5200 m,4500.0,
2014.0,5000-5200 m,4700.0,
2014.0,5000-5200 m,4900.0,
2014.0,5000-5200 m,5100.0,152.61842985698595
2014.0,5000-5200 m,5300.0,
2014.0,5000-5200 m,5500.0,
2014.0,5000-5200 m,5700.0,
2014.0,5000-5200 m,5900.0,
2014.0,5000-5200 m,6100.0,
2014.0,5000-5200 m,6300.0,
2014.0,5000-5200 m,7100.0,
2014.0,5200-5400 m,3500.0,
2014.0,5200-5400 m,3700.0,
2014.0,5200-5400 m,3900.0,
2014.0,5200-5400 m,4100.0,
2014.0,5200-5400 m,4300.0,
2014.0,5200-5400 m,4500.0,
2014.0,5200-5400 m,4700.0,
2014.0,5200-5400 m,4900.0,
2014.0,5200-5400 m,5100.0,
2014.0,5200-5400 m,5300.0,123.77045346946365
2014.0,5200-5400 m,5500.0,
2014.0,5200-5400 m,5700.0,
2014.0,5200-5400 m,5900.0,
2014.0,5200-5400 m,6100.0,
2014.0,5200-5400 m,6300.0,
2014.0,5200-5400 m,7100.0,
2014.0,5400-5600 m,3500.0,
2014.0,5400-5600 m,3700.0,
2014.0,5400-5600 m,3900.0,
2014.0,5400-5600 m,4100.0,
2014.0,5400-5600 m,4300.0,
2014.0,5400-5600 m,4500.0,
2014.0,5400-5600 m,4700.0,
2014.0,5400-5600 m,4900.0,
2014.0,5400-5600 m,5100.0,
2014.0,5400-5600 m,5300.0,
2014.0,5400-5600 m,5500.0,71.90394495751723
2014.0,5400-5600 m,5700.0,
2014.0,5400-5600 m,5900.0,
2014.0,5400-5600 m,6100.0,
2014.0,5400-5600 m,6300.0,
2014.0,5400-5600 m,7100.0,
2014.0,5600-5800 m,3500.0,
2014.0,5600-5800 m,3700.0,
2014.0,5600-5800 m,3900.0,
2014.0,5600-5800 m,4100.0,
2014.0,5600-5800 m,4300.0,
2014.0,5600-5800 m,4500.0,
2014.0,5600-5800 m,4700.0,
2014.0,5600-5800 m,4900.0,
2014.0,5600-5800 m,5100.0,
2014.0,5600-5800 m,5300.0,
2014.0,5600-5800 m,5500.0,
2014.0,5600-5800 m,5700.0,22.51830833712675
2014.0,5600-5800 m,5900.0,
2014.0,5600-5800 m,6100.0,
2014.0,5600-5800 m,6300.0,
2014.0,5600-5800 m,7100.0,
2014.0,5800-6000 m,3500.0,
2014.0,5800-6000 m,3700.0,
2014.0,5800-6000 m,3900.0,
2014.0,5800-6000 m,4100.0,
2014.0,5800-6000 m,4300.0,
2014.0,5800-6000 m,4500.0,
2014.0,5800-6000 m,4700.0,
2014.0,5800-6000 m,4900.0,
2014.0,5800-6000 m,5100.0,
2014.0,5800-6000 m,5300.0,
2014.0,5800-6000 m,5500.0,
2014.0,5800-6000 m,5700.0,
2014.0,5800-6000 m,5900.0,-42.52993351725674
2014.0,5800-6000 m,6100.0,
2014.0,5800-6000 m,6300.0,
2014.0,5800-6000 m,7100.0,
2014.0,6000-6200 m,3500.0,
2014.0,6000-6200 m,3700.0,
2014.0,6000-6200 m,3900.0,
2014.0,6000-6200 m,4100.0,
2014.0,6000-6200 m,4300.0,
2014.0,6000-6200 m,4500.0,
2014.0,6000-6200 m,4700.0,
2014.0,6000-6200 m,4900.0,
2014.0,6000-6200 m,5100.0,
2014.0,6000-6200 m,5300.0,
2014.0,6000-6200 m,5500.0,
2014.0,6000-6200 m,5700.0,
2014.0,6000-6200 m,5900.0,
2014.0,6000-6200 m,6100.0,-100.21151247928572
2014.0,6000-6200 m,6300.0,
2014.0,6000-6200 m,7100.0,
2014.0,6200-6400 m,3500.0,
2014.0,6200-6400 m,3700.0,
2014.0,6200-6400 m,3900.0,
2014.0,6200-6400 m,4100.0,
2014.0,6200-6400 m,4300.0,
2014.0,6200-6400 m,4500.0,
2014.0,6200-6400 m,4700.0,
2014.0,6200-6400 m,4900.0,
2014.0,6200-6400 m,5100.0,
2014.0,6200-6400 m,5300.0,
2014.0,6200-6400 m,5500.0,
2014.0,6200-6400 m,5700.0,
2014.0,6200-6400 m,5900.0,
2014.0,6200-6400 m,6100.0,
2014.0,6200-6400 m,6300.0,-43.188500026999996
2014.0,6200-6400 m,7100.0,
2014.0,6400-6600 m,3500.0,
2014.0,6400-6600 m,3700.0,
2014.0,6400-6600 m,3900.0,
2014.0,6400-6600 m,4100.0,
2014.0,6400-6600 m,4300.0,
2014.0,6400-6600 m,4500.0,
2014.0,6400-6600 m,4700.0,
2014.0,6400-6600 m,4900.0,
2014.0,6400-6600 m,5100.0,
2014.0,6400-6600 m,5300.0,
2014.0,6400-6600 m,5500.0,
2014.0,6400-6600 m,5700.0,
2014.0,6400-6600 m,5900.0,
2014.0,6400-6600 m,6100.0,
2014.0,6400-6600 m,6300.0,
2014.0,6400-6600 m,7100.0,
2014.0,6600-6800 m,3500.0,
2014.0,6600-6800 m,3700.0,
2014.0,6600-6800 m,3900.0,
2014.0,6600-6800 m,4100.0,
2014.0,6600-6800 m,4300.0,
2014.0,6600-6800 m,4500.0,
2014.0,6600-6800 m,4700.0,
2014.0,6600-6800 m,4900.0,
2014.0,6600-6800 m,5100.0,
2014.0,6600-6800 m,5300.0,
2014.0,6600-6800 m,5500.0,
2014.0,6600-6800 m,5700.0,
2014.0,6600-6800 m,5900.0,
2014.0,6600-6800 m,6100.0,
2014.0,6600-6800 m,6300.0,
2014.0,6600-6800 m,7100.0,
2014.0,6800-7000 m,3500.0,
2014.0,6800-7000 m,3700.0,
2014.0,6800-7000 m,3900.0,
2014.0,6800-7000 m,4100.0,
2014.0,6800-7000 m,4300.0,
2014.0,6800-7000 m,4500.0,
2014.0,6800-7000 m,4700.0,
2014.0,6800-7000 m,4900.0,
2014.0,6800-7000 m,5100.0,
2014.0,6800-7000 m,5300.0,
2014.0,6800-7000 m,5500.0,
2014.0,6800-7000 m,5700.0,
2014.0,6800-7000 m,5900.0,
2014.0,6800-7000 m,6100.0,
2014.0,6800-7000 m,6300.0,
2014.0,6800-7000 m,7100.0,
2014.0,7000-7200 m,3500.0,
2014.0,7000-7200 m,3700.0,
2014.0,7000-7200 m,3900.0,
2014.0,7000-7200 m,4100.0,
2014.0,7000-7200 m,4300.0,
2014.0,7000-7200 m,4500.0,
2014.0,7000-7200 m,4700.0,
2014.0,7000-7200 m,4900.0,
2014.0,7000-7200 m,5100.0,
2014.0,7000-7200 m,5300.0,
2014.0,7000-7200 m,5500.0,
2014.0,7000-7200 m,5700.0,
2014.0,7000-7200 m,5900.0,
2014.0,7000-7200 m,6100.0,
2014.0,7000-7200 m,6300.0,
2014.0,7000-7200 m,7100.0,119.501701
2014.0,7200-7400 m,3500.0,
2014.0,7200-7400 m,3700.0,
2014.0,7200-7400 m,3900.0,
2014.0,7200-7400 m,4100.0,
2014.0,7200-7400 m,4300.0,
2014.0,7200-7400 m,4500.0,
2014.0,7200-7400 m,4700.0,
2014.0,7200-7400 m,4900.0,
2014.0,7200-7400 m,5100.0,
2014.0,7200-7400 m,5300.0,
2014.0,7200-7400 m,5500.0,
2014.0,7200-7400 m,5700.0,
2014.0,7200-7400 m,5900.0,
2014.0,7200-7400 m,6100.0,
2014.0,7200-7400 m,6300.0,
2014.0,7200-7400 m,7100.0,
2015.0,3400-3600 m,3500.0,-621.888660379917
2015.0,3400-3600 m,3700.0,
2015.0,3400-3600 m,3900.0,
2015.0,3400-3600 m,4100.0,
2015.0,3400-3600 m,4300.0,
2015.0,3400-3600 m,4500.0,
2015.0,3400-3600 m,4700.0,
2015.0,3400-3600 m,4900.0,
2015.0,3400-3600 m,5100.0,
2015.0,3400-3600 m,5300.0,
2015.0,3400-3600 m,5500.0,
2015.0,3400-3600 m,5700.0,
2015.0,3400-3600 m,5900.0,
2015.0,3400-3600 m,6100.0,
2015.0,3400-3600 m,6300.0,
2015.0,3400-3600 m,7100.0,
2015.0,3600-3800 m,3500.0,
2015.0,3600-3800 m,3700.0,-452.63537192675716
2015.0,3600-3800 m,3900.0,
2015.0,3600-3800 m,4100.0,
2015.0,3600-3800 m,4300.0,
2015.0,3600-3800 m,4500.0,
2015.0,3600-3800 m,4700.0,
2015.0,3600-3800 m,4900.0,
2015.0,3600-3800 m,5100.0,
2015.0,3600-3800 m,5300.0,
2015.0,3600-3800 m,5500.0,
2015.0,3600-3800 m,5700.0,
2015.0,3600-3800 m,5900.0,
2015.0,3600-3800 m,6100.0,
2015.0,3600-3800 m,6300.0,
2015.0,3600-3800 m,7100.0,
2015.0,3800-4000 m,3500.0,
2015.0,3800-4000 m,3700.0,
2015.0,3800-4000 m,3900.0,-252.09791210764817
2015.0,3800-4000 m,4100.0,
2015.0,3800-4000 m,4300.0,
2015.0,3800-4000 m,4500.0,
2015.0,3800-4000 m,4700.0,
2015.0,3800-4000 m,4900.0,
2015.0,3800-4000 m,5100.0,
2015.0,3800-4000 m,5300.0,
2015.0,3800-4000 m,5500.0,
2015.0,3800-4000 m,5700.0,
2015.0,3800-4000 m,5900.0,
2015.0,3800-4000 m,6100.0,
2015.0,3800-4000 m,6300.0,
2015.0,3800-4000 m,7100.0,
2015.0,4000-4200 m,3500.0,
2015.0,4000-4200 m,3700.0,
2015.0,4000-4200 m,3900.0,
2015.0,4000-4200 m,4100.0,-243.33304541515153
2015.0,4000-4200 m,4300.0,
2015.0,4000-4200 m,4500.0,
2015.0,4000-4200 m,4700.0,
2015.0,4000-4200 m,4900.0,
2015.0,4000-4200 m,5100.0,
2015.0,4000-4200 m,5300.0,
2015.0,4000-4200 m,5500.0,
2015.0,4000-4200 m,5700.0,
2015.0,4000-4200 m,5900.0,
2015.0,4000-4200 m,6100.0,
2015.0,4000-4200 m,6300.0,
2015.0,4000-4200 m,7100.0,
2015.0,4200-4400 m,3500.0,
2015.0,4200-4400 m,3700.0,
2015.0,4200-4400 m,3900.0,
2015.0,4200-4400 m,4100.0,
2015.0,4200-4400 m,4300.0,-331.28050779492645
2015.0,4200-4400 m,4500.0,
2015.0,4200-4400 m,4700.0,
2015.0,4200-4400 m,4900.0,
2015.0,4200-4400 m,5100.0,
2015.0,4200-4400 m,5300.0,
2015.0,4200-4400 m,5500.0,
2015.0,4200-4400 m,5700.0,
2015.0,4200-4400 m,5900.0,
2015.0,4200-4400 m,6100.0,
2015.0,4200-4400 m,6300.0,
2015.0,4200-4400 m,7100.0,
2015.0,4400-4600 m,3500.0,
2015.0,4400-4600 m,3700.0,
2015.0,4400-4600 m,3900.0,
2015.0,4400-4600 m,4100.0,
2015.0,4400-4600 m,4300.0,
2015.0,4400-4600 m,4500.0,-404.2317873821431
2015.0,4400-4600 m,4700.0,
2015.0,4400-4600 m,4900.0,
2015.0,4400-4600 m,5100.0,
2015.0,4400-4600 m,5300.0,
2015.0,4400-4600 m,5500.0,
2015.0,4400-4600 m,5700.0,
2015.0,4400-4600 m,5900.0,
2015.0,4400-4600 m,6100.0,
2015.0,4400-4600 m,6300.0,
2015.0,4400-4600 m,7100.0,
2015.0,4600-4800 m,3500.0,
2015.0,4600-4800 m,3700.0,
2015.0,4600-4800 m,3900.0,
2015.0,4600-4800 m,4100.0,
2015.0,4600-4800 m,4300.0,
2015.0,4600-4800 m,4500.0,
2015.0,4600-4800 m,4700.0,-604.0255743582069
2015.0,4600-4800 m,4900.0,
2015.0,4600-4800 m,5100.0,
2015.0,4600-4800 m,5300.0,
2015.0,4600-4800 m,5500.0,
2015.0,4600-4800 m,5700.0,
2015.0,4600-4800 m,5900.0,
2015.0,4600-4800 m,6100.0,
2015.0,4600-4800 m,6300.0,
2015.0,4600-4800 m,7100.0,
2015.0,4800-5000 m,3500.0,
2015.0,4800-5000 m,3700.0,
2015.0,4800-5000 m,3900.0,
2015.0,4800-5000 m,4100.0,
2015.0,4800-5000 m,4300.0,
2015.0,4800-5000 m,4500.0,
2015.0,4800-5000 m,4700.0,
2015.0,4800-5000 m,4900.0,-299.8278032344243
2015.0,4800-5000 m,5100.0,
2015.0,4800-5000 m,5300.0,
2015.0,4800-5000 m,5500.0,
2015.0,4800-5000 m,5700.0,
2015.0,4800-5000 m,5900.0,
2015.0,4800-5000 m,6100.0,
2015.0,4800-5000 m,6300.0,
2015.0,4800-5000 m,7100.0,
2015.0,5000-5200 m,3500.0,
2015.0,5000-5200 m,3700.0,
2015.0,5000-5200 m,3900.0,
2015.0,5000-5200 m,4100.0,
2015.0,5000-5200 m,4300.0,
2015.0,5000-5200 m,4500.0,
2015.0,5000-5200 m,4700.0,
2015.0,5000-5200 m,4900.0,
2015.0,5000-5200 m,5100.0,-148.54938577329565
2015.0,5000-5200 m,5300.0,
2015.0,5000-5200 m,5500.0,
2015.0,5000-5200 m,5700.0,
2015.0,5000-5200 m,5900.0,
2015.0,5000-5200 m,6100.0,
2015.0,5000-5200 m,6300.0,
2015.0,5000-5200 m,7100.0,
2015.0,5200-5400 m,3500.0,
2015.0,5200-5400 m,3700.0,
2015.0,5200-5400 m,3900.0,
2015.0,5200-5400 m,4100.0,
2015.0,5200-5400 m,4300.0,
2015.0,5200-5400 m,4500.0,
2015.0,5200-5400 m,4700.0,
2015.0,5200-5400 m,4900.0,
2015.0,5200-5400 m,5100.0,
2015.0,5200-5400 m,5300.0,-65.11349119121124
2015.0,5200-5400 m,5500.0,
2015.0,5200-5400 m,5700.0,
2015.0,5200-5400 m,5900.0,
2015.0,5200-5400 m,6100.0,
2015.0,5200-5400 m,6300.0,
2015.0,5200-5400 m,7100.0,
2015.0,5400-5600 m,3500.0,
2015.0,5400-5600 m,3700.0,
2015.0,5400-5600 m,3900.0,
2015.0,5400-5600 m,4100.0,
2015.0,5400-5600 m,4300.0,
2015.0,5400-5600 m,4500.0,
2015.0,5400-5600 m,4700.0,
2015.0,5400-5600 m,4900.0,
2015.0,5400-5600 m,5100.0,
2015.0,5400-5600 m,5300.0,
2015.0,5400-5600 m,5500.0,-64.97207395812755
2015.0,5400-5600 m,5700.0,
2015.0,5400-5600 m,5900.0,
2015.0,5400-5600 m,6100.0,
2015.0,5400-5600 m,6300.0,
2015.0,5400-5600 m,7100.0,
2015.0,5600-5800 m,3500.0,
2015.0,5600-5800 m,3700.0,
2015.0,5600-5800 m,3900.0,
2015.0,5600-5800 m,4100.0,
2015.0,5600-5800 m,4300.0,
2015.0,5600-5800 m,4500.0,
2015.0,5600-5800 m,4700.0,
2015.0,5600-5800 m,4900.0,
2015.0,5600-5800 m,5100.0,
2015.0,5600-5800 m,5300.0,
2015.0,5600-5800 m,5500.0,
2015.0,5600-5800 m,5700.0,-61.249604272368686
2015.0,5600-5800 m,5900.0,
2015.0,5600-5800 m,6100.0,
2015.0,5600-5800 m,6300.0,
2015.0,5600-5800 m,7100.0,
2015.0,5800-6000 m,3500.0,
2015.0,5800-6000 m,3700.0,
2015.0,5800-6000 m,3900.0,
2015.0,5800-6000 m,4100.0,
2015.0,5800-6000 m,4300.0,
2015.0,5800-6000 m,4500.0,
2015.0,5800-6000 m,4700.0,
2015.0,5800-6000 m,4900.0,
2015.0,5800-6000 m,5100.0,
2015.0,5800-6000 m,5300.0,
2015.0,5800-6000 m,5500.0,
2015.0,5800-6000 m,5700.0,
2015.0,5800-6000 m,5900.0,-105.42391724113526
2015.0,5800-6000 m,6100.0,
2015.0,5800-6000 m,6300.0,
2015.0,5800-6000 m,7100.0,
2015.0,6000-6200 m,3500.0,
2015.0,6000-6200 m,3700.0,
2015.0,6000-6200 m,3900.0,
2015.0,6000-6200 m,4100.0,
2015.0,6000-6200 m,4300.0,
2015.0,6000-6200 m,4500.0,
2015.0,6000-6200 m,4700.0,
2015.0,6000-6200 m,4900.0,
2015.0,6000-6200 m,5100.0,
2015.0,6000-6200 m,5300.0,
2015.0,6000-6200 m,5500.0,
2015.0,6000-6200 m,5700.0,
2015.0,6000-6200 m,5900.0,
2015.0,6000-6200 m,6100.0,-102.66006513892857
2015.0,6000-6200 m,6300.0,
2015.0,6000-6200 m,7100.0,
2015.0,6200-6400 m,3500.0,
2015.0,6200-6400 m,3700.0,
2015.0,6200-6400 m,3900.0,
2015.0,6200-6400 m,4100.0,
2015.0,6200-6400 m,4300.0,
2015.0,6200-6400 m,4500.0,
2015.0,6200-6400 m,4700.0,
2015.0,6200-6400 m,4900.0,
2015.0,6200-6400 m,5100.0,
2015.0,6200-6400 m,5300.0,
2015.0,6200-6400 m,5500.0,
2015.0,6200-6400 m,5700.0,
2015.0,6200-6400 m,5900.0,
2015.0,6200-6400 m,6100.0,
2015.0,6200-6400 m,6300.0,-79.95356889483334
2015.0,6200-6400 m,7100.0,
2015.0,6400-6600 m,3500.0,
2015.0,6400-6600 m,3700.0,
2015.0,6400-6600 m,3900.0,
2015.0,6400-6600 m,4100.0,
2015.0,6400-6600 m,4300.0,
2015.0,6400-6600 m,4500.0,
2015.0,6400-6600 m,4700.0,
2015.0,6400-6600 m,4900.0,
2015.0,6400-6600 m,5100.0,
2015.0,6400-6600 m,5300.0,
2015.0,6400-6600 m,5500.0,
2015.0,6400-6600 m,5700.0,
2015.0,6400-6600 m,5900.0,
2015.0,6400-6600 m,6100.0,
2015.0,6400-6600 m,6300.0,
2015.0,6400-6600 m,7100.0,
2015.0,6600-6800 m,3500.0,
2015.0,6600-6800 m,3700.0,
2015.0,6600-6800 m,3900.0,
2015.0,6600-6800 m,4100.0,
2015.0,6600-6800 m,4300.0,
2015.0,6600-6800 m,4500.0,
2015.0,6600-6800 m,4700.0,
2015.0,6600-6800 m,4900.0,
2015.0,6600-6800 m,5100.0,
2015.0,6600-6800 m,5300.0,
2015.0,6600-6800 m,5500.0,
2015.0,6600-6800 m,5700.0,
2015.0,6600-6800 m,5900.0,
2015.0,6600-6800 m,6100.0,
2015.0,6600-6800 m,6300.0,
2015.0,6600-6800 m,7100.0,
2015.0,6800-7000 m,3500.0,
2015.0,6800-7000 m,3700.0,
2015.0,6800-7000 m,3900.0,
2015.0,6800-7000 m,4100.0,
2015.0,6800-7000 m,4300.0,
2015.0,6800-7000 m,4500.0,
2015.0,6800-7000 m,4700.0,
2015.0,6800-7000 m,4900.0,
2015.0,6800-7000 m,5100.0,
2015.0,6800-7000 m,5300.0,
2015.0,6800-7000 m,5500.0,
2015.0,6800-7000 m,5700.0,
2015.0,6800-7000 m,5900.0,
2015.0,6800-7000 m,6100.0,
2015.0,6800-7000 m,6300.0,
2015.0,6800-7000 m,7100.0,
2015.0,7000-7200 m,3500.0,
2015.0,7000-7200 m,3700.0,
2015.0,7000-7200 m,3900.0,
2015.0,7000-7200 m,4100.0,
2015.0,7000-7200 m,4300.0,
2015.0,7000-7200 m,4500.0,
2015.0,7000-7200 m,4700.0,
2015.0,7000-7200 m,4900.0,
2015.0,7000-7200 m,5100.0,
2015.0,7000-7200 m,5300.0,
2015.0,7000-7200 m,5500.0,
2015.0,7000-7200 m,5700.0,
2015.0,7000-7200 m,5900.0,
2015.0,7000-7200 m,6100.0,
2015.0,7000-7200 m,6300.0,
2015.0,7000-7200 m,7100.0,-172.1935579
2015.0,7200-7400 m,3500.0,
2015.0,7200-7400 m,3700.0,
2015.0,7200-7400 m,3900.0,
2015.0,7200-7400 m,4100.0,
2015.0,7200-7400 m,4300.0,
2015.0,7200-7400 m,4500.0,
2015.0,7200-7400 m,4700.0,
2015.0,7200-7400 m,4900.0,
2015.0,7200-7400 m,5100.0,
2015.0,7200-7400 m,5300.0,
2015.0,7200-7400 m,5500.0,
2015.0,7200-7400 m,5700.0,
2015.0,7200-7400 m,5900.0,
2015.0,7200-7400 m,6100.0,
2015.0,7200-7400 m,6300.0,
2015.0,7200-7400 m,7100.0,
2016.0,3400-3600 m,3500.0,-888.6289838250092
2016.0,3400-3600 m,3700.0,
2016.0,3400-3600 m,3900.0,
2016.0,3400-3600 m,4100.0,
2016.0,3400-3600 m,4300.0,
2016.0,3400-3600 m,4500.0,
2016.0,3400-3600 m,4700.0,
2016.0,3400-3600 m,4900.0,
2016.0,3400-3600 m,5100.0,
2016.0,3400-3600 m,5300.0,
2016.0,3400-3600 m,5500.0,
2016.0,3400-3600 m,5700.0,
2016.0,3400-3600 m,5900.0,
2016.0,3400-3600 m,6100.0,
2016.0,3400-3600 m,6300.0,
2016.0,3400-3600 m,7100.0,
2016.0,3600-3800 m,3500.0,
2016.0,3600-3800 m,3700.0,-869.0560020838491
2016.0,3600-3800 m,3900.0,
2016.0,3600-3800 m,4100.0,
2016.0,3600-3800 m,4300.0,
2016.0,3600-3800 m,4500.0,
2016.0,3600-3800 m,4700.0,
2016.0,3600-3800 m,4900.0,
2016.0,3600-3800 m,5100.0,
2016.0,3600-3800 m,5300.0,
2016.0,3600-3800 m,5500.0,
2016.0,3600-3800 m,5700.0,
2016.0,3600-3800 m,5900.0,
2016.0,3600-3800 m,6100.0,
2016.0,3600-3800 m,6300.0,
2016.0,3600-3800 m,7100.0,
2016.0,3800-4000 m,3500.0,
2016.0,3800-4000 m,3700.0,
2016.0,3800-4000 m,3900.0,-712.1790493182848
2016.0,3800-4000 m,4100.0,
2016.0,3800-4000 m,4300.0,
2016.0,3800-4000 m,4500.0,
2016.0,3800-4000 m,4700.0,
2016.0,3800-4000 m,4900.0,
2016.0,3800-4000 m,5100.0,
2016.0,3800-4000 m,5300.0,
2016.0,3800-4000 m,5500.0,
2016.0,3800-4000 m,5700.0,
2016.0,3800-4000 m,5900.0,
2016.0,3800-4000 m,6100.0,
2016.0,3800-4000 m,6300.0,
2016.0,3800-4000 m,7100.0,
2016.0,4000-4200 m,3500.0,
2016.0,4000-4200 m,3700.0,
2016.0,4000-4200 m,3900.0,
2016.0,4000-4200 m,4100.0,-493.28814718795024
2016.0,4000-4200 m,4300.0,
2016.0,4000-4200 m,4500.0,
2016.0,4000-4200 m,4700.0,
2016.0,4000-4200 m,4900.0,
2016.0,4000-4200 m,5100.0,
2016.0,4000-4200 m,5300.0,
2016.0,4000-4200 m,5500.0,
2016.0,4000-4200 m,5700.0,
2016.0,4000-4200 m,5900.0,
2016.0,4000-4200 m,6100.0,
2016.0,4000-4200 m,6300.0,
2016.0,4000-4200 m,7100.0,
2016.0,4200-4400 m,3500.0,
2016.0,4200-4400 m,3700.0,
2016.0,4200-4400 m,3900.0,
2016.0,4200-4400 m,4100.0,
2016.0,4200-4400 m,4300.0,-182.78991728278888
2016.0,4200-4400 m,4500.0,
2016.0,4200-4400 m,4700.0,
2016.0,4200-4400 m,4900.0,
2016.0,4200-4400 m,5100.0,
2016.0,4200-4400 m,5300.0,
2016.0,4200-4400 m,5500.0,
2016.0,4200-4400 m,5700.0,
2016.0,4200-4400 m,5900.0,
2016.0,4200-4400 m,6100.0,
2016.0,4200-4400 m,6300.0,
2016.0,4200-4400 m,7100.0,
2016.0,4400-4600 m,3500.0,
2016.0,4400-4600 m,3700.0,
2016.0,4400-4600 m,3900.0,
2016.0,4400-4600 m,4100.0,
2016.0,4400-4600 m,4300.0,
2016.0,4400-4600 m,4500.0,159.65379945085425
2016.0,4400-4600 m,4700.0,
2016.0,4400-4600 m,4900.0,
2016.0,4400-4600 m,5100.0,
2016.0,4400-4600 m,5300.0,
2016.0,4400-4600 m,5500.0,
2016.0,4400-4600 m,5700.0,
2016.0,4400-4600 m,5900.0,
2016.0,4400-4600 m,6100.0,
2016.0,4400-4600 m,6300.0,
2016.0,4400-4600 m,7100.0,
2016.0,4600-4800 m,3500.0,
2016.0,4600-4800 m,3700.0,
2016.0,4600-4800 m,3900.0,
2016.0,4600-4800 m,4100.0,
2016.0,4600-4800 m,4300.0,
2016.0,4600-4800 m,4500.0,
2016.0,4600-4800 m,4700.0,334.9451839510163
2016.0,4600-4800 m,4900.0,
2016.0,4600-4800 m,5100.0,
2016.0,4600-4800 m,5300.0,
2016.0,4600-4800 m,5500.0,
2016.0,4600-4800 m,5700.0,
2016.0,4600-4800 m,5900.0,
2016.0,4600-4800 m,6100.0,
2016.0,4600-4800 m,6300.0,
2016.0,4600-4800 m,7100.0,
2016.0,4800-5000 m,3500.0,
2016.0,4800-5000 m,3700.0,
2016.0,4800-5000 m,3900.0,
2016.0,4800-5000 m,4100.0,
2016.0,4800-5000 m,4300.0,
2016.0,4800-5000 m,4500.0,
2016.0,4800-5000 m,4700.0,
2016.0,4800-5000 m,4900.0,316.39310467998257
2016.0,4800-5000 m,5100.0,
2016.0,4800-5000 m,5300.0,
2016.0,4800-5000 m,5500.0,
2016.0,4800-5000 m,5700.0,
2016.0,4800-5000 m,5900.0,
2016.0,4800-5000 m,6100.0,
2016.0,4800-5000 m,6300.0,
2016.0,4800-5000 m,7100.0,
2016.0,5000-5200 m,3500.0,
2016.0,5000-5200 m,3700.0,
2016.0,5000-5200 m,3900.0,
2016.0,5000-5200 m,4100.0,
2016.0,5000-5200 m,4300.0,
2016.0,5000-5200 m,4500.0,
2016.0,5000-5200 m,4700.0,
2016.0,5000-5200 m,4900.0,
2016.0,5000-5200 m,5100.0,331.3352538844487
2016.0,5000-5200 m,5300.0,
2016.0,5000-5200 m,5500.0,
2016.0,5000-5200 m,5700.0,
2016.0,5000-5200 m,5900.0,
2016.0,5000-5200 m,6100.0,
2016.0,5000-5200 m,6300.0,
2016.0,5000-5200 m,7100.0,
2016.0,5200-5400 m,3500.0,
2016.0,5200-5400 m,3700.0,
2016.0,5200-5400 m,3900.0,
2016.0,5200-5400 m,4100.0,
2016.0,5200-5400 m,4300.0,
2016.0,5200-5400 m,4500.0,
2016.0,5200-5400 m,4700.0,
2016.0,5200-5400 m,4900.0,
2016.0,5200-5400 m,5100.0,
2016.0,5200-5400 m,5300.0,350.64008647118783
2016.0,5200-5400 m,5500.0,
2016.0,5200-5400 m,5700.0,
2016.0,5200-5400 m,5900.0,
2016.0,5200-5400 m,6100.0,
2016.0,5200-5400 m,6300.0,
2016.0,5200-5400 m,7100.0,
2016.0,5400-5600 m,3500.0,
2016.0,5400-5600 m,3700.0,
2016.0,5400-5600 m,3900.0,
2016.0,5400-5600 m,4100.0,
2016.0,5400-5600 m,4300.0,
2016.0,5400-5600 m,4500.0,
2016.0,5400-5600 m,4700.0,
2016.0,5400-5600 m,4900.0,
2016.0,5400-5600 m,5100.0,
2016.0,5400-5600 m,5300.0,
2016.0,5400-5600 m,5500.0,324.74633153749863
2016.0,5400-5600 m,5700.0,
2016.0,5400-5600 m,5900.0,
2016.0,5400-5600 m,6100.0,
2016.0,5400-5600 m,6300.0,
2016.0,5400-5600 m,7100.0,
2016.0,5600-5800 m,3500.0,
2016.0,5600-5800 m,3700.0,
2016.0,5600-5800 m,3900.0,
2016.0,5600-5800 m,4100.0,
2016.0,5600-5800 m,4300.0,
2016.0,5600-5800 m,4500.0,
2016.0,5600-5800 m,4700.0,
2016.0,5600-5800 m,4900.0,
2016.0,5600-5800 m,5100.0,
2016.0,5600-5800 m,5300.0,
2016.0,5600-5800 m,5500.0,
2016.0,5600-5800 m,5700.0,276.1720245904526
2016.0,5600-5800 m,5900.0,
2016.0,5600-5800 m,6100.0,
2016.0,5600-5800 m,6300.0,
2016.0,5600-5800 m,7100.0,
2016.0,5800-6000 m,3500.0,
2016.0,5800-6000 m,3700.0,
2016.0,5800-6000 m,3900.0,
2016.0,5800-6000 m,4100.0,
2016.0,5800-6000 m,4300.0,
2016.0,5800-6000 m,4500.0,
2016.0,5800-6000 m,4700.0,
2016.0,5800-6000 m,4900.0,
2016.0,5800-6000 m,5100.0,
2016.0,5800-6000 m,5300.0,
2016.0,5800-6000 m,5500.0,
2016.0,5800-6000 m,5700.0,
2016.0,5800-6000 m,5900.0,220.82109430496863
2016.0,5800-6000 m,6100.0,
2016.0,5800-6000 m,6300.0,
2016.0,5800-6000 m,7100.0,
2016.0,6000-6200 m,3500.0,
2016.0,6000-6200 m,3700.0,
2016.0,6000-6200 m,3900.0,
2016.0,6000-6200 m,4100.0,
2016.0,6000-6200 m,4300.0,
2016.0,6000-6200 m,4500.0,
2016.0,6000-6200 m,4700.0,
2016.0,6000-6200 m,4900.0,
2016.0,6000-6200 m,5100.0,
2016.0,6000-6200 m,5300.0,
2016.0,6000-6200 m,5500.0,
2016.0,6000-6200 m,5700.0,
2016.0,6000-6200 m,5900.0,
2016.0,6000-6200 m,6100.0,245.70691493382145
2016.0,6000-6200 m,6300.0,
2016.0,6000-6200 m,7100.0,
2016.0,6200-6400 m,3500.0,
2016.0,6200-6400 m,3700.0,
2016.0,6200-6400 m,3900.0,
2016.0,6200-6400 m,4100.0,
2016.0,6200-6400 m,4300.0,
2016.0,6200-6400 m,4500.0,
2016.0,6200-6400 m,4700.0,
2016.0,6200-6400 m,4900.0,
2016.0,6200-6400 m,5100.0,
2016.0,6200-6400 m,5300.0,
2016.0,6200-6400 m,5500.0,
2016.0,6200-6400 m,5700.0,
2016.0,6200-6400 m,5900.0,
2016.0,6200-6400 m,6100.0,
2016.0,6200-6400 m,6300.0,236.93988456388888
2016.0,6200-6400 m,7100.0,
2016.0,6400-6600 m,3500.0,
2016.0,6400-6600 m,3700.0,
2016.0,6400-6600 m,3900.0,
2016.0,6400-6600 m,4100.0,
2016.0,6400-6600 m,4300.0,
2016.0,6400-6600 m,4500.0,
2016.0,6400-6600 m,4700.0,
2016.0,6400-6600 m,4900.0,
2016.0,6400-6600 m,5100.0,
2016.0,6400-6600 m,5300.0,
2016.0,6400-6600 m,5500.0,
2016.0,6400-6600 m,5700.0,
2016.0,6400-6600 m,5900.0,
2016.0,6400-6600 m,6100.0,
2016.0,6400-6600 m,6300.0,
2016.0,6400-6600 m,7100.0,
2016.0,6600-6800 m,3500.0,
2016.0,6600-6800 m,3700.0,
2016.0,6600-6800 m,3900.0,
2016.0,6600-6800 m,4100.0,
2016.0,6600-6800 m,4300.0,
2016.0,6600-6800 m,4500.0,
2016.0,6600-6800 m,4700.0,
2016.0,6600-6800 m,4900.0,
2016.0,6600-6800 m,5100.0,
2016.0,6600-6800 m,5300.0,
2016.0,6600-6800 m,5500.0,
2016.0,6600-6800 m,5700.0,
2016.0,6600-6800 m,5900.0,
2016.0,6600-6800 m,6100.0,
2016.0,6600-6800 m,6300.0,
2016.0,6600-6800 m,7100.0,
2016.0,6800-7000 m,3500.0,
2016.0,6800-7000 m,3700.0,
2016.0,6800-7000 m,3900.0,
2016.0,6800-7000 m,4100.0,
2016.0,6800-7000 m,4300.0,
2016.0,6800-7000 m,4500.0,
2016.0,6800-7000 m,4700.0,
2016.0,6800-7000 m,4900.0,
2016.0,6800-7000 m,5100.0,
2016.0,6800-7000 m,5300.0,
2016.0,6800-7000 m,5500.0,
2016.0,6800-7000 m,5700.0,
2016.0,6800-7000 m,5900.0,
2016.0,6800-7000 m,6100.0,
2016.0,6800-7000 m,6300.0,
2016.0,6800-7000 m,7100.0,
2016.0,7000-7200 m,3500.0,
2016.0,7000-7200 m,3700.0,
2016.0,7000-7200 m,3900.0,
2016.0,7000-7200 m,4100.0,
2016.0,7000-7200 m,4300.0,
2016.0,7000-7200 m,4500.0,
2016.0,7000-7200 m,4700.0,
2016.0,7000-7200 m,4900.0,
2016.0,7000-7200 m,5100.0,
2016.0,7000-7200 m,5300.0,
2016.0,7000-7200 m,5500.0,
2016.0,7000-7200 m,5700.0,
2016.0,7000-7200 m,5900.0,
2016.0,7000-7200 m,6100.0,
2016.0,7000-7200 m,6300.0,
2016.0,7000-7200 m,7100.0,120.0778899
2016.0,7200-7400 m,3500.0,
2016.0,7200-7400 m,3700.0,
2016.0,7200-7400 m,3900.0,
2016.0,7200-7400 m,4100.0,
2016.0,7200-7400 m,4300.0,
2016.0,7200-7400 m,4500.0,
2016.0,7200-7400 m,4700.0,
2016.0,7200-7400 m,4900.0,
2016.0,7200-7400 m,5100.0,
2016.0,7200-7400 m,5300.0,
2016.0,7200-7400 m,5500.0,
2016.0,7200-7400 m,5700.0,
2016.0,7200-7400 m,5900.0,
2016.0,7200-7400 m,6100.0,
2016.0,7200-7400 m,6300.0,
2016.0,7200-7400 m,7100.0,
2017.0,3400-3600 m,3500.0,-965.0215700822863
2017.0,3400-3600 m,3700.0,
2017.0,3400-3600 m,3900.0,
2017.0,3400-3600 m,4100.0,
2017.0,3400-3600 m,4300.0,
2017.0,3400-3600 m,4500.0,
2017.0,3400-3600 m,4700.0,
2017.0,3400-3600 m,4900.0,
2017.0,3400-3600 m,5100.0,
2017.0,3400-3600 m,5300.0,
2017.0,3400-3600 m,5500.0,
2017.0,3400-3600 m,5700.0,
2017.0,3400-3600 m,5900.0,
2017.0,3400-3600 m,6100.0,
2017.0,3400-3600 m,6300.0,
2017.0,3400-3600 m,7100.0,
2017.0,3600-3800 m,3500.0,
2017.0,3600-3800 m,3700.0,-649.7407232349774
2017.0,3600-3800 m,3900.0,
2017.0,3600-3800 m,4100.0,
2017.0,3600-3800 m,4300.0,
2017.0,3600-3800 m,4500.0,
2017.0,3600-3800 m,4700.0,
2017.0,3600-3800 m,4900.0,
2017.0,3600-3800 m,5100.0,
2017.0,3600-3800 m,5300.0,
2017.0,3600-3800 m,5500.0,
2017.0,3600-3800 m,5700.0,
2017.0,3600-3800 m,5900.0,
2017.0,3600-3800 m,6100.0,
2017.0,3600-3800 m,6300.0,
2017.0,3600-3800 m,7100.0,
2017.0,3800-4000 m,3500.0,
2017.0,3800-4000 m,3700.0,
2017.0,3800-4000 m,3900.0,-556.9066591419786
2017.0,3800-4000 m,4100.0,
2017.0,3800-4000 m,4300.0,
2017.0,3800-4000 m,4500.0,
2017.0,3800-4000 m,4700.0,
2017.0,3800-4000 m,4900.0,
2017.0,3800-4000 m,5100.0,
2017.0,3800-4000 m,5300.0,
2017.0,3800-4000 m,5500.0,
2017.0,3800-4000 m,5700.0,
2017.0,3800-4000 m,5900.0,
2017.0,3800-4000 m,6100.0,
2017.0,3800-4000 m,6300.0,
2017.0,3800-4000 m,7100.0,
2017.0,4000-4200 m,3500.0,
2017.0,4000-4200 m,3700.0,
2017.0,4000-4200 m,3900.0,
2017.0,4000-4200 m,4100.0,-434.2361550482786
2017.0,4000-4200 m,4300.0,
2017.0,4000-4200 m,4500.0,
2017.0,4000-4200 m,4700.0,
2017.0,4000-4200 m,4900.0,
2017.0,4000-4200 m,5100.0,
2017.0,4000-4200 m,5300.0,
2017.0,4000-4200 m,5500.0,
2017.0,4000-4200 m,5700.0,
2017.0,4000-4200 m,5900.0,
2017.0,4000-4200 m,6100.0,
2017.0,4000-4200 m,6300.0,
2017.0,4000-4200 m,7100.0,
2017.0,4200-4400 m,3500.0,
2017.0,4200-4400 m,3700.0,
2017.0,4200-4400 m,3900.0,
2017.0,4200-4400 m,4100.0,
2017.0,4200-4400 m,4300.0,-206.7974540732403
2017.0,4200-4400 m,4500.0,
2017.0,4200-4400 m,4700.0,
2017.0,4200-4400 m,4900.0,
2017.0,4200-4400 m,5100.0,
2017.0,4200-4400 m,5300.0,
2017.0,4200-4400 m,5500.0,
2017.0,4200-4400 m,5700.0,
2017.0,4200-4400 m,5900.0,
2017.0,4200-4400 m,6100.0,
2017.0,4200-4400 m,6300.0,
2017.0,4200-4400 m,7100.0,
2017.0,4400-4600 m,3500.0,
2017.0,4400-4600 m,3700.0,
2017.0,4400-4600 m,3900.0,
2017.0,4400-4600 m,4100.0,
2017.0,4400-4600 m,4300.0,
2017.0,4400-4600 m,4500.0,12.951780548624864
2017.0,4400-4600 m,4700.0,
2017.0,4400-4600 m,4900.0,
2017.0,4400-4600 m,5100.0,
2017.0,4400-4600 m,5300.0,
2017.0,4400-4600 m,5500.0,
2017.0,4400-4600 m,5700.0,
2017.0,4400-4600 m,5900.0,
2017.0,4400-4600 m,6100.0,
2017.0,4400-4600 m,6300.0,
2017.0,4400-4600 m,7100.0,
2017.0,4600-4800 m,3500.0,
2017.0,4600-4800 m,3700.0,
2017.0,4600-4800 m,3900.0,
2017.0,4600-4800 m,4100.0,
2017.0,4600-4800 m,4300.0,
2017.0,4600-4800 m,4500.0,
2017.0,4600-4800 m,4700.0,129.5783124586749
2017.0,4600-4800 m,4900.0,
2017.0,4600-4800 m,5100.0,
2017.0,4600-4800 m,5300.0,
2017.0,4600-4800 m,5500.0,
2017.0,4600-4800 m,5700.0,
2017.0,4600-4800 m,5900.0,
2017.0,4600-4800 m,6100.0,
2017.0,4600-4800 m,6300.0,
2017.0,4600-4800 m,7100.0,
2017.0,4800-5000 m,3500.0,
2017.0,4800-5000 m,3700.0,
2017.0,4800-5000 m,3900.0,
2017.0,4800-5000 m,4100.0,
2017.0,4800-5000 m,4300.0,
2017.0,4800-5000 m,4500.0,
2017.0,4800-5000 m,4700.0,
2017.0,4800-5000 m,4900.0,228.72060563637558
2017.0,4800-5000 m,5100.0,
2017.0,4800-5000 m,5300.0,
2017.0,4800-5000 m,5500.0,
2017.0,4800-5000 m,5700.0,
2017.0,4800-5000 m,5900.0,
2017.0,4800-5000 m,6100.0,
2017.0,4800-5000 m,6300.0,
2017.0,4800-5000 m,7100.0,
2017.0,5000-5200 m,3500.0,
2017.0,5000-5200 m,3700.0,
2017.0,5000-5200 m,3900.0,
2017.0,5000-5200 m,4100.0,
2017.0,5000-5200 m,4300.0,
2017.0,5000-5200 m,4500.0,
2017.0,5000-5200 m,4700.0,
2017.0,5000-5200 m,4900.0,
2017.0,5000-5200 m,5100.0,277.86763106248105
2017.0,5000-5200 m,5300.0,
2017.0,5000-5200 m,5500.0,
2017.0,5000-5200 m,5700.0,
2017.0,5000-5200 m,5900.0,
2017.0,5000-5200 m,6100.0,
2017.0,5000-5200 m,6300.0,
2017.0,5000-5200 m,7100.0,
2017.0,5200-5400 m,3500.0,
2017.0,5200-5400 m,3700.0,
2017.0,5200-5400 m,3900.0,
2017.0,5200-5400 m,4100.0,
2017.0,5200-5400 m,4300.0,
2017.0,5200-5400 m,4500.0,
2017.0,5200-5400 m,4700.0,
2017.0,5200-5400 m,4900.0,
2017.0,5200-5400 m,5100.0,
2017.0,5200-5400 m,5300.0,407.9410997627667
2017.0,5200-5400 m,5500.0,
2017.0,5200-5400 m,5700.0,
2017.0,5200-5400 m,5900.0,
2017.0,5200-5400 m,6100.0,
2017.0,5200-5400 m,6300.0,
2017.0,5200-5400 m,7100.0,
2017.0,5400-5600 m,3500.0,
2017.0,5400-5600 m,3700.0,
2017.0,5400-5600 m,3900.0,
2017.0,5400-5600 m,4100.0,
2017.0,5400-5600 m,4300.0,
2017.0,5400-5600 m,4500.0,
2017.0,5400-5600 m,4700.0,
2017.0,5400-5600 m,4900.0,
2017.0,5400-5600 m,5100.0,
2017.0,5400-5600 m,5300.0,
2017.0,5400-5600 m,5500.0,453.12133683662336
2017.0,5400-5600 m,5700.0,
2017.0,5400-5600 m,5900.0,
2017.0,5400-5600 m,6100.0,
2017.0,5400-5600 m,6300.0,
2017.0,5400-5600 m,7100.0,
2017.0,5600-5800 m,3500.0,
2017.0,5600-5800 m,3700.0,
2017.0,5600-5800 m,3900.0,
2017.0,5600-5800 m,4100.0,
2017.0,5600-5800 m,4300.0,
2017.0,5600-5800 m,4500.0,
2017.0,5600-5800 m,4700.0,
2017.0,5600-5800 m,4900.0,
2017.0,5600-5800 m,5100.0,
2017.0,5600-5800 m,5300.0,
2017.0,5600-5800 m,5500.0,
2017.0,5600-5800 m,5700.0,397.50631735099034
2017.0,5600-5800 m,5900.0,
2017.0,5600-5800 m,6100.0,
2017.0,5600-5800 m,6300.0,
2017.0,5600-5800 m,7100.0,
2017.0,5800-6000 m,3500.0,
2017.0,5800-6000 m,3700.0,
2017.0,5800-6000 m,3900.0,
2017.0,5800-6000 m,4100.0,
2017.0,5800-6000 m,4300.0,
2017.0,5800-6000 m,4500.0,
2017.0,5800-6000 m,4700.0,
2017.0,5800-6000 m,4900.0,
2017.0,5800-6000 m,5100.0,
2017.0,5800-6000 m,5300.0,
2017.0,5800-6000 m,5500.0,
2017.0,5800-6000 m,5700.0,
2017.0,5800-6000 m,5900.0,348.50100833534475
2017.0,5800-6000 m,6100.0,
2017.0,5800-6000 m,6300.0,
2017.0,5800-6000 m,7100.0,
2017.0,6000-6200 m,3500.0,
2017.0,6000-6200 m,3700.0,
2017.0,6000-6200 m,3900.0,
2017.0,6000-6200 m,4100.0,
2017.0,6000-6200 m,4300.0,
2017.0,6000-6200 m,4500.0,
2017.0,6000-6200 m,4700.0,
2017.0,6000-6200 m,4900.0,
2017.0,6000-6200 m,5100.0,
2017.0,6000-6200 m,5300.0,
2017.0,6000-6200 m,5500.0,
2017.0,6000-6200 m,5700.0,
2017.0,6000-6200 m,5900.0,
2017.0,6000-6200 m,6100.0,340.87277895499994
2017.0,6000-6200 m,6300.0,
2017.0,6000-6200 m,7100.0,
2017.0,6200-6400 m,3500.0,
2017.0,6200-6400 m,3700.0,
2017.0,6200-6400 m,3900.0,
2017.0,6200-6400 m,4100.0,
2017.0,6200-6400 m,4300.0,
2017.0,6200-6400 m,4500.0,
2017.0,6200-6400 m,4700.0,
2017.0,6200-6400 m,4900.0,
2017.0,6200-6400 m,5100.0,
2017.0,6200-6400 m,5300.0,
2017.0,6200-6400 m,5500.0,
2017.0,6200-6400 m,5700.0,
2017.0,6200-6400 m,5900.0,
2017.0,6200-6400 m,6100.0,
2017.0,6200-6400 m,6300.0,354.8624414977778
2017.0,6200-6400 m,7100.0,
2017.0,6400-6600 m,3500.0,
2017.0,6400-6600 m,3700.0,
2017.0,6400-6600 m,3900.0,
2017.0,6400-6600 m,4100.0,
2017.0,6400-6600 m,4300.0,
2017.0,6400-6600 m,4500.0,
2017.0,6400-6600 m,4700.0,
2017.0,6400-6600 m,4900.0,
2017.0,6400-6600 m,5100.0,
2017.0,6400-6600 m,5300.0,
2017.0,6400-6600 m,5500.0,
2017.0,6400-6600 m,5700.0,
2017.0,6400-6600 m,5900.0,
2017.0,6400-6600 m,6100.0,
2017.0,6400-6600 m,6300.0,
2017.0,6400-6600 m,7100.0,
2017.0,6600-6800 m,3500.0,
2017.0,6600-6800 m,3700.0,
2017.0,6600-6800 m,3900.0,
2017.0,6600-6800 m,4100.0,
2017.0,6600-6800 m,4300.0,
2017.0,6600-6800 m,4500.0,
2017.0,6600-6800 m,4700.0,
2017.0,6600-6800 m,4900.0,
2017.0,6600-6800 m,5100.0,
2017.0,6600-6800 m,5300.0,
2017.0,6600-6800 m,5500.0,
2017.0,6600-6800 m,5700.0,
2017.0,6600-6800 m,5900.0,
2017.0,6600-6800 m,6100.0,
2017.0,6600-6800 m,6300.0,
2017.0,6600-6800 m,7100.0,
2017.0,6800-7000 m,3500.0,
2017.0,6800-7000 m,3700.0,
2017.0,6800-7000 m,3900.0,
2017.0,6800-7000 m,4100.0,
2017.0,6800-7000 m,4300.0,
2017.0,6800-7000 m,4500.0,
2017.0,6800-7000 m,4700.0,
2017.0,6800-7000 m,4900.0,
2017.0,6800-7000 m,5100.0,
2017.0,6800-7000 m,5300.0,
2017.0,6800-7000 m,5500.0,
2017.0,6800-7000 m,5700.0,
2017.0,6800-7000 m,5900.0,
2017.0,6800-7000 m,6100.0,
2017.0,6800-7000 m,6300.0,
2017.0,6800-7000 m,7100.0,
2017.0,7000-7200 m,3500.0,
2017.0,7000-7200 m,3700.0,
2017.0,7000-7200 m,3900.0,
2017.0,7000-7200 m,4100.0,
2017.0,7000-7200 m,4300.0,
2017.0,7000-7200 m,4500.0,
2017.0,7000-7200 m,4700.0,
2017.0,7000-7200 m,4900.0,
2017.0,7000-7200 m,5100.0,
2017.0,7000-7200 m,5300.0,
2017.0,7000-7200 m,5500.0,
2017.0,7000-7200 m,5700.0,
2017.0,7000-7200 m,5900.0,
2017.0,7000-7200 m,6100.0,
2017.0,7000-7200 m,6300.0,
2017.0,7000-7200 m,7100.0,9.699868097000001
2017.0,7200-7400 m,3500.0,
2017.0,7200-7400 m,3700.0,
2017.0,7200-7400 m,3900.0,
2017.0,7200-7400 m,4100.0,
2017.0,7200-7400 m,4300.0,
2017.0,7200-7400 m,4500.0,
2017.0,7200-7400 m,4700.0,
2017.0,7200-7400 m,4900.0,
2017.0,7200-7400 m,5100.0,
2017.0,7200-7400 m,5300.0,
2017.0,7200-7400 m,5500.0,
2017.0,7200-7400 m,5700.0,
2017.0,7200-7400 m,5900.0,
2017.0,7200-7400 m,6100.0,
2017.0,7200-7400 m,6300.0,
2017.0,7200-7400 m,7100.0,
2018.0,3400-3600 m,3500.0,-563.2720036321273
2018.0,3400-3600 m,3700.0,
2018.0,3400-3600 m,3900.0,
2018.0,3400-3600 m,4100.0,
2018.0,3400-3600 m,4300.0,
2018.0,3400-3600 m,4500.0,
2018.0,3400-3600 m,4700.0,
2018.0,3400-3600 m,4900.0,
2018.0,3400-3600 m,5100.0,
2018.0,3400-3600 m,5300.0,
2018.0,3400-3600 m,5500.0,
2018.0,3400-3600 m,5700.0,
2018.0,3400-3600 m,5900.0,
2018.0,3400-3600 m,6100.0,
2018.0,3400-3600 m,6300.0,
2018.0,3400-3600 m,7100.0,
2018.0,3600-3800 m,3500.0,
2018.0,3600-3800 m,3700.0,-721.4111166459147
2018.0,3600-3800 m,3900.0,
2018.0,3600-3800 m,4100.0,
2018.0,3600-3800 m,4300.0,
2018.0,3600-3800 m,4500.0,
2018.0,3600-3800 m,4700.0,
2018.0,3600-3800 m,4900.0,
2018.0,3600-3800 m,5100.0,
2018.0,3600-3800 m,5300.0,
2018.0,3600-3800 m,5500.0,
2018.0,3600-3800 m,5700.0,
2018.0,3600-3800 m,5900.0,
2018.0,3600-3800 m,6100.0,
2018.0,3600-3800 m,6300.0,
2018.0,3600-3800 m,7100.0,
2018.0,3800-4000 m,3500.0,
2018.0,3800-4000 m,3700.0,
2018.0,3800-4000 m,3900.0,-555.902321958037
2018.0,3800-4000 m,4100.0,
2018.0,3800-4000 m,4300.0,
2018.0,3800-4000 m,4500.0,
2018.0,3800-4000 m,4700.0,
2018.0,3800-4000 m,4900.0,
2018.0,3800-4000 m,5100.0,
2018.0,3800-4000 m,5300.0,
2018.0,3800-4000 m,5500.0,
2018.0,3800-4000 m,5700.0,
2018.0,3800-4000 m,5900.0,
2018.0,3800-4000 m,6100.0,
2018.0,3800-4000 m,6300.0,
2018.0,3800-4000 m,7100.0,
2018.0,4000-4200 m,3500.0,
2018.0,4000-4200 m,3700.0,
2018.0,4000-4200 m,3900.0,
2018.0,4000-4200 m,4100.0,-422.5212297810446
2018.0,4000-4200 m,4300.0,
2018.0,4000-4200 m,4500.0,
2018.0,4000-4200 m,4700.0,
2018.0,4000-4200 m,4900.0,
2018.0,4000-4200 m,5100.0,
2018.0,4000-4200 m,5300.0,
2018.0,4000-4200 m,5500.0,
2018.0,4000-4200 m,5700.0,
2018.0,4000-4200 m,5900.0,
2018.0,4000-4200 m,6100.0,
2018.0,4000-4200 m,6300.0,
2018.0,4000-4200 m,7100.0,
2018.0,4200-4400 m,3500.0,
2018.0,4200-4400 m,3700.0,
2018.0,4200-4400 m,3900.0,
2018.0,4200-4400 m,4100.0,
2018.0,4200-4400 m,4300.0,-305.8279447966137
2018.0,4200-4400 m,4500.0,
2018.0,4200-4400 m,4700.0,
2018.0,4200-4400 m,4900.0,
2018.0,4200-4400 m,5100.0,
2018.0,4200-4400 m,5300.0,
2018.0,4200-4400 m,5500.0,
2018.0,4200-4400 m,5700.0,
2018.0,4200-4400 m,5900.0,
2018.0,4200-4400 m,6100.0,
2018.0,4200-4400 m,6300.0,
2018.0,4200-4400 m,7100.0,
2018.0,4400-4600 m,3500.0,
2018.0,4400-4600 m,3700.0,
2018.0,4400-4600 m,3900.0,
2018.0,4400-4600 m,4100.0,
2018.0,4400-4600 m,4300.0,
2018.0,4400-4600 m,4500.0,-246.53036332157092
2018.0,4400-4600 m,4700.0,
2018.0,4400-4600 m,4900.0,
2018.0,4400-4600 m,5100.0,
2018.0,4400-4600 m,5300.0,
2018.0,4400-4600 m,5500.0,
2018.0,4400-4600 m,5700.0,
2018.0,4400-4600 m,5900.0,
2018.0,4400-4600 m,6100.0,
2018.0,4400-4600 m,6300.0,
2018.0,4400-4600 m,7100.0,
2018.0,4600-4800 m,3500.0,
2018.0,4600-4800 m,3700.0,
2018.0,4600-4800 m,3900.0,
2018.0,4600-4800 m,4100.0,
2018.0,4600-4800 m,4300.0,
2018.0,4600-4800 m,4500.0,
2018.0,4600-4800 m,4700.0,-217.99892204753203
2018.0,4600-4800 m,4900.0,
2018.0,4600-4800 m,5100.0,
2018.0,4600-4800 m,5300.0,
2018.0,4600-4800 m,5500.0,
2018.0,4600-4800 m,5700.0,
2018.0,4600-4800 m,5900.0,
2018.0,4600-4800 m,6100.0,
2018.0,4600-4800 m,6300.0,
2018.0,4600-4800 m,7100.0,
2018.0,4800-5000 m,3500.0,
2018.0,4800-5000 m,3700.0,
2018.0,4800-5000 m,3900.0,
2018.0,4800-5000 m,4100.0,
2018.0,4800-5000 m,4300.0,
2018.0,4800-5000 m,4500.0,
2018.0,4800-5000 m,4700.0,
2018.0,4800-5000 m,4900.0,164.9132002442357
2018.0,4800-5000 m,5100.0,
2018.0,4800-5000 m,5300.0,
2018.0,4800-5000 m,5500.0,
2018.0,4800-5000 m,5700.0,
2018.0,4800-5000 m,5900.0,
2018.0,4800-5000 m,6100.0,
2018.0,4800-5000 m,6300.0,
2018.0,4800-5000 m,7100.0,
2018.0,5000-5200 m,3500.0,
2018.0,5000-5200 m,3700.0,
2018.0,5000-5200 m,3900.0,
2018.0,5000-5200 m,4100.0,
2018.0,5000-5200 m,4300.0,
2018.0,5000-5200 m,4500.0,
2018.0,5000-5200 m,4700.0,
2018.0,5000-5200 m,4900.0,
2018.0,5000-5200 m,5100.0,314.91990831624463
2018.0,5000-5200 m,5300.0,
2018.0,5000-5200 m,5500.0,
2018.0,5000-5200 m,5700.0,
2018.0,5000-5200 m,5900.0,
2018.0,5000-5200 m,6100.0,
2018.0,5000-5200 m,6300.0,
2018.0,5000-5200 m,7100.0,
2018.0,5200-5400 m,3500.0,
2018.0,5200-5400 m,3700.0,
2018.0,5200-5400 m,3900.0,
2018.0,5200-5400 m,4100.0,
2018.0,5200-5400 m,4300.0,
2018.0,5200-5400 m,4500.0,
2018.0,5200-5400 m,4700.0,
2018.0,5200-5400 m,4900.0,
2018.0,5200-5400 m,5100.0,
2018.0,5200-5400 m,5300.0,376.5538716139319
2018.0,5200-5400 m,5500.0,
2018.0,5200-5400 m,5700.0,
2018.0,5200-5400 m,5900.0,
2018.0,5200-5400 m,6100.0,
2018.0,5200-5400 m,6300.0,
2018.0,5200-5400 m,7100.0,
2018.0,5400-5600 m,3500.0,
2018.0,5400-5600 m,3700.0,
2018.0,5400-5600 m,3900.0,
2018.0,5400-5600 m,4100.0,
2018.0,5400-5600 m,4300.0,
2018.0,5400-5600 m,4500.0,
2018.0,5400-5600 m,4700.0,
2018.0,5400-5600 m,4900.0,
2018.0,5400-5600 m,5100.0,
2018.0,5400-5600 m,5300.0,
2018.0,5400-5600 m,5500.0,367.70854539292793
2018.0,5400-5600 m,5700.0,
2018.0,5400-5600 m,5900.0,
2018.0,5400-5600 m,6100.0,
2018.0,5400-5600 m,6300.0,
2018.0,5400-5600 m,7100.0,
2018.0,5600-5800 m,3500.0,
2018.0,5600-5800 m,3700.0,
2018.0,5600-5800 m,3900.0,
2018.0,5600-5800 m,4100.0,
2018.0,5600-5800 m,4300.0,
2018.0,5600-5800 m,4500.0,
2018.0,5600-5800 m,4700.0,
2018.0,5600-5800 m,4900.0,
2018.0,5600-5800 m,5100.0,
2018.0,5600-5800 m,5300.0,
2018.0,5600-5800 m,5500.0,
2018.0,5600-5800 m,5700.0,289.73781134945506
2018.0,5600-5800 m,5900.0,
2018.0,5600-5800 m,6100.0,
2018.0,5600-5800 m,6300.0,
2018.0,5600-5800 m,7100.0,
2018.0,5800-6000 m,3500.0,
2018.0,5800-6000 m,3700.0,
2018.0,5800-6000 m,3900.0,
2018.0,5800-6000 m,4100.0,
2018.0,5800-6000 m,4300.0,
2018.0,5800-6000 m,4500.0,
2018.0,5800-6000 m,4700.0,
2018.0,5800-6000 m,4900.0,
2018.0,5800-6000 m,5100.0,
2018.0,5800-6000 m,5300.0,
2018.0,5800-6000 m,5500.0,
2018.0,5800-6000 m,5700.0,
2018.0,5800-6000 m,5900.0,198.45952102498975
2018.0,5800-6000 m,6100.0,
2018.0,5800-6000 m,6300.0,
2018.0,5800-6000 m,7100.0,
2018.0,6000-6200 m,3500.0,
2018.0,6000-6200 m,3700.0,
2018.0,6000-6200 m,3900.0,
2018.0,6000-6200 m,4100.0,
2018.0,6000-6200 m,4300.0,
2018.0,6000-6200 m,4500.0,
2018.0,6000-6200 m,4700.0,
2018.0,6000-6200 m,4900.0,
2018.0,6000-6200 m,5100.0,
2018.0,6000-6200 m,5300.0,
2018.0,6000-6200 m,5500.0,
2018.0,6000-6200 m,5700.0,
2018.0,6000-6200 m,5900.0,
2018.0,6000-6200 m,6100.0,160.69484507928567
2018.0,6000-6200 m,6300.0,
2018.0,6000-6200 m,7100.0,
2018.0,6200-6400 m,3500.0,
2018.0,6200-6400 m,3700.0,
2018.0,6200-6400 m,3900.0,
2018.0,6200-6400 m,4100.0,
2018.0,6200-6400 m,4300.0,
2018.0,6200-6400 m,4500.0,
2018.0,6200-6400 m,4700.0,
2018.0,6200-6400 m,4900.0,
2018.0,6200-6400 m,5100.0,
2018.0,6200-6400 m,5300.0,
2018.0,6200-6400 m,5500.0,
2018.0,6200-6400 m,5700.0,
2018.0,6200-6400 m,5900.0,
2018.0,6200-6400 m,6100.0,
2018.0,6200-6400 m,6300.0,203.51941019111112
2018.0,6200-6400 m,7100.0,
2018.0,6400-6600 m,3500.0,
2018.0,6400-6600 m,3700.0,
2018.0,6400-6600 m,3900.0,
2018.0,6400-6600 m,4100.0,
2018.0,6400-6600 m,4300.0,
2018.0,6400-6600 m,4500.0,
2018.0,6400-6600 m,4700.0,
2018.0,6400-6600 m,4900.0,
2018.0,6400-6600 m,5100.0,
2018.0,6400-6600 m,5300.0,
2018.0,6400-6600 m,5500.0,
2018.0,6400-6600 m,5700.0,
2018.0,6400-6600 m,5900.0,
2018.0,6400-6600 m,6100.0,
2018.0,6400-6600 m,6300.0,
2018.0,6400-6600 m,7100.0,
2018.0,6600-6800 m,3500.0,
2018.0,6600-6800 m,3700.0,
2018.0,6600-6800 m,3900.0,
2018.0,6600-6800 m,4100.0,
2018.0,6600-6800 m,4300.0,
2018.0,6600-6800 m,4500.0,
2018.0,6600-6800 m,4700.0,
2018.0,6600-6800 m,4900.0,
2018.0,6600-6800 m,5100.0,
2018.0,6600-6800 m,5300.0,
2018.0,6600-6800 m,5500.0,
2018.0,6600-6800 m,5700.0,
2018.0,6600-6800 m,5900.0,
2018.0,6600-6800 m,6100.0,
2018.0,6600-6800 m,6300.0,
2018.0,6600-6800 m,7100.0,
2018.0,6800-7000 m,3500.0,
2018.0,6800-7000 m,3700.0,
2018.0,6800-7000 m,3900.0,
2018.0,6800-7000 m,4100.0,
2018.0,6800-7000 m,4300.0,
2018.0,6800-7000 m,4500.0,
2018.0,6800-7000 m,4700.0,
2018.0,6800-7000 m,4900.0,
2018.0,6800-7000 m,5100.0,
2018.0,6800-7000 m,5300.0,
2018.0,6800-7000 m,5500.0,
2018.0,6800-7000 m,5700.0,
2018.0,6800-7000 m,5900.0,
2018.0,6800-7000 m,6100.0,
2018.0,6800-7000 m,6300.0,
2018.0,6800-7000 m,7100.0,
2018.0,7000-7200 m,3500.0,
2018.0,7000-7200 m,3700.0,
2018.0,7000-7200 m,3900.0,
2018.0,7000-7200 m,4100.0,
2018.0,7000-7200 m,4300.0,
2018.0,7000-7200 m,4500.0,
2018.0,7000-7200 m,4700.0,
2018.0,7000-7200 m,4900.0,
2018.0,7000-7200 m,5100.0,
2018.0,7000-7200 m,5300.0,
2018.0,7000-7200 m,5500.0,
2018.0,7000-7200 m,5700.0,
2018.0,7000-7200 m,5900.0,
2018.0,7000-7200 m,6100.0,
2018.0,7000-7200 m,6300.0,
2018.0,7000-7200 m,7100.0,201.0461732
2018.0,7200-7400 m,3500.0,
2018.0,7200-7400 m,3700.0,
2018.0,7200-7400 m,3900.0,
2018.0,7200-7400 m,4100.0,
2018.0,7200-7400 m,4300.0,
2018.0,7200-7400 m,4500.0,
2018.0,7200-7400 m,4700.0,
2018.0,7200-7400 m,4900.0,
2018.0,7200-7400 m,5100.0,
2018.0,7200-7400 m,5300.0,
2018.0,7200-7400 m,5500.0,
2018.0,7200-7400 m,5700.0,
2018.0,7200-7400 m,5900.0,
2018.0,7200-7400 m,6100.0,
2018.0,7200-7400 m,6300.0,
2018.0,7200-7400 m,7100.0,
2019.0,3400-3600 m,3500.0,-644.0579862756414
2019.0,3400-3600 m,3700.0,
2019.0,3400-3600 m,3900.0,
2019.0,3400-3600 m,4100.0,
2019.0,3400-3600 m,4300.0,
2019.0,3400-3600 m,4500.0,
2019.0,3400-3600 m,4700.0,
2019.0,3400-3600 m,4900.0,
2019.0,3400-3600 m,5100.0,
2019.0,3400-3600 m,5300.0,
2019.0,3400-3600 m,5500.0,
2019.0,3400-3600 m,5700.0,
2019.0,3400-3600 m,5900.0,
2019.0,3400-3600 m,6100.0,
2019.0,3400-3600 m,6300.0,
2019.0,3400-3600 m,7100.0,
2019.0,3600-3800 m,3500.0,
2019.0,3600-3800 m,3700.0,-365.0581551899405
2019.0,3600-3800 m,3900.0,
2019.0,3600-3800 m,4100.0,
2019.0,3600-3800 m,4300.0,
2019.0,3600-3800 m,4500.0,
2019.0,3600-3800 m,4700.0,
2019.0,3600-3800 m,4900.0,
2019.0,3600-3800 m,5100.0,
2019.0,3600-3800 m,5300.0,
2019.0,3600-3800 m,5500.0,
2019.0,3600-3800 m,5700.0,
2019.0,3600-3800 m,5900.0,
2019.0,3600-3800 m,6100.0,
2019.0,3600-3800 m,6300.0,
2019.0,3600-3800 m,7100.0,
2019.0,3800-4000 m,3500.0,
2019.0,3800-4000 m,3700.0,
2019.0,3800-4000 m,3900.0,-263.54266941200456
2019.0,3800-4000 m,4100.0,
2019.0,3800-4000 m,4300.0,
2019.0,3800-4000 m,4500.0,
2019.0,3800-4000 m,4700.0,
2019.0,3800-4000 m,4900.0,
2019.0,3800-4000 m,5100.0,
2019.0,3800-4000 m,5300.0,
2019.0,3800-4000 m,5500.0,
2019.0,3800-4000 m,5700.0,
2019.0,3800-4000 m,5900.0,
2019.0,3800-4000 m,6100.0,
2019.0,3800-4000 m,6300.0,
2019.0,3800-4000 m,7100.0,
2019.0,4000-4200 m,3500.0,
2019.0,4000-4200 m,3700.0,
2019.0,4000-4200 m,3900.0,
2019.0,4000-4200 m,4100.0,-315.94122078217526
2019.0,4000-4200 m,4300.0,
2019.0,4000-4200 m,4500.0,
2019.0,4000-4200 m,4700.0,
2019.0,4000-4200 m,4900.0,
2019.0,4000-4200 m,5100.0,
2019.0,4000-4200 m,5300.0,
2019.0,4000-4200 m,5500.0,
2019.0,4000-4200 m,5700.0,
2019.0,4000-4200 m,5900.0,
2019.0,4000-4200 m,6100.0,
2019.0,4000-4200 m,6300.0,
2019.0,4000-4200 m,7100.0,
2019.0,4200-4400 m,3500.0,
2019.0,4200-4400 m,3700.0,
2019.0,4200-4400 m,3900.0,
2019.0,4200-4400 m,4100.0,
2019.0,4200-4400 m,4300.0,-573.7208348980046
2019.0,4200-4400 m,4500.0,
2019.0,4200-4400 m,4700.0,
2019.0,4200-4400 m,4900.0,
2019.0,4200-4400 m,5100.0,
2019.0,4200-4400 m,5300.0,
2019.0,4200-4400 m,5500.0,
2019.0,4200-4400 m,5700.0,
2019.0,4200-4400 m,5900.0,
2019.0,4200-4400 m,6100.0,
2019.0,4200-4400 m,6300.0,
2019.0,4200-4400 m,7100.0,
2019.0,4400-4600 m,3500.0,
2019.0,4400-4600 m,3700.0,
2019.0,4400-4600 m,3900.0,
2019.0,4400-4600 m,4100.0,
2019.0,4400-4600 m,4300.0,
2019.0,4400-4600 m,4500.0,-713.7926254500572
2019.0,4400-4600 m,4700.0,
2019.0,4400-4600 m,4900.0,
2019.0,4400-4600 m,5100.0,
2019.0,4400-4600 m,5300.0,
2019.0,4400-4600 m,5500.0,
2019.0,4400-4600 m,5700.0,
2019.0,4400-4600 m,5900.0,
2019.0,4400-4600 m,6100.0,
2019.0,4400-4600 m,6300.0,
2019.0,4400-4600 m,7100.0,
2019.0,4600-4800 m,3500.0,
2019.0,4600-4800 m,3700.0,
2019.0,4600-4800 m,3900.0,
2019.0,4600-4800 m,4100.0,
2019.0,4600-4800 m,4300.0,
2019.0,4600-4800 m,4500.0,
2019.0,4600-4800 m,4700.0,-903.6376915952213
2019.0,4600-4800 m,4900.0,
2019.0,4600-4800 m,5100.0,
2019.0,4600-4800 m,5300.0,
2019.0,4600-4800 m,5500.0,
2019.0,4600-4800 m,5700.0,
2019.0,4600-4800 m,5900.0,
2019.0,4600-4800 m,6100.0,
2019.0,4600-4800 m,6300.0,
2019.0,4600-4800 m,7100.0,
2019.0,4800-5000 m,3500.0,
2019.0,4800-5000 m,3700.0,
2019.0,4800-5000 m,3900.0,
2019.0,4800-5000 m,4100.0,
2019.0,4800-5000 m,4300.0,
2019.0,4800-5000 m,4500.0,
2019.0,4800-5000 m,4700.0,
2019.0,4800-5000 m,4900.0,-389.2412862456178
2019.0,4800-5000 m,5100.0,
2019.0,4800-5000 m,5300.0,
2019.0,4800-5000 m,5500.0,
2019.0,4800-5000 m,5700.0,
2019.0,4800-5000 m,5900.0,
2019.0,4800-5000 m,6100.0,
2019.0,4800-5000 m,6300.0,
2019.0,4800-5000 m,7100.0,
2019.0,5000-5200 m,3500.0,
2019.0,5000-5200 m,3700.0,
2019.0,5000-5200 m,3900.0,
2019.0,5000-5200 m,4100.0,
2019.0,5000-5200 m,4300.0,
2019.0,5000-5200 m,4500.0,
2019.0,5000-5200 m,4700.0,
2019.0,5000-5200 m,4900.0,
2019.0,5000-5200 m,5100.0,-175.98313090103218
2019.0,5000-5200 m,5300.0,
2019.0,5000-5200 m,5500.0,
2019.0,5000-5200 m,5700.0,
2019.0,5000-5200 m,5900.0,
2019.0,5000-5200 m,6100.0,
2019.0,5000-5200 m,6300.0,
2019.0,5000-5200 m,7100.0,
2019.0,5200-5400 m,3500.0,
2019.0,5200-5400 m,3700.0,
2019.0,5200-5400 m,3900.0,
2019.0,5200-5400 m,4100.0,
2019.0,5200-5400 m,4300.0,
2019.0,5200-5400 m,4500.0,
2019.0,5200-5400 m,4700.0,
2019.0,5200-5400 m,4900.0,
2019.0,5200-5400 m,5100.0,
2019.0,5200-5400 m,5300.0,-109.7109790218555
2019.0,5200-5400 m,5500.0,
2019.0,5200-5400 m,5700.0,
2019.0,5200-5400 m,5900.0,
2019.0,5200-5400 m,6100.0,
2019.0,5200-5400 m,6300.0,
2019.0,5200-5400 m,7100.0,
2019.0,5400-5600 m,3500.0,
2019.0,5400-5600 m,3700.0,
2019.0,5400-5600 m,3900.0,
2019.0,5400-5600 m,4100.0,
2019.0,5400-5600 m,4300.0,
2019.0,5400-5600 m,4500.0,
2019.0,5400-5600 m,4700.0,
2019.0,5400-5600 m,4900.0,
2019.0,5400-5600 m,5100.0,
2019.0,5400-5600 m,5300.0,
2019.0,5400-5600 m,5500.0,-41.028120885840416
2019.0,5400-5600 m,5700.0,
2019.0,5400-5600 m,5900.0,
2019.0,5400-5600 m,6100.0,
2019.0,5400-5600 m,6300.0,
2019.0,5400-5600 m,7100.0,
2019.0,5600-5800 m,3500.0,
2019.0,5600-5800 m,3700.0,
2019.0,5600-5800 m,3900.0,
2019.0,5600-5800 m,4100.0,
2019.0,5600-5800 m,4300.0,
2019.0,5600-5800 m,4500.0,
2019.0,5600-5800 m,4700.0,
2019.0,5600-5800 m,4900.0,
2019.0,5600-5800 m,5100.0,
2019.0,5600-5800 m,5300.0,
2019.0,5600-5800 m,5500.0,
2019.0,5600-5800 m,5700.0,-9.950911144244296
2019.0,5600-5800 m,5900.0,
2019.0,5600-5800 m,6100.0,
2019.0,5600-5800 m,6300.0,
2019.0,5600-5800 m,7100.0,
2019.0,5800-6000 m,3500.0,
2019.0,5800-6000 m,3700.0,
2019.0,5800-6000 m,3900.0,
2019.0,5800-6000 m,4100.0,
2019.0,5800-6000 m,4300.0,
2019.0,5800-6000 m,4500.0,
2019.0,5800-6000 m,4700.0,
2019.0,5800-6000 m,4900.0,
2019.0,5800-6000 m,5100.0,
2019.0,5800-6000 m,5300.0,
2019.0,5800-6000 m,5500.0,
2019.0,5800-6000 m,5700.0,
2019.0,5800-6000 m,5900.0,-48.07539734275403
2019.0,5800-6000 m,6100.0,
2019.0,5800-6000 m,6300.0,
2019.0,5800-6000 m,7100.0,
2019.0,6000-6200 m,3500.0,
2019.0,6000-6200 m,3700.0,
2019.0,6000-6200 m,3900.0,
2019.0,6000-6200 m,4100.0,
2019.0,6000-6200 m,4300.0,
2019.0,6000-6200 m,4500.0,
2019.0,6000-6200 m,4700.0,
2019.0,6000-6200 m,4900.0,
2019.0,6000-6200 m,5100.0,
2019.0,6000-6200 m,5300.0,
2019.0,6000-6200 m,5500.0,
2019.0,6000-6200 m,5700.0,
2019.0,6000-6200 m,5900.0,
2019.0,6000-6200 m,6100.0,16.06042543678571
2019.0,6000-6200 m,6300.0,
2019.0,6000-6200 m,7100.0,
2019.0,6200-6400 m,3500.0,
2019.0,6200-6400 m,3700.0,
2019.0,6200-6400 m,3900.0,
2019.0,6200-6400 m,4100.0,
2019.0,6200-6400 m,4300.0,
2019.0,6200-6400 m,4500.0,
2019.0,6200-6400 m,4700.0,
2019.0,6200-6400 m,4900.0,
2019.0,6200-6400 m,5100.0,
2019.0,6200-6400 m,5300.0,
2019.0,6200-6400 m,5500.0,
2019.0,6200-6400 m,5700.0,
2019.0,6200-6400 m,5900.0,
2019.0,6200-6400 m,6100.0,
2019.0,6200-6400 m,6300.0,47.17759541611111
2019.0,6200-6400 m,7100.0,
2019.0,6400-6600 m,3500.0,
2019.0,6400-6600 m,3700.0,
2019.0,6400-6600 m,3900.0,
2019.0,6400-6600 m,4100.0,
2019.0,6400-6600 m,4300.0,
2019.0,6400-6600 m,4500.0,
2019.0,6400-6600 m,4700.0,
2019.0,6400-6600 m,4900.0,
2019.0,6400-6600 m,5100.0,
2019.0,6400-6600 m,5300.0,
2019.0,6400-6600 m,5500.0,
2019.0,6400-6600 m,5700.0,
2019.0,6400-6600 m,5900.0,
2019.0,6400-6600 m,6100.0,
2019.0,6400-6600 m,6300.0,
2019.0,6400-6600 m,7100.0,
2019.0,6600-6800 m,3500.0,
2019.0,6600-6800 m,3700.0,
2019.0,6600-6800 m,3900.0,
2019.0,6600-6800 m,4100.0,
2019.0,6600-6800 m,4300.0,
2019.0,6600-6800 m,4500.0,
2019.0,6600-6800 m,4700.0,
2019.0,6600-6800 m,4900.0,
2019.0,6600-6800 m,5100.0,
2019.0,6600-6800 m,5300.0,
2019.0,6600-6800 m,5500.0,
2019.0,6600-6800 m,5700.0,
2019.0,6600-6800 m,5900.0,
2019.0,6600-6800 m,6100.0,
2019.0,6600-6800 m,6300.0,
2019.0,6600-6800 m,7100.0,
2019.0,6800-7000 m,3500.0,
2019.0,6800-7000 m,3700.0,
2019.0,6800-7000 m,3900.0,
2019.0,6800-7000 m,4100.0,
2019.0,6800-7000 m,4300.0,
2019.0,6800-7000 m,4500.0,
2019.0,6800-7000 m,4700.0,
2019.0,6800-7000 m,4900.0,
2019.0,6800-7000 m,5100.0,
2019.0,6800-7000 m,5300.0,
2019.0,6800-7000 m,5500.0,
2019.0,6800-7000 m,5700.0,
2019.0,6800-7000 m,5900.0,
2019.0,6800-7000 m,6100.0,
2019.0,6800-7000 m,6300.0,
2019.0,6800-7000 m,7100.0,
2019.0,7000-7200 m,3500.0,
2019.0,7000-7200 m,3700.0,
2019.0,7000-7200 m,3900.0,
2019.0,7000-7200 m,4100.0,
2019.0,7000-7200 m,4300.0,
2019.0,7000-7200 m,4500.0,
2019.0,7000-7200 m,4700.0,
2019.0,7000-7200 m,4900.0,
2019.0,7000-7200 m,5100.0,
2019.0,7000-7200 m,5300.0,
2019.0,7000-7200 m,5500.0,
2019.0,7000-7200 m,5700.0,
2019.0,7000-7200 m,5900.0,
2019.0,7000-7200 m,6100.0,
2019.0,7000-7200 m,6300.0,
2019.0,7000-7200 m,7100.0,-135.19636719999997
2019.0,7200-7400 m,3500.0,
2019.0,7200-7400 m,3700.0,
2019.0,7200-7400 m,3900.0,
2019.0,7200-7400 m,4100.0,
2019.0,7200-7400 m,4300.0,
2019.0,7200-7400 m,4500.0,
2019.0,7200-7400 m,4700.0,
2019.0,7200-7400 m,4900.0,
2019.0,7200-7400 m,5100.0,
2019.0,7200-7400 m,5300.0,
2019.0,7200-7400 m,5500.0,
2019.0,7200-7400 m,5700.0,
2019.0,7200-7400 m,5900.0,
2019.0,7200-7400 m,6100.0,
2019.0,7200-7400 m,6300.0,
2019.0,7200-7400 m,7100.0,
