RGI_ID,Year,Specific_MB
RGI60-13.44970,1901,-109.33780140258091
RGI60-13.44970,1902,-315.44989517414064
RGI60-13.44970,1903,152.52982646111468
RGI60-13.44970,1904,-1043.7426869200021
RGI60-13.44970,1905,-723.59295207477
RGI60-13.44970,1906,-1094.2550731661865
RGI60-13.44970,1907,-133.7499474980473
RGI60-13.44970,1908,-497.0408885232726
RGI60-13.44970,1909,-1323.453957001534
RGI60-13.44970,1910,-895.684799046827
RGI60-13.44970,1911,-39.49810871699253
RGI60-13.44970,1912,-309.08392784826304
RGI60-13.44970,1913,21.21466308401433
RGI60-13.44970,1914,-506.2389483318944
RGI60-13.44970,1915,-1421.604210528861
RGI60-13.44970,1916,-1043.9948656734455
RGI60-13.44970,1917,-917.5682816043109
RGI60-13.44970,1918,-1135.1598819735416
RGI60-13.44970,1919,348.3661368052083
RGI60-13.44970,1920,-581.6668777093269
RGI60-13.44970,1921,-463.61821185421684
RGI60-13.44970,1922,-1064.971617399744
RGI60-13.44970,1923,-1172.0143283707573
RGI60-13.44970,1924,-988.5359194935086
RGI60-13.44970,1925,120.91420821368338
RGI60-13.44970,1926,-47.951245995009245
RGI60-13.44970,1927,-493.1181923300628
RGI60-13.44970,1928,-177.60090213453884
RGI60-13.44970,1929,-180.57109332175997
RGI60-13.44970,1930,465.4361329787095
RGI60-13.44970,1931,-632.8385498409646
RGI60-13.44970,1932,-12.419218283360646
RGI60-13.44970,1933,-1063.3345615324183
RGI60-13.44970,1934,-98.3955788984725
RGI60-13.44970,1935,-1192.615047783325
RGI60-13.44970,1936,-195.00722115215993
RGI60-13.44970,1937,56.452725644869986
RGI60-13.44970,1938,-63.164028756234266
RGI60-13.44970,1939,-546.7403024800769
RGI60-13.44970,1940,-840.14303968066
RGI60-13.44970,1941,-485.1377827184606
RGI60-13.44970,1942,831.0276387454655
RGI60-13.44970,1943,-1286.7289826275187
RGI60-13.44970,1944,-1243.2466800668908
RGI60-13.44970,1945,-1614.1146574389766
RGI60-13.44970,1946,313.4395807059328
RGI60-13.44970,1947,-210.45629069004315
RGI60-13.44970,1948,-1074.5150828939873
RGI60-13.44970,1949,-375.61273861056907
RGI60-13.44970,1950,-1109.6104969489418
RGI60-13.44970,1951,-797.3123315609384
RGI60-13.44970,1952,-494.624692163755
RGI60-13.44970,1953,-606.0632477706831
RGI60-13.44970,1954,141.67558448476106
RGI60-13.44970,1955,-904.9349119575235
RGI60-13.44970,1956,-257.4492164969776
RGI60-13.44970,1957,-675.4409994406316
RGI60-13.44970,1958,438.5064112991526
RGI60-13.44970,1959,62.361386224152966
RGI60-13.44970,1960,31.879688962377397
RGI60-13.44970,1961,-194.36681408842446
RGI60-13.44970,1962,-1453.2581583510196
RGI60-13.44970,1963,-604.549140515826
RGI60-13.44970,1964,-597.2217165325884
RGI60-13.44970,1965,-1212.8019024532125
RGI60-13.44970,1966,-932.8504387887442
RGI60-13.44970,1967,-480.7126008035012
RGI60-13.44970,1968,-1021.0289359542452
RGI60-13.44970,1969,-65.89583825666573
RGI60-13.44970,1970,-475.2651098445631
RGI60-13.44970,1971,-341.01579384967386
RGI60-13.44970,1972,-125.44274732692315
RGI60-13.44970,1973,-986.1746409133516
RGI60-13.44970,1974,-1550.7485732116731
RGI60-13.44970,1975,-847.5775689575262
RGI60-13.44970,1976,-230.0512786263653
RGI60-13.44970,1977,-1245.973840895032
RGI60-13.44970,1978,-411.9900475681099
RGI60-13.44970,1979,180.32837847539457
RGI60-13.44970,1980,-518.3221297248544
RGI60-13.44970,1981,-616.0147228595324
RGI60-13.44970,1982,-440.18154357883304
RGI60-13.44970,1983,-514.0209857939665
RGI60-13.44970,1984,-126.56175451890437
RGI60-13.44970,1985,-571.1725173672279
RGI60-13.44970,1986,-451.20777861992286
RGI60-13.44970,1987,-563.3424870058723
RGI60-13.44970,1988,153.0447754888852
RGI60-13.44970,1989,-20.74501465671926
RGI60-13.44970,1990,-638.3064098758273
RGI60-13.44970,1991,-979.1391331970079
RGI60-13.44970,1992,123.1892005595346
RGI60-13.44970,1993,305.1086748279886
RGI60-13.44970,1994,-397.2479263233693
RGI60-13.44970,1995,-828.1617840098321
RGI60-13.44970,1996,-443.55439961657623
RGI60-13.44970,1997,-1023.9656915043902
RGI60-13.44970,1998,-1105.6755764467528
RGI60-13.44970,1999,-833.068023507603
RGI60-13.44970,2000,-724.7115294857261
RGI60-13.44970,2001,-1463.9758612450507
RGI60-13.44970,2002,-1137.595256714879
RGI60-13.44970,2003,-238.508390446657
RGI60-13.44970,2004,-896.8014635742321
RGI60-13.44970,2005,-1055.9786487343422
RGI60-13.44970,2006,-1230.058967678464
RGI60-13.44970,2007,-1073.9219950355612
RGI60-13.44970,2008,-1670.6658557524065
RGI60-13.44970,2009,-335.4020110236846
RGI60-13.44970,2010,-998.7058736780115
RGI60-13.44970,2011,-1298.1154493467993
RGI60-13.44970,2012,-1306.8156679738431
RGI60-13.44970,2013,-582.3742867552697
RGI60-13.44970,2014,-636.0852808854634
RGI60-13.44970,2015,-698.8525151646177
RGI60-13.44970,2016,-1311.5130986151892
RGI60-13.44970,2017,-1200.2751512937887
RGI60-13.44970,2018,-1085.952851178208
RGI60-13.44970,2019,-847.6898454178446
RGI60-13.45264,1901,112.28021236387876
RGI60-13.45264,1902,188.17873750507863
RGI60-13.45264,1903,365.6836432579225
RGI60-13.45264,1904,-929.1330638668062
RGI60-13.45264,1905,-608.673306239801
RGI60-13.45264,1906,-1052.1467000246055
RGI60-13.45264,1907,242.44082026389557
RGI60-13.45264,1908,-183.50096893830062
RGI60-13.45264,1909,-1220.1819661018244
RGI60-13.45264,1910,-740.502572334443
RGI60-13.45264,1911,342.89556213036883
RGI60-13.45264,1912,-209.54140557365722
RGI60-13.45264,1913,295.95384660602366
RGI60-13.45264,1914,-182.57319360916398
RGI60-13.45264,1915,-1262.0193722809965
RGI60-13.45264,1916,-856.7985464799434
RGI60-13.45264,1917,-771.4509717201038
RGI60-13.45264,1918,-864.6384516435954
RGI60-13.45264,1919,961.4226792134878
RGI60-13.45264,1920,-208.91532078063247
RGI60-13.45264,1921,-177.76781015821305
RGI60-13.45264,1922,-960.4802200265103
RGI60-13.45264,1923,-831.1710932856417
RGI60-13.45264,1924,-708.431167281392
RGI60-13.45264,1925,482.3804205705088
RGI60-13.45264,1926,242.16626598157185
RGI60-13.45264,1927,-85.99376418210979
RGI60-13.45264,1928,189.5199880554965
RGI60-13.45264,1929,185.3519883276787
RGI60-13.45264,1930,841.3162487433083
RGI60-13.45264,1931,-130.2840628580259
RGI60-13.45264,1932,158.65240966747984
RGI60-13.45264,1933,-773.4396514987023
RGI60-13.45264,1934,65.53608674207118
RGI60-13.45264,1935,-841.2135254624602
RGI60-13.45264,1936,-34.63020637648351
RGI60-13.45264,1937,302.4424741030764
RGI60-13.45264,1938,271.7036438213883
RGI60-13.45264,1939,-183.2868481134828
RGI60-13.45264,1940,-400.5875489295816
RGI60-13.45264,1941,-77.42607049259797
RGI60-13.45264,1942,1872.2730481668177
RGI60-13.45264,1943,-987.7900787758638
RGI60-13.45264,1944,-925.1689072340494
RGI60-13.45264,1945,-1310.7756208723395
RGI60-13.45264,1946,647.2610294258559
RGI60-13.45264,1947,-49.254083947838296
RGI60-13.45264,1948,-765.5098588407496
RGI60-13.45264,1949,112.36133131031707
RGI60-13.45264,1950,-916.2528322678419
RGI60-13.45264,1951,-537.5677334967123
RGI60-13.45264,1952,-25.424851976891013
RGI60-13.45264,1953,73.03862519251142
RGI60-13.45264,1954,393.892577257215
RGI60-13.45264,1955,-448.2438327827636
RGI60-13.45264,1956,122.17595878094515
RGI60-13.45264,1957,-347.67377089651023
RGI60-13.45264,1958,962.5720570596951
RGI60-13.45264,1959,562.2481649353958
RGI60-13.45264,1960,389.668567192802
RGI60-13.45264,1961,12.233038821959711
RGI60-13.45264,1962,-1148.609576745372
RGI60-13.45264,1963,-359.25606153656486
RGI60-13.45264,1964,-205.44552103434376
RGI60-13.45264,1965,-963.2614713939042
RGI60-13.45264,1966,-532.672639380649
RGI60-13.45264,1967,-346.0692204497236
RGI60-13.45264,1968,-778.2731546087709
RGI60-13.45264,1969,63.80153643817467
RGI60-13.45264,1970,-185.14620096412128
RGI60-13.45264,1971,-56.556635680528494
RGI60-13.45264,1972,83.56930066814424
RGI60-13.45264,1973,-641.9231777101688
RGI60-13.45264,1974,-1364.5930139128036
RGI60-13.45264,1975,-564.7193639256799
RGI60-13.45264,1976,177.20933184420775
RGI60-13.45264,1977,-883.4972859195749
RGI60-13.45264,1978,-53.29710741814557
RGI60-13.45264,1979,645.9866502735996
RGI60-13.45264,1980,-71.17774284110041
RGI60-13.45264,1981,-208.96498105739323
RGI60-13.45264,1982,-159.5899402596277
RGI60-13.45264,1983,-2.1036256372950803
RGI60-13.45264,1984,437.9350875269613
RGI60-13.45264,1985,-75.6545741827939
RGI60-13.45264,1986,2.7360618177844453
RGI60-13.45264,1987,123.30322985197562
RGI60-13.45264,1988,634.8359400103864
RGI60-13.45264,1989,333.9493428753813
RGI60-13.45264,1990,-162.49745479561213
RGI60-13.45264,1991,-652.0989170558996
RGI60-13.45264,1992,541.8001206295631
RGI60-13.45264,1993,601.7572186233986
RGI60-13.45264,1994,31.685731943076707
RGI60-13.45264,1995,-452.7005679917563
RGI60-13.45264,1996,58.996054022489595
RGI60-13.45264,1997,-746.9857716733252
RGI60-13.45264,1998,-431.38776987582037
RGI60-13.45264,1999,-423.7800238970342
RGI60-13.45264,2000,-158.12018719943023
RGI60-13.45264,2001,-958.4884770151451
RGI60-13.45264,2002,-561.2694219746478
RGI60-13.45264,2003,188.16732463885054
RGI60-13.45264,2004,-376.10545909950514
RGI60-13.45264,2005,-596.3904419120387
RGI60-13.45264,2006,-700.7587997987011
RGI60-13.45264,2007,-509.6204344254749
RGI60-13.45264,2008,-1212.5714610045547
RGI60-13.45264,2009,204.76546866831293
RGI60-13.45264,2010,-493.24510027963254
RGI60-13.45264,2011,-785.3624837686323
RGI60-13.45264,2012,-713.8631900176974
RGI60-13.45264,2013,-167.88506673723256
RGI60-13.45264,2014,-221.3614441133608
RGI60-13.45264,2015,-93.31970287541911
RGI60-13.45264,2016,-738.3540571306545
RGI60-13.45264,2017,-590.7481056822463
RGI60-13.45264,2018,-425.73797382276183
RGI60-13.45264,2019,-371.73098645003347
RGI60-13.45286,1901,713.6630123574713
RGI60-13.45286,1902,756.473613177702
RGI60-13.45286,1903,942.0162446835251
RGI60-13.45286,1904,-89.44938639556611
RGI60-13.45286,1905,169.96432586036633
RGI60-13.45286,1906,-78.70880771803516
RGI60-13.45286,1907,675.9401003677583
RGI60-13.45286,1908,339.7705780238715
RGI60-13.45286,1909,-403.3592891414292
RGI60-13.45286,1910,-0.9889361909140311
RGI60-13.45286,1911,855.6340261738452
RGI60-13.45286,1912,448.8230060574139
RGI60-13.45286,1913,839.1967098452759
RGI60-13.45286,1914,373.1737261814018
RGI60-13.45286,1915,-431.9749629784421
RGI60-13.45286,1916,-89.35230990773714
RGI60-13.45286,1917,-48.926292579296245
RGI60-13.45286,1918,-206.41656321684053
RGI60-13.45286,1919,1161.5841725031564
RGI60-13.45286,1920,462.08515935466227
RGI60-13.45286,1921,371.9908436894195
RGI60-13.45286,1922,-186.768230256225
RGI60-13.45286,1923,-264.75764197418147
RGI60-13.45286,1924,-299.7634424400009
RGI60-13.45286,1925,783.1602277823542
RGI60-13.45286,1926,695.1142199133795
RGI60-13.45286,1927,198.0696599729462
RGI60-13.45286,1928,707.8787853017888
RGI60-13.45286,1929,596.033700253632
RGI60-13.45286,1930,1185.8754075669701
RGI60-13.45286,1931,375.0563942393002
RGI60-13.45286,1932,466.76823733769044
RGI60-13.45286,1933,-230.18179648429222
RGI60-13.45286,1934,811.628604563915
RGI60-13.45286,1935,-172.9668035780581
RGI60-13.45286,1936,460.59636557196717
RGI60-13.45286,1937,644.4814867360881
RGI60-13.45286,1938,611.7825436882131
RGI60-13.45286,1939,358.20050717955627
RGI60-13.45286,1940,169.5481790142344
RGI60-13.45286,1941,611.0431751708549
RGI60-13.45286,1942,1966.0253767614508
RGI60-13.45286,1943,-555.3397924959164
RGI60-13.45286,1944,-283.40544434337306
RGI60-13.45286,1945,-567.9731219380378
RGI60-13.45286,1946,902.8551713324888
RGI60-13.45286,1947,472.4475478349919
RGI60-13.45286,1948,-324.45170261503216
RGI60-13.45286,1949,530.6142390602045
RGI60-13.45286,1950,-240.67976018128326
RGI60-13.45286,1951,176.9166264119521
RGI60-13.45286,1952,207.7571050667588
RGI60-13.45286,1953,438.21913944133564
RGI60-13.45286,1954,835.7149873624212
RGI60-13.45286,1955,158.51443480261798
RGI60-13.45286,1956,295.3657227018693
RGI60-13.45286,1957,299.9599855524705
RGI60-13.45286,1958,950.2050632839524
RGI60-13.45286,1959,976.3986317651834
RGI60-13.45286,1960,652.1250924810961
RGI60-13.45286,1961,588.9331115427954
RGI60-13.45286,1962,-475.91570403335254
RGI60-13.45286,1963,293.96064816968874
RGI60-13.45286,1964,284.3380498904571
RGI60-13.45286,1965,-238.72901987937263
RGI60-13.45286,1966,179.82795095765516
RGI60-13.45286,1967,343.4510589904719
RGI60-13.45286,1968,-106.52522663893302
RGI60-13.45286,1969,591.5519310210013
RGI60-13.45286,1970,421.56498306932946
RGI60-13.45286,1971,660.2727646197008
RGI60-13.45286,1972,738.2935221951898
RGI60-13.45286,1973,-112.36655325583874
RGI60-13.45286,1974,-519.87689973844
RGI60-13.45286,1975,-19.221125404590584
RGI60-13.45286,1976,655.7662750996044
RGI60-13.45286,1977,-202.09356355184062
RGI60-13.45286,1978,349.34886601096326
RGI60-13.45286,1979,923.4842863812643
RGI60-13.45286,1980,171.79660073285115
RGI60-13.45286,1981,282.7250158038361
RGI60-13.45286,1982,545.9379347496497
RGI60-13.45286,1983,146.7884053749859
RGI60-13.45286,1984,574.0132835384027
RGI60-13.45286,1985,72.8331192421163
RGI60-13.45286,1986,199.87868045889132
RGI60-13.45286,1987,93.46266496085467
RGI60-13.45286,1988,953.206863846771
RGI60-13.45286,1989,714.6548846491206
RGI60-13.45286,1990,324.77983237606526
RGI60-13.45286,1991,42.58105415530447
RGI60-13.45286,1992,918.9664214235357
RGI60-13.45286,1993,1003.0667704720926
RGI60-13.45286,1994,559.1205886122935
RGI60-13.45286,1995,112.47850208809811
RGI60-13.45286,1996,493.95723242850846
RGI60-13.45286,1997,-31.647189703489644
RGI60-13.45286,1998,4.941297353140185
RGI60-13.45286,1999,200.85983985671805
RGI60-13.45286,2000,6.127354246231765
RGI60-13.45286,2001,-465.1324255290772
RGI60-13.45286,2002,-10.859979424170058
RGI60-13.45286,2003,792.0611941426157
RGI60-13.45286,2004,120.10034879392775
RGI60-13.45286,2005,16.288992423454747
RGI60-13.45286,2006,-249.6145594948163
RGI60-13.45286,2007,18.080787183312538
RGI60-13.45286,2008,-612.0422070098687
RGI60-13.45286,2009,499.97952094815315
RGI60-13.45286,2010,4.794139751377457
RGI60-13.45286,2011,-313.126939852931
RGI60-13.45286,2012,-311.2017287164812
RGI60-13.45286,2013,365.02910213368614
RGI60-13.45286,2014,326.40477898209355
RGI60-13.45286,2015,349.5434228132763
RGI60-13.45286,2016,-68.89471450176603
RGI60-13.45286,2017,-152.34859994261706
RGI60-13.45286,2018,-76.38058289022412
RGI60-13.45286,2019,79.1920959438189
RGI60-13.45287,1901,-110.14485199054107
RGI60-13.45287,1902,-304.51201989099417
RGI60-13.45287,1903,94.54533476497254
RGI60-13.45287,1904,-1096.1524539436139
RGI60-13.45287,1905,-770.4275762351948
RGI60-13.45287,1906,-1149.5122368502593
RGI60-13.45287,1907,-98.45507713031975
RGI60-13.45287,1908,-482.43335353168135
RGI60-13.45287,1909,-1304.0047328980006
RGI60-13.45287,1910,-904.2243562839254
RGI60-13.45287,1911,-109.41608860057285
RGI60-13.45287,1912,-405.6635673443603
RGI60-13.45287,1913,-45.823418234529626
RGI60-13.45287,1914,-538.3971278419762
RGI60-13.45287,1915,-1404.8005668473265
RGI60-13.45287,1916,-1071.1410213145236
RGI60-13.45287,1917,-963.0954682727014
RGI60-13.45287,1918,-1085.815089994319
RGI60-13.45287,1919,389.10584732400326
RGI60-13.45287,1920,-585.7824703495825
RGI60-13.45287,1921,-428.91198256303346
RGI60-13.45287,1922,-1092.637289604768
RGI60-13.45287,1923,-1099.508770834263
RGI60-13.45287,1924,-917.1470836691375
RGI60-13.45287,1925,96.21806194329204
RGI60-13.45287,1926,-101.84151396277198
RGI60-13.45287,1927,-405.6727318899814
RGI60-13.45287,1928,-188.8619130005163
RGI60-13.45287,1929,-238.4558121330951
RGI60-13.45287,1930,453.7266441858675
RGI60-13.45287,1931,-619.5414887619123
RGI60-13.45287,1932,32.04709055378007
RGI60-13.45287,1933,-1012.9506862861982
RGI60-13.45287,1934,-214.37362645240677
RGI60-13.45287,1935,-1162.8507098174637
RGI60-13.45287,1936,-242.03397135547308
RGI60-13.45287,1937,32.179662612192445
RGI60-13.45287,1938,-72.28868949001274
RGI60-13.45287,1939,-509.70520051690136
RGI60-13.45287,1940,-833.9907170298984
RGI60-13.45287,1941,-484.9926281571595
RGI60-13.45287,1942,847.1911723895839
RGI60-13.45287,1943,-1199.8757328239567
RGI60-13.45287,1944,-1211.4403978312391
RGI60-13.45287,1945,-1561.3581805869132
RGI60-13.45287,1946,337.6462730686997
RGI60-13.45287,1947,-251.70049939440582
RGI60-13.45287,1948,-1002.69991703118
RGI60-13.45287,1949,-357.34610913559743
RGI60-13.45287,1950,-1077.714940413568
RGI60-13.45287,1951,-845.5839590188941
RGI60-13.45287,1952,-412.7274215069574
RGI60-13.45287,1953,-637.1753961483844
RGI60-13.45287,1954,80.11022499111019
RGI60-13.45287,1955,-877.3896277091286
RGI60-13.45287,1956,-165.76539511747222
RGI60-13.45287,1957,-700.8825641857546
RGI60-13.45287,1958,435.7000236589315
RGI60-13.45287,1959,-86.21849157955167
RGI60-13.45287,1960,-12.441193595615804
RGI60-13.45287,1961,-267.54187676416797
RGI60-13.45287,1962,-1387.1197246491274
RGI60-13.45287,1963,-649.7394276380392
RGI60-13.45287,1964,-606.7169888710008
RGI60-13.45287,1965,-1217.9809808526404
RGI60-13.45287,1966,-925.9241817909437
RGI60-13.45287,1967,-529.3284484485639
RGI60-13.45287,1968,-1031.6898609858204
RGI60-13.45287,1969,-70.34672443812458
RGI60-13.45287,1970,-553.8231782355472
RGI60-13.45287,1971,-416.118957747607
RGI60-13.45287,1972,-251.9094885077222
RGI60-13.45287,1973,-969.7563473105233
RGI60-13.45287,1974,-1506.7679211287088
RGI60-13.45287,1975,-815.7570356742494
RGI60-13.45287,1976,-292.5591429322478
RGI60-13.45287,1977,-1224.1830200860722
RGI60-13.45287,1978,-424.28727033246815
RGI60-13.45287,1979,160.5772817129235
RGI60-13.45287,1980,-470.66805867833483
RGI60-13.45287,1981,-647.2223230960577
RGI60-13.45287,1982,-505.7181792087463
RGI60-13.45287,1983,-440.90017352559914
RGI60-13.45287,1984,-120.03409611125946
RGI60-13.45287,1985,-543.0880083885883
RGI60-13.45287,1986,-362.90605180211367
RGI60-13.45287,1987,-424.97609423989115
RGI60-13.45287,1988,95.91369701573622
RGI60-13.45287,1989,-3.9755331032785786
RGI60-13.45287,1990,-675.6060907854654
RGI60-13.45287,1991,-1019.7717699389594
RGI60-13.45287,1992,27.401085578776154
RGI60-13.45287,1993,209.1773316352787
RGI60-13.45287,1994,-371.3884908652407
RGI60-13.45287,1995,-826.1243710291334
RGI60-13.45287,1996,-458.57071052597996
RGI60-13.45287,1997,-1025.997327943134
RGI60-13.45287,1998,-1026.7523708163471
RGI60-13.45287,1999,-785.2497379913168
RGI60-13.45287,2000,-561.4872706487567
RGI60-13.45287,2001,-1356.9661484351218
RGI60-13.45287,2002,-1078.2970819347179
RGI60-13.45287,2003,-353.73270200483006
RGI60-13.45287,2004,-896.1662756596943
RGI60-13.45287,2005,-1066.2094248780227
RGI60-13.45287,2006,-1166.3648460242746
RGI60-13.45287,2007,-1035.7208297531229
RGI60-13.45287,2008,-1582.949779510094
RGI60-13.45287,2009,-325.16717426489106
RGI60-13.45287,2010,-959.3254138468078
RGI60-13.45287,2011,-1210.8889915118382
RGI60-13.45287,2012,-1202.6891277233149
RGI60-13.45287,2013,-580.1409895677732
RGI60-13.45287,2014,-600.674960845685
RGI60-13.45287,2015,-618.6357259057903
RGI60-13.45287,2016,-1278.8930484357004
RGI60-13.45287,2017,-1116.7893547033327
RGI60-13.45287,2018,-973.1703781702075
RGI60-13.45287,2019,-743.7304761760313
RGI60-13.45288,1901,-427.04286340761627
RGI60-13.45288,1902,-519.9233806575057
RGI60-13.45288,1903,-107.28843160468318
RGI60-13.45288,1904,-1248.8235224373489
RGI60-13.45288,1905,-959.6277495715551
RGI60-13.45288,1906,-1332.9903023215688
RGI60-13.45288,1907,-387.206729946828
RGI60-13.45288,1908,-682.500234566368
RGI60-13.45288,1909,-1601.8455965820988
RGI60-13.45288,1910,-1112.7976857562046
RGI60-13.45288,1911,-200.09096993797638
RGI60-13.45288,1912,-495.7217403677951
RGI60-13.45288,1913,-163.85933944215145
RGI60-13.45288,1914,-636.631906745317
RGI60-13.45288,1915,-1599.1768513167513
RGI60-13.45288,1916,-1178.509292680149
RGI60-13.45288,1917,-1042.3150158706032
RGI60-13.45288,1918,-1326.86862656259
RGI60-13.45288,1919,200.66898638646836
RGI60-13.45288,1920,-772.3958625179944
RGI60-13.45288,1921,-721.998973316519
RGI60-13.45288,1922,-1242.6579731397796
RGI60-13.45288,1923,-1340.7769704505567
RGI60-13.45288,1924,-1146.1641404850568
RGI60-13.45288,1925,27.41434759644929
RGI60-13.45288,1926,-177.27508275466909
RGI60-13.45288,1927,-619.1146300575047
RGI60-13.45288,1928,-374.05171578202834
RGI60-13.45288,1929,-269.5551746753784
RGI60-13.45288,1930,206.71335240491615
RGI60-13.45288,1931,-719.4911591022154
RGI60-13.45288,1932,-259.4517313964279
RGI60-13.45288,1933,-1195.418651142734
RGI60-13.45288,1934,-325.29835347583474
RGI60-13.45288,1935,-1306.7075818936198
RGI60-13.45288,1936,-393.39124003879476
RGI60-13.45288,1937,-124.71276450054853
RGI60-13.45288,1938,-187.59776179730687
RGI60-13.45288,1939,-786.0010893139271
RGI60-13.45288,1940,-977.1345912713305
RGI60-13.45288,1941,-718.7308174213478
RGI60-13.45288,1942,752.5350350483683
RGI60-13.45288,1943,-1374.9412741526057
RGI60-13.45288,1944,-1365.4123685559264
RGI60-13.45288,1945,-1792.4454416806532
RGI60-13.45288,1946,82.87823957399993
RGI60-13.45288,1947,-400.42073664045904
RGI60-13.45288,1948,-1224.45312758078
RGI60-13.45288,1949,-543.8208737312085
RGI60-13.45288,1950,-1336.232486472377
RGI60-13.45288,1951,-988.9577080172622
RGI60-13.45288,1952,-559.6733437984395
RGI60-13.45288,1953,-597.9007800761892
RGI60-13.45288,1954,5.524573826474217
RGI60-13.45288,1955,-1026.6537295766339
RGI60-13.45288,1956,-425.73491628685963
RGI60-13.45288,1957,-810.3877586049282
RGI60-13.45288,1958,429.1389615162912
RGI60-13.45288,1959,79.97573426984363
RGI60-13.45288,1960,-10.511991871740287
RGI60-13.45288,1961,-366.79861345162044
RGI60-13.45288,1962,-1672.4549779347126
RGI60-13.45288,1963,-771.849513623959
RGI60-13.45288,1964,-714.2773558520284
RGI60-13.45288,1965,-1382.3661271706364
RGI60-13.45288,1966,-1094.9913242939451
RGI60-13.45288,1967,-689.951901234874
RGI60-13.45288,1968,-1163.4688034769401
RGI60-13.45288,1969,-368.8813604891608
RGI60-13.45288,1970,-564.7064605853616
RGI60-13.45288,1971,-529.8581857170155
RGI60-13.45288,1972,-283.923981416698
RGI60-13.45288,1973,-1091.5742133908368
RGI60-13.45288,1974,-1838.3221553982698
RGI60-13.45288,1975,-1023.4740295921714
RGI60-13.45288,1976,-327.73080052802015
RGI60-13.45288,1977,-1375.0172938615583
RGI60-13.45288,1978,-533.1427661890153
RGI60-13.45288,1979,63.01485934390879
RGI60-13.45288,1980,-569.2779306307356
RGI60-13.45288,1981,-640.4541804007542
RGI60-13.45288,1982,-609.5433511678987
RGI60-13.45288,1983,-547.3850697068517
RGI60-13.45288,1984,-119.0148919951201
RGI60-13.45288,1985,-534.5595039207354
RGI60-13.45288,1986,-568.7833042321004
RGI60-13.45288,1987,-541.9847312839958
RGI60-13.45288,1988,81.16999735996782
RGI60-13.45288,1989,-186.9247515562044
RGI60-13.45288,1990,-630.9577727430981
RGI60-13.45288,1991,-1064.141667944158
RGI60-13.45288,1992,58.53906908048607
RGI60-13.45288,1993,156.11668663677958
RGI60-13.45288,1994,-582.9897060784059
RGI60-13.45288,1995,-890.7236363019962
RGI60-13.45288,1996,-479.8777495368322
RGI60-13.45288,1997,-1174.8036171783758
RGI60-13.45288,1998,-1077.8033556996684
RGI60-13.45288,1999,-1052.4458795382054
RGI60-13.45288,2000,-871.3828444421193
RGI60-13.45288,2001,-1523.3574015086836
RGI60-13.45288,2002,-1262.292428732859
RGI60-13.45288,2003,-311.72394615962776
RGI60-13.45288,2004,-939.2676960794525
RGI60-13.45288,2005,-1129.510379715235
RGI60-13.45288,2006,-1275.216033396385
RGI60-13.45288,2007,-1093.027317667708
RGI60-13.45288,2008,-1766.7309372735083
RGI60-13.45288,2009,-390.72428457569833
RGI60-13.45288,2010,-1091.8576316189271
RGI60-13.45288,2011,-1365.051272208773
RGI60-13.45288,2012,-1331.1636029662031
RGI60-13.45288,2013,-693.4407896150162
RGI60-13.45288,2014,-812.8569439939704
RGI60-13.45288,2015,-850.6128152190829
RGI60-13.45288,2016,-1349.3761324070283
RGI60-13.45288,2017,-1261.7919372266956
RGI60-13.45288,2018,-1117.6476149020486
RGI60-13.45288,2019,-1052.9679902909493
RGI60-13.45289,1901,63.35483101733992
RGI60-13.45289,1902,158.5809731701674
RGI60-13.45289,1903,297.83953878046975
RGI60-13.45289,1904,-976.9663049415304
RGI60-13.45289,1905,-664.6325683248136
RGI60-13.45289,1906,-1078.9038371733398
RGI60-13.45289,1907,195.75343346861152
RGI60-13.45289,1908,-214.94155378554947
RGI60-13.45289,1909,-1272.6163398449191
RGI60-13.45289,1910,-768.8271526913343
RGI60-13.45289,1911,268.0834004183206
RGI60-13.45289,1912,-282.54732776001475
RGI60-13.45289,1913,206.74525794928607
RGI60-13.45289,1914,-247.18370395095252
RGI60-13.45289,1915,-1272.7180879815055
RGI60-13.45289,1916,-889.4235462261003
RGI60-13.45289,1917,-826.2099022567036
RGI60-13.45289,1918,-885.8218094560044
RGI60-13.45289,1919,901.9849381218457
RGI60-13.45289,1920,-236.71177821006862
RGI60-13.45289,1921,-211.36330958733777
RGI60-13.45289,1922,-992.6354280074652
RGI60-13.45289,1923,-859.2025396523874
RGI60-13.45289,1924,-749.6251210253209
RGI60-13.45289,1925,432.68742722654906
RGI60-13.45289,1926,169.622373360643
RGI60-13.45289,1927,-109.56632320966993
RGI60-13.45289,1928,126.30419003372253
RGI60-13.45289,1929,106.92254208079187
RGI60-13.45289,1930,772.3264393105369
RGI60-13.45289,1931,-148.64368414979785
RGI60-13.45289,1932,103.584890079288
RGI60-13.45289,1933,-802.1565181260232
RGI60-13.45289,1934,-17.654545356896406
RGI60-13.45289,1935,-842.5734878251486
RGI60-13.45289,1936,-111.47157180797703
RGI60-13.45289,1937,224.34061349193146
RGI60-13.45289,1938,217.96814758582843
RGI60-13.45289,1939,-229.320865551085
RGI60-13.45289,1940,-455.52588380962914
RGI60-13.45289,1941,-87.7830748261218
RGI60-13.45289,1942,1815.7337280666682
RGI60-13.45289,1943,-1024.8334062716206
RGI60-13.45289,1944,-943.2643605185425
RGI60-13.45289,1945,-1342.305491267441
RGI60-13.45289,1946,582.7403504665467
RGI60-13.45289,1947,-114.95305758701338
RGI60-13.45289,1948,-808.3913172101315
RGI60-13.45289,1949,58.467658046585726
RGI60-13.45289,1950,-964.73097737119
RGI60-13.45289,1951,-620.2251572344964
RGI60-13.45289,1952,-45.84486025112224
RGI60-13.45289,1953,-19.86934293908984
RGI60-13.45289,1954,336.9082674315634
RGI60-13.45289,1955,-450.1197014947387
RGI60-13.45289,1956,94.06994936480825
RGI60-13.45289,1957,-384.9113610311637
RGI60-13.45289,1958,905.739202016782
RGI60-13.45289,1959,425.71103174328715
RGI60-13.45289,1960,321.9313941686854
RGI60-13.45289,1961,-61.84822765601822
RGI60-13.45289,1962,-1189.3208435051406
RGI60-13.45289,1963,-434.39723650885406
RGI60-13.45289,1964,-240.28673468359995
RGI60-13.45289,1965,-1028.2443784978614
RGI60-13.45289,1966,-567.6600497248212
RGI60-13.45289,1967,-411.86042168157604
RGI60-13.45289,1968,-818.4222636632405
RGI60-13.45289,1969,-2.0893976326253547
RGI60-13.45289,1970,-232.76034914911568
RGI60-13.45289,1971,-94.79050520740846
RGI60-13.45289,1972,-8.299979476370654
RGI60-13.45289,1973,-680.7426763020859
RGI60-13.45289,1974,-1404.4165382843667
RGI60-13.45289,1975,-613.781731090831
RGI60-13.45289,1976,104.95309306693521
RGI60-13.45289,1977,-916.3460355245851
RGI60-13.45289,1978,-134.9912526746526
RGI60-13.45289,1979,568.6681524211685
RGI60-13.45289,1980,-113.90226560887703
RGI60-13.45289,1981,-246.77048926118349
RGI60-13.45289,1982,-226.1784810486341
RGI60-13.45289,1983,-35.37614580042723
RGI60-13.45289,1984,356.50627108157005
RGI60-13.45289,1985,-120.30782513238589
RGI60-13.45289,1986,-37.97617617471127
RGI60-13.45289,1987,126.73807828989428
RGI60-13.45289,1988,540.1532450707418
RGI60-13.45289,1989,283.46244618494296
RGI60-13.45289,1990,-197.57586618467664
RGI60-13.45289,1991,-719.036940446568
RGI60-13.45289,1992,459.3756505379054
RGI60-13.45289,1993,498.3085116689272
RGI60-13.45289,1994,-1.5542787089854377
RGI60-13.45289,1995,-477.48896707711714
RGI60-13.45289,1996,29.262794729117093
RGI60-13.45289,1997,-794.3598215558857
RGI60-13.45289,1998,-408.85871640639795
RGI60-13.45289,1999,-457.0291421311222
RGI60-13.45289,2000,-198.5653641872504
RGI60-13.45289,2001,-969.0063145906541
RGI60-13.45289,2002,-598.1171003765542
RGI60-13.45289,2003,104.55516851518198
RGI60-13.45289,2004,-407.8257403556508
RGI60-13.45289,2005,-659.4580677833063
RGI60-13.45289,2006,-725.5054246693172
RGI60-13.45289,2007,-499.75037172593164
RGI60-13.45289,2008,-1251.2457229752365
RGI60-13.45289,2009,151.68264376569604
RGI60-13.45289,2010,-516.6654188521135
RGI60-13.45289,2011,-786.8125727663867
RGI60-13.45289,2012,-715.7772810462061
RGI60-13.45289,2013,-203.12717481003364
RGI60-13.45289,2014,-258.64700901649644
RGI60-13.45289,2015,-141.12185473437253
RGI60-13.45289,2016,-753.9991279066115
RGI60-13.45289,2017,-623.1673572946279
RGI60-13.45289,2018,-421.92864059280714
RGI60-13.45289,2019,-423.51726859732395
RGI60-13.45290,1901,183.6246634028831
RGI60-13.45290,1902,318.7982216858285
RGI60-13.45290,1903,333.17620035241083
RGI60-13.45290,1904,-802.7960912473172
RGI60-13.45290,1905,-543.1070826369665
RGI60-13.45290,1906,-914.0477997329298
RGI60-13.45290,1907,333.3910539497531
RGI60-13.45290,1908,-70.51154827134394
RGI60-13.45290,1909,-1041.3449985376426
RGI60-13.45290,1910,-601.3941731003697
RGI60-13.45290,1911,347.150492141473
RGI60-13.45290,1912,-231.06264342740587
RGI60-13.45290,1913,235.06369710932626
RGI60-13.45290,1914,-138.58655282449845
RGI60-13.45290,1915,-1035.8846701816963
RGI60-13.45290,1916,-724.6251846719375
RGI60-13.45290,1917,-706.9135985684583
RGI60-13.45290,1918,-650.837688874198
RGI60-13.45290,1919,957.6913480509818
RGI60-13.45290,1920,-62.99420959427927
RGI60-13.45290,1921,-40.904593237784326
RGI60-13.45290,1922,-817.7131396248578
RGI60-13.45290,1923,-599.8717146249151
RGI60-13.45290,1924,-535.3075592207452
RGI60-13.45290,1925,487.48124370891634
RGI60-13.45290,1926,201.23266372497164
RGI60-13.45290,1927,58.09628304180453
RGI60-13.45290,1928,242.35360668259267
RGI60-13.45290,1929,175.5172687905255
RGI60-13.45290,1930,831.8474599908252
RGI60-13.45290,1931,36.28083006281327
RGI60-13.45290,1932,184.00178588041553
RGI60-13.45290,1933,-593.6743642981208
RGI60-13.45290,1934,31.927976059136757
RGI60-13.45290,1935,-619.7878747057046
RGI60-13.45290,1936,-40.34509752663241
RGI60-13.45290,1937,278.99401675887634
RGI60-13.45290,1938,286.77024240802587
RGI60-13.45290,1939,-42.94679826101548
RGI60-13.45290,1940,-253.83624600126407
RGI60-13.45290,1941,100.70094582003756
RGI60-13.45290,1942,1916.7932877276764
RGI60-13.45290,1943,-792.5669016769034
RGI60-13.45290,1944,-703.5371133026551
RGI60-13.45290,1945,-1047.8261809044734
RGI60-13.45290,1946,643.6582712075125
RGI60-13.45290,1947,-38.10805429461954
RGI60-13.45290,1948,-573.2097798976843
RGI60-13.45290,1949,228.1153224862251
RGI60-13.45290,1950,-741.6594812700465
RGI60-13.45290,1951,-467.05649103854233
RGI60-13.45290,1952,110.53553711103439
RGI60-13.45290,1953,131.79121875488244
RGI60-13.45290,1954,354.61335729791824
RGI60-13.45290,1955,-231.68954955513587
RGI60-13.45290,1956,253.34383187598792
RGI60-13.45290,1957,-234.78829336511532
RGI60-13.45290,1958,924.0584320889305
RGI60-13.45290,1959,429.1380418186196
RGI60-13.45290,1960,359.9542302461692
RGI60-13.45290,1961,1.843676166498238
RGI60-13.45290,1962,-903.8616699331019
RGI60-13.45290,1963,-320.40498661013504
RGI60-13.45290,1964,-85.16388555737662
RGI60-13.45290,1965,-816.7038139969601
RGI60-13.45290,1966,-370.8395951477651
RGI60-13.45290,1967,-315.27581644479005
RGI60-13.45290,1968,-638.3821365465988
RGI60-13.45290,1969,78.53940400120527
RGI60-13.45290,1970,-133.07146145784324
RGI60-13.45290,1971,29.126154829717482
RGI60-13.45290,1972,20.750898929156197
RGI60-13.45290,1973,-484.194743235031
RGI60-13.45290,1974,-1106.7566325106927
RGI60-13.45290,1975,-439.23507265637176
RGI60-13.45290,1976,195.96260482375806
RGI60-13.45290,1977,-683.7575427122157
RGI60-13.45290,1978,-34.49285278107001
RGI60-13.45290,1979,629.3589678451759
RGI60-13.45290,1980,32.931284140781884
RGI60-13.45290,1981,-117.12258331013406
RGI60-13.45290,1982,-116.34730272315768
RGI60-13.45290,1983,123.52087552275259
RGI60-13.45290,1984,432.84844898740295
RGI60-13.45290,1985,11.929560494418055
RGI60-13.45290,1986,130.28765655208556
RGI60-13.45290,1987,332.12902392638944
RGI60-13.45290,1988,564.3286877948287
RGI60-13.45290,1989,365.5256370655042
RGI60-13.45290,1990,-65.01305745257471
RGI60-13.45290,1991,-559.2909043213257
RGI60-13.45290,1992,484.41286299452264
RGI60-13.45290,1993,495.4447387311315
RGI60-13.45290,1994,161.14824185359763
RGI60-13.45290,1995,-320.25584503737167
RGI60-13.45290,1996,151.80912632737235
RGI60-13.45290,1997,-615.2868604421036
RGI60-13.45290,1998,-186.24929880896755
RGI60-13.45290,1999,-249.4068374576387
RGI60-13.45290,2000,18.797986022552273
RGI60-13.45290,2001,-690.2958684685558
RGI60-13.45290,2002,-329.73795878474664
RGI60-13.45290,2003,170.28025818838927
RGI60-13.45290,2004,-210.42159539182683
RGI60-13.45290,2005,-471.9346488310053
RGI60-13.45290,2006,-466.83253059101617
RGI60-13.45290,2007,-290.7101158802221
RGI60-13.45290,2008,-943.5561094078057
RGI60-13.45290,2009,286.911551724684
RGI60-13.45290,2010,-280.0885940585273
RGI60-13.45290,2011,-519.3315654688964
RGI60-13.45290,2012,-445.59599125646236
RGI60-13.45290,2013,-56.18094626509166
RGI60-13.45290,2014,-67.87727013540963
RGI60-13.45290,2015,61.40137369291678
RGI60-13.45290,2016,-504.42972547666955
RGI60-13.45290,2017,-356.6344573006587
RGI60-13.45290,2018,-153.38052535248266
RGI60-13.45290,2019,-188.3832669591689
RGI60-13.45291,1901,153.43140935054112
RGI60-13.45291,1902,280.9870246913191
RGI60-13.45291,1903,388.3172323238258
RGI60-13.45291,1904,-713.9192892736685
RGI60-13.45291,1905,-448.9526363044551
RGI60-13.45291,1906,-779.6552454283751
RGI60-13.45291,1907,241.4667591113695
RGI60-13.45291,1908,-101.39007678555748
RGI60-13.45291,1909,-1037.1454171580738
RGI60-13.45291,1910,-561.1029221288617
RGI60-13.45291,1911,366.35219683862493
RGI60-13.45291,1912,-124.18079576598167
RGI60-13.45291,1913,324.93455153345445
RGI60-13.45291,1914,-101.71348882071216
RGI60-13.45291,1915,-1016.3165554894978
RGI60-13.45291,1916,-648.0904396306728
RGI60-13.45291,1917,-594.7678045785824
RGI60-13.45291,1918,-693.5654705230454
RGI60-13.45291,1919,866.7656293087869
RGI60-13.45291,1920,-59.80548092111547
RGI60-13.45291,1921,-108.05050841661668
RGI60-13.45291,1922,-765.1770769946564
RGI60-13.45291,1923,-708.0067169329782
RGI60-13.45291,1924,-638.046037276648
RGI60-13.45291,1925,456.6484260175941
RGI60-13.45291,1926,256.3581911255603
RGI60-13.45291,1927,-65.82250397875472
RGI60-13.45291,1928,222.3722155041234
RGI60-13.45291,1929,186.70385294245284
RGI60-13.45291,1930,751.3624036976819
RGI60-13.45291,1931,-7.229297340830589
RGI60-13.45291,1932,94.52203003803804
RGI60-13.45291,1933,-635.6145755429822
RGI60-13.45291,1934,155.2287855248286
RGI60-13.45291,1935,-626.2194357311087
RGI60-13.45291,1936,-28.864937971997993
RGI60-13.45291,1937,257.6406467648196
RGI60-13.45291,1938,251.08107482553632
RGI60-13.45291,1939,-123.73033807795417
RGI60-13.45291,1940,-275.9916509447396
RGI60-13.45291,1941,72.26718238713569
RGI60-13.45291,1942,1762.1981462765727
RGI60-13.45291,1943,-878.3147541569052
RGI60-13.45291,1944,-742.1775469142933
RGI60-13.45291,1945,-1103.4743552071025
RGI60-13.45291,1946,545.5980384072545
RGI60-13.45291,1947,-11.009518347411385
RGI60-13.45291,1948,-689.1546876168787
RGI60-13.45291,1949,137.1518816544129
RGI60-13.45291,1950,-798.2547805969278
RGI60-13.45291,1951,-436.41290096554775
RGI60-13.45291,1952,-1.1915477408436643
RGI60-13.45291,1953,59.921994785630325
RGI60-13.45291,1954,411.59114440123113
RGI60-13.45291,1955,-268.08801157755437
RGI60-13.45291,1956,64.48418142311013
RGI60-13.45291,1957,-201.1122328878445
RGI60-13.45291,1958,848.4771923294908
RGI60-13.45291,1959,515.4604065802445
RGI60-13.45291,1960,369.620091325988
RGI60-13.45291,1961,54.16724685371836
RGI60-13.45291,1962,-1000.0236022743271
RGI60-13.45291,1963,-254.96983846418175
RGI60-13.45291,1964,-103.57842686186363
RGI60-13.45291,1965,-794.1458271212091
RGI60-13.45291,1966,-363.31736012269283
RGI60-13.45291,1967,-261.5376686216916
RGI60-13.45291,1968,-617.4194799588352
RGI60-13.45291,1969,49.74841146023004
RGI60-13.45291,1970,-47.79743362855083
RGI60-13.45291,1971,72.06017323450146
RGI60-13.45291,1972,146.53625755263064
RGI60-13.45291,1973,-517.6419320215672
RGI60-13.45291,1974,-1169.3344383198844
RGI60-13.45291,1975,-480.68968199510977
RGI60-13.45291,1976,210.64485997463345
RGI60-13.45291,1977,-709.7944171255116
RGI60-13.45291,1978,-56.68257244729419
RGI60-13.45291,1979,598.3972114505535
RGI60-13.45291,1980,-57.40232986366254
RGI60-13.45291,1981,-76.24409016993177
RGI60-13.45291,1982,-48.97734927480493
RGI60-13.45291,1983,-3.5387738740286503
RGI60-13.45291,1984,400.70673488088914
RGI60-13.45291,1985,-59.35528097932511
RGI60-13.45291,1986,-29.04631219777906
RGI60-13.45291,1987,124.02897920219775
RGI60-13.45291,1988,600.3517851230512
RGI60-13.45291,1989,330.0815426960931
RGI60-13.45291,1990,-14.628951041609549
RGI60-13.45291,1991,-483.1521841497031
RGI60-13.45291,1992,543.1930646953175
RGI60-13.45291,1993,545.0786923022366
RGI60-13.45291,1994,106.40700722131734
RGI60-13.45291,1995,-295.4343518432447
RGI60-13.45291,1996,176.13458308121935
RGI60-13.45291,1997,-598.9919421078095
RGI60-13.45291,1998,-221.54949213859638
RGI60-13.45291,1999,-293.7108601669589
RGI60-13.45291,2000,-211.7552268303372
RGI60-13.45291,2001,-786.5365481047543
RGI60-13.45291,2002,-417.8976816469168
RGI60-13.45291,2003,321.1316645241791
RGI60-13.45291,2004,-243.72123279673232
RGI60-13.45291,2005,-444.5007433286039
RGI60-13.45291,2006,-564.4952108828614
RGI60-13.45291,2007,-298.1217256566899
RGI60-13.45291,2008,-1039.6289700245945
RGI60-13.45291,2009,222.13708013986115
RGI60-13.45291,2010,-355.8768686851067
RGI60-13.45291,2011,-598.4994410962549
RGI60-13.45291,2012,-564.5831029077372
RGI60-13.45291,2013,-55.278524237593665
RGI60-13.45291,2014,-131.24758772386718
RGI60-13.45291,2015,-63.42580541771815
RGI60-13.45291,2016,-508.45971809699097
RGI60-13.45291,2017,-485.55698129560994
RGI60-13.45291,2018,-291.29598274510266
RGI60-13.45291,2019,-352.3873931865365
RGI60-13.45292,1901,-129.00447446050413
RGI60-13.45292,1902,-176.04196101271282
RGI60-13.45292,1903,171.2921907998136
RGI60-13.45292,1904,-903.1245794328561
RGI60-13.45292,1905,-627.7656144514795
RGI60-13.45292,1906,-995.5486663101528
RGI60-13.45292,1907,-85.82807987308888
RGI60-13.45292,1908,-378.8637951040598
RGI60-13.45292,1909,-1230.8623855037868
RGI60-13.45292,1910,-787.2631311662842
RGI60-13.45292,1911,111.94171526519035
RGI60-13.45292,1912,-203.53940440897787
RGI60-13.45292,1913,139.5425791753142
RGI60-13.45292,1914,-314.2619828512291
RGI60-13.45292,1915,-1262.5454824523313
RGI60-13.45292,1916,-856.4681893564211
RGI60-13.45292,1917,-718.6613208801971
RGI60-13.45292,1918,-989.8105110007667
RGI60-13.45292,1919,484.56854984682525
RGI60-13.45292,1920,-433.82118939437316
RGI60-13.45292,1921,-413.4169103154799
RGI60-13.45292,1922,-928.2350919163292
RGI60-13.45292,1923,-998.125150703873
RGI60-13.45292,1924,-835.2031467424197
RGI60-13.45292,1925,239.48001684361145
RGI60-13.45292,1926,97.72358131816917
RGI60-13.45292,1927,-364.7096197812197
RGI60-13.45292,1928,-57.91593920729663
RGI60-13.45292,1929,27.761997962165733
RGI60-13.45292,1930,478.04343460984546
RGI60-13.45292,1931,-396.86418909166076
RGI60-13.45292,1932,-44.106642942480015
RGI60-13.45292,1933,-871.0329056894668
RGI60-13.45292,1934,-11.703289576562847
RGI60-13.45292,1935,-968.1199516871948
RGI60-13.45292,1936,-119.69766351322086
RGI60-13.45292,1937,133.73822555073912
RGI60-13.45292,1938,56.627156503515195
RGI60-13.45292,1939,-443.0555317212021
RGI60-13.45292,1940,-605.5132678246662
RGI60-13.45292,1941,-379.44851216234343
RGI60-13.45292,1942,1096.1806768649433
RGI60-13.45292,1943,-1056.4530719513075
RGI60-13.45292,1944,-1027.4072149761707
RGI60-13.45292,1945,-1372.1531641059034
RGI60-13.45292,1946,315.07084611543814
RGI60-13.45292,1947,-131.06698289953323
RGI60-13.45292,1948,-895.1135655241775
RGI60-13.45292,1949,-203.6287588093138
RGI60-13.45292,1950,-991.1996581268263
RGI60-13.45292,1951,-601.9203934787669
RGI60-13.45292,1952,-309.7609220306066
RGI60-13.45292,1953,-195.46515777403826
RGI60-13.45292,1954,228.1370847457973
RGI60-13.45292,1955,-687.1129567868331
RGI60-13.45292,1956,-195.68638110982462
RGI60-13.45292,1957,-485.45877523431983
RGI60-13.45292,1958,613.9767917942489
RGI60-13.45292,1959,427.6500352986082
RGI60-13.45292,1960,215.77763552456648
RGI60-13.45292,1961,-71.61574196530704
RGI60-13.45292,1962,-1263.9537971449195
RGI60-13.45292,1963,-437.26286425841516
RGI60-13.45292,1964,-396.29246801884955
RGI60-13.45292,1965,-994.0497243800513
RGI60-13.45292,1966,-710.112211912939
RGI60-13.45292,1967,-388.5684552932635
RGI60-13.45292,1968,-833.5173974308174
RGI60-13.45292,1969,-100.28004085224393
RGI60-13.45292,1970,-257.25873977950675
RGI60-13.45292,1971,-217.68886028614637
RGI60-13.45292,1972,20.829316199605
RGI60-13.45292,1973,-757.1376709053799
RGI60-13.45292,1974,-1421.8546743113056
RGI60-13.45292,1975,-698.0360986271178
RGI60-13.45292,1976,-17.57695349780856
RGI60-13.45292,1977,-1001.62347106751
RGI60-13.45292,1978,-216.89524529461517
RGI60-13.45292,1979,344.92958954148884
RGI60-13.45292,1980,-292.0231099259406
RGI60-13.45292,1981,-337.05368895600793
RGI60-13.45292,1982,-282.7360012979772
RGI60-13.45292,1983,-282.8965283024733
RGI60-13.45292,1984,171.68914731878417
RGI60-13.45292,1985,-269.29065320333996
RGI60-13.45292,1986,-298.249214850771
RGI60-13.45292,1987,-304.2169813619785
RGI60-13.45292,1988,386.43911640666323
RGI60-13.45292,1989,77.85960686227914
RGI60-13.45292,1990,-312.08586162253835
RGI60-13.45292,1991,-706.6247665966979
RGI60-13.45292,1992,354.1736954111923
RGI60-13.45292,1993,428.72870789021465
RGI60-13.45292,1994,-262.61812949315265
RGI60-13.45292,1995,-574.8995429576156
RGI60-13.45292,1996,-173.683411509513
RGI60-13.45292,1997,-825.766821909298
RGI60-13.45292,1998,-736.3368184500844
RGI60-13.45292,1999,-683.1050479270215
RGI60-13.45292,2000,-554.1064343780931
RGI60-13.45292,2001,-1159.5865695995726
RGI60-13.45292,2002,-860.7488676222415
RGI60-13.45292,2003,41.66947019660855
RGI60-13.45292,2004,-595.8003817663968
RGI60-13.45292,2005,-739.035405133266
RGI60-13.45292,2006,-919.4638804631475
RGI60-13.45292,2007,-751.5971680140782
RGI60-13.45292,2008,-1336.9729383643182
RGI60-13.45292,2009,-80.01912915571884
RGI60-13.45292,2010,-737.1811649413328
RGI60-13.45292,2011,-1011.3682951702441
RGI60-13.45292,2012,-976.9251646766868
RGI60-13.45292,2013,-367.96351184228376
RGI60-13.45292,2014,-480.27137312808856
RGI60-13.45292,2015,-468.5509778181704
RGI60-13.45292,2016,-931.8079267689318
RGI60-13.45292,2017,-876.037173478182
RGI60-13.45292,2018,-771.4441837532363
RGI60-13.45292,2019,-686.7889241226072
RGI60-13.45293,1901,760.0338759290056
RGI60-13.45293,1902,1009.9084889575878
RGI60-13.45293,1903,992.4300439637575
RGI60-13.45293,1904,-126.67276919042486
RGI60-13.45293,1905,142.827029019159
RGI60-13.45293,1906,-248.92943802396272
RGI60-13.45293,1907,901.943150545497
RGI60-13.45293,1908,482.5683512234807
RGI60-13.45293,1909,-364.07371997031754
RGI60-13.45293,1910,-7.1276572050496805
RGI60-13.45293,1911,1038.066604542259
RGI60-13.45293,1912,399.9148909850946
RGI60-13.45293,1913,977.3576701493223
RGI60-13.45293,1914,530.5133345652101
RGI60-13.45293,1915,-486.38317820779736
RGI60-13.45293,1916,-118.75567655794858
RGI60-13.45293,1917,-67.12090054442044
RGI60-13.45293,1918,-91.90486862208714
RGI60-13.45293,1919,1599.02165735506
RGI60-13.45293,1920,590.2994099895395
RGI60-13.45293,1921,494.938427325284
RGI60-13.45293,1922,-266.0243620912377
RGI60-13.45293,1923,-58.22543474861966
RGI60-13.45293,1924,-42.54850755352793
RGI60-13.45293,1925,953.006319957249
RGI60-13.45293,1926,833.4110262759075
RGI60-13.45293,1927,506.23958391383263
RGI60-13.45293,1928,893.3857801952319
RGI60-13.45293,1929,796.2115345857425
RGI60-13.45293,1930,1393.134886547168
RGI60-13.45293,1931,620.7300634888869
RGI60-13.45293,1932,582.075729970488
RGI60-13.45293,1933,-65.63809147728217
RGI60-13.45293,1934,769.1333507825398
RGI60-13.45293,1935,-43.38736178572218
RGI60-13.45293,1936,510.7653615652405
RGI60-13.45293,1937,807.085699821819
RGI60-13.45293,1938,781.2439566657746
RGI60-13.45293,1939,585.5162518840118
RGI60-13.45293,1940,467.868331105098
RGI60-13.45293,1941,731.5513738166353
RGI60-13.45293,1942,2692.683623848073
RGI60-13.45293,1943,-304.6776206922905
RGI60-13.45293,1944,-152.19155773270367
RGI60-13.45293,1945,-392.4118454228718
RGI60-13.45293,1946,1131.256303600882
RGI60-13.45293,1947,507.98742717610935
RGI60-13.45293,1948,-61.14784325381751
RGI60-13.45293,1949,868.2627010640437
RGI60-13.45293,1950,-156.86021412263284
RGI60-13.45293,1951,294.0444249729261
RGI60-13.45293,1952,546.567335080407
RGI60-13.45293,1953,911.2897132465914
RGI60-13.45293,1954,910.5755805411286
RGI60-13.45293,1955,358.02317655360014
RGI60-13.45293,1956,614.4365814379273
RGI60-13.45293,1957,407.4838420176977
RGI60-13.45293,1958,1349.2288477154655
RGI60-13.45293,1959,1255.5465846083991
RGI60-13.45293,1960,873.0079548066647
RGI60-13.45293,1961,626.6043242081332
RGI60-13.45293,1962,-253.51189204442335
RGI60-13.45293,1963,400.22264512220966
RGI60-13.45293,1964,504.5600122306846
RGI60-13.45293,1965,-92.76249450676892
RGI60-13.45293,1966,342.8367052488555
RGI60-13.45293,1967,301.90628842506175
RGI60-13.45293,1968,-24.065414527950367
RGI60-13.45293,1969,605.3020923844739
RGI60-13.45293,1970,496.2089573973565
RGI60-13.45293,1971,654.4646302019439
RGI60-13.45293,1972,770.3548348712059
RGI60-13.45293,1973,101.14257325727264
RGI60-13.45293,1974,-428.79882424183165
RGI60-13.45293,1975,145.6413963717127
RGI60-13.45293,1976,851.9708730503461
RGI60-13.45293,1977,-30.533221086997926
RGI60-13.45293,1978,624.5738269638214
RGI60-13.45293,1979,1239.753697218291
RGI60-13.45293,1980,521.6271489276581
RGI60-13.45293,1981,483.4682530625718
RGI60-13.45293,1982,596.5373847172616
RGI60-13.45293,1983,568.6614194716225
RGI60-13.45293,1984,1060.1114004387853
RGI60-13.45293,1985,482.5347277999606
RGI60-13.45293,1986,582.0507886054542
RGI60-13.45293,1987,676.7403957554483
RGI60-13.45293,1988,1301.1905310702844
RGI60-13.45293,1989,909.3007946446504
RGI60-13.45293,1990,577.6136960849635
RGI60-13.45293,1991,189.51268724523695
RGI60-13.45293,1992,1160.0668716036876
RGI60-13.45293,1993,1149.9212710382596
RGI60-13.45293,1994,758.0323971694926
RGI60-13.45293,1995,279.3320818212702
RGI60-13.45293,1996,748.7523246153879
RGI60-13.45293,1997,61.07612888506685
RGI60-13.45293,1998,392.68093690276504
RGI60-13.45293,1999,456.9267353521476
RGI60-13.45293,2000,542.3192152383153
RGI60-13.45293,2001,-111.51767242530711
RGI60-13.45293,2002,397.09331734129296
RGI60-13.45293,2003,1033.02516255416
RGI60-13.45293,2004,423.7847991026731
RGI60-13.45293,2005,334.50482678842377
RGI60-13.45293,2006,117.99161739495625
RGI60-13.45293,2007,320.87746372770755
RGI60-13.45293,2008,-266.7705426878209
RGI60-13.45293,2009,878.9558929057976
RGI60-13.45293,2010,330.532950233523
RGI60-13.45293,2011,44.70179788540759
RGI60-13.45293,2012,118.56204890454819
RGI60-13.45293,2013,574.1735107155603
RGI60-13.45293,2014,540.2902481558581
RGI60-13.45293,2015,795.8095761733822
RGI60-13.45293,2016,233.28328477255087
RGI60-13.45293,2017,317.99491499647667
RGI60-13.45293,2018,383.0665932575699
RGI60-13.45293,2019,455.32099496492515
RGI60-13.45294,1901,533.6914069882349
RGI60-13.45294,1902,697.7207698988512
RGI60-13.45294,1903,835.776938713717
RGI60-13.45294,1904,-375.0399938433006
RGI60-13.45294,1905,-76.67389341106106
RGI60-13.45294,1906,-487.0867842646327
RGI60-13.45294,1907,637.7722614148827
RGI60-13.45294,1908,245.46118467260328
RGI60-13.45294,1909,-714.6254979594839
RGI60-13.45294,1910,-258.9468739050235
RGI60-13.45294,1911,845.4111861646874
RGI60-13.45294,1912,294.0193352795632
RGI60-13.45294,1913,830.5253418858345
RGI60-13.45294,1914,306.5862571596167
RGI60-13.45294,1915,-815.5574432932699
RGI60-13.45294,1916,-363.09927488250344
RGI60-13.45294,1917,-262.4518697371393
RGI60-13.45294,1918,-433.77566747352427
RGI60-13.45294,1919,1350.9098324545032
RGI60-13.45294,1920,308.83131793383967
RGI60-13.45294,1921,212.86684292085747
RGI60-13.45294,1922,-505.1873557717818
RGI60-13.45294,1923,-426.6198489842054
RGI60-13.45294,1924,-358.78077036028117
RGI60-13.45294,1925,808.1687154260275
RGI60-13.45294,1926,689.8379325930896
RGI60-13.45294,1927,215.68849055147578
RGI60-13.45294,1928,664.3216745474036
RGI60-13.45294,1929,637.464419765501
RGI60-13.45294,1930,1225.8564237326088
RGI60-13.45294,1931,331.43044144429393
RGI60-13.45294,1932,384.3740146232756
RGI60-13.45294,1933,-361.1298518182254
RGI60-13.45294,1934,634.3271131911147
RGI60-13.45294,1935,-369.13893663358107
RGI60-13.45294,1936,367.39647863507315
RGI60-13.45294,1937,676.993837751455
RGI60-13.45294,1938,605.2019419098286
RGI60-13.45294,1939,266.0394041021934
RGI60-13.45294,1940,142.56040784783244
RGI60-13.45294,1941,425.68713245598934
RGI60-13.45294,1942,2402.5515586237602
RGI60-13.45294,1943,-631.8305581189953
RGI60-13.45294,1944,-486.87241846868204
RGI60-13.45294,1945,-794.3489455295845
RGI60-13.45294,1946,941.2761561760357
RGI60-13.45294,1947,366.9210682207014
RGI60-13.45294,1948,-385.8745126165099
RGI60-13.45294,1949,566.1711345279352
RGI60-13.45294,1950,-484.4782663776658
RGI60-13.45294,1951,29.018757263448926
RGI60-13.45294,1952,266.8657281555321
RGI60-13.45294,1953,616.5335845420336
RGI60-13.45294,1954,797.5574317059463
RGI60-13.45294,1955,28.28576461753514
RGI60-13.45294,1956,347.2231524383867
RGI60-13.45294,1957,161.4449620627009
RGI60-13.45294,1958,1226.4815327603587
RGI60-13.45294,1959,1155.9184328244116
RGI60-13.45294,1960,753.6681739363512
RGI60-13.45294,1961,486.3170816629182
RGI60-13.45294,1962,-672.4587222792957
RGI60-13.45294,1963,171.33677759970203
RGI60-13.45294,1964,254.19979393800224
RGI60-13.45294,1965,-413.3419350771783
RGI60-13.45294,1966,14.928657544231239
RGI60-13.45294,1967,132.07779812920035
RGI60-13.45294,1968,-301.1028278685726
RGI60-13.45294,1969,415.5327935821822
RGI60-13.45294,1970,341.19983173616527
RGI60-13.45294,1971,453.6676803311184
RGI60-13.45294,1972,649.8978134929744
RGI60-13.45294,1973,-193.16041280869078
RGI60-13.45294,1974,-848.5730312670702
RGI60-13.45294,1975,-144.98935200488037
RGI60-13.45294,1976,667.0634518703764
RGI60-13.45294,1977,-384.3808557093641
RGI60-13.45294,1978,398.44738480766074
RGI60-13.45294,1979,1068.421559406586
RGI60-13.45294,1980,265.3483017246663
RGI60-13.45294,1981,280.17003924198417
RGI60-13.45294,1982,390.4113050283354
RGI60-13.45294,1983,287.4863568243659
RGI60-13.45294,1984,868.8023455337171
RGI60-13.45294,1985,249.4304559179041
RGI60-13.45294,1986,280.8240304238941
RGI60-13.45294,1987,324.5081642019171
RGI60-13.45294,1988,1155.058064449256
RGI60-13.45294,1989,709.1455176727508
RGI60-13.45294,1990,362.24434240698304
RGI60-13.45294,1991,-74.37934332479261
RGI60-13.45294,1992,1057.8523738536187
RGI60-13.45294,1993,1058.9642506194223
RGI60-13.45294,1994,469.1240730969696
RGI60-13.45294,1995,32.65652779875188
RGI60-13.45294,1996,517.1193622510198
RGI60-13.45294,1997,-237.21295396653616
RGI60-13.45294,1998,17.55705958725514
RGI60-13.45294,1999,94.29302014988185
RGI60-13.45294,2000,112.99093360063344
RGI60-13.45294,2001,-537.0131163208158
RGI60-13.45294,2002,-43.0108745908339
RGI60-13.45294,2003,869.2626132355164
RGI60-13.45294,2004,102.08876585754027
RGI60-13.45294,2005,6.971705765428512
RGI60-13.45294,2006,-268.29111101812623
RGI60-13.45294,2007,-35.41496397144615
RGI60-13.45294,2008,-699.6102869070803
RGI60-13.45294,2009,629.365813550412
RGI60-13.45294,2010,-32.22069894875405
RGI60-13.45294,2011,-356.2266371992569
RGI60-13.45294,2012,-295.897290939458
RGI60-13.45294,2013,318.28773395145623
RGI60-13.45294,2014,220.3993801699636
RGI60-13.45294,2015,395.97729429946725
RGI60-13.45294,2016,-148.92407366903592
RGI60-13.45294,2017,-104.95313321178762
RGI60-13.45294,2018,-22.591633921003602
RGI60-13.45294,2019,40.80958026715132
RGI60-13.45295,1901,-393.2173616402388
RGI60-13.45295,1902,-468.8327612864047
RGI60-13.45295,1903,-115.15709503458037
RGI60-13.45295,1904,-1194.9466838041167
RGI60-13.45295,1905,-919.222431304248
RGI60-13.45295,1906,-1282.2231846232935
RGI60-13.45295,1907,-339.9008289363152
RGI60-13.45295,1908,-633.6365919261495
RGI60-13.45295,1909,-1504.4417325459904
RGI60-13.45295,1910,-1053.7258638848828
RGI60-13.45295,1911,-194.42845599871248
RGI60-13.45295,1912,-495.02012286778415
RGI60-13.45295,1913,-172.38868273947548
RGI60-13.45295,1914,-606.488117065405
RGI60-13.45295,1915,-1510.74466523403
RGI60-13.45295,1916,-1130.0578243430255
RGI60-13.45295,1917,-1018.0564883212247
RGI60-13.45295,1918,-1239.1950911338859
RGI60-13.45295,1919,214.18642785591865
RGI60-13.45295,1920,-719.7659078111647
RGI60-13.45295,1921,-661.6288456623431
RGI60-13.45295,1922,-1187.7150209910426
RGI60-13.45295,1923,-1238.638044048766
RGI60-13.45295,1924,-1057.5784519706156
RGI60-13.45295,1925,21.74443845794572
RGI60-13.45295,1926,-183.09253520197714
RGI60-13.45295,1927,-555.1418934949413
RGI60-13.45295,1928,-348.6974968555714
RGI60-13.45295,1929,-258.81769221109283
RGI60-13.45295,1930,212.60064007819167
RGI60-13.45295,1931,-662.419355238094
RGI60-13.45295,1932,-237.75213604978518
RGI60-13.45295,1933,-1115.7804675950695
RGI60-13.45295,1934,-337.8084285519038
RGI60-13.45295,1935,-1222.6995056800135
RGI60-13.45295,1936,-381.34165473109425
RGI60-13.45295,1937,-119.36272313307552
RGI60-13.45295,1938,-176.87207041478737
RGI60-13.45295,1939,-715.5902379584206
RGI60-13.45295,1940,-903.7725053729926
RGI60-13.45295,1941,-657.012493483527
RGI60-13.45295,1942,764.6141170067203
RGI60-13.45295,1943,-1277.525788577825
RGI60-13.45295,1944,-1275.257818024659
RGI60-13.45295,1945,-1677.6698591491775
RGI60-13.45295,1946,94.39236007897246
RGI60-13.45295,1947,-392.99400256469863
RGI60-13.45295,1948,-1125.4456506402464
RGI60-13.45295,1949,-484.87151786278775
RGI60-13.45295,1950,-1260.713528897831
RGI60-13.45295,1951,-950.3737632533001
RGI60-13.45295,1952,-504.1103768189473
RGI60-13.45295,1953,-550.4190131369241
RGI60-13.45295,1954,-6.082686662109049
RGI60-13.45295,1955,-947.5062159346269
RGI60-13.45295,1956,-354.5668667130659
RGI60-13.45295,1957,-767.93602713951
RGI60-13.45295,1958,423.3870250945046
RGI60-13.45295,1959,42.91823367093009
RGI60-13.45295,1960,-27.854909875865605
RGI60-13.45295,1961,-363.28042687392247
RGI60-13.45295,1962,-1558.7672690735385
RGI60-13.45295,1963,-742.353145482415
RGI60-13.45295,1964,-664.5395937410062
RGI60-13.45295,1965,-1313.5822878756699
RGI60-13.45295,1966,-1032.6391393471692
RGI60-13.45295,1967,-676.8050082381152
RGI60-13.45295,1968,-1109.7354281897672
RGI60-13.45295,1969,-347.71860283271735
RGI60-13.45295,1970,-547.9014787092256
RGI60-13.45295,1971,-508.2658786158853
RGI60-13.45295,1972,-305.4772038248469
RGI60-13.45295,1973,-1018.5921138865864
RGI60-13.45295,1974,-1718.8967448402564
RGI60-13.45295,1975,-953.1287811197626
RGI60-13.45295,1976,-311.2514015791327
RGI60-13.45295,1977,-1292.9706149890253
RGI60-13.45295,1978,-498.88264559546366
RGI60-13.45295,1979,62.19968586875182
RGI60-13.45295,1980,-521.4600724645364
RGI60-13.45295,1981,-616.3682160596998
RGI60-13.45295,1982,-589.7705104978849
RGI60-13.45295,1983,-492.0441487557008
RGI60-13.45295,1984,-107.796678040379
RGI60-13.45295,1985,-495.99475819009956
RGI60-13.45295,1986,-505.4970395482322
RGI60-13.45295,1987,-453.07767982237493
RGI60-13.45295,1988,68.2734717118841
RGI60-13.45295,1989,-172.8866837843354
RGI60-13.45295,1990,-604.7535762314405
RGI60-13.45295,1991,-1014.9400587528555
RGI60-13.45295,1992,46.02085289484757
RGI60-13.45295,1993,132.24438020023703
RGI60-13.45295,1994,-533.4563415359203
RGI60-13.45295,1995,-846.4409423647472
RGI60-13.45295,1996,-453.4415805149737
RGI60-13.45295,1997,-1117.9410848551793
RGI60-13.45295,1998,-994.0256472561786
RGI60-13.45295,1999,-966.8102660438315
RGI60-13.45295,2000,-775.0139624440918
RGI60-13.45295,2001,-1413.6643279773336
RGI60-13.45295,2002,-1148.0992540409313
RGI60-13.45295,2003,-318.0655922127789
RGI60-13.45295,2004,-870.9960692887872
RGI60-13.45295,2005,-1059.5481783170555
RGI60-13.45295,2006,-1172.482208494165
RGI60-13.45295,2007,-1016.0016062685372
RGI60-13.45295,2008,-1640.7944083173725
RGI60-13.45295,2009,-353.36228876964566
RGI60-13.45295,2010,-1001.710074737478
RGI60-13.45295,2011,-1257.6482085721545
RGI60-13.45295,2012,-1217.736354016535
RGI60-13.45295,2013,-648.0689730501972
RGI60-13.45295,2014,-748.0525310638376
RGI60-13.45295,2015,-756.414913947914
RGI60-13.45295,2016,-1259.441834558003
RGI60-13.45295,2017,-1153.3259321481316
RGI60-13.45295,2018,-1009.5095873293307
RGI60-13.45295,2019,-954.0636944457257
RGI60-13.45296,1901,-152.3012171687509
RGI60-13.45296,1902,-132.68897324755102
RGI60-13.45296,1903,81.35063147761569
RGI60-13.45296,1904,-891.9808648161761
RGI60-13.45296,1905,-653.1002563913967
RGI60-13.45296,1906,-953.3801567770582
RGI60-13.45296,1907,-92.49807356544441
RGI60-13.45296,1908,-365.2816220396112
RGI60-13.45296,1909,-1185.084691423345
RGI60-13.45296,1910,-757.8763026098244
RGI60-13.45296,1911,28.209153989356107
RGI60-13.45296,1912,-313.49470731528555
RGI60-13.45296,1913,19.862583311860178
RGI60-13.45296,1914,-359.5586268812679
RGI60-13.45296,1915,-1158.8974570963483
RGI60-13.45296,1916,-826.1910821400476
RGI60-13.45296,1917,-757.8933511503333
RGI60-13.45296,1918,-905.208660941339
RGI60-13.45296,1919,435.2261379841057
RGI60-13.45296,1920,-393.09083403904856
RGI60-13.45296,1921,-389.7381929044435
RGI60-13.45296,1922,-904.7847783007892
RGI60-13.45296,1923,-916.6596375095203
RGI60-13.45296,1924,-805.7354404250588
RGI60-13.45296,1925,181.19332261591285
RGI60-13.45296,1926,-8.578974356184364
RGI60-13.45296,1927,-315.9097971011075
RGI60-13.45296,1928,-106.61214988668894
RGI60-13.45296,1929,-79.36692931820829
RGI60-13.45296,1930,378.64234304590497
RGI60-13.45296,1931,-340.2372756766744
RGI60-13.45296,1932,-103.19560147246386
RGI60-13.45296,1933,-824.640425384552
RGI60-13.45296,1934,-124.67175702598959
RGI60-13.45296,1935,-858.0044250720549
RGI60-13.45296,1936,-225.81483603100787
RGI60-13.45296,1937,16.42171898538271
RGI60-13.45296,1938,-4.80693558468688
RGI60-13.45296,1939,-427.3369738807938
RGI60-13.45296,1940,-584.6544758730403
RGI60-13.45296,1941,-304.99987747006907
RGI60-13.45296,1942,1057.4649954688339
RGI60-13.45296,1943,-1009.5996601926967
RGI60-13.45296,1944,-940.0070352092913
RGI60-13.45296,1945,-1293.2943221318071
RGI60-13.45296,1946,241.50477150904996
RGI60-13.45296,1947,-219.51790403795945
RGI60-13.45296,1948,-863.1207010364186
RGI60-13.45296,1949,-211.87048566777491
RGI60-13.45296,1950,-964.4605759569356
RGI60-13.45296,1951,-670.4554839812513
RGI60-13.45296,1952,-262.759637783765
RGI60-13.45296,1953,-282.45408141131145
RGI60-13.45296,1954,151.22312357788996
RGI60-13.45296,1955,-583.5970213604046
RGI60-13.45296,1956,-171.19226308343505
RGI60-13.45296,1957,-473.172280249558
RGI60-13.45296,1958,530.274885410804
RGI60-13.45296,1959,186.20876710657004
RGI60-13.45296,1960,117.448627060057
RGI60-13.45296,1961,-178.29191868979288
RGI60-13.45296,1962,-1195.9522698020555
RGI60-13.45296,1963,-493.2899213649662
RGI60-13.45296,1964,-386.33275723995155
RGI60-13.45296,1965,-993.4324747249344
RGI60-13.45296,1966,-670.5757127888867
RGI60-13.45296,1967,-455.21432555732633
RGI60-13.45296,1968,-806.0824259001453
RGI60-13.45296,1969,-177.24460509342902
RGI60-13.45296,1970,-304.981961242701
RGI60-13.45296,1971,-233.77184230685987
RGI60-13.45296,1972,-109.25343868081706
RGI60-13.45296,1973,-731.7070837782121
RGI60-13.45296,1974,-1346.6071468612633
RGI60-13.45296,1975,-684.0004822657003
RGI60-13.45296,1976,-92.40977142122517
RGI60-13.45296,1977,-940.1071327783231
RGI60-13.45296,1978,-297.38831990721087
RGI60-13.45296,1979,248.36580677134396
RGI60-13.45296,1980,-299.87731783975875
RGI60-13.45296,1981,-344.8361386018847
RGI60-13.45296,1982,-329.7615251416684
RGI60-13.45296,1983,-263.23086833847515
RGI60-13.45296,1984,79.67513896539793
RGI60-13.45296,1985,-286.66532152741996
RGI60-13.45296,1986,-282.9000562740379
RGI60-13.45296,1987,-186.57774866118126
RGI60-13.45296,1988,250.36641674003027
RGI60-13.45296,1989,31.086558740859473
RGI60-13.45296,1990,-312.9940942304316
RGI60-13.45296,1991,-718.653881508694
RGI60-13.45296,1992,213.77182373364116
RGI60-13.45296,1993,253.5450829980275
RGI60-13.45296,1994,-236.29954200597012
RGI60-13.45296,1995,-540.1720456553865
RGI60-13.45296,1996,-166.15315988166705
RGI60-13.45296,1997,-803.7504827214284
RGI60-13.45296,1998,-576.5526602583872
RGI60-13.45296,1999,-612.6599439673547
RGI60-13.45296,2000,-493.0669351186294
RGI60-13.45296,2001,-1028.0768112173153
RGI60-13.45296,2002,-765.5994838224484
RGI60-13.45296,2003,-49.43066796728549
RGI60-13.45296,2004,-542.1130432148793
RGI60-13.45296,2005,-727.038695985902
RGI60-13.45296,2006,-826.0967702552275
RGI60-13.45296,2007,-618.3355086253694
RGI60-13.45296,2008,-1256.2737549498784
RGI60-13.45296,2009,-105.94890929549307
RGI60-13.45296,2010,-655.4685031053675
RGI60-13.45296,2011,-872.678543777061
RGI60-13.45296,2012,-837.7066909214817
RGI60-13.45296,2013,-356.2189344947176
RGI60-13.45296,2014,-441.324377261505
RGI60-13.45296,2015,-427.0705784060495
RGI60-13.45296,2016,-844.1511743938179
RGI60-13.45296,2017,-790.1156792142723
RGI60-13.45296,2018,-628.5624106037469
RGI60-13.45296,2019,-642.7225273695508
RGI60-13.45297,1901,543.5715962262308
RGI60-13.45297,1902,748.7426346331004
RGI60-13.45297,1903,793.9883165814714
RGI60-13.45297,1904,-73.23831937508197
RGI60-13.45297,1905,114.69205434538164
RGI60-13.45297,1906,-89.73265429726779
RGI60-13.45297,1907,579.69902927335
RGI60-13.45297,1908,339.60591054774136
RGI60-13.45297,1909,-444.62504492895806
RGI60-13.45297,1910,0.5471043363509565
RGI60-13.45297,1911,797.6004558891294
RGI60-13.45297,1912,371.4321709357059
RGI60-13.45297,1913,769.5745762013458
RGI60-13.45297,1914,391.184597749598
RGI60-13.45297,1915,-380.28884354021534
RGI60-13.45297,1916,-29.192984059245312
RGI60-13.45297,1917,19.77764331686361
RGI60-13.45297,1918,-155.30612373738109
RGI60-13.45297,1919,1129.9044667041069
RGI60-13.45297,1920,463.69386910202536
RGI60-13.45297,1921,292.43264615497674
RGI60-13.45297,1922,-178.6269656200291
RGI60-13.45297,1923,-225.29623348682097
RGI60-13.45297,1924,-247.85902434015742
RGI60-13.45297,1925,735.9440503879614
RGI60-13.45297,1926,651.0038605453894
RGI60-13.45297,1927,226.4329096657184
RGI60-13.45297,1928,642.2158573912853
RGI60-13.45297,1929,575.7441490801745
RGI60-13.45297,1930,990.0185644059469
RGI60-13.45297,1931,472.85302440937596
RGI60-13.45297,1932,302.26204674467186
RGI60-13.45297,1933,-144.62689791113448
RGI60-13.45297,1934,688.6342941734188
RGI60-13.45297,1935,-36.44980694167526
RGI60-13.45297,1936,346.02214798417634
RGI60-13.45297,1937,553.2595850593416
RGI60-13.45297,1938,550.7775045395331
RGI60-13.45297,1939,300.62876624932596
RGI60-13.45297,1940,242.57069114270755
RGI60-13.45297,1941,571.1902057805925
RGI60-13.45297,1942,1992.258548715875
RGI60-13.45297,1943,-439.68583090844146
RGI60-13.45297,1944,-191.77764338201158
RGI60-13.45297,1945,-437.1366454863342
RGI60-13.45297,1946,741.0074053401639
RGI60-13.45297,1947,394.1713120577159
RGI60-13.45297,1948,-288.4356427949489
RGI60-13.45297,1949,520.9401975358572
RGI60-13.45297,1950,-251.42959311872025
RGI60-13.45297,1951,182.3768073781071
RGI60-13.45297,1952,298.42782655177007
RGI60-13.45297,1953,542.675605113843
RGI60-13.45297,1954,742.4272796649697
RGI60-13.45297,1955,257.6463948189384
RGI60-13.45297,1956,218.15748049689375
RGI60-13.45297,1957,336.15514505811615
RGI60-13.45297,1958,964.59320067345
RGI60-13.45297,1959,975.2124482582998
RGI60-13.45297,1960,697.1232363025376
RGI60-13.45297,1961,502.66911863592117
RGI60-13.45297,1962,-401.5147981768578
RGI60-13.45297,1963,279.8279523120001
RGI60-13.45297,1964,358.93726215956974
RGI60-13.45297,1965,-152.8333731539051
RGI60-13.45297,1966,254.15941751593394
RGI60-13.45297,1967,264.04601530923355
RGI60-13.45297,1968,-22.092742297562225
RGI60-13.45297,1969,378.370940169743
RGI60-13.45297,1970,467.23980474429544
RGI60-13.45297,1971,585.593577313032
RGI60-13.45297,1972,684.9691878369109
RGI60-13.45297,1973,-24.835315538586556
RGI60-13.45297,1974,-535.6861094829774
RGI60-13.45297,1975,-15.400518594350498
RGI60-13.45297,1976,639.5211208057615
RGI60-13.45297,1977,-104.84136231817314
RGI60-13.45297,1978,339.7531398685229
RGI60-13.45297,1979,930.9778591164177
RGI60-13.45297,1980,278.70484919122214
RGI60-13.45297,1981,451.32296610113093
RGI60-13.45297,1982,490.9151174247047
RGI60-13.45297,1983,286.5621144033401
RGI60-13.45297,1984,740.4374638798463
RGI60-13.45297,1985,280.84756122830515
RGI60-13.45297,1986,238.526992121243
RGI60-13.45297,1987,312.0294813849936
RGI60-13.45297,1988,991.122583353216
RGI60-13.45297,1989,667.7195739253442
RGI60-13.45297,1990,533.083581854206
RGI60-13.45297,1991,120.42667680453974
RGI60-13.45297,1992,921.7360156824591
RGI60-13.45297,1993,873.9241102805571
RGI60-13.45297,1994,540.9021752665002
RGI60-13.45297,1995,266.3181341397628
RGI60-13.45297,1996,649.5515663045235
RGI60-13.45297,1997,11.772730113334191
RGI60-13.45297,1998,333.63240669311756
RGI60-13.45297,1999,227.05601330274146
RGI60-13.45297,2000,73.76272479051934
RGI60-13.45297,2001,-230.61032728836136
RGI60-13.45297,2002,86.34645491656005
RGI60-13.45297,2003,915.607481333718
RGI60-13.45297,2004,272.3871301390359
RGI60-13.45297,2005,150.62730253888918
RGI60-13.45297,2006,-71.14641634696511
RGI60-13.45297,2007,285.1730305330099
RGI60-13.45297,2008,-422.4483869907816
RGI60-13.45297,2009,606.0708009101467
RGI60-13.45297,2010,136.18054689514082
RGI60-13.45297,2011,-69.47788298420245
RGI60-13.45297,2012,-62.526987272777404
RGI60-13.45297,2013,435.7023310119347
RGI60-13.45297,2014,324.69722874379255
RGI60-13.45297,2015,348.43773926852174
RGI60-13.45297,2016,146.43743961036537
RGI60-13.45297,2017,11.374348483085743
RGI60-13.45297,2018,158.13085408570265
RGI60-13.45297,2019,55.274587622661286
RGI60-13.45298,1901,45.43359029970762
RGI60-13.45298,1902,180.22078548218784
RGI60-13.45298,1903,121.77111012779453
RGI60-13.45298,1904,-932.1102410982326
RGI60-13.45298,1905,-714.2327448558609
RGI60-13.45298,1906,-1035.9471459603294
RGI60-13.45298,1907,199.1114241414142
RGI60-13.45298,1908,-184.65530414140005
RGI60-13.45298,1909,-1159.9648864610294
RGI60-13.45298,1910,-712.9732399268314
RGI60-13.45298,1911,153.58138118716852
RGI60-13.45298,1912,-428.843990164549
RGI60-13.45298,1913,-12.24077301936908
RGI60-13.45298,1914,-320.66094811003137
RGI60-13.45298,1915,-1093.3069177292489
RGI60-13.45298,1916,-838.8393493918057
RGI60-13.45298,1917,-863.4260015159902
RGI60-13.45298,1918,-715.8730019380878
RGI60-13.45298,1919,744.1231204604488
RGI60-13.45298,1920,-175.16239969452522
RGI60-13.45298,1921,-136.61634921144972
RGI60-13.45298,1922,-909.6401062599244
RGI60-13.45298,1923,-653.9478585518017
RGI60-13.45298,1924,-605.0756997032543
RGI60-13.45298,1925,353.55097187879943
RGI60-13.45298,1926,-8.848510137316431
RGI60-13.45298,1927,-15.122822069046236
RGI60-13.45298,1928,80.89015685726164
RGI60-13.45298,1929,-16.91398599825168
RGI60-13.45298,1930,657.429137447732
RGI60-13.45298,1931,-47.86141854048884
RGI60-13.45298,1932,64.05813796469515
RGI60-13.45298,1933,-668.5769555861945
RGI60-13.45298,1934,-186.68382225263642
RGI60-13.45298,1935,-685.28897432472
RGI60-13.45298,1936,-210.96491268117478
RGI60-13.45298,1937,106.65613412598812
RGI60-13.45298,1938,140.69954523884059
RGI60-13.45298,1939,-164.98091438062752
RGI60-13.45298,1940,-387.5586785363648
RGI60-13.45298,1941,11.243661480541755
RGI60-13.45298,1942,1728.3251787822478
RGI60-13.45298,1943,-851.7320194399534
RGI60-13.45298,1944,-759.0517328416857
RGI60-13.45298,1945,-1120.2979392286782
RGI60-13.45298,1946,482.5344529758807
RGI60-13.45298,1947,-188.3908521643695
RGI60-13.45298,1948,-636.3001085334456
RGI60-13.45298,1949,97.36040776632035
RGI60-13.45298,1950,-838.0376331886139
RGI60-13.45298,1951,-658.3351821809503
RGI60-13.45298,1952,37.06583759400558
RGI60-13.45298,1953,-79.47193807184506
RGI60-13.45298,1954,180.5622151449307
RGI60-13.45298,1955,-295.58135616043756
RGI60-13.45298,1956,199.7601009102147
RGI60-13.45298,1957,-361.52103317662375
RGI60-13.45298,1958,774.5374961992019
RGI60-13.45298,1959,131.6550900195069
RGI60-13.45298,1960,195.5279461486249
RGI60-13.45298,1961,-188.118504666065
RGI60-13.45298,1962,-989.2843564797419
RGI60-13.45298,1963,-509.96491772429357
RGI60-13.45298,1964,-199.5020437085804
RGI60-13.45298,1965,-957.6169912581934
RGI60-13.45298,1966,-504.1112871062044
RGI60-13.45298,1967,-488.84032345295174
RGI60-13.45298,1968,-752.4819889302462
RGI60-13.45298,1969,-83.55454172599326
RGI60-13.45298,1970,-277.32123224889284
RGI60-13.45298,1971,-97.88321648444622
RGI60-13.45298,1972,-221.5869648545266
RGI60-13.45298,1973,-581.3313963584524
RGI60-13.45298,1974,-1185.3538738997204
RGI60-13.45298,1975,-569.046197441489
RGI60-13.45298,1976,13.879282469483764
RGI60-13.45298,1977,-783.3851441336049
RGI60-13.45298,1978,-224.91236642381182
RGI60-13.45298,1979,438.9746575895987
RGI60-13.45298,1980,-67.33980184267502
RGI60-13.45298,1981,-238.48759719183155
RGI60-13.45298,1982,-297.7661497214907
RGI60-13.45298,1983,43.23702709758373
RGI60-13.45298,1984,240.8320216758626
RGI60-13.45298,1985,-90.27813726554166
RGI60-13.45298,1986,44.017555155444775
RGI60-13.45298,1987,318.88303944350014
RGI60-13.45298,1988,315.11720788743065
RGI60-13.45298,1989,216.0063585040453
RGI60-13.45298,1990,-194.48997149337345
RGI60-13.45298,1991,-729.9247299379133
RGI60-13.45298,1992,266.67570415954503
RGI60-13.45298,1993,249.09721136490478
RGI60-13.45298,1994,49.553071363795674
RGI60-13.45298,1995,-428.77945867590006
RGI60-13.45298,1996,26.204159362264768
RGI60-13.45298,1997,-758.3970349996802
RGI60-13.45298,1998,-245.16003002625487
RGI60-13.45298,1999,-382.01960586094805
RGI60-13.45298,2000,-89.26149489764855
RGI60-13.45298,2001,-742.7329677912824
RGI60-13.45298,2002,-432.00428645813815
RGI60-13.45298,2003,-69.978990859624
RGI60-13.45298,2004,-315.95734224131047
RGI60-13.45298,2005,-644.8669917853523
RGI60-13.45298,2006,-529.5453372770614
RGI60-13.45298,2007,-369.56990964506156
RGI60-13.45298,2008,-1020.9208390153857
RGI60-13.45298,2009,151.3955624138443
RGI60-13.45298,2010,-353.8002790620172
RGI60-13.45298,2011,-562.4427367084571
RGI60-13.45298,2012,-493.31610579071344
RGI60-13.45298,2013,-186.83296557181012
RGI60-13.45298,2014,-172.503990844276
RGI60-13.45298,2015,-94.98405921684163
RGI60-13.45298,2016,-600.1848606029388
RGI60-13.45298,2017,-449.40724497571546
RGI60-13.45298,2018,-185.45165968376608
RGI60-13.45298,2019,-305.63349998644475
RGI60-13.45299,1901,680.7310036791216
RGI60-13.45299,1902,895.6831810469606
RGI60-13.45299,1903,826.1835091707965
RGI60-13.45299,1904,-242.82021471477415
RGI60-13.45299,1905,16.926650312447165
RGI60-13.45299,1906,-365.29215807270424
RGI60-13.45299,1907,846.268934865091
RGI60-13.45299,1908,423.192756036831
RGI60-13.45299,1909,-407.322369854175
RGI60-13.45299,1910,-76.69023589697439
RGI60-13.45299,1911,882.8750208380701
RGI60-13.45299,1912,253.76149396163015
RGI60-13.45299,1913,785.6888180990527
RGI60-13.45299,1914,420.9431019489073
RGI60-13.45299,1915,-490.90689440428787
RGI60-13.45299,1916,-192.09177256195275
RGI60-13.45299,1917,-162.3071444796654
RGI60-13.45299,1918,-97.4018301340186
RGI60-13.45299,1919,1499.7445047499411
RGI60-13.45299,1920,475.9807401515935
RGI60-13.45299,1921,464.71910022196465
RGI60-13.45299,1922,-312.32376692528595
RGI60-13.45299,1923,-43.157598612747975
RGI60-13.45299,1924,-30.557816032357223
RGI60-13.45299,1925,859.4828495532106
RGI60-13.45299,1926,692.5574507009102
RGI60-13.45299,1927,489.05184753610996
RGI60-13.45299,1928,777.6099851590908
RGI60-13.45299,1929,681.5894351532247
RGI60-13.45299,1930,1289.9624441061776
RGI60-13.45299,1931,542.0264373269437
RGI60-13.45299,1932,575.124394548335
RGI60-13.45299,1933,-71.82841489269582
RGI60-13.45299,1934,566.8141989480774
RGI60-13.45299,1935,-82.58206368108493
RGI60-13.45299,1936,425.6980680098407
RGI60-13.45299,1937,717.9387886678609
RGI60-13.45299,1938,714.9168205315045
RGI60-13.45299,1939,521.0473765193897
RGI60-13.45299,1940,357.65274695420055
RGI60-13.45299,1941,625.0188723533095
RGI60-13.45299,1942,2472.379388088316
RGI60-13.45299,1943,-273.2110951356488
RGI60-13.45299,1944,-167.67636328146378
RGI60-13.45299,1945,-384.3228818122001
RGI60-13.45299,1946,1073.846866232633
RGI60-13.45299,1947,404.91055414203083
RGI60-13.45299,1948,-55.848493483110815
RGI60-13.45299,1949,783.7636126830943
RGI60-13.45299,1950,-155.7955694451903
RGI60-13.45299,1951,189.29294885608135
RGI60-13.45299,1952,538.4327477259706
RGI60-13.45299,1953,815.4023226490424
RGI60-13.45299,1954,748.638909672418
RGI60-13.45299,1955,295.68475038518926
RGI60-13.45299,1956,628.9529513663833
RGI60-13.45299,1957,293.57232772074576
RGI60-13.45299,1958,1253.0150595573841
RGI60-13.45299,1959,1033.360578334068
RGI60-13.45299,1960,762.0823804700424
RGI60-13.45299,1961,494.24988286926373
RGI60-13.45299,1962,-235.69342809675214
RGI60-13.45299,1963,269.1528210993746
RGI60-13.45299,1964,423.7399724393196
RGI60-13.45299,1965,-167.42402329525015
RGI60-13.45299,1966,260.15960208226625
RGI60-13.45299,1967,210.22661781188322
RGI60-13.45299,1968,-77.21683929080397
RGI60-13.45299,1969,555.6383808133554
RGI60-13.45299,1970,333.9626389996195
RGI60-13.45299,1971,512.3180552018434
RGI60-13.45299,1972,568.3113001885959
RGI60-13.45299,1973,53.330803472785256
RGI60-13.45299,1974,-438.4003321826472
RGI60-13.45299,1975,123.34561644363674
RGI60-13.45299,1976,720.1216986448201
RGI60-13.45299,1977,-69.03575583312984
RGI60-13.45299,1978,527.3237667683884
RGI60-13.45299,1979,1123.5157471406724
RGI60-13.45299,1980,487.62209134533947
RGI60-13.45299,1981,367.0665399644613
RGI60-13.45299,1982,440.6090004967712
RGI60-13.45299,1983,568.9313519126528
RGI60-13.45299,1984,949.7034272625423
RGI60-13.45299,1985,454.26283898380643
RGI60-13.45299,1986,593.7826912491672
RGI60-13.45299,1987,728.3161327065346
RGI60-13.45299,1988,1109.8220098803106
RGI60-13.45299,1989,819.4356971082331
RGI60-13.45299,1990,433.5029756322152
RGI60-13.45299,1991,52.89000123259411
RGI60-13.45299,1992,963.7493616449623
RGI60-13.45299,1993,982.4308918051847
RGI60-13.45299,1994,692.7416410533889
RGI60-13.45299,1995,190.72281928259702
RGI60-13.45299,1996,660.2681991639469
RGI60-13.45299,1997,-9.137650472806651
RGI60-13.45299,1998,376.2214883871321
RGI60-13.45299,1999,378.9630331549374
RGI60-13.45299,2000,612.3600520431646
RGI60-13.45299,2001,-74.7794125490605
RGI60-13.45299,2002,339.3542359377109
RGI60-13.45299,2003,760.8689204375055
RGI60-13.45299,2004,352.66444280996063
RGI60-13.45299,2005,196.57047117704647
RGI60-13.45299,2006,113.66367593444467
RGI60-13.45299,2007,268.08742957423067
RGI60-13.45299,2008,-255.09430074548067
RGI60-13.45299,2009,802.2254026390555
RGI60-13.45299,2010,283.6644463843329
RGI60-13.45299,2011,50.123656164287816
RGI60-13.45299,2012,129.09431436225807
RGI60-13.45299,2013,474.2640738846571
RGI60-13.45299,2014,488.7078691780468
RGI60-13.45299,2015,728.7943659225759
RGI60-13.45299,2016,143.50515643322007
RGI60-13.45299,2017,284.9741879278502
RGI60-13.45299,2018,397.31989590133537
RGI60-13.45299,2019,457.6311165828565
RGI60-13.45300,1901,184.67959713745861
RGI60-13.45300,1902,317.31386208980837
RGI60-13.45300,1903,301.78061105576626
RGI60-13.45300,1904,-820.276285766891
RGI60-13.45300,1905,-559.5356829316854
RGI60-13.45300,1906,-915.0808474232451
RGI60-13.45300,1907,353.53053053844405
RGI60-13.45300,1908,-40.57086809909579
RGI60-13.45300,1909,-1019.2384866034455
RGI60-13.45300,1910,-580.4584123381997
RGI60-13.45300,1911,305.21565993839783
RGI60-13.45300,1912,-263.84939287995917
RGI60-13.45300,1913,177.09296888754324
RGI60-13.45300,1914,-152.7964588343189
RGI60-13.45300,1915,-986.5820730983654
RGI60-13.45300,1916,-715.290512367762
RGI60-13.45300,1917,-702.4567508306931
RGI60-13.45300,1918,-605.830476812764
RGI60-13.45300,1919,973.2813381837736
RGI60-13.45300,1920,-67.05031120451683
RGI60-13.45300,1921,-10.515414114012232
RGI60-13.45300,1922,-794.0154553938715
RGI60-13.45300,1923,-545.7903553622729
RGI60-13.45300,1924,-483.5007116459282
RGI60-13.45300,1925,473.1693385656114
RGI60-13.45300,1926,180.55160387142436
RGI60-13.45300,1927,96.81380063360301
RGI60-13.45300,1928,221.76112535295778
RGI60-13.45300,1929,151.9270021666675
RGI60-13.45300,1930,820.462296632046
RGI60-13.45300,1931,54.44801433645336
RGI60-13.45300,1932,219.51695722519582
RGI60-13.45300,1933,-549.2179279550239
RGI60-13.45300,1934,-41.014662574580505
RGI60-13.45300,1935,-568.3974156838891
RGI60-13.45300,1936,-49.199239632094276
RGI60-13.45300,1937,269.3926327692944
RGI60-13.45300,1938,297.93153511565924
RGI60-13.45300,1939,-26.890578434338572
RGI60-13.45300,1940,-276.47634228912636
RGI60-13.45300,1941,112.24728394539207
RGI60-13.45300,1942,1845.4572094373918
RGI60-13.45300,1943,-733.1374782680713
RGI60-13.45300,1944,-658.0428447714713
RGI60-13.45300,1945,-976.1169457717618
RGI60-13.45300,1946,647.4108340766176
RGI60-13.45300,1947,-50.00448351557065
RGI60-13.45300,1948,-525.8681555541235
RGI60-13.45300,1949,225.90580947651705
RGI60-13.45300,1950,-689.5754789992205
RGI60-13.45300,1951,-467.5758715975236
RGI60-13.45300,1952,157.1778943933235
RGI60-13.45300,1953,133.94890061474698
RGI60-13.45300,1954,304.11942871424105
RGI60-13.45300,1955,-194.30079666771707
RGI60-13.45300,1956,299.8526806201616
RGI60-13.45300,1957,-236.67049952554862
RGI60-13.45300,1958,897.4912925573582
RGI60-13.45300,1959,342.6275895463954
RGI60-13.45300,1960,333.5952779367154
RGI60-13.45300,1961,-26.0634931716929
RGI60-13.45300,1962,-831.2518604825765
RGI60-13.45300,1963,-351.6687347521599
RGI60-13.45300,1964,-71.87120961121343
RGI60-13.45300,1965,-812.9488560351357
RGI60-13.45300,1966,-344.69891115077115
RGI60-13.45300,1967,-314.5442322700417
RGI60-13.45300,1968,-614.0728686083366
RGI60-13.45300,1969,92.27072179899262
RGI60-13.45300,1970,-165.71676458218565
RGI60-13.45300,1971,4.967532389644392
RGI60-13.45300,1972,-44.4377599267272
RGI60-13.45300,1973,-458.1481046737677
RGI60-13.45300,1974,-1047.935890930525
RGI60-13.45300,1975,-406.4595846772706
RGI60-13.45300,1976,160.9061592204457
RGI60-13.45300,1977,-637.4295559579674
RGI60-13.45300,1978,-39.27472662616864
RGI60-13.45300,1979,597.4543661779614
RGI60-13.45300,1980,63.48864904817167
RGI60-13.45300,1981,-126.8329521779483
RGI60-13.45300,1982,-158.55478987006595
RGI60-13.45300,1983,170.94678142735117
RGI60-13.45300,1984,406.4336918834681
RGI60-13.45300,1985,42.29977795559355
RGI60-13.45300,1986,181.52895206400092
RGI60-13.45300,1987,397.23434179542556
RGI60-13.45300,1988,504.63357730169145
RGI60-13.45300,1989,372.2147105998228
RGI60-13.45300,1990,-88.01572972849833
RGI60-13.45300,1991,-598.5347990768992
RGI60-13.45300,1992,423.54816209340777
RGI60-13.45300,1993,431.960340320072
RGI60-13.45300,1994,176.2794330827235
RGI60-13.45300,1995,-300.98854303420893
RGI60-13.45300,1996,145.94514096079385
RGI60-13.45300,1997,-593.0762066661621
RGI60-13.45300,1998,-120.99294380728679
RGI60-13.45300,1999,-230.8409970209237
RGI60-13.45300,2000,118.65817940218491
RGI60-13.45300,2001,-606.670888027802
RGI60-13.45300,2002,-321.87601434265025
RGI60-13.45300,2003,55.80737482304952
RGI60-13.45300,2004,-200.29402568571197
RGI60-13.45300,2005,-495.7014205120355
RGI60-13.45300,2006,-424.5588281260301
RGI60-13.45300,2007,-242.7036153453354
RGI60-13.45300,2008,-870.3481523478347
RGI60-13.45300,2009,288.3669362238631
RGI60-13.45300,2010,-253.3867046637715
RGI60-13.45300,2011,-460.17391235503817
RGI60-13.45300,2012,-370.7572611245489
RGI60-13.45300,2013,-50.43616583742878
RGI60-13.45300,2014,-49.87275199466646
RGI60-13.45300,2015,93.75811194192251
RGI60-13.45300,2016,-465.48489022197526
RGI60-13.45300,2017,-307.8980977440392
RGI60-13.45300,2018,-83.95881734431642
RGI60-13.45300,2019,-132.46905671783466
RGI60-13.45301,1901,-276.26056524073516
RGI60-13.45301,1902,-309.81809595270556
RGI60-13.45301,1903,12.410595828698264
RGI60-13.45301,1904,-1054.7599231806432
RGI60-13.45301,1905,-789.4573781682598
RGI60-13.45301,1906,-1123.6686890556894
RGI60-13.45301,1907,-235.54673445140588
RGI60-13.45301,1908,-516.9448363891453
RGI60-13.45301,1909,-1410.4251469687283
RGI60-13.45301,1910,-930.1591355038158
RGI60-13.45301,1911,-57.25814485994525
RGI60-13.45301,1912,-377.14669840516024
RGI60-13.45301,1913,-38.829452113912495
RGI60-13.45301,1914,-479.7639629535747
RGI60-13.45301,1915,-1384.891774823683
RGI60-13.45301,1916,-990.4097142061466
RGI60-13.45301,1917,-888.9108153451845
RGI60-13.45301,1918,-1126.7742048815674
RGI60-13.45301,1919,327.3207418961936
RGI60-13.45301,1920,-562.8183058436764
RGI60-13.45301,1921,-552.8703166116377
RGI60-13.45301,1922,-1069.779166637172
RGI60-13.45301,1923,-1151.4723523559717
RGI60-13.45301,1924,-1001.2179201385809
RGI60-13.45301,1925,115.76036971228402
RGI60-13.45301,1926,-73.21074309753932
RGI60-13.45301,1927,-487.4348845398308
RGI60-13.45301,1928,-223.83743462422797
RGI60-13.45301,1929,-155.81873662639993
RGI60-13.45301,1930,310.7348757528727
RGI60-13.45301,1931,-513.397505080287
RGI60-13.45301,1932,-200.6562832368129
RGI60-13.45301,1933,-1020.5071480769913
RGI60-13.45301,1934,-184.6511921312202
RGI60-13.45301,1935,-1082.1960258946342
RGI60-13.45301,1936,-298.08115396512454
RGI60-13.45301,1937,-38.60046592251196
RGI60-13.45301,1938,-94.4997083000099
RGI60-13.45301,1939,-610.5682974824023
RGI60-13.45301,1940,-775.0240976952597
RGI60-13.45301,1941,-491.04212379891044
RGI60-13.45301,1942,949.4537933941754
RGI60-13.45301,1943,-1221.6485026559892
RGI60-13.45301,1944,-1158.8800854498731
RGI60-13.45301,1945,-1562.6367504739717
RGI60-13.45301,1946,159.79384064088472
RGI60-13.45301,1947,-292.66799548259087
RGI60-13.45301,1948,-1069.8022209688622
RGI60-13.45301,1949,-375.7173007717534
RGI60-13.45301,1950,-1173.7774282195724
RGI60-13.45301,1951,-825.8879180148078
RGI60-13.45301,1952,-426.0945294320657
RGI60-13.45301,1953,-438.0635959012381
RGI60-13.45301,1954,102.93391962784341
RGI60-13.45301,1955,-795.6305587915696
RGI60-13.45301,1956,-328.82522412745317
RGI60-13.45301,1957,-621.7852450003139
RGI60-13.45301,1958,495.20674447147263
RGI60-13.45301,1959,174.19446676867682
RGI60-13.45301,1960,69.93956353964742
RGI60-13.45301,1961,-249.5365011962657
RGI60-13.45301,1962,-1469.6333072363018
RGI60-13.45301,1963,-618.4064441743784
RGI60-13.45301,1964,-538.5192221885243
RGI60-13.45301,1965,-1193.9140632412639
RGI60-13.45301,1966,-878.2380410568335
RGI60-13.45301,1967,-562.8607236456606
RGI60-13.45301,1968,-987.7342447591212
RGI60-13.45301,1969,-275.20290925913145
RGI60-13.45301,1970,-399.0674114726158
RGI60-13.45301,1971,-351.1594655578676
RGI60-13.45301,1972,-163.50358252069532
RGI60-13.45301,1973,-916.6818943660719
RGI60-13.45301,1974,-1626.1499056063303
RGI60-13.45301,1975,-863.0926951758231
RGI60-13.45301,1976,-184.3267874269161
RGI60-13.45301,1977,-1168.1438549684108
RGI60-13.45301,1978,-417.0323815595136
RGI60-13.45301,1979,182.4718994155929
RGI60-13.45301,1980,-442.22076322025686
RGI60-13.45301,1981,-467.2276584368233
RGI60-13.45301,1982,-442.3941537802412
RGI60-13.45301,1983,-420.1608073465031
RGI60-13.45301,1984,-1.6099347226219027
RGI60-13.45301,1985,-414.4519823093149
RGI60-13.45301,1986,-450.6494430133366
RGI60-13.45301,1987,-387.08650931830147
RGI60-13.45301,1988,198.94514388564798
RGI60-13.45301,1989,-66.40246449842927
RGI60-13.45301,1990,-442.9251302815888
RGI60-13.45301,1991,-875.6023667404429
RGI60-13.45301,1992,176.85065439449647
RGI60-13.45301,1993,236.61929843392284
RGI60-13.45301,1994,-399.7988661516703
RGI60-13.45301,1995,-703.3246329473891
RGI60-13.45301,1996,-300.3774811063421
RGI60-13.45301,1997,-996.8936408526009
RGI60-13.45301,1998,-828.2896828501167
RGI60-13.45301,1999,-837.9446180532788
RGI60-13.45301,2000,-739.7474398493391
RGI60-13.45301,2001,-1304.3346590790895
RGI60-13.45301,2002,-1027.0778197373766
RGI60-13.45301,2003,-125.09650457134157
RGI60-13.45301,2004,-736.2182465290043
RGI60-13.45301,2005,-926.3502318928042
RGI60-13.45301,2006,-1066.5782265048172
RGI60-13.45301,2007,-851.1191805896948
RGI60-13.45301,2008,-1537.8119006048637
RGI60-13.45301,2009,-236.3655123866669
RGI60-13.45301,2010,-876.1519809322989
RGI60-13.45301,2011,-1130.8633884951964
RGI60-13.45301,2012,-1105.6659415114343
RGI60-13.45301,2013,-509.8126338794937
RGI60-13.45301,2014,-624.4422693725858
RGI60-13.45301,2015,-664.3117397941148
RGI60-13.45301,2016,-1091.7031436850095
RGI60-13.45301,2017,-1055.6207759882968
RGI60-13.45301,2018,-885.2231546486098
RGI60-13.45301,2019,-885.5052499479792
RGI60-13.45302,1901,-544.4819189168021
RGI60-13.45302,1902,-639.467121328882
RGI60-13.45302,1903,-279.395845280694
RGI60-13.45302,1904,-1364.3068757289484
RGI60-13.45302,1905,-1088.1406488481027
RGI60-13.45302,1906,-1450.9634821288078
RGI60-13.45302,1907,-485.2476570190551
RGI60-13.45302,1908,-781.3132056637266
RGI60-13.45302,1909,-1657.3845646973173
RGI60-13.45302,1910,-1208.085306881788
RGI60-13.45302,1911,-373.28522094062924
RGI60-13.45302,1912,-667.828937382809
RGI60-13.45302,1913,-357.11077795425325
RGI60-13.45302,1914,-774.3133788284447
RGI60-13.45302,1915,-1648.1252888414683
RGI60-13.45302,1916,-1286.2868570502958
RGI60-13.45302,1917,-1185.0789096223389
RGI60-13.45302,1918,-1377.314975540698
RGI60-13.45302,1919,61.986650333175604
RGI60-13.45302,1920,-887.0980013299585
RGI60-13.45302,1921,-801.264151367217
RGI60-13.45302,1922,-1334.4251211842404
RGI60-13.45302,1923,-1370.5162153842796
RGI60-13.45302,1924,-1177.3051657092735
RGI60-13.45302,1925,-101.59565228925895
RGI60-13.45302,1926,-344.6641900951329
RGI60-13.45302,1927,-658.5050109525572
RGI60-13.45302,1928,-516.6966703551518
RGI60-13.45302,1929,-425.26131526320864
RGI60-13.45302,1930,57.19443242516452
RGI60-13.45302,1931,-817.813958595835
RGI60-13.45302,1932,-333.7879242506029
RGI60-13.45302,1933,-1252.5003046146842
RGI60-13.45302,1934,-530.7381147060634
RGI60-13.45302,1935,-1368.7451267696954
RGI60-13.45302,1936,-531.0884668072616
RGI60-13.45302,1937,-264.8920966928299
RGI60-13.45302,1938,-303.64900651848046
RGI60-13.45302,1939,-869.8550885384786
RGI60-13.45302,1940,-1075.6460830699468
RGI60-13.45302,1941,-821.1820031505722
RGI60-13.45302,1942,565.2655748883018
RGI60-13.45302,1943,-1395.8499178086752
RGI60-13.45302,1944,-1414.36975156767
RGI60-13.45302,1945,-1846.596741660317
RGI60-13.45302,1946,-25.782033174404724
RGI60-13.45302,1947,-544.289576762036
RGI60-13.45302,1948,-1252.6369961984026
RGI60-13.45302,1949,-645.2015606364715
RGI60-13.45302,1950,-1405.483379886919
RGI60-13.45302,1951,-1146.9799663186227
RGI60-13.45302,1952,-608.4352387557379
RGI60-13.45302,1953,-751.8859459781189
RGI60-13.45302,1954,-145.88839480184453
RGI60-13.45302,1955,-1099.1743709944537
RGI60-13.45302,1956,-441.89740064125976
RGI60-13.45302,1957,-934.4157203839383
RGI60-13.45302,1958,312.8489407464236
RGI60-13.45302,1959,-179.49198230795287
RGI60-13.45302,1960,-163.91933172181916
RGI60-13.45302,1961,-533.1666641853541
RGI60-13.45302,1962,-1714.797904694013
RGI60-13.45302,1963,-918.0752013505477
RGI60-13.45302,1964,-820.9853373063148
RGI60-13.45302,1965,-1488.736621502716
RGI60-13.45302,1966,-1211.5682200048657
RGI60-13.45302,1967,-840.5976335670291
RGI60-13.45302,1968,-1264.0755695990765
RGI60-13.45302,1969,-483.29014204498515
RGI60-13.45302,1970,-722.1723420021788
RGI60-13.45302,1971,-680.3397003645312
RGI60-13.45302,1972,-499.1799989053853
RGI60-13.45302,1973,-1166.5977462275644
RGI60-13.45302,1974,-1878.257600762258
RGI60-13.45302,1975,-1094.834381384128
RGI60-13.45302,1976,-482.8322074922663
RGI60-13.45302,1977,-1452.4657983185814
RGI60-13.45302,1978,-660.179191740721
RGI60-13.45302,1979,-100.88615178488197
RGI60-13.45302,1980,-645.2464312340943
RGI60-13.45302,1981,-781.0939734134877
RGI60-13.45302,1982,-770.3739210642357
RGI60-13.45302,1983,-601.3288833638567
RGI60-13.45302,1984,-268.42647165422267
RGI60-13.45302,1985,-617.9424717322979
RGI60-13.45302,1986,-612.4728597647193
RGI60-13.45302,1987,-530.8568557461246
RGI60-13.45302,1988,-119.89002776689533
RGI60-13.45302,1989,-312.9836586974797
RGI60-13.45302,1990,-778.1867761060149
RGI60-13.45302,1991,-1193.5601695393277
RGI60-13.45302,1992,-138.87183673304207
RGI60-13.45302,1993,-39.81667597623587
RGI60-13.45302,1994,-687.3648413012587
RGI60-13.45302,1995,-1005.4513930884424
RGI60-13.45302,1996,-614.3601737741948
RGI60-13.45302,1997,-1281.1542543470557
RGI60-13.45302,1998,-1138.1165744617842
RGI60-13.45302,1999,-1129.6189098237176
RGI60-13.45302,2000,-879.8850221775651
RGI60-13.45302,2001,-1548.6353476438858
RGI60-13.45302,2002,-1308.9022105926224
RGI60-13.45302,2003,-534.9546565563332
RGI60-13.45302,2004,-1027.8985915098372
RGI60-13.45302,2005,-1243.9143018000486
RGI60-13.45302,2006,-1312.232355862219
RGI60-13.45302,2007,-1167.7415806807942
RGI60-13.45302,2008,-1807.7717184394548
RGI60-13.45302,2009,-509.2513292046318
RGI60-13.45302,2010,-1151.4566454637177
RGI60-13.45302,2011,-1393.3023010272034
RGI60-13.45302,2012,-1351.7823494707043
RGI60-13.45302,2013,-811.1885076971984
RGI60-13.45302,2014,-899.1442245478205
RGI60-13.45302,2015,-919.6152521715469
RGI60-13.45302,2016,-1447.7050079584546
RGI60-13.45302,2017,-1307.3812470775192
RGI60-13.45302,2018,-1142.0731118933293
RGI60-13.45302,2019,-1097.1642382251102
RGI60-13.45303,1901,141.24277356017876
RGI60-13.45303,1902,225.4309233077892
RGI60-13.45303,1903,342.75849162754133
RGI60-13.45303,1904,-902.0443612669891
RGI60-13.45303,1905,-594.8423683399469
RGI60-13.45303,1906,-1017.7731353427166
RGI60-13.45303,1907,288.64374098849805
RGI60-13.45303,1908,-135.208705778578
RGI60-13.45303,1909,-1140.06733188718
RGI60-13.45303,1910,-689.988698673988
RGI60-13.45303,1911,326.9643687145188
RGI60-13.45303,1912,-230.20455540464735
RGI60-13.45303,1913,258.28525385327697
RGI60-13.45303,1914,-165.64848834344164
RGI60-13.45303,1915,-1166.6781113926095
RGI60-13.45303,1916,-809.947102858992
RGI60-13.45303,1917,-741.4518365525884
RGI60-13.45303,1918,-770.0916970921892
RGI60-13.45303,1919,983.0189476462815
RGI60-13.45303,1920,-175.81168665248364
RGI60-13.45303,1921,-115.18082419788216
RGI60-13.45303,1922,-904.5887769827057
RGI60-13.45303,1923,-725.0356411026404
RGI60-13.45303,1924,-619.7486914441038
RGI60-13.45303,1925,482.1889056798399
RGI60-13.45303,1926,225.56639862977596
RGI60-13.45303,1927,-16.5288802707364
RGI60-13.45303,1928,201.33934021738042
RGI60-13.45303,1929,182.22793826238757
RGI60-13.45303,1930,839.958287149828
RGI60-13.45303,1931,-81.8541833050783
RGI60-13.45303,1932,204.6971033410508
RGI60-13.45303,1933,-689.0363557801131
RGI60-13.45303,1934,19.75231615441605
RGI60-13.45303,1935,-757.2919373193126
RGI60-13.45303,1936,-28.500019961313626
RGI60-13.45303,1937,300.68577492023655
RGI60-13.45303,1938,293.45694147798076
RGI60-13.45303,1939,-128.40226097833798
RGI60-13.45303,1940,-361.3567091252055
RGI60-13.45303,1941,-35.895677045861255
RGI60-13.45303,1942,1838.1901487915593
RGI60-13.45303,1943,-885.8719518854862
RGI60-13.45303,1944,-836.4011692977584
RGI60-13.45303,1945,-1192.256824028482
RGI60-13.45303,1946,669.564600451441
RGI60-13.45303,1947,-50.936655710369045
RGI60-13.45303,1948,-677.21316979856
RGI60-13.45303,1949,150.54228619723548
RGI60-13.45303,1950,-820.4579398999747
RGI60-13.45303,1951,-506.6399554292164
RGI60-13.45303,1952,46.68139805525634
RGI60-13.45303,1953,108.1862653434138
RGI60-13.45303,1954,355.5263008590542
RGI60-13.45303,1955,-377.26509335106
RGI60-13.45303,1956,193.08512405480917
RGI60-13.45303,1957,-322.1479595931274
RGI60-13.45303,1958,945.1125620263973
RGI60-13.45303,1959,493.1881347651335
RGI60-13.45303,1960,376.89846573566626
RGI60-13.45303,1961,-0.42206190312468694
RGI60-13.45303,1962,-1023.5264700124352
RGI60-13.45303,1963,-351.4332869368365
RGI60-13.45303,1964,-165.7791215427666
RGI60-13.45303,1965,-902.6690682808915
RGI60-13.45303,1966,-468.86411497055514
RGI60-13.45303,1967,-323.69644627854007
RGI60-13.45303,1968,-715.1972521082095
RGI60-13.45303,1969,94.68999039193328
RGI60-13.45303,1970,-202.88544152425186
RGI60-13.45303,1971,-57.21029475029097
RGI60-13.45303,1972,37.27699656059413
RGI60-13.45303,1973,-579.4744199653271
RGI60-13.45303,1974,-1249.0939388091626
RGI60-13.45303,1975,-493.6947500780736
RGI60-13.45303,1976,172.7776495479113
RGI60-13.45303,1977,-795.5449591468574
RGI60-13.45303,1978,-35.87771702421653
RGI60-13.45303,1979,637.659242286967
RGI60-13.45303,1980,-18.752372431725906
RGI60-13.45303,1981,-195.1623868871228
RGI60-13.45303,1982,-164.62605295305124
RGI60-13.45303,1983,71.05477235575705
RGI60-13.45303,1984,439.5506599757722
RGI60-13.45303,1985,-25.049011544116258
RGI60-13.45303,1986,82.52162236322776
RGI60-13.45303,1987,226.86507462022
RGI60-13.45303,1988,591.7223216005451
RGI60-13.45303,1989,350.99210977286134
RGI60-13.45303,1990,-159.58741137842048
RGI60-13.45303,1991,-634.0276545557158
RGI60-13.45303,1992,488.9940543387141
RGI60-13.45303,1993,553.4696606732115
RGI60-13.45303,1994,81.16817734576344
RGI60-13.45303,1995,-412.9026526208837
RGI60-13.45303,1996,88.16078475828925
RGI60-13.45303,1997,-685.9199989989598
RGI60-13.45303,1998,-325.89371162295595
RGI60-13.45303,1999,-355.8673747910851
RGI60-13.45303,2000,-20.621309000116256
RGI60-13.45303,2001,-821.4121605153587
RGI60-13.45303,2002,-475.2634266860681
RGI60-13.45303,2003,121.09945111107187
RGI60-13.45303,2004,-320.7863180142939
RGI60-13.45303,2005,-561.6282229959013
RGI60-13.45303,2006,-600.174339220885
RGI60-13.45303,2007,-430.07723962768324
RGI60-13.45303,2008,-1086.7504891145913
RGI60-13.45303,2009,236.6838137805826
RGI60-13.45303,2010,-417.8701328869387
RGI60-13.45303,2011,-673.0836538230675
RGI60-13.45303,2012,-596.1686589714707
RGI60-13.45303,2013,-135.1945260402986
RGI60-13.45303,2014,-158.98284377780055
RGI60-13.45303,2015,-17.809461105294403
RGI60-13.45303,2016,-664.0546335070864
RGI60-13.45303,2017,-488.0507147641251
RGI60-13.45303,2018,-307.7563535150509
RGI60-13.45303,2019,-265.72627053835333
RGI60-13.45304,1901,330.32368014661535
RGI60-13.45304,1902,446.611943490185
RGI60-13.45304,1903,541.030853925806
RGI60-13.45304,1904,-678.8586196334204
RGI60-13.45304,1905,-375.8422428583279
RGI60-13.45304,1906,-805.280290455559
RGI60-13.45304,1907,475.4419969479907
RGI60-13.45304,1908,43.696395785774065
RGI60-13.45304,1909,-910.3674658092069
RGI60-13.45304,1910,-493.50710559797307
RGI60-13.45304,1911,545.987549778511
RGI60-13.45304,1912,-33.79129898304034
RGI60-13.45304,1913,481.5509273047752
RGI60-13.45304,1914,49.9582126076524
RGI60-13.45304,1915,-971.2450983519059
RGI60-13.45304,1916,-608.211345432337
RGI60-13.45304,1917,-532.9988111394905
RGI60-13.45304,1918,-573.1936454994551
RGI60-13.45304,1919,1177.197353166988
RGI60-13.45304,1920,36.337426429839034
RGI60-13.45304,1921,69.29481562066874
RGI60-13.45304,1922,-715.284794672386
RGI60-13.45304,1923,-529.5639697681012
RGI60-13.45304,1924,-442.0604717617596
RGI60-13.45304,1925,629.6060389001093
RGI60-13.45304,1926,419.4339397264952
RGI60-13.45304,1927,135.05809541115846
RGI60-13.45304,1928,411.9005113951684
RGI60-13.45304,1929,380.9181192044321
RGI60-13.45304,1930,1017.7099906633665
RGI60-13.45304,1931,112.19462001507918
RGI60-13.45304,1932,341.02025037464534
RGI60-13.45304,1933,-503.65357562347515
RGI60-13.45304,1934,249.14189707550608
RGI60-13.45304,1935,-564.3873103439242
RGI60-13.45304,1936,150.89116255300758
RGI60-13.45304,1937,470.4597071378516
RGI60-13.45304,1938,451.0588680931106
RGI60-13.45304,1939,83.2122616165305
RGI60-13.45304,1940,-120.37937114771884
RGI60-13.45304,1941,168.72834850246338
RGI60-13.45304,1942,2079.4049332607497
RGI60-13.45304,1943,-706.7398086317867
RGI60-13.45304,1944,-642.1683669583446
RGI60-13.45304,1945,-956.5031422195734
RGI60-13.45304,1946,826.48773020966
RGI60-13.45304,1947,125.45982477440204
RGI60-13.45304,1948,-492.58060935698086
RGI60-13.45304,1949,365.58312786622105
RGI60-13.45304,1950,-614.7130622546232
RGI60-13.45304,1951,-254.13652487570718
RGI60-13.45304,1952,195.2765850893235
RGI60-13.45304,1953,366.71485748280054
RGI60-13.45304,1954,521.5364738064536
RGI60-13.45304,1955,-182.16900051549268
RGI60-13.45304,1956,320.06724741553967
RGI60-13.45304,1957,-115.87692266615973
RGI60-13.45304,1958,1077.6183344860992
RGI60-13.45304,1959,753.1529558122063
RGI60-13.45304,1960,539.0104741447765
RGI60-13.45304,1961,197.98050989963215
RGI60-13.45304,1962,-790.6000647482932
RGI60-13.45304,1963,-120.2670638100511
RGI60-13.45304,1964,27.320422288913758
RGI60-13.45304,1965,-655.3464525984599
RGI60-13.45304,1966,-234.11990208586744
RGI60-13.45304,1967,-126.79464941423599
RGI60-13.45304,1968,-509.0333671649343
RGI60-13.45304,1969,269.1801925070805
RGI60-13.45304,1970,-4.318867181447175
RGI60-13.45304,1971,144.04938565961052
RGI60-13.45304,1972,264.22690849219947
RGI60-13.45304,1973,-379.75179386730235
RGI60-13.45304,1974,-1009.5888149808718
RGI60-13.45304,1975,-294.5926703725056
RGI60-13.45304,1976,383.2504930818047
RGI60-13.45304,1977,-573.0589558849202
RGI60-13.45304,1978,175.17635927391328
RGI60-13.45304,1979,834.2870101629973
RGI60-13.45304,1980,148.3384946488959
RGI60-13.45304,1981,-0.9240730287740256
RGI60-13.45304,1982,60.43316543682642
RGI60-13.45304,1983,225.94005371320966
RGI60-13.45304,1984,640.7714310457402
RGI60-13.45304,1985,135.81056890967795
RGI60-13.45304,1986,241.24927388101904
RGI60-13.45304,1987,356.4381560621931
RGI60-13.45304,1988,814.9356646241304
RGI60-13.45304,1989,523.5686187050643
RGI60-13.45304,1990,47.18267522832124
RGI60-13.45304,1991,-390.17891454433743
RGI60-13.45304,1992,695.250949540666
RGI60-13.45304,1993,755.8030759806276
RGI60-13.45304,1994,280.7026190304677
RGI60-13.45304,1995,-219.10989877302686
RGI60-13.45304,1996,286.2328431108818
RGI60-13.45304,1997,-463.3928672817558
RGI60-13.45304,1998,-130.81922365969714
RGI60-13.45304,1999,-127.35204876953699
RGI60-13.45304,2000,164.06164470804197
RGI60-13.45304,2001,-615.8554302684138
RGI60-13.45304,2002,-224.45041634523218
RGI60-13.45304,2003,386.39749221074237
RGI60-13.45304,2004,-105.88467601725878
RGI60-13.45304,2005,-301.8715849881351
RGI60-13.45304,2006,-391.63422295579187
RGI60-13.45304,2007,-227.38387637079546
RGI60-13.45304,2008,-844.9563305527157
RGI60-13.45304,2009,433.6260401620222
RGI60-13.45304,2010,-206.6470479334192
RGI60-13.45304,2011,-472.47008390417534
RGI60-13.45304,2012,-398.9023342787008
RGI60-13.45304,2013,68.07706907799208
RGI60-13.45304,2014,47.37113868408667
RGI60-13.45304,2015,219.72048694649712
RGI60-13.45304,2016,-417.84392606679376
RGI60-13.45304,2017,-259.72222026005204
RGI60-13.45304,2018,-118.43870231773168
RGI60-13.45304,2019,-43.19301953016972
RGI60-13.45305,1901,-42.57827897282596
RGI60-13.45305,1902,-12.586813720724546
RGI60-13.45305,1903,207.5345533127738
RGI60-13.45305,1904,-1084.4082018017918
RGI60-13.45305,1905,-761.0002090040924
RGI60-13.45305,1906,-1203.5598639352843
RGI60-13.45305,1907,82.61848347551947
RGI60-13.45305,1908,-332.1313890956143
RGI60-13.45305,1909,-1360.1663095340975
RGI60-13.45305,1910,-882.4183002068288
RGI60-13.45305,1911,162.64428233260728
RGI60-13.45305,1912,-348.9489311772488
RGI60-13.45305,1913,122.07493257704316
RGI60-13.45305,1914,-337.3893301772751
RGI60-13.45305,1915,-1387.1779388837235
RGI60-13.45305,1916,-994.7694480565701
RGI60-13.45305,1917,-899.2546551519605
RGI60-13.45305,1918,-1002.8531907247882
RGI60-13.45305,1919,788.6720278647058
RGI60-13.45305,1920,-394.0136126174135
RGI60-13.45305,1921,-323.22866175562103
RGI60-13.45305,1922,-1083.382595924737
RGI60-13.45305,1923,-968.6344068546281
RGI60-13.45305,1924,-823.6647129166697
RGI60-13.45305,1925,355.30539051580666
RGI60-13.45305,1926,96.5816932726773
RGI60-13.45305,1927,-209.18443401949307
RGI60-13.45305,1928,16.54682430641126
RGI60-13.45305,1929,37.200327423617026
RGI60-13.45305,1930,677.6125903207658
RGI60-13.45305,1931,-307.59901073216116
RGI60-13.45305,1932,74.5944660544129
RGI60-13.45305,1933,-900.3124273659562
RGI60-13.45305,1934,-112.15882143198684
RGI60-13.45305,1935,-993.9687120351574
RGI60-13.45305,1936,-157.87551734815509
RGI60-13.45305,1937,172.89935542312514
RGI60-13.45305,1938,152.1669193881028
RGI60-13.45305,1939,-350.54832114306674
RGI60-13.45305,1940,-588.5173365114475
RGI60-13.45305,1941,-273.9864676319609
RGI60-13.45305,1942,1588.974264724916
RGI60-13.45305,1943,-1094.8923745352201
RGI60-13.45305,1944,-1065.7591277075728
RGI60-13.45305,1945,-1465.1748279982564
RGI60-13.45305,1946,523.6869768373962
RGI60-13.45305,1947,-181.53783758708198
RGI60-13.45305,1948,-892.3910983958154
RGI60-13.45305,1949,-67.1345380205874
RGI60-13.45305,1950,-1040.8684063371577
RGI60-13.45305,1951,-706.3578057844957
RGI60-13.45305,1952,-145.3827171142481
RGI60-13.45305,1953,-118.24202422081491
RGI60-13.45305,1954,251.95072879376602
RGI60-13.45305,1955,-623.3909729999363
RGI60-13.45305,1956,12.747335199894769
RGI60-13.45305,1957,-516.8150760928244
RGI60-13.45305,1958,833.3351085908189
RGI60-13.45305,1959,373.52472461336924
RGI60-13.45305,1960,264.2314632075604
RGI60-13.45305,1961,-133.85116164137327
RGI60-13.45305,1962,-1292.6499023257609
RGI60-13.45305,1963,-520.0483204088378
RGI60-13.45305,1964,-365.8036438244039
RGI60-13.45305,1965,-1118.96906985603
RGI60-13.45305,1966,-710.324740146835
RGI60-13.45305,1967,-477.5962118092384
RGI60-13.45305,1968,-915.0180962373138
RGI60-13.45305,1969,-51.51301207982614
RGI60-13.45305,1970,-353.22866680925625
RGI60-13.45305,1971,-234.48188301948102
RGI60-13.45305,1972,-86.42083505239667
RGI60-13.45305,1973,-786.5587233347561
RGI60-13.45305,1974,-1514.2322120261185
RGI60-13.45305,1975,-696.9492096708865
RGI60-13.45305,1976,8.9831981969284
RGI60-13.45305,1977,-1037.362731896044
RGI60-13.45305,1978,-201.90651523690852
RGI60-13.45305,1979,480.3922243286775
RGI60-13.45305,1980,-196.97628718586617
RGI60-13.45305,1981,-372.1739110013409
RGI60-13.45305,1982,-335.80484221133275
RGI60-13.45305,1983,-119.99582498515028
RGI60-13.45305,1984,278.3313389391041
RGI60-13.45305,1985,-192.29338422726255
RGI60-13.45305,1986,-114.29268046102393
RGI60-13.45305,1987,1.4818629600585533
RGI60-13.45305,1988,450.04775321256824
RGI60-13.45305,1989,192.51467621110538
RGI60-13.45305,1990,-342.6069145136862
RGI60-13.45305,1991,-822.9715195989758
RGI60-13.45305,1992,363.88662030693814
RGI60-13.45305,1993,447.9420218571617
RGI60-13.45305,1994,-137.40653813567542
RGI60-13.45305,1995,-610.5928035606315
RGI60-13.45305,1996,-105.2257186575273
RGI60-13.45305,1997,-895.1052565624408
RGI60-13.45305,1998,-598.8088776679789
RGI60-13.45305,1999,-607.4607789183893
RGI60-13.45305,2000,-275.14992599103687
RGI60-13.45305,2001,-1098.7228571176888
RGI60-13.45305,2002,-755.0171205918816
RGI60-13.45305,2003,-34.98037519242177
RGI60-13.45305,2004,-548.0792747587677
RGI60-13.45305,2005,-784.3014656143577
RGI60-13.45305,2006,-855.4701657035464
RGI60-13.45305,2007,-684.2283137258405
RGI60-13.45305,2008,-1374.0441576377189
RGI60-13.45305,2009,40.946250988538736
RGI60-13.45305,2010,-665.2358229396617
RGI60-13.45305,2011,-940.3264079737977
RGI60-13.45305,2012,-871.6901450292306
RGI60-13.45305,2013,-337.67615962412845
RGI60-13.45305,2014,-385.7454233853222
RGI60-13.45305,2015,-282.05271717297654
RGI60-13.45305,2016,-940.562369980995
RGI60-13.45305,2017,-766.3861903420307
RGI60-13.45305,2018,-590.7295782060294
RGI60-13.45305,2019,-526.5477800011284
RGI60-13.45306,1901,173.57248159777774
RGI60-13.45306,1902,237.85224331425766
RGI60-13.45306,1903,444.8616430576298
RGI60-13.45306,1904,-664.2711937901303
RGI60-13.45306,1905,-387.01200534203804
RGI60-13.45306,1906,-762.3295828135783
RGI60-13.45306,1907,255.89170911346903
RGI60-13.45306,1908,-84.3604021144742
RGI60-13.45306,1909,-969.9732494066931
RGI60-13.45306,1910,-535.8947926114257
RGI60-13.45306,1911,422.97951960365157
RGI60-13.45306,1912,-12.685512812515356
RGI60-13.45306,1913,414.93922665727115
RGI60-13.45306,1914,-40.308245551072346
RGI60-13.45306,1915,-1023.4159957317382
RGI60-13.45306,1916,-625.0967208319368
RGI60-13.45306,1917,-523.9018217458588
RGI60-13.45306,1918,-699.5944839010591
RGI60-13.45306,1919,879.270493268518
RGI60-13.45306,1920,-85.10103600551133
RGI60-13.45306,1921,-107.92166579571018
RGI60-13.45306,1922,-726.0380518695699
RGI60-13.45306,1923,-693.9251269049574
RGI60-13.45306,1924,-588.0259330928445
RGI60-13.45306,1925,486.5916911249917
RGI60-13.45306,1926,338.033440320262
RGI60-13.45306,1927,-68.65089674901691
RGI60-13.45306,1928,263.5306982212276
RGI60-13.45306,1929,283.0300513033479
RGI60-13.45306,1930,802.8498282491013
RGI60-13.45306,1931,-45.82853823259429
RGI60-13.45306,1932,155.20835084132366
RGI60-13.45306,1933,-610.4786512099305
RGI60-13.45306,1934,240.0784953170046
RGI60-13.45306,1935,-660.6161828459857
RGI60-13.45306,1936,80.57037021060852
RGI60-13.45306,1937,356.4382493570063
RGI60-13.45306,1938,300.0020623790427
RGI60-13.45306,1939,-100.29230738975208
RGI60-13.45306,1940,-251.3699869142552
RGI60-13.45306,1941,7.550715972082113
RGI60-13.45306,1942,1685.0025700424678
RGI60-13.45306,1943,-827.3534128282722
RGI60-13.45306,1944,-746.2649085076421
RGI60-13.45306,1945,-1068.7934077513055
RGI60-13.45306,1946,598.0641453468021
RGI60-13.45306,1947,72.53633179403674
RGI60-13.45306,1948,-631.1745771790784
RGI60-13.45306,1949,159.87395962829663
RGI60-13.45306,1950,-733.5090514554363
RGI60-13.45306,1951,-327.1749754828551
RGI60-13.45306,1952,-16.521366787136188
RGI60-13.45306,1953,168.33987432415464
RGI60-13.45306,1954,459.56827334105077
RGI60-13.45306,1955,-328.7009473877753
RGI60-13.45306,1956,85.71599894629053
RGI60-13.45306,1957,-189.43465662598024
RGI60-13.45306,1958,877.0384860043449
RGI60-13.45306,1959,689.4288957824473
RGI60-13.45306,1960,435.08571363420236
RGI60-13.45306,1961,154.68801856362714
RGI60-13.45306,1962,-950.7072206784425
RGI60-13.45306,1963,-174.38975351932675
RGI60-13.45306,1964,-91.06302504463955
RGI60-13.45306,1965,-719.4124637525264
RGI60-13.45306,1966,-363.4186090306147
RGI60-13.45306,1967,-167.75333525344868
RGI60-13.45306,1968,-577.465583894071
RGI60-13.45306,1969,128.13691705867015
RGI60-13.45306,1970,-8.660837901960862
RGI60-13.45306,1971,77.14020958793745
RGI60-13.45306,1972,260.2871821423623
RGI60-13.45306,1973,-481.2508992120333
RGI60-13.45306,1974,-1119.1220532717896
RGI60-13.45306,1975,-426.82268971901414
RGI60-13.45306,1976,275.05980924837934
RGI60-13.45306,1977,-691.1994654900204
RGI60-13.45306,1978,52.254775761757955
RGI60-13.45306,1979,653.4063330419103
RGI60-13.45306,1980,-25.11802328566585
RGI60-13.45306,1981,-62.757909568609044
RGI60-13.45306,1982,5.561751186633581
RGI60-13.45306,1983,3.0111568512452886
RGI60-13.45306,1984,471.66163295862145
RGI60-13.45306,1985,-23.934748691052583
RGI60-13.45306,1986,-4.871211867871284
RGI60-13.45306,1987,41.04537561576112
RGI60-13.45306,1988,696.466494750885
RGI60-13.45306,1989,359.19391850967355
RGI60-13.45306,1990,-13.120706113002715
RGI60-13.45306,1991,-424.93534867686355
RGI60-13.45306,1992,629.3158695166725
RGI60-13.45306,1993,666.8276316661955
RGI60-13.45306,1994,87.38973776526912
RGI60-13.45306,1995,-290.30996268329216
RGI60-13.45306,1996,144.35835823110608
RGI60-13.45306,1997,-544.9128477095586
RGI60-13.45306,1998,-340.97914485410314
RGI60-13.45306,1999,-299.9998993281442
RGI60-13.45306,2000,-192.69279686810194
RGI60-13.45306,2001,-816.9003802131575
RGI60-13.45306,2002,-443.17384915848686
RGI60-13.45306,2003,372.8298179373767
RGI60-13.45306,2004,-257.281612551708
RGI60-13.45306,2005,-392.2061855934281
RGI60-13.45306,2006,-577.6938333338455
RGI60-13.45306,2007,-386.70881018794546
RGI60-13.45306,2008,-1000.9462528287369
RGI60-13.45306,2009,247.63327806113455
RGI60-13.45306,2010,-381.3403872427552
RGI60-13.45306,2011,-659.7980405784449
RGI60-13.45306,2012,-610.0942725389872
RGI60-13.45306,2013,-49.32434687040385
RGI60-13.45306,2014,-138.1104199194665
RGI60-13.45306,2015,-39.162624073749946
RGI60-13.45306,2016,-548.2318305593308
RGI60-13.45306,2017,-478.0084222086076
RGI60-13.45306,2018,-371.2259555999557
RGI60-13.45306,2019,-311.56307567141215
RGI60-13.45307,1901,300.859288395932
RGI60-13.45307,1902,406.3251204753766
RGI60-13.45307,1903,508.94658829527083
RGI60-13.45307,1904,-718.107251787846
RGI60-13.45307,1905,-412.3723209453666
RGI60-13.45307,1906,-845.6162082416264
RGI60-13.45307,1907,443.5162254496806
RGI60-13.45307,1908,13.500085460110434
RGI60-13.45307,1909,-949.9067538058409
RGI60-13.45307,1910,-529.0628608405813
RGI60-13.45307,1911,509.5425974586771
RGI60-13.45307,1912,-63.671713709148456
RGI60-13.45307,1913,445.6049426728517
RGI60-13.45307,1914,17.002924382311086
RGI60-13.45307,1915,-1006.6781892270068
RGI60-13.45307,1916,-643.0152588343939
RGI60-13.45307,1917,-564.738496296087
RGI60-13.45307,1918,-607.7415649825954
RGI60-13.45307,1919,1144.6038880234676
RGI60-13.45307,1920,-3.118539616105992
RGI60-13.45307,1921,38.29059334133667
RGI60-13.45307,1922,-748.3811450402284
RGI60-13.45307,1923,-564.1010091438374
RGI60-13.45307,1924,-473.22787900152707
RGI60-13.45307,1925,607.1265360913001
RGI60-13.45307,1926,386.0926694455061
RGI60-13.45307,1927,108.01669851137208
RGI60-13.45307,1928,377.24193966329005
RGI60-13.45307,1929,353.0505260028147
RGI60-13.45307,1930,990.1347390255119
RGI60-13.45307,1931,73.9077425381439
RGI60-13.45307,1932,323.65182819972375
RGI60-13.45307,1933,-534.351370873423
RGI60-13.45307,1934,211.89498531494982
RGI60-13.45307,1935,-602.3628128176186
RGI60-13.45307,1936,125.12473614269383
RGI60-13.45307,1937,445.4749098118064
RGI60-13.45307,1938,429.7738198249062
RGI60-13.45307,1939,46.39464517558443
RGI60-13.45307,1940,-161.57307168962154
RGI60-13.45307,1941,126.99611196243573
RGI60-13.45307,1942,2036.4332340984324
RGI60-13.45307,1943,-737.2073406450805
RGI60-13.45307,1944,-678.4712251022648
RGI60-13.45307,1945,-999.0200038460109
RGI60-13.45307,1946,808.3687888516058
RGI60-13.45307,1947,96.25875632012412
RGI60-13.45307,1948,-524.740631720242
RGI60-13.45307,1949,329.6130410828706
RGI60-13.45307,1950,-647.8512103174319
RGI60-13.45307,1951,-295.3252170103508
RGI60-13.45307,1952,170.0970066614749
RGI60-13.45307,1953,329.0300185851852
RGI60-13.45307,1954,494.12543675793336
RGI60-13.45307,1955,-221.55589556196637
RGI60-13.45307,1956,298.444564135622
RGI60-13.45307,1957,-155.48142834397842
RGI60-13.45307,1958,1058.616610182853
RGI60-13.45307,1959,716.7710292850117
RGI60-13.45307,1960,517.046014729201
RGI60-13.45307,1961,168.16553722009616
RGI60-13.45307,1962,-827.9855944337187
RGI60-13.45307,1963,-158.16170839262986
RGI60-13.45307,1964,-7.200878837126916
RGI60-13.45307,1965,-693.8202685285901
RGI60-13.45307,1966,-272.54254776481235
RGI60-13.45307,1967,-155.73690137224105
RGI60-13.45307,1968,-543.8597534988099
RGI60-13.45307,1969,244.50748529417703
RGI60-13.45307,1970,-40.23311906290281
RGI60-13.45307,1971,107.22531586515422
RGI60-13.45307,1972,228.3087409907675
RGI60-13.45307,1973,-415.30196615926326
RGI60-13.45307,1974,-1051.3760619401726
RGI60-13.45307,1975,-325.7685974642051
RGI60-13.45307,1976,351.09654807634575
RGI60-13.45307,1977,-611.440883757415
RGI60-13.45307,1978,141.78334130291324
RGI60-13.45307,1979,806.6086443688187
RGI60-13.45307,1980,121.71150845453782
RGI60-13.45307,1981,-36.68828412115345
RGI60-13.45307,1982,22.213889204099367
RGI60-13.45307,1983,202.34557631671493
RGI60-13.45307,1984,611.0877269230906
RGI60-13.45307,1985,111.43521226858802
RGI60-13.45307,1986,217.7585829421541
RGI60-13.45307,1987,332.65956932215323
RGI60-13.45307,1988,781.531875966575
RGI60-13.45307,1989,496.00578691796096
RGI60-13.45307,1990,8.935339870795605
RGI60-13.45307,1991,-430.7253158846574
RGI60-13.45307,1992,663.9199305027913
RGI60-13.45307,1993,729.170989568576
RGI60-13.45307,1994,246.151590027947
RGI60-13.45307,1995,-256.26790402553564
RGI60-13.45307,1996,254.11721981062445
RGI60-13.45307,1997,-500.7294695803674
RGI60-13.45307,1998,-166.97478288517237
RGI60-13.45307,1999,-167.828339352691
RGI60-13.45307,2000,138.38462037844712
RGI60-13.45307,2001,-652.6406441495322
RGI60-13.45307,2002,-268.32210265061036
RGI60-13.45307,2003,342.6064489540483
RGI60-13.45307,2004,-143.80314595998857
RGI60-13.45307,2005,-346.3455947720572
RGI60-13.45307,2006,-428.4575453972798
RGI60-13.45307,2007,-268.97178524969456
RGI60-13.45307,2008,-888.9036803373031
RGI60-13.45307,2009,402.7116657929129
RGI60-13.45307,2010,-245.69380815239617
RGI60-13.45307,2011,-509.4342291065298
RGI60-13.45307,2012,-438.033411635944
RGI60-13.45307,2013,31.022978144380424
RGI60-13.45307,2014,11.560258362768703
RGI60-13.45307,2015,177.8547451758537
RGI60-13.45307,2016,-469.36991433584785
RGI60-13.45307,2017,-302.2919192569564
RGI60-13.45307,2018,-154.19210673738704
RGI60-13.45307,2019,-80.8586118351237
RGI60-13.45308,1901,-569.6395295178598
RGI60-13.45308,1902,-678.9934568881273
RGI60-13.45308,1903,-298.85396348841306
RGI60-13.45308,1904,-1405.1510193406061
RGI60-13.45308,1905,-1121.2456167804273
RGI60-13.45308,1906,-1492.1192678852276
RGI60-13.45308,1907,-509.4803984385498
RGI60-13.45308,1908,-809.619414192068
RGI60-13.45308,1909,-1693.0959476708358
RGI60-13.45308,1910,-1243.3500491852833
RGI60-13.45308,1911,-402.54313100529674
RGI60-13.45308,1912,-691.9824440646082
RGI60-13.45308,1913,-379.1948819277476
RGI60-13.45308,1914,-801.7209570104926
RGI60-13.45308,1915,-1686.285503196885
RGI60-13.45308,1916,-1320.5431034214682
RGI60-13.45308,1917,-1202.564929247585
RGI60-13.45308,1918,-1412.7331672511066
RGI60-13.45308,1919,48.3884422853412
RGI60-13.45308,1920,-930.2906115298905
RGI60-13.45308,1921,-829.8278963735554
RGI60-13.45308,1922,-1367.1920076600416
RGI60-13.45308,1923,-1405.6342402402113
RGI60-13.45308,1924,-1202.348564339308
RGI60-13.45308,1925,-111.08695018004215
RGI60-13.45308,1926,-361.26540481151653
RGI60-13.45308,1927,-676.5914681508897
RGI60-13.45308,1928,-546.1494567632559
RGI60-13.45308,1929,-445.988636296501
RGI60-13.45308,1930,39.81251740422955
RGI60-13.45308,1931,-858.8355998830328
RGI60-13.45308,1932,-330.3564182006806
RGI60-13.45308,1933,-1283.4183857367157
RGI60-13.45308,1934,-561.8839727282476
RGI60-13.45308,1935,-1410.8425900545974
RGI60-13.45308,1936,-546.544097543972
RGI60-13.45308,1937,-277.882030531843
RGI60-13.45308,1938,-311.5435799725906
RGI60-13.45308,1939,-905.0354621336282
RGI60-13.45308,1940,-1117.6688190057168
RGI60-13.45308,1941,-868.6067924980226
RGI60-13.45308,1942,519.931894577531
RGI60-13.45308,1943,-1422.0894409804735
RGI60-13.45308,1944,-1453.6032121394076
RGI60-13.45308,1945,-1889.129803752515
RGI60-13.45308,1946,-27.178084216062967
RGI60-13.45308,1947,-565.3449615204368
RGI60-13.45308,1948,-1283.7496931252285
RGI60-13.45308,1949,-679.9145284761777
RGI60-13.45308,1950,-1425.282934971065
RGI60-13.45308,1951,-1176.6761137374951
RGI60-13.45308,1952,-622.9365463540721
RGI60-13.45308,1953,-780.1800802566105
RGI60-13.45308,1954,-165.3889313131758
RGI60-13.45308,1955,-1144.4310324780931
RGI60-13.45308,1956,-460.07878273820455
RGI60-13.45308,1957,-972.7630577289045
RGI60-13.45308,1958,301.9117109334667
RGI60-13.45308,1959,-196.5439695508907
RGI60-13.45308,1960,-171.64756112728742
RGI60-13.45308,1961,-557.0721080427506
RGI60-13.45308,1962,-1745.8813594936598
RGI60-13.45308,1963,-947.756174630873
RGI60-13.45308,1964,-855.2414987478332
RGI60-13.45308,1965,-1517.3350978342687
RGI60-13.45308,1966,-1244.67750939878
RGI60-13.45308,1967,-855.1735381931263
RGI60-13.45308,1968,-1290.375900600515
RGI60-13.45308,1969,-493.36504478502906
RGI60-13.45308,1970,-760.942320582082
RGI60-13.45308,1971,-720.4514034437817
RGI60-13.45308,1972,-523.7714473757574
RGI60-13.45308,1973,-1201.7557665261506
RGI60-13.45308,1974,-1914.5408768622635
RGI60-13.45308,1975,-1120.3441717070384
RGI60-13.45308,1976,-510.22295459298005
RGI60-13.45308,1977,-1482.963799956445
RGI60-13.45308,1978,-679.4713996101937
RGI60-13.45308,1979,-119.8190661328616
RGI60-13.45308,1980,-664.6044981760521
RGI60-13.45308,1981,-817.1540425470148
RGI60-13.45308,1982,-804.1614338984471
RGI60-13.45308,1983,-615.3402379762546
RGI60-13.45308,1984,-286.63769697524845
RGI60-13.45308,1985,-633.4102707919847
RGI60-13.45308,1986,-625.0847576747825
RGI60-13.45308,1987,-555.9719902763425
RGI60-13.45308,1988,-141.1161580593144
RGI60-13.45308,1989,-329.60815581913585
RGI60-13.45308,1990,-820.2191785654962
RGI60-13.45308,1991,-1231.070040919362
RGI60-13.45308,1992,-166.96539370042606
RGI60-13.45308,1993,-52.625031549263255
RGI60-13.45308,1994,-720.4688423671439
RGI60-13.45308,1995,-1041.5728564427825
RGI60-13.45308,1996,-645.354383735885
RGI60-13.45308,1997,-1306.5594629519098
RGI60-13.45308,1998,-1177.0916021619855
RGI60-13.45308,1999,-1169.3249506172353
RGI60-13.45308,2000,-880.4671561999475
RGI60-13.45308,2001,-1576.3214994001985
RGI60-13.45308,2002,-1354.455131640783
RGI60-13.45308,2003,-578.4038622241532
RGI60-13.45308,2004,-1067.7865642093595
RGI60-13.45308,2005,-1281.0869214423753
RGI60-13.45308,2006,-1350.6224995922348
RGI60-13.45308,2007,-1211.5211614896934
RGI60-13.45308,2008,-1848.7377441847466
RGI60-13.45308,2009,-537.5550554196298
RGI60-13.45308,2010,-1194.4774351658627
RGI60-13.45308,2011,-1434.8700058619431
RGI60-13.45308,2012,-1392.5502122714272
RGI60-13.45308,2013,-847.1843195755467
RGI60-13.45308,2014,-933.1185213844004
RGI60-13.45308,2015,-952.4896003353641
RGI60-13.45308,2016,-1497.2797109968033
RGI60-13.45308,2017,-1342.0146203111324
RGI60-13.45308,2018,-1182.5428439472105
RGI60-13.45308,2019,-1120.5151343471982
RGI60-13.45309,1901,615.4256541744156
RGI60-13.45309,1902,826.9170553386806
RGI60-13.45309,1903,745.9717544237704
RGI60-13.45309,1904,-312.8475348233324
RGI60-13.45309,1905,-61.54853956179528
RGI60-13.45309,1906,-427.05317435375224
RGI60-13.45309,1907,782.0537830948896
RGI60-13.45309,1908,370.1483583975984
RGI60-13.45309,1909,-483.6714540117553
RGI60-13.45309,1910,-133.9787086907892
RGI60-13.45309,1911,796.3657834747547
RGI60-13.45309,1912,174.96731223860658
RGI60-13.45309,1913,685.8668498774506
RGI60-13.45309,1914,337.60177827698897
RGI60-13.45309,1915,-538.7731655525091
RGI60-13.45309,1916,-254.35416557141278
RGI60-13.45309,1917,-232.41989817790088
RGI60-13.45309,1918,-150.0368381923801
RGI60-13.45309,1919,1416.842994410795
RGI60-13.45309,1920,416.4307904864399
RGI60-13.45309,1921,408.77220451790146
RGI60-13.45309,1922,-367.18507395850474
RGI60-13.45309,1923,-93.85335991797027
RGI60-13.45309,1924,-80.83483815086714
RGI60-13.45309,1925,804.6708763934708
RGI60-13.45309,1926,610.3639240010692
RGI60-13.45309,1927,447.6656588979469
RGI60-13.45309,1928,699.8234599471405
RGI60-13.45309,1929,598.8137101608852
RGI60-13.45309,1930,1218.5909567110868
RGI60-13.45309,1931,493.57122394600214
RGI60-13.45309,1932,521.8496222623863
RGI60-13.45309,1933,-123.5163334362767
RGI60-13.45309,1934,472.8021498898438
RGI60-13.45309,1935,-124.44130650340534
RGI60-13.45309,1936,351.60661043502625
RGI60-13.45309,1937,646.7450068965743
RGI60-13.45309,1938,654.4752992014957
RGI60-13.45309,1939,454.31072798527094
RGI60-13.45309,1940,278.62323096292704
RGI60-13.45309,1941,576.4609851840033
RGI60-13.45309,1942,2389.5695193949373
RGI60-13.45309,1943,-323.2802513995851
RGI60-13.45309,1944,-214.09276555729355
RGI60-13.45309,1945,-441.9424483307196
RGI60-13.45309,1946,1006.5862664122131
RGI60-13.45309,1947,339.06074440377853
RGI60-13.45309,1948,-105.22571018906366
RGI60-13.45309,1949,713.1607894112947
RGI60-13.45309,1950,-217.41307568926675
RGI60-13.45309,1951,97.37355256837259
RGI60-13.45309,1952,498.3855011945669
RGI60-13.45309,1953,716.812731536282
RGI60-13.45309,1954,679.088968502722
RGI60-13.45309,1955,253.79373273857001
RGI60-13.45309,1956,593.0334586816366
RGI60-13.45309,1957,230.64930809093508
RGI60-13.45309,1958,1194.5390766684386
RGI60-13.45309,1959,912.5018591712807
RGI60-13.45309,1960,695.5209825257089
RGI60-13.45309,1961,415.0697104408655
RGI60-13.45309,1962,-297.6992292096899
RGI60-13.45309,1963,176.53450930936867
RGI60-13.45309,1964,366.23265988020734
RGI60-13.45309,1965,-248.07213144177913
RGI60-13.45309,1966,193.1336427360501
RGI60-13.45309,1967,135.3885075128898
RGI60-13.45309,1968,-141.319842254636
RGI60-13.45309,1969,482.92166489457827
RGI60-13.45309,1970,273.096153864384
RGI60-13.45309,1971,453.1376700341374
RGI60-13.45309,1972,468.509728109053
RGI60-13.45309,1973,-4.828404188726449
RGI60-13.45309,1974,-499.1606296045778
RGI60-13.45309,1975,54.11720424407728
RGI60-13.45309,1976,637.7554243533141
RGI60-13.45309,1977,-128.53125778875392
RGI60-13.45309,1978,440.3426076645965
RGI60-13.45309,1979,1040.640123181736
RGI60-13.45309,1980,437.1080884511932
RGI60-13.45309,1981,308.6283062380212
RGI60-13.45309,1982,356.36222036173643
RGI60-13.45309,1983,523.6054521471892
RGI60-13.45309,1984,864.231038777093
RGI60-13.45309,1985,402.75031824873093
RGI60-13.45309,1986,544.71790934866
RGI60-13.45309,1987,700.6318321970855
RGI60-13.45309,1988,1010.3369123555749
RGI60-13.45309,1989,757.8527877877276
RGI60-13.45309,1990,373.8850137436106
RGI60-13.45309,1991,-35.99933734359317
RGI60-13.45309,1992,879.663443362088
RGI60-13.45309,1993,884.790951597912
RGI60-13.45309,1994,630.4039716256664
RGI60-13.45309,1995,137.77551380433786
RGI60-13.45309,1996,593.9812046307524
RGI60-13.45309,1997,-81.3330525954165
RGI60-13.45309,1998,333.9603901080855
RGI60-13.45309,1999,307.4266626420977
RGI60-13.45309,2000,553.0546576291564
RGI60-13.45309,2001,-124.34311359040784
RGI60-13.45309,2002,263.22302323893376
RGI60-13.45309,2003,656.7001381888659
RGI60-13.45309,2004,290.4021475344061
RGI60-13.45309,2005,106.29945823808582
RGI60-13.45309,2006,57.825006869204564
RGI60-13.45309,2007,222.17229956606482
RGI60-13.45309,2008,-317.14471657033397
RGI60-13.45309,2009,734.1099117245382
RGI60-13.45309,2010,229.8320768102151
RGI60-13.45309,2011,5.234041177203474
RGI60-13.45309,2012,86.67823929878642
RGI60-13.45309,2013,411.43613306014015
RGI60-13.45309,2014,424.2505782150395
RGI60-13.45309,2015,648.3070448294666
RGI60-13.45309,2016,87.60709773884008
RGI60-13.45309,2017,223.58044572913482
RGI60-13.45309,2018,358.8024452519689
RGI60-13.45309,2019,383.97308506068936
RGI60-13.45310,1901,59.09811366727302
RGI60-13.45310,1902,86.24663128374821
RGI60-13.45310,1903,327.4863711129995
RGI60-13.45310,1904,-871.3779340276034
RGI60-13.45310,1905,-566.9965307951186
RGI60-13.45310,1906,-988.8390736353645
RGI60-13.45310,1907,159.8344343771453
RGI60-13.45310,1908,-223.17396927354196
RGI60-13.45310,1909,-1152.425598116074
RGI60-13.45310,1910,-715.9582134402556
RGI60-13.45310,1911,291.0742725084825
RGI60-13.45310,1912,-174.78402649427306
RGI60-13.45310,1913,279.6798913354404
RGI60-13.45310,1914,-186.03386370014573
RGI60-13.45310,1915,-1207.7198574865283
RGI60-13.45310,1916,-812.549956012672
RGI60-13.45310,1917,-698.6259912551208
RGI60-13.45310,1918,-858.8301572886853
RGI60-13.45310,1919,821.4944997090364
RGI60-13.45310,1920,-259.62395091222766
RGI60-13.45310,1921,-223.28673713167416
RGI60-13.45310,1922,-903.9805946833555
RGI60-13.45310,1923,-837.3206103987619
RGI60-13.45310,1924,-695.8809500914409
RGI60-13.45310,1925,415.31306359884576
RGI60-13.45310,1926,226.35183718496657
RGI60-13.45310,1927,-149.15007107256835
RGI60-13.45310,1928,133.555215739999
RGI60-13.45310,1929,162.39905942779689
RGI60-13.45310,1930,732.0086871869945
RGI60-13.45310,1931,-199.82027622701378
RGI60-13.45310,1932,131.1953811998405
RGI60-13.45310,1933,-762.2318074599706
RGI60-13.45310,1934,70.2351389888238
RGI60-13.45310,1935,-847.9142560551377
RGI60-13.45310,1936,-25.07475005904998
RGI60-13.45310,1937,275.75833379640835
RGI60-13.45310,1938,225.42135636824082
RGI60-13.45310,1939,-232.8047865864923
RGI60-13.45310,1940,-425.05942010488224
RGI60-13.45310,1941,-163.1641913422621
RGI60-13.45310,1942,1592.440570129191
RGI60-13.45310,1943,-949.3178317222441
RGI60-13.45310,1944,-913.7604101052315
RGI60-13.45310,1945,-1262.430335360418
RGI60-13.45310,1946,559.1859590227999
RGI60-13.45310,1947,-44.063555901431606
RGI60-13.45310,1948,-756.5490870250794
RGI60-13.45310,1949,36.333870801309395
RGI60-13.45310,1950,-878.8925346833286
RGI60-13.45310,1951,-497.23114101910085
RGI60-13.45310,1952,-92.8013729979922
RGI60-13.45310,1953,32.882270617846935
RGI60-13.45310,1954,353.69737612862724
RGI60-13.45310,1955,-503.6481731576648
RGI60-13.45310,1956,36.640217616133505
RGI60-13.45310,1957,-362.5653985632226
RGI60-13.45310,1958,851.7049669076054
RGI60-13.45310,1959,559.6312033247615
RGI60-13.45310,1960,353.7641306936344
RGI60-13.45310,1961,14.168161742236936
RGI60-13.45310,1962,-1115.694661808436
RGI60-13.45310,1963,-335.81401425729
RGI60-13.45310,1964,-242.7863747436205
RGI60-13.45310,1965,-905.6651025669564
RGI60-13.45310,1966,-547.2725652809324
RGI60-13.45310,1967,-318.244293197504
RGI60-13.45310,1968,-746.5103705358839
RGI60-13.45310,1969,49.0052832391647
RGI60-13.45310,1970,-187.78823191971392
RGI60-13.45310,1971,-93.04234277020348
RGI60-13.45310,1972,97.62875031847946
RGI60-13.45310,1973,-636.9159040601445
RGI60-13.45310,1974,-1308.9391405043127
RGI60-13.45310,1975,-558.5231298070519
RGI60-13.45310,1976,139.88582917782918
RGI60-13.45310,1977,-867.4667283067611
RGI60-13.45310,1978,-60.15913931246063
RGI60-13.45310,1979,566.141258121227
RGI60-13.45310,1980,-110.32816307118755
RGI60-13.45310,1981,-228.5992208103454
RGI60-13.45310,1982,-166.01371406556424
RGI60-13.45310,1983,-63.59140400617072
RGI60-13.45310,1984,380.0486086558819
RGI60-13.45310,1985,-105.7558499239443
RGI60-13.45310,1986,-60.53128870236041
RGI60-13.45310,1987,-0.7749118340290142
RGI60-13.45310,1988,576.6866305992274
RGI60-13.45310,1989,272.36434558562394
RGI60-13.45310,1990,-192.06610875137966
RGI60-13.45310,1991,-617.4161079206582
RGI60-13.45310,1992,494.08560070822676
RGI60-13.45310,1993,573.7494572222578
RGI60-13.45310,1994,-42.00493116676064
RGI60-13.45310,1995,-464.6576630385966
RGI60-13.45310,1996,2.6288163146484584
RGI60-13.45310,1997,-717.6963371034104
RGI60-13.45310,1998,-510.6796916538488
RGI60-13.45310,1999,-467.85944106291146
RGI60-13.45310,2000,-229.30989408291913
RGI60-13.45310,2001,-968.0884883395211
RGI60-13.45310,2002,-608.384329722419
RGI60-13.45310,2003,164.98679857225414
RGI60-13.45310,2004,-412.598488289369
RGI60-13.45310,2005,-588.4244082367069
RGI60-13.45310,2006,-726.5384702551536
RGI60-13.45310,2007,-560.4691806150438
RGI60-13.45310,2008,-1182.8295969207047
RGI60-13.45310,2009,134.02402961200775
RGI60-13.45310,2010,-537.0880057129102
RGI60-13.45310,2011,-818.7730713396143
RGI60-13.45310,2012,-759.6987764808019
RGI60-13.45310,2013,-208.070816952002
RGI60-13.45310,2014,-271.84872195281105
RGI60-13.45310,2015,-174.34692912563213
RGI60-13.45310,2016,-757.9466906631264
RGI60-13.45310,2017,-634.8270610106496
RGI60-13.45310,2018,-512.8098635973699
RGI60-13.45310,2019,-418.9580348875294
RGI60-13.45311,1901,284.0393568520059
RGI60-13.45311,1902,402.2411407304692
RGI60-13.45311,1903,494.6807500670605
RGI60-13.45311,1904,-722.490537732211
RGI60-13.45311,1905,-423.4277035166495
RGI60-13.45311,1906,-844.7506354849177
RGI60-13.45311,1907,429.23870781467383
RGI60-13.45311,1908,4.092453726304001
RGI60-13.45311,1909,-961.8812314211068
RGI60-13.45311,1910,-533.338800470555
RGI60-13.45311,1911,495.9888427110546
RGI60-13.45311,1912,-81.03330409330624
RGI60-13.45311,1913,426.88222081479495
RGI60-13.45311,1914,-2.235547226390976
RGI60-13.45311,1915,-1010.5815068411813
RGI60-13.45311,1916,-651.7335368601376
RGI60-13.45311,1917,-586.5063262486152
RGI60-13.45311,1918,-616.1791820147764
RGI60-13.45311,1919,1123.668447901355
RGI60-13.45311,1920,-1.3306301040652684
RGI60-13.45311,1921,26.587868281217162
RGI60-13.45311,1922,-755.8168390847137
RGI60-13.45311,1923,-572.7080362225707
RGI60-13.45311,1924,-483.80519083087506
RGI60-13.45311,1925,592.0498347094656
RGI60-13.45311,1926,370.50209457725816
RGI60-13.45311,1927,101.42908972415061
RGI60-13.45311,1928,362.9058374279084
RGI60-13.45311,1929,328.46891367268944
RGI60-13.45311,1930,970.7186048916791
RGI60-13.45311,1931,78.74976987972
RGI60-13.45311,1932,295.9102603149028
RGI60-13.45311,1933,-546.7479995476496
RGI60-13.45311,1934,198.39833446985634
RGI60-13.45311,1935,-597.9553417222376
RGI60-13.45311,1936,101.554046799602
RGI60-13.45311,1937,423.02268403457356
RGI60-13.45311,1938,406.61319013078645
RGI60-13.45311,1939,38.365326069299684
RGI60-13.45311,1940,-170.79121999422378
RGI60-13.45311,1941,138.30171959631977
RGI60-13.45311,1942,2036.2672672670187
RGI60-13.45311,1943,-749.7355787909523
RGI60-13.45311,1944,-679.3735765929705
RGI60-13.45311,1945,-1005.681192549785
RGI60-13.45311,1946,776.6837202928676
RGI60-13.45311,1947,84.62258544693893
RGI60-13.45311,1948,-533.1571820158937
RGI60-13.45311,1949,319.1923398245184
RGI60-13.45311,1950,-667.9840749776828
RGI60-13.45311,1951,-314.75734013043007
RGI60-13.45311,1952,159.14691206840178
RGI60-13.45311,1953,300.01801162310636
RGI60-13.45311,1954,486.9484151725315
RGI60-13.45311,1955,-212.69629330722154
RGI60-13.45311,1956,290.0907012216077
RGI60-13.45311,1957,-153.71245563097258
RGI60-13.45311,1958,1042.4018990379043
RGI60-13.45311,1959,681.732179325041
RGI60-13.45311,1960,494.0245063753313
RGI60-13.45311,1961,150.03858097553052
RGI60-13.45311,1962,-846.6353123915065
RGI60-13.45311,1963,-174.43675251624546
RGI60-13.45311,1964,-11.767844178309582
RGI60-13.45311,1965,-715.2719679932774
RGI60-13.45311,1966,-285.52706433811727
RGI60-13.45311,1967,-180.6148685214631
RGI60-13.45311,1968,-557.1713777701835
RGI60-13.45311,1969,216.8457603372028
RGI60-13.45311,1970,-38.13188234335707
RGI60-13.45311,1971,109.59620911312724
RGI60-13.45311,1972,211.14716315323332
RGI60-13.45311,1973,-420.94866179869604
RGI60-13.45311,1974,-1060.9251795679893
RGI60-13.45311,1975,-346.70705149571387
RGI60-13.45311,1976,331.7230335348955
RGI60-13.45311,1977,-621.7679364197412
RGI60-13.45311,1978,121.86590087773683
RGI60-13.45311,1979,780.838719083201
RGI60-13.45311,1980,108.74923331850971
RGI60-13.45311,1981,-37.49984297061672
RGI60-13.45311,1982,11.256768062331686
RGI60-13.45311,1983,185.59548236108225
RGI60-13.45311,1984,585.7922429267998
RGI60-13.45311,1985,94.59751254077993
RGI60-13.45311,1986,198.38625442596958
RGI60-13.45311,1987,328.5320821988362
RGI60-13.45311,1988,759.4105999795003
RGI60-13.45311,1989,481.7816702640197
RGI60-13.45311,1990,12.516581378050457
RGI60-13.45311,1991,-444.59402095680616
RGI60-13.45311,1992,649.8426142459408
RGI60-13.45311,1993,698.339733993756
RGI60-13.45311,1994,237.2692562146652
RGI60-13.45311,1995,-254.4342437791532
RGI60-13.45311,1996,240.7407857870985
RGI60-13.45311,1997,-515.4654123145141
RGI60-13.45311,1998,-170.43397852423033
RGI60-13.45311,1999,-174.48294714603838
RGI60-13.45311,2000,105.7946468080774
RGI60-13.45311,2001,-664.2964206151515
RGI60-13.45311,2002,-276.79810520887486
RGI60-13.45311,2003,333.3233274507967
RGI60-13.45311,2004,-148.63219554995382
RGI60-13.45311,2005,-357.74418929116354
RGI60-13.45311,2006,-436.3299746242836
RGI60-13.45311,2007,-260.7530714583551
RGI60-13.45311,2008,-897.2670179356842
RGI60-13.45311,2009,387.3849304335797
RGI60-13.45311,2010,-245.52569066071962
RGI60-13.45311,2011,-512.036201251918
RGI60-13.45311,2012,-435.1973421589631
RGI60-13.45311,2013,27.672412271087616
RGI60-13.45311,2014,2.068680037030364
RGI60-13.45311,2015,166.3144124255123
RGI60-13.45311,2016,-458.7194405420415
RGI60-13.45311,2017,-307.44269875476044
RGI60-13.45311,2018,-156.05753282292991
RGI60-13.45311,2019,-99.75852855129439
RGI60-13.45312,1901,167.22883026757125
RGI60-13.45312,1902,265.07908788423106
RGI60-13.45312,1903,342.2380673224221
RGI60-13.45312,1904,-863.048740048092
RGI60-13.45312,1905,-567.5566852888672
RGI60-13.45312,1906,-976.6462555343473
RGI60-13.45312,1907,318.5708955542516
RGI60-13.45312,1908,-96.77656231366663
RGI60-13.45312,1909,-1089.138847657986
RGI60-13.45312,1910,-647.8793046497847
RGI60-13.45312,1911,336.1896584250588
RGI60-13.45312,1912,-225.75361826274363
RGI60-13.45312,1913,250.20847528132865
RGI60-13.45312,1914,-146.0436454552312
RGI60-13.45312,1915,-1103.0130342121558
RGI60-13.45312,1916,-769.4830841500432
RGI60-13.45312,1917,-717.0311202339982
RGI60-13.45312,1918,-711.3972721694093
RGI60-13.45312,1919,988.8104799023735
RGI60-13.45312,1920,-132.39203878699684
RGI60-13.45312,1921,-73.93412198488593
RGI60-13.45312,1922,-861.2105988137392
RGI60-13.45312,1923,-662.3608955901851
RGI60-13.45312,1924,-571.9364439565772
RGI60-13.45312,1925,489.16420190238523
RGI60-13.45312,1926,222.17961004745692
RGI60-13.45312,1927,23.24215349409054
RGI60-13.45312,1928,222.02042806506842
RGI60-13.45312,1929,189.04141573441242
RGI60-13.45312,1930,844.9219543579021
RGI60-13.45312,1931,-33.840393262779486
RGI60-13.45312,1932,217.88383861463393
RGI60-13.45312,1933,-637.7177683362288
RGI60-13.45312,1934,21.46621083750117
RGI60-13.45312,1935,-693.8165224757586
RGI60-13.45312,1936,-22.363288859612343
RGI60-13.45312,1937,302.1252186474993
RGI60-13.45312,1938,307.13627125477325
RGI60-13.45312,1939,-85.62848604174644
RGI60-13.45312,1940,-319.37959395287237
RGI60-13.45312,1941,18.244561401146704
RGI60-13.45312,1942,1857.8002240338985
RGI60-13.45312,1943,-832.2831744453784
RGI60-13.45312,1944,-774.4207348569554
RGI60-13.45312,1945,-1118.1870506635782
RGI60-13.45312,1946,675.7815121790085
RGI60-13.45312,1947,-40.79189470221545
RGI60-13.45312,1948,-622.8960693633964
RGI60-13.45312,1949,188.56129004051306
RGI60-13.45312,1950,-771.9042452351692
RGI60-13.45312,1951,-479.38683555188015
RGI60-13.45312,1952,85.15349179733184
RGI60-13.45312,1953,134.74874514955874
RGI60-13.45312,1954,356.3482356012682
RGI60-13.45312,1955,-316.2733614192981
RGI60-13.45312,1956,231.83977634724673
RGI60-13.45312,1957,-286.85798725476474
RGI60-13.45312,1958,942.4510878883605
RGI60-13.45312,1959,470.4442836674138
RGI60-13.45312,1960,377.0523451165217
RGI60-13.45312,1961,5.662644605943549
RGI60-13.45312,1962,-954.8932341415479
RGI60-13.45312,1963,-333.8521324988801
RGI60-13.45312,1964,-128.3228615819789
RGI60-13.45312,1965,-858.121099644225
RGI60-13.45312,1966,-415.5059767324631
RGI60-13.45312,1967,-308.95186607608525
RGI60-13.45312,1968,-674.6994515994905
RGI60-13.45312,1969,104.31970232457462
RGI60-13.45312,1970,-178.40803243180406
RGI60-13.45312,1971,-25.72412355463683
RGI60-13.45312,1972,32.011229280472506
RGI60-13.45312,1973,-532.9388007197074
RGI60-13.45312,1974,-1177.4527591707435
RGI60-13.45312,1975,-453.5250080329206
RGI60-13.45312,1976,185.85045236461332
RGI60-13.45312,1977,-736.9232453017872
RGI60-13.45312,1978,-20.411111202857988
RGI60-13.45312,1979,642.7098820454145
RGI60-13.45312,1980,13.78945418876562
RGI60-13.45312,1981,-165.24291565648247
RGI60-13.45312,1982,-146.8012457438122
RGI60-13.45312,1983,109.7816387507828
RGI60-13.45312,1984,443.82802251899403
RGI60-13.45312,1985,2.9963042294824893
RGI60-13.45312,1986,122.44836346266194
RGI60-13.45312,1987,282.76022442464915
RGI60-13.45312,1988,587.2233173087128
RGI60-13.45312,1989,365.696811084075
RGI60-13.45312,1990,-124.80906950379399
RGI60-13.45312,1991,-606.9337997459022
RGI60-13.45312,1992,488.3912251685341
RGI60-13.45312,1993,537.3673048174057
RGI60-13.45312,1994,121.26501901392552
RGI60-13.45312,1995,-369.51438126179545
RGI60-13.45312,1996,117.59912293251924
RGI60-13.45312,1997,-646.4140819096633
RGI60-13.45312,1998,-255.44910108003535
RGI60-13.45312,1999,-304.1136905268923
RGI60-13.45312,2000,31.845890058692955
RGI60-13.45312,2001,-750.7500224524075
RGI60-13.45312,2002,-412.99452969024435
RGI60-13.45312,2003,124.15567823832976
RGI60-13.45312,2004,-271.1077308290563
RGI60-13.45312,2005,-524.8026494755885
RGI60-13.45312,2006,-536.7508619657441
RGI60-13.45312,2007,-366.67744812822673
RGI60-13.45312,2008,-1012.967043662448
RGI60-13.45312,2009,265.23590808956874
RGI60-13.45312,2010,-356.29856189149564
RGI60-13.45312,2011,-599.8958465214166
RGI60-13.45312,2012,-521.9524428042861
RGI60-13.45312,2013,-99.26804170181778
RGI60-13.45312,2014,-114.45347813180763
RGI60-13.45312,2015,30.551492612215323
RGI60-13.45312,2016,-599.118641303521
RGI60-13.45312,2017,-426.3105003935124
RGI60-13.45312,2018,-233.84074534726875
RGI60-13.45312,2019,-214.6004246999623
RGI60-13.45313,1901,213.5713367955922
RGI60-13.45313,1902,293.70406980757116
RGI60-13.45313,1903,447.18213877220006
RGI60-13.45313,1904,-824.9152566010544
RGI60-13.45313,1905,-505.7698064976024
RGI60-13.45313,1906,-956.598979326269
RGI60-13.45313,1907,347.5285950022639
RGI60-13.45313,1908,-83.82895348560207
RGI60-13.45313,1909,-1079.0945210095053
RGI60-13.45313,1910,-635.4654135431525
RGI60-13.45313,1911,433.2303574306961
RGI60-13.45313,1912,-127.18318344656481
RGI60-13.45313,1913,379.240045113271
RGI60-13.45313,1914,-70.36586419468702
RGI60-13.45313,1915,-1134.413274707179
RGI60-13.45313,1916,-748.2320071602813
RGI60-13.45313,1917,-655.3986216437005
RGI60-13.45313,1918,-734.0183790292081
RGI60-13.45313,1919,1065.9802412431532
RGI60-13.45313,1920,-112.2941749825905
RGI60-13.45313,1921,-63.96912312697139
RGI60-13.45313,1922,-851.7522055833189
RGI60-13.45313,1923,-694.4440034332102
RGI60-13.45313,1924,-582.4400850547556
RGI60-13.45313,1925,553.8605706371683
RGI60-13.45313,1926,324.115233626064
RGI60-13.45313,1927,15.668683049812007
RGI60-13.45313,1928,289.7837356459954
RGI60-13.45313,1929,285.52129323930586
RGI60-13.45313,1930,925.0391083300092
RGI60-13.45313,1931,-37.50530333593889
RGI60-13.45313,1932,266.40944764902133
RGI60-13.45313,1933,-648.1213284504672
RGI60-13.45313,1934,144.74629707097992
RGI60-13.45313,1935,-730.4227259477113
RGI60-13.45313,1936,60.31100021982391
RGI60-13.45313,1937,387.59868208105536
RGI60-13.45313,1938,367.99013612751685
RGI60-13.45313,1939,-64.02868303077527
RGI60-13.45313,1940,-279.6281015865161
RGI60-13.45313,1941,11.284777937561993
RGI60-13.45313,1942,1948.1266561910008
RGI60-13.45313,1943,-853.7485830935044
RGI60-13.45313,1944,-804.343749428526
RGI60-13.45313,1945,-1151.472191346844
RGI60-13.45313,1946,750.7793902112877
RGI60-13.45313,1947,30.758386939003564
RGI60-13.45313,1948,-640.5070633681369
RGI60-13.45313,1949,225.94743741800568
RGI60-13.45313,1950,-769.3044575317576
RGI60-13.45313,1951,-402.7812977779537
RGI60-13.45313,1952,78.80478506940032
RGI60-13.45313,1953,221.3587758923581
RGI60-13.45313,1954,447.3776997944092
RGI60-13.45313,1955,-346.9981707930754
RGI60-13.45313,1956,215.80394837364085
RGI60-13.45313,1957,-257.92944041411414
RGI60-13.45313,1958,1020.2629589096746
RGI60-13.45313,1959,663.9168423346356
RGI60-13.45313,1960,469.2612588857024
RGI60-13.45313,1961,101.3625010956469
RGI60-13.45313,1962,-974.6363408869627
RGI60-13.45313,1963,-249.49545039975396
RGI60-13.45313,1964,-107.3985851165084
RGI60-13.45313,1965,-815.0205068439581
RGI60-13.45313,1966,-396.1738108008434
RGI60-13.45313,1967,-236.4907082228696
RGI60-13.45313,1968,-654.4227460411964
RGI60-13.45313,1969,175.5414101300581
RGI60-13.45313,1970,-117.90760110428883
RGI60-13.45313,1971,19.474720929128566
RGI60-13.45313,1972,164.95652407888952
RGI60-13.45313,1973,-526.3491612225637
RGI60-13.45313,1974,-1201.023830907375
RGI60-13.45313,1975,-433.8707703512162
RGI60-13.45313,1976,273.3590917292919
RGI60-13.45313,1977,-741.9247175877575
RGI60-13.45313,1978,58.366765227606045
RGI60-13.45313,1979,740.4057690787914
RGI60-13.45313,1980,35.95760934009762
RGI60-13.45313,1981,-127.26294621156241
RGI60-13.45313,1982,-66.50750129904014
RGI60-13.45313,1983,114.06280807168136
RGI60-13.45313,1984,538.5236018504485
RGI60-13.45313,1985,30.61255142484247
RGI60-13.45313,1986,126.86539811164921
RGI60-13.45313,1987,229.8224846738422
RGI60-13.45313,1988,720.3865223578036
RGI60-13.45313,1989,424.74072143767927
RGI60-13.45313,1990,-83.93029518063256
RGI60-13.45313,1991,-537.2080904220578
RGI60-13.45313,1992,611.6036035764247
RGI60-13.45313,1993,685.9802172333044
RGI60-13.45313,1994,141.81769521851575
RGI60-13.45313,1995,-360.32769479019123
RGI60-13.45313,1996,161.95841893676496
RGI60-13.45313,1997,-615.3048824438459
RGI60-13.45313,1998,-303.26434872088805
RGI60-13.45313,1999,-297.06766958555556
RGI60-13.45313,2000,18.035278963079474
RGI60-13.45313,2001,-800.7367354166544
RGI60-13.45313,2002,-413.24365892253803
RGI60-13.45313,2003,264.28422082733033
RGI60-13.45313,2004,-260.2618181460682
RGI60-13.45313,2005,-467.811282051044
RGI60-13.45313,2006,-562.3479184118615
RGI60-13.45313,2007,-400.8757234658255
RGI60-13.45313,2008,-1047.3053488273558
RGI60-13.45313,2009,311.8829672336917
RGI60-13.45313,2010,-373.0303713675325
RGI60-13.45313,2011,-649.8323139010129
RGI60-13.45313,2012,-581.3455070256887
RGI60-13.45313,2013,-70.76338957077975
RGI60-13.45313,2014,-101.45273773642559
RGI60-13.45313,2015,46.36420006079044
RGI60-13.45313,2016,-617.7091788704379
RGI60-13.45313,2017,-446.15205712539773
RGI60-13.45313,2018,-295.15729553504195
RGI60-13.45313,2019,-212.5413307112304
RGI60-13.45314,1901,306.9454036049553
RGI60-13.45314,1902,404.35454573116874
RGI60-13.45314,1903,506.2966140693124
RGI60-13.45314,1904,-716.7204684320116
RGI60-13.45314,1905,-407.87275789521993
RGI60-13.45314,1906,-849.4090045742374
RGI60-13.45314,1907,449.05493305829214
RGI60-13.45314,1908,17.1375004570431
RGI60-13.45314,1909,-947.7346843326081
RGI60-13.45314,1910,-531.4912220905486
RGI60-13.45314,1911,510.67482510630816
RGI60-13.45314,1912,-60.90885312135058
RGI60-13.45314,1913,446.943714092868
RGI60-13.45314,1914,19.038684995858382
RGI60-13.45314,1915,-1006.0090492130852
RGI60-13.45314,1916,-641.367682879526
RGI60-13.45314,1917,-556.819898388411
RGI60-13.45314,1918,-606.3486495665195
RGI60-13.45314,1919,1143.6674899270672
RGI60-13.45314,1920,-6.716782753256004
RGI60-13.45314,1921,41.09380818210949
RGI60-13.45314,1922,-747.2930515226075
RGI60-13.45314,1923,-562.8633849008667
RGI60-13.45314,1924,-473.2724433496814
RGI60-13.45314,1925,611.1334412014819
RGI60-13.45314,1926,384.10599440092705
RGI60-13.45314,1927,106.77042630877332
RGI60-13.45314,1928,380.11858163218284
RGI60-13.45314,1929,358.37998310979344
RGI60-13.45314,1930,994.6713577975013
RGI60-13.45314,1931,69.07940838596043
RGI60-13.45314,1932,331.17974127903335
RGI60-13.45314,1933,-532.1157250378134
RGI60-13.45314,1934,215.97163926081248
RGI60-13.45314,1935,-606.3464899919695
RGI60-13.45314,1936,130.29126716424463
RGI60-13.45314,1937,451.0299214860585
RGI60-13.45314,1938,437.47174884148905
RGI60-13.45314,1939,44.654118345910355
RGI60-13.45314,1940,-158.68649493920955
RGI60-13.45314,1941,122.95661082247325
RGI60-13.45314,1942,2034.6393697949766
RGI60-13.45314,1943,-735.0531194760457
RGI60-13.45314,1944,-680.2130605417842
RGI60-13.45314,1945,-999.5455963546465
RGI60-13.45314,1946,818.7223519279871
RGI60-13.45314,1947,96.80043905106199
RGI60-13.45314,1948,-522.729591437106
RGI60-13.45314,1949,331.960617335722
RGI60-13.45314,1950,-642.8862464588069
RGI60-13.45314,1951,-291.7718098343764
RGI60-13.45314,1952,171.65148343259386
RGI60-13.45314,1953,335.1724722893934
RGI60-13.45314,1954,496.975895070484
RGI60-13.45314,1955,-228.54365199409608
RGI60-13.45314,1956,299.3267452808566
RGI60-13.45314,1957,-159.87788698471923
RGI60-13.45314,1958,1064.0524651973974
RGI60-13.45314,1959,727.5680312289612
RGI60-13.45314,1960,526.4012345724319
RGI60-13.45314,1961,167.93523266560211
RGI60-13.45314,1962,-825.5199722052671
RGI60-13.45314,1963,-154.85490085018097
RGI60-13.45314,1964,-9.195001721395393
RGI60-13.45314,1965,-684.230478200499
RGI60-13.45314,1966,-265.4839122112351
RGI60-13.45314,1967,-148.133093395693
RGI60-13.45314,1968,-541.8678731695069
RGI60-13.45314,1969,248.54918623651565
RGI60-13.45314,1970,-41.539992616838944
RGI60-13.45314,1971,105.42788392841746
RGI60-13.45314,1972,232.31885336593
RGI60-13.45314,1973,-417.55555377039974
RGI60-13.45314,1974,-1050.490356962866
RGI60-13.45314,1975,-316.6361767519466
RGI60-13.45314,1976,358.2752953206493
RGI60-13.45314,1977,-607.5327732751208
RGI60-13.45314,1978,146.7402796236833
RGI60-13.45314,1979,817.3200771132925
RGI60-13.45314,1980,121.63415828508198
RGI60-13.45314,1981,-39.7756142428169
RGI60-13.45314,1982,25.395763267309043
RGI60-13.45314,1983,206.96706539668935
RGI60-13.45314,1984,617.7063061989963
RGI60-13.45314,1985,113.09573683464974
RGI60-13.45314,1986,224.16150615677057
RGI60-13.45314,1987,333.0010537375891
RGI60-13.45314,1988,790.2411222138087
RGI60-13.45314,1989,494.187077425247
RGI60-13.45314,1990,6.9892953238827795
RGI60-13.45314,1991,-427.51757955809893
RGI60-13.45314,1992,669.5246449254789
RGI60-13.45314,1993,740.7178839078723
RGI60-13.45314,1994,247.38606810428985
RGI60-13.45314,1995,-257.83298823943187
RGI60-13.45314,1996,257.14340954282795
RGI60-13.45314,1997,-498.56884048605605
RGI60-13.45314,1998,-167.66865030128696
RGI60-13.45314,1999,-165.72321611105914
RGI60-13.45314,2000,148.0086497071823
RGI60-13.45314,2001,-651.3561703610445
RGI60-13.45314,2002,-265.97184390338043
RGI60-13.45314,2003,346.84470895026146
RGI60-13.45314,2004,-141.99859980777254
RGI60-13.45314,2005,-344.0996336294739
RGI60-13.45314,2006,-426.9465322745284
RGI60-13.45314,2007,-274.7547923795491
RGI60-13.45314,2008,-889.5892819784011
RGI60-13.45314,2009,405.2280244482285
RGI60-13.45314,2010,-246.02195440396702
RGI60-13.45314,2011,-509.2123706635276
RGI60-13.45314,2012,-441.9219589537525
RGI60-13.45314,2013,28.63220893174827
RGI60-13.45314,2014,12.639623389902408
RGI60-13.45314,2015,177.12602120855055
RGI60-13.45314,2016,-479.8942216194489
RGI60-13.45314,2017,-306.4596156307053
RGI60-13.45314,2018,-154.3754361319403
RGI60-13.45314,2019,-79.05460766662141
RGI60-13.45315,1901,266.7741598413291
RGI60-13.45315,1902,381.20484961344397
RGI60-13.45315,1903,430.15851793685357
RGI60-13.45315,1904,-751.4225949184623
RGI60-13.45315,1905,-460.7148882522488
RGI60-13.45315,1906,-864.5714988412195
RGI60-13.45315,1907,424.20124989926086
RGI60-13.45315,1908,4.966745193190767
RGI60-13.45315,1909,-959.8100422343812
RGI60-13.45315,1910,-540.9295325056844
RGI60-13.45315,1911,434.52236883112886
RGI60-13.45315,1912,-137.69174380207926
RGI60-13.45315,1913,348.499803398347
RGI60-13.45315,1914,-41.13327075311919
RGI60-13.45315,1915,-985.8069179214385
RGI60-13.45315,1916,-660.5171343582671
RGI60-13.45315,1917,-608.0976619916867
RGI60-13.45315,1918,-591.6884172697669
RGI60-13.45315,1919,1092.0218245773276
RGI60-13.45315,1920,-22.862348603301374
RGI60-13.45315,1921,31.417623653138993
RGI60-13.45315,1922,-756.8125349053392
RGI60-13.45315,1923,-540.9506737164025
RGI60-13.45315,1924,-464.5285850219169
RGI60-13.45315,1925,559.8032902765812
RGI60-13.45315,1926,311.3454510638454
RGI60-13.45315,1927,113.66752243181467
RGI60-13.45315,1928,325.4982400912445
RGI60-13.45315,1929,281.5731057135444
RGI60-13.45315,1930,933.1758528317528
RGI60-13.45315,1931,72.74068828621947
RGI60-13.45315,1932,294.0090365129156
RGI60-13.45315,1933,-526.4175563633091
RGI60-13.45315,1934,115.74931915963495
RGI60-13.45315,1935,-577.8792275954875
RGI60-13.45315,1936,65.81493059611178
RGI60-13.45315,1937,385.6309917535969
RGI60-13.45315,1938,388.40155695855503
RGI60-13.45315,1939,26.629783070234414
RGI60-13.45315,1940,-197.25728321123006
RGI60-13.45315,1941,126.90957142339047
RGI60-13.45315,1942,1960.0307204644155
RGI60-13.45315,1943,-719.9674792383448
RGI60-13.45315,1944,-659.2497863146101
RGI60-13.45315,1945,-974.8536459127378
RGI60-13.45315,1946,756.1738153836378
RGI60-13.45315,1947,43.372939361004306
RGI60-13.45315,1948,-511.9830951122267
RGI60-13.45315,1949,297.60255534902893
RGI60-13.45315,1950,-647.3921437687628
RGI60-13.45315,1951,-352.2131978230491
RGI60-13.45315,1952,175.643046018994
RGI60-13.45315,1953,264.56640913778614
RGI60-13.45315,1954,422.24782718313816
RGI60-13.45315,1955,-203.01311850141767
RGI60-13.45315,1956,310.1259272906272
RGI60-13.45315,1957,-181.04871891171229
RGI60-13.45315,1958,1001.0342036460999
RGI60-13.45315,1959,573.8493970603063
RGI60-13.45315,1960,451.02585437977007
RGI60-13.45315,1961,94.59421406023101
RGI60-13.45315,1962,-812.7499663989071
RGI60-13.45315,1963,-223.29651077254937
RGI60-13.45315,1964,-24.895396228470258
RGI60-13.45315,1965,-727.0879584204033
RGI60-13.45315,1966,-286.71610586613986
RGI60-13.45315,1967,-204.82209743188625
RGI60-13.45315,1968,-559.0025261588895
RGI60-13.45315,1969,195.80379697553488
RGI60-13.45315,1970,-90.37531445802624
RGI60-13.45315,1971,67.89659215183669
RGI60-13.45315,1972,127.07025563761562
RGI60-13.45315,1973,-423.0250547570766
RGI60-13.45315,1974,-1035.7391057328625
RGI60-13.45315,1975,-338.12802087127517
RGI60-13.45315,1976,285.2974041214908
RGI60-13.45315,1977,-607.7904076937028
RGI60-13.45315,1978,83.4332412435624
RGI60-13.45315,1979,735.1334275993149
RGI60-13.45315,1980,105.76193544922175
RGI60-13.45315,1981,-68.5334376603541
RGI60-13.45315,1982,-39.647336364311336
RGI60-13.45315,1983,202.14056464403447
RGI60-13.45315,1984,542.5104671399907
RGI60-13.45315,1985,92.93502784678374
RGI60-13.45315,1986,217.84491867891737
RGI60-13.45315,1987,371.5525111359187
RGI60-13.45315,1988,681.6818703254013
RGI60-13.45315,1989,452.5551341812087
RGI60-13.45315,1990,-27.857217590042968
RGI60-13.45315,1991,-486.1338047882295
RGI60-13.45315,1992,570.2317192638446
RGI60-13.45315,1993,620.4772929220884
RGI60-13.45315,1994,229.394087744225
RGI60-13.45315,1995,-265.598634778599
RGI60-13.45315,1996,219.72942519492923
RGI60-13.45315,1997,-524.480803929978
RGI60-13.45315,1998,-133.18853715680285
RGI60-13.45315,1999,-175.37649405792004
RGI60-13.45315,2000,155.68383379267274
RGI60-13.45315,2001,-613.5118047704192
RGI60-13.45315,2002,-274.79276727522546
RGI60-13.45315,2003,229.03329288832074
RGI60-13.45315,2004,-156.41853250025355
RGI60-13.45315,2005,-393.8666612628953
RGI60-13.45315,2006,-412.0810516514431
RGI60-13.45315,2007,-248.2744516307252
RGI60-13.45315,2008,-863.4066268061586
RGI60-13.45315,2009,366.50373490173706
RGI60-13.45315,2010,-238.40592074560695
RGI60-13.45315,2011,-474.8337423364692
RGI60-13.45315,2012,-396.82870506378976
RGI60-13.45315,2013,6.674363220840424
RGI60-13.45315,2014,0.25276014379090667
RGI60-13.45315,2015,162.78110037814253
RGI60-13.45315,2016,-460.4699848265291
RGI60-13.45315,2017,-290.27856117649014
RGI60-13.45315,2018,-109.41640991905196
RGI60-13.45315,2019,-81.52164812867953
RGI60-13.45316,1901,203.85435287375498
RGI60-13.45316,1902,315.1146856167884
RGI60-13.45316,1903,360.4489933266255
RGI60-13.45316,1904,-823.2560758100964
RGI60-13.45316,1905,-535.8355288514343
RGI60-13.45316,1906,-925.3365097152755
RGI60-13.45316,1907,367.30376547366154
RGI60-13.45316,1908,-48.35937499695432
RGI60-13.45316,1909,-1028.6223826360333
RGI60-13.45316,1910,-596.6973382740285
RGI60-13.45316,1911,356.95461367790966
RGI60-13.45316,1912,-209.49476779938826
RGI60-13.45316,1913,267.47665340701
RGI60-13.45316,1914,-116.15518949577664
RGI60-13.45316,1915,-1037.9030084738351
RGI60-13.45316,1916,-722.1469099950202
RGI60-13.45316,1917,-678.4526707097256
RGI60-13.45316,1918,-644.9408819672459
RGI60-13.45316,1919,1030.8462929215666
RGI60-13.45316,1920,-85.46780211324817
RGI60-13.45316,1921,-23.147790930671
RGI60-13.45316,1922,-812.681967872545
RGI60-13.45316,1923,-592.3094162083177
RGI60-13.45316,1924,-511.8093401318349
RGI60-13.45316,1925,507.30356428411403
RGI60-13.45316,1926,245.54931385935558
RGI60-13.45316,1927,72.92690028327411
RGI60-13.45316,1928,254.14402239526018
RGI60-13.45316,1929,207.52500981770189
RGI60-13.45316,1930,871.5756418905929
RGI60-13.45316,1931,21.2721076856461
RGI60-13.45316,1932,246.86471961947376
RGI60-13.45316,1933,-578.6058790584282
RGI60-13.45316,1934,28.327572579913355
RGI60-13.45316,1935,-625.0258197309586
RGI60-13.45316,1936,1.6459751135742813
RGI60-13.45316,1937,325.0577015645257
RGI60-13.45316,1938,331.66203640491744
RGI60-13.45316,1939,-37.32108957829686
RGI60-13.45316,1940,-276.0449614436974
RGI60-13.45316,1941,71.37393105357218
RGI60-13.45316,1942,1875.6451147773644
RGI60-13.45316,1943,-767.5450439749798
RGI60-13.45316,1944,-709.5342949750175
RGI60-13.45316,1945,-1035.8742826203436
RGI60-13.45316,1946,696.0409772954471
RGI60-13.45316,1947,-15.538356847369268
RGI60-13.45316,1948,-562.5731526778912
RGI60-13.45316,1949,227.48124564661728
RGI60-13.45316,1950,-706.3795869603081
RGI60-13.45316,1951,-435.92760757520176
RGI60-13.45316,1952,135.76320552195165
RGI60-13.45316,1953,174.2608991620675
RGI60-13.45316,1954,358.0757653947134
RGI60-13.45316,1955,-249.75722301342594
RGI60-13.45316,1956,275.9076351970489
RGI60-13.45316,1957,-240.6072758896741
RGI60-13.45316,1958,949.5191010631869
RGI60-13.45316,1959,466.4973224016451
RGI60-13.45316,1960,387.36765680738
RGI60-13.45316,1961,23.31852072346637
RGI60-13.45316,1962,-877.3731084823515
RGI60-13.45316,1963,-303.8307365892112
RGI60-13.45316,1964,-81.17404818079676
RGI60-13.45316,1965,-810.1352339692455
RGI60-13.45316,1966,-360.33893869695726
RGI60-13.45316,1967,-272.93116326640416
RGI60-13.45316,1968,-620.8682624296634
RGI60-13.45316,1969,136.0566576359275
RGI60-13.45316,1970,-157.29875549057772
RGI60-13.45316,1971,3.1454678355352916
RGI60-13.45316,1972,40.445451654269185
RGI60-13.45316,1973,-480.30953794949227
RGI60-13.45316,1974,-1100.5911978462152
RGI60-13.45316,1975,-401.9248163117101
RGI60-13.45316,1976,207.80305935290227
RGI60-13.45316,1977,-671.7487448481604
RGI60-13.45316,1978,9.715844371692748
RGI60-13.45316,1979,659.6908145619734
RGI60-13.45316,1980,55.41605857293749
RGI60-13.45316,1981,-127.14968179269782
RGI60-13.45316,1982,-117.12902485127178
RGI60-13.45316,1983,156.37954340999346
RGI60-13.45316,1984,469.8925126530475
RGI60-13.45316,1985,43.47976974323787
RGI60-13.45316,1986,169.75593621772583
RGI60-13.45316,1987,342.3585051236366
RGI60-13.45316,1988,593.132446927827
RGI60-13.45316,1989,397.49425658611494
RGI60-13.45316,1990,-93.84703443232205
RGI60-13.45316,1991,-568.7226164227195
RGI60-13.45316,1992,488.1429487423783
RGI60-13.45316,1993,534.7891039847115
RGI60-13.45316,1994,168.8841749308258
RGI60-13.45316,1995,-320.8725129790403
RGI60-13.45316,1996,154.98068660246662
RGI60-13.45316,1997,-592.8746883446793
RGI60-13.45316,1998,-181.6977991878095
RGI60-13.45316,1999,-242.93030230958237
RGI60-13.45316,2000,103.28318185373323
RGI60-13.45316,2001,-662.7534646116137
RGI60-13.45316,2002,-350.55849825487104
RGI60-13.45316,2003,126.33627192578683
RGI60-13.45316,2004,-222.1352679729465
RGI60-13.45316,2005,-479.3696469167878
RGI60-13.45316,2006,-469.34152067316296
RGI60-13.45316,2007,-297.6026842877885
RGI60-13.45316,2008,-924.9152817006429
RGI60-13.45316,2009,301.4278809744648
RGI60-13.45316,2010,-298.0485779690138
RGI60-13.45316,2011,-525.5995791236938
RGI60-13.45316,2012,-441.47479044796773
RGI60-13.45316,2013,-53.60983129239163
RGI60-13.45316,2014,-60.98793506278219
RGI60-13.45316,2015,92.43735919908791
RGI60-13.45316,2016,-519.9737871956546
RGI60-13.45316,2017,-348.8362674432356
RGI60-13.45316,2018,-153.4659918824734
RGI60-13.45316,2019,-144.8115691180595
RGI60-13.45317,1901,109.40196726499174
RGI60-13.45317,1902,176.23204588834773
RGI60-13.45317,1903,370.4879285540987
RGI60-13.45317,1904,-917.1201280608179
RGI60-13.45317,1905,-596.0735535820563
RGI60-13.45317,1906,-1038.3307018140615
RGI60-13.45317,1907,234.49712150710624
RGI60-13.45317,1908,-185.19740521085686
RGI60-13.45317,1909,-1209.1213037282
RGI60-13.45317,1910,-733.8922273583086
RGI60-13.45317,1911,343.69664347630567
RGI60-13.45317,1912,-193.21024036779176
RGI60-13.45317,1913,307.10870330465417
RGI60-13.45317,1914,-176.01664125752202
RGI60-13.45317,1915,-1256.224269262532
RGI60-13.45317,1916,-847.0406290352493
RGI60-13.45317,1917,-752.0768296477388
RGI60-13.45317,1918,-865.5719528731685
RGI60-13.45317,1919,949.8706652483007
RGI60-13.45317,1920,-214.42639172080678
RGI60-13.45317,1921,-183.42682501354543
RGI60-13.45317,1922,-950.0173634557897
RGI60-13.45317,1923,-835.439747589818
RGI60-13.45317,1924,-708.0006729846287
RGI60-13.45317,1925,479.3397334933612
RGI60-13.45317,1926,251.31542245713447
RGI60-13.45317,1927,-95.8473665119125
RGI60-13.45317,1928,187.1914829582217
RGI60-13.45317,1929,191.2667502610511
RGI60-13.45317,1930,833.8291737743962
RGI60-13.45317,1931,-140.17155678074954
RGI60-13.45317,1932,159.02589407931205
RGI60-13.45317,1933,-771.8463498173779
RGI60-13.45317,1934,77.49876744819134
RGI60-13.45317,1935,-843.127562034332
RGI60-13.45317,1936,-24.33579102716821
RGI60-13.45317,1937,307.64998721712476
RGI60-13.45317,1938,271.43147434899294
RGI60-13.45317,1939,-189.7040380267182
RGI60-13.45317,1940,-402.12208200715713
RGI60-13.45317,1941,-90.32227144976714
RGI60-13.45317,1942,1835.7086219320859
RGI60-13.45317,1943,-984.2546209288084
RGI60-13.45317,1944,-926.0092908528329
RGI60-13.45317,1945,-1306.0643126716627
RGI60-13.45317,1946,641.4451537729691
RGI60-13.45317,1947,-41.02666257590081
RGI60-13.45317,1948,-766.4900196049597
RGI60-13.45317,1949,102.80475202677798
RGI60-13.45317,1950,-908.7395867191308
RGI60-13.45317,1951,-523.8078717864361
RGI60-13.45317,1952,-34.82447329741769
RGI60-13.45317,1953,74.95396065105707
RGI60-13.45317,1954,396.81874375658936
RGI60-13.45317,1955,-458.03914688807777
RGI60-13.45317,1956,107.88833812228187
RGI60-13.45317,1957,-345.8182964625281
RGI60-13.45317,1958,952.8229943177207
RGI60-13.45317,1959,579.0923719504384
RGI60-13.45317,1960,393.4456212700878
RGI60-13.45317,1961,21.941880287382638
RGI60-13.45317,1962,-1145.5508944224523
RGI60-13.45317,1963,-347.90457511317805
RGI60-13.45317,1964,-207.91401702665945
RGI60-13.45317,1965,-950.8622986586972
RGI60-13.45317,1966,-531.8160806631287
RGI60-13.45317,1967,-331.72343390452784
RGI60-13.45317,1968,-769.8704652120067
RGI60-13.45317,1969,68.8908404293994
RGI60-13.45317,1970,-179.48765139922784
RGI60-13.45317,1971,-57.77657301263065
RGI60-13.45317,1972,99.58953408134647
RGI60-13.45317,1973,-640.5452354596503
RGI60-13.45317,1974,-1358.7408086650878
RGI60-13.45317,1975,-560.8399247444985
RGI60-13.45317,1976,179.9035847071126
RGI60-13.45317,1977,-880.3227930277608
RGI60-13.45317,1978,-45.97829157786222
RGI60-13.45317,1979,643.1287000307966
RGI60-13.45317,1980,-75.79720637782347
RGI60-13.45317,1981,-207.23883224775267
RGI60-13.45317,1982,-152.6385959777869
RGI60-13.45317,1983,-11.158935626263371
RGI60-13.45317,1984,438.4609772774501
RGI60-13.45317,1985,-77.80564255356761
RGI60-13.45317,1986,-6.9813360772944355
RGI60-13.45317,1987,98.39451846704166
RGI60-13.45317,1988,639.1984113438565
RGI60-13.45317,1989,330.7390195661666
RGI60-13.45317,1990,-163.08380040468006
RGI60-13.45317,1991,-641.1346804448555
RGI60-13.45317,1992,545.9303876691312
RGI60-13.45317,1993,611.6280182421316
RGI60-13.45317,1994,22.55700849106085
RGI60-13.45317,1995,-451.2226701922775
RGI60-13.45317,1996,54.88690861296193
RGI60-13.45317,1997,-737.3728552580706
RGI60-13.45317,1998,-445.2932727595824
RGI60-13.45317,1999,-428.5345846519771
RGI60-13.45317,2000,-169.2839783733844
RGI60-13.45317,2001,-962.430861125768
RGI60-13.45317,2002,-570.9951979979589
RGI60-13.45317,2003,196.37142635807962
RGI60-13.45317,2004,-381.3255222996754
RGI60-13.45317,2005,-590.0249056113743
RGI60-13.45317,2006,-707.911531283371
RGI60-13.45317,2007,-518.3698720024123
RGI60-13.45317,2008,-1210.696712632195
RGI60-13.45317,2009,198.08338270582738
RGI60-13.45317,2010,-502.55578096351104
RGI60-13.45317,2011,-795.2488258023612
RGI60-13.45317,2012,-725.0031324604912
RGI60-13.45317,2013,-169.9715571849843
RGI60-13.45317,2014,-228.21393167507074
RGI60-13.45317,2015,-103.17025170939081
RGI60-13.45317,2016,-741.5643892731548
RGI60-13.45317,2017,-598.1981276616899
RGI60-13.45317,2018,-443.6167292622462
RGI60-13.45317,2019,-378.7754478775701
RGI60-13.45318,1901,420.3734049311506
RGI60-13.45318,1902,636.4370392397301
RGI60-13.45318,1903,425.1496920800664
RGI60-13.45318,1904,-487.0632214183326
RGI60-13.45318,1905,-316.2346799405581
RGI60-13.45318,1906,-588.6736268080916
RGI60-13.45318,1907,587.6705361912583
RGI60-13.45318,1908,224.43613141386257
RGI60-13.45318,1909,-663.3024262451542
RGI60-13.45318,1910,-280.5560690628864
RGI60-13.45318,1911,507.5373962293684
RGI60-13.45318,1912,-114.90187001259817
RGI60-13.45318,1913,301.26389713652003
RGI60-13.45318,1914,60.29546311086969
RGI60-13.45318,1915,-599.0638005666439
RGI60-13.45318,1916,-405.79433264352576
RGI60-13.45318,1917,-439.7316728880229
RGI60-13.45318,1918,-228.11853029738185
RGI60-13.45318,1919,1070.1301075445342
RGI60-13.45318,1920,274.67435017006056
RGI60-13.45318,1921,281.36498620409276
RGI60-13.45318,1922,-483.70066979493873
RGI60-13.45318,1923,-155.81422519855772
RGI60-13.45318,1924,-169.88779638237594
RGI60-13.45318,1925,621.7387467598488
RGI60-13.45318,1926,285.8299563115075
RGI60-13.45318,1927,358.41598784743053
RGI60-13.45318,1928,464.23670529590765
RGI60-13.45318,1929,308.6571674853892
RGI60-13.45318,1930,962.3930551754947
RGI60-13.45318,1931,398.977631840044
RGI60-13.45318,1932,344.91261571329466
RGI60-13.45318,1933,-216.92257113702377
RGI60-13.45318,1934,148.65267719086597
RGI60-13.45318,1935,-189.25126073832115
RGI60-13.45318,1936,97.89903942034347
RGI60-13.45318,1937,392.77561162879124
RGI60-13.45318,1938,439.53496074476783
RGI60-13.45318,1939,280.91822239996867
RGI60-13.45318,1940,90.43439641269464
RGI60-13.45318,1941,476.46656093346786
RGI60-13.45318,1942,2131.2785109707597
RGI60-13.45318,1943,-396.9472820137013
RGI60-13.45318,1944,-271.02731776100546
RGI60-13.45318,1945,-512.5471396465722
RGI60-13.45318,1946,761.5926762349253
RGI60-13.45318,1947,128.19065791893493
RGI60-13.45318,1948,-178.96808493432832
RGI60-13.45318,1949,527.2172161430522
RGI60-13.45318,1950,-337.2846384412742
RGI60-13.45318,1951,-171.4554201981674
RGI60-13.45318,1952,405.64483453994825
RGI60-13.45318,1953,409.10730014305784
RGI60-13.45318,1954,422.1863352364327
RGI60-13.45318,1955,190.94217003331158
RGI60-13.45318,1956,525.1835461918928
RGI60-13.45318,1957,60.2180253050029
RGI60-13.45318,1958,968.8360534516955
RGI60-13.45318,1959,466.4802934661086
RGI60-13.45318,1960,461.5774759660327
RGI60-13.45318,1961,135.49768306225886
RGI60-13.45318,1962,-395.2975513816078
RGI60-13.45318,1963,-115.16943005536258
RGI60-13.45318,1964,214.77433818201058
RGI60-13.45318,1965,-435.5168326491755
RGI60-13.45318,1966,21.994982471117133
RGI60-13.45318,1967,-106.08400299092239
RGI60-13.45318,1968,-286.1135026938696
RGI60-13.45318,1969,234.40706899487873
RGI60-13.45318,1970,87.58643290120318
RGI60-13.45318,1971,294.7304366242316
RGI60-13.45318,1972,107.44539506955336
RGI60-13.45318,1973,-134.65205284066712
RGI60-13.45318,1974,-586.4109047780514
RGI60-13.45318,1975,-138.74381292777443
RGI60-13.45318,1976,370.2152020399012
RGI60-13.45318,1977,-247.62016981835612
RGI60-13.45318,1978,150.83079369364097
RGI60-13.45318,1979,756.2403113482507
RGI60-13.45318,1980,307.1123021451561
RGI60-13.45318,1981,154.12961782429335
RGI60-13.45318,1982,93.64839347443001
RGI60-13.45318,1983,419.2002096903105
RGI60-13.45318,1984,572.1916517652754
RGI60-13.45318,1985,264.95165142572864
RGI60-13.45318,1986,425.09990933043554
RGI60-13.45318,1987,695.0673529780001
RGI60-13.45318,1988,634.668830225726
RGI60-13.45318,1989,541.4067729653519
RGI60-13.45318,1990,212.7730454258774
RGI60-13.45318,1991,-286.0979453856658
RGI60-13.45318,1992,561.0413909781442
RGI60-13.45318,1993,504.8174825940746
RGI60-13.45318,1994,477.80200720041654
RGI60-13.45318,1995,7.720953045347857
RGI60-13.45318,1996,424.6789945299752
RGI60-13.45318,1997,-269.91755781275134
RGI60-13.45318,1998,278.24716882230774
RGI60-13.45318,1999,119.9065766416379
RGI60-13.45318,2000,390.7489038337886
RGI60-13.45318,2001,-174.63992251047694
RGI60-13.45318,2002,118.08857018147513
RGI60-13.45318,2003,309.71918268242416
RGI60-13.45318,2004,154.76729192065153
RGI60-13.45318,2005,-140.9537801262452
RGI60-13.45318,2006,-17.989385403304524
RGI60-13.45318,2007,137.51210736801502
RGI60-13.45318,2008,-406.00144460792734
RGI60-13.45318,2009,541.4333880370392
RGI60-13.45318,2010,143.26736864504986
RGI60-13.45318,2011,-34.62643237733227
RGI60-13.45318,2012,44.15337523068764
RGI60-13.45318,2013,231.5257407053601
RGI60-13.45318,2014,280.4980182887486
RGI60-13.45318,2015,407.1665094893232
RGI60-13.45318,2016,-11.957558403592596
RGI60-13.45318,2017,109.6535412454429
RGI60-13.45318,2018,338.7415204855617
RGI60-13.45318,2019,210.89300531530992
RGI60-13.45319,1901,-331.2434413481307
RGI60-13.45319,1902,-322.7251173015161
RGI60-13.45319,1903,-119.50357430297845
RGI60-13.45319,1904,-1333.3468978567034
RGI60-13.45319,1905,-1046.0212928220901
RGI60-13.45319,1906,-1443.8615810419608
RGI60-13.45319,1907,-216.32871497978653
RGI60-13.45319,1908,-607.1918961167413
RGI60-13.45319,1909,-1626.0778950687918
RGI60-13.45319,1910,-1132.4895170548527
RGI60-13.45319,1911,-161.09420010537417
RGI60-13.45319,1912,-643.1324538979584
RGI60-13.45319,1913,-226.7171146114638
RGI60-13.45319,1914,-649.9564315497545
RGI60-13.45319,1915,-1602.7079332338421
RGI60-13.45319,1916,-1242.1347521669027
RGI60-13.45319,1917,-1202.1219915693212
RGI60-13.45319,1918,-1240.3418141247073
RGI60-13.45319,1919,410.76876965811135
RGI60-13.45319,1920,-659.0778662097888
RGI60-13.45319,1921,-588.0279690287975
RGI60-13.45319,1922,-1312.1272757410768
RGI60-13.45319,1923,-1205.3005041356005
RGI60-13.45319,1924,-1060.454910308296
RGI60-13.45319,1925,97.1088970965403
RGI60-13.45319,1926,-226.27547708443473
RGI60-13.45319,1927,-439.57840806798754
RGI60-13.45319,1928,-291.15898204080116
RGI60-13.45319,1929,-281.3603133980639
RGI60-13.45319,1930,354.2403184035812
RGI60-13.45319,1931,-557.1514384076154
RGI60-13.45319,1932,-194.80263986439132
RGI60-13.45319,1933,-1139.8940436128307
RGI60-13.45319,1934,-427.80728456561855
RGI60-13.45319,1935,-1228.4087213716664
RGI60-13.45319,1936,-450.02974640227495
RGI60-13.45319,1937,-125.35039582223494
RGI60-13.45319,1938,-134.95929476587128
RGI60-13.45319,1939,-638.4340049935839
RGI60-13.45319,1940,-872.9439476227648
RGI60-13.45319,1941,-528.217778620446
RGI60-13.45319,1942,1218.0444150925182
RGI60-13.45319,1943,-1321.5724253719
RGI60-13.45319,1944,-1288.0882363273668
RGI60-13.45319,1945,-1753.185233317122
RGI60-13.45319,1946,216.74818014762158
RGI60-13.45319,1947,-451.52285560825914
RGI60-13.45319,1948,-1124.0785278802862
RGI60-13.45319,1949,-364.1345895235413
RGI60-13.45319,1950,-1329.3470803552318
RGI60-13.45319,1951,-1070.1710543034378
RGI60-13.45319,1952,-383.42562057934225
RGI60-13.45319,1953,-528.561041467735
RGI60-13.45319,1954,-4.529917115988515
RGI60-13.45319,1955,-859.6479431861777
RGI60-13.45319,1956,-193.01975854769256
RGI60-13.45319,1957,-781.2867244139061
RGI60-13.45319,1958,582.4278297878078
RGI60-13.45319,1959,-52.78720449742361
RGI60-13.45319,1960,-18.171005807506493
RGI60-13.45319,1961,-437.66672861096936
RGI60-13.45319,1962,-1602.6472591360389
RGI60-13.45319,1963,-831.5793572260067
RGI60-13.45319,1964,-631.4584929529593
RGI60-13.45319,1965,-1432.7409626892897
RGI60-13.45319,1966,-1037.0906153700669
RGI60-13.45319,1967,-795.7511593286902
RGI60-13.45319,1968,-1195.35943702544
RGI60-13.45319,1969,-355.21446686867165
RGI60-13.45319,1970,-608.861039601627
RGI60-13.45319,1971,-492.4517975011142
RGI60-13.45319,1972,-429.5661196682805
RGI60-13.45319,1973,-1038.7748633803628
RGI60-13.45319,1974,-1799.258302631207
RGI60-13.45319,1975,-983.8215049896215
RGI60-13.45319,1976,-301.60809407651243
RGI60-13.45319,1977,-1331.003515686561
RGI60-13.45319,1978,-536.8060028496792
RGI60-13.45319,1979,151.47313004142353
RGI60-13.45319,1980,-458.9384780749721
RGI60-13.45319,1981,-627.2791836250556
RGI60-13.45319,1982,-637.2083303629989
RGI60-13.45319,1983,-375.83730344132044
RGI60-13.45319,1984,-51.541220562185565
RGI60-13.45319,1985,-452.1503388568004
RGI60-13.45319,1986,-379.4713697310777
RGI60-13.45319,1987,-187.4844122952549
RGI60-13.45319,1988,78.96427222760474
RGI60-13.45319,1989,-101.98176118186063
RGI60-13.45319,1990,-601.7115742026891
RGI60-13.45319,1991,-1115.696209035543
RGI60-13.45319,1992,40.21435101646613
RGI60-13.45319,1993,100.71861185532727
RGI60-13.45319,1994,-419.9580972941665
RGI60-13.45319,1995,-870.9570505057056
RGI60-13.45319,1996,-385.90163465912974
RGI60-13.45319,1997,-1209.6534464020156
RGI60-13.45319,1998,-863.4695416965865
RGI60-13.45319,1999,-910.2819639643095
RGI60-13.45319,2000,-619.3727612706862
RGI60-13.45319,2001,-1373.9310650130647
RGI60-13.45319,2002,-1039.6510056067295
RGI60-13.45319,2003,-365.8704459872057
RGI60-13.45319,2004,-817.8407784870694
RGI60-13.45319,2005,-1112.2429699672523
RGI60-13.45319,2006,-1103.0842557696826
RGI60-13.45319,2007,-942.7111386359888
RGI60-13.45319,2008,-1672.9056159879535
RGI60-13.45319,2009,-255.09971908306716
RGI60-13.45319,2010,-914.6540275685178
RGI60-13.45319,2011,-1174.6147187266477
RGI60-13.45319,2012,-1119.851025611489
RGI60-13.45319,2013,-615.9267936029602
RGI60-13.45319,2014,-662.5005464452796
RGI60-13.45319,2015,-631.6609485897459
RGI60-13.45319,2016,-1238.8127252973334
RGI60-13.45319,2017,-1067.9048537433655
RGI60-13.45319,2018,-831.5122613483467
RGI60-13.45319,2019,-857.8523432576172
RGI60-13.45320,1901,367.21114006313917
RGI60-13.45320,1902,609.7436339564108
RGI60-13.45320,1903,320.56434969342416
RGI60-13.45320,1904,-500.82534686725296
RGI60-13.45320,1905,-380.18639834229145
RGI60-13.45320,1906,-603.5816330072336
RGI60-13.45320,1907,514.0679351592988
RGI60-13.45320,1908,178.47428561647803
RGI60-13.45320,1909,-679.1968903346027
RGI60-13.45320,1910,-313.58679152589144
RGI60-13.45320,1911,463.27123848987594
RGI60-13.45320,1912,-195.64374888900528
RGI60-13.45320,1913,200.50619452718826
RGI60-13.45320,1914,-3.5872428902796183
RGI60-13.45320,1915,-607.5813201046013
RGI60-13.45320,1916,-427.51677057114404
RGI60-13.45320,1917,-491.91409053011046
RGI60-13.45320,1918,-228.01947903951572
RGI60-13.45320,1919,914.853000558949
RGI60-13.45320,1920,271.1293855115897
RGI60-13.45320,1921,252.07627804853317
RGI60-13.45320,1922,-495.86947711136355
RGI60-13.45320,1923,-160.9216234840784
RGI60-13.45320,1924,-194.78611146969212
RGI60-13.45320,1925,564.0148772016115
RGI60-13.45320,1926,185.2701961836201
RGI60-13.45320,1927,313.47621993766546
RGI60-13.45320,1928,429.15000933813485
RGI60-13.45320,1929,237.66937811016945
RGI60-13.45320,1930,877.2829451220682
RGI60-13.45320,1931,394.7061769024897
RGI60-13.45320,1932,258.5292528469201
RGI60-13.45320,1933,-229.7798971573821
RGI60-13.45320,1934,104.39091904617422
RGI60-13.45320,1935,-197.00261905407382
RGI60-13.45320,1936,21.359234760724025
RGI60-13.45320,1937,303.30390998981477
RGI60-13.45320,1938,362.607370607817
RGI60-13.45320,1939,248.75100957691546
RGI60-13.45320,1940,85.77504928112616
RGI60-13.45320,1941,480.09813218602284
RGI60-13.45320,1942,2105.3541250275857
RGI60-13.45320,1943,-417.4017823033176
RGI60-13.45320,1944,-264.38124320961987
RGI60-13.45320,1945,-520.9636192219408
RGI60-13.45320,1946,669.4141213973459
RGI60-13.45320,1947,72.89687436249311
RGI60-13.45320,1948,-188.4987998445114
RGI60-13.45320,1949,505.0130696001766
RGI60-13.45320,1950,-364.26255449396393
RGI60-13.45320,1951,-231.65028484791964
RGI60-13.45320,1952,354.70368336109414
RGI60-13.45320,1953,329.50933182259666
RGI60-13.45320,1954,366.2348267494538
RGI60-13.45320,1955,197.74738071402987
RGI60-13.45320,1956,499.5307714892172
RGI60-13.45320,1957,41.07450757706533
RGI60-13.45320,1958,887.5905537242244
RGI60-13.45320,1959,366.72275044471655
RGI60-13.45320,1960,394.1640693011542
RGI60-13.45320,1961,65.25542263388394
RGI60-13.45320,1962,-417.83748961337295
RGI60-13.45320,1963,-158.4003301033012
RGI60-13.45320,1964,191.0089538247302
RGI60-13.45320,1965,-458.8860431770296
RGI60-13.45320,1966,-18.339386886493998
RGI60-13.45320,1967,-183.2454505878253
RGI60-13.45320,1968,-306.61741166522893
RGI60-13.45320,1969,143.3712211230947
RGI60-13.45320,1970,66.0424550873752
RGI60-13.45320,1971,285.59175736411026
RGI60-13.45320,1972,42.72182151840218
RGI60-13.45320,1973,-148.85419742145334
RGI60-13.45320,1974,-587.9396203914055
RGI60-13.45320,1975,-205.10279342495377
RGI60-13.45320,1976,308.2699808864504
RGI60-13.45320,1977,-272.8443441068762
RGI60-13.45320,1978,80.99575940867355
RGI60-13.45320,1979,674.4619808482953
RGI60-13.45320,1980,259.7114133285032
RGI60-13.45320,1981,135.5214793028105
RGI60-13.45320,1982,55.98572013654655
RGI60-13.45320,1983,378.1417087410026
RGI60-13.45320,1984,489.5097971675865
RGI60-13.45320,1985,218.4464594736851
RGI60-13.45320,1986,362.1086830901262
RGI60-13.45320,1987,689.8695742289299
RGI60-13.45320,1988,539.9991255705814
RGI60-13.45320,1989,463.83132070891446
RGI60-13.45320,1990,192.07471376565556
RGI60-13.45320,1991,-313.7417582351594
RGI60-13.45320,1992,489.5096858500702
RGI60-13.45320,1993,390.06685590156724
RGI60-13.45320,1994,455.4069615792815
RGI60-13.45320,1995,-13.028731617697261
RGI60-13.45320,1996,400.10989863574105
RGI60-13.45320,1997,-322.9001181822522
RGI60-13.45320,1998,271.77003228735026
RGI60-13.45320,1999,85.26292594119485
RGI60-13.45320,2000,275.6327843317727
RGI60-13.45320,2001,-181.5849204496117
RGI60-13.45320,2002,120.91448128672909
RGI60-13.45320,2003,273.59096804268097
RGI60-13.45320,2004,140.76394808352808
RGI60-13.45320,2005,-167.17996927739333
RGI60-13.45320,2006,-17.23055115170474
RGI60-13.45320,2007,118.64644920697815
RGI60-13.45320,2008,-424.536479855871
RGI60-13.45320,2009,507.0874120464389
RGI60-13.45320,2010,148.89428087752253
RGI60-13.45320,2011,-35.20828863443504
RGI60-13.45320,2012,32.65386196018421
RGI60-13.45320,2013,197.76439781600791
RGI60-13.45320,2014,269.45335906141474
RGI60-13.45320,2015,344.99020614403275
RGI60-13.45320,2016,-10.940430111209334
RGI60-13.45320,2017,85.95772129553029
RGI60-13.45320,2018,350.5654406189798
RGI60-13.45320,2019,161.76532870841993
RGI60-13.45321,1901,-72.00947750665317
RGI60-13.45321,1902,11.972170088387386
RGI60-13.45321,1903,102.89968454005215
RGI60-13.45321,1904,-1085.4228054018133
RGI60-13.45321,1905,-808.9131004556973
RGI60-13.45321,1906,-1195.0025806590766
RGI60-13.45321,1907,38.149337434689336
RGI60-13.45321,1908,-372.2978641226699
RGI60-13.45321,1909,-1360.3004338487715
RGI60-13.45321,1910,-902.7665225199794
RGI60-13.45321,1911,133.94056309130352
RGI60-13.45321,1912,-455.1929860418486
RGI60-13.45321,1913,25.024217727795698
RGI60-13.45321,1914,-397.97582813396633
RGI60-13.45321,1915,-1386.9447467084276
RGI60-13.45321,1916,-1013.7072009435983
RGI60-13.45321,1917,-1000.2734637897604
RGI60-13.45321,1918,-972.5125515566292
RGI60-13.45321,1919,672.5571496049008
RGI60-13.45321,1920,-332.8217659536835
RGI60-13.45321,1921,-323.2748313058482
RGI60-13.45321,1922,-1096.041718299338
RGI60-13.45321,1923,-947.1004712978526
RGI60-13.45321,1924,-846.2234485896693
RGI60-13.45321,1925,287.2890590243818
RGI60-13.45321,1926,-15.580814080548423
RGI60-13.45321,1927,-239.79970884439703
RGI60-13.45321,1928,-0.30161627118290496
RGI60-13.45321,1929,-46.39988671977326
RGI60-13.45321,1930,612.3494385685437
RGI60-13.45321,1931,-250.60898901254362
RGI60-13.45321,1932,-56.20071541074988
RGI60-13.45321,1933,-895.4433414076431
RGI60-13.45321,1934,-157.04119479491825
RGI60-13.45321,1935,-965.6336919902839
RGI60-13.45321,1936,-260.72219793810956
RGI60-13.45321,1937,61.149806328103104
RGI60-13.45321,1938,53.27688938117228
RGI60-13.45321,1939,-352.8390417719259
RGI60-13.45321,1940,-536.5673524534811
RGI60-13.45321,1941,-183.00195430439086
RGI60-13.45321,1942,1676.0199234639426
RGI60-13.45321,1943,-1117.5244902424668
RGI60-13.45321,1944,-1020.2553579874062
RGI60-13.45321,1945,-1472.6358758013596
RGI60-13.45321,1946,418.0555185382311
RGI60-13.45321,1947,-259.0842105895596
RGI60-13.45321,1948,-886.5292450465555
RGI60-13.45321,1949,-42.798921069241345
RGI60-13.45321,1950,-1096.1765495906052
RGI60-13.45321,1951,-809.5231381078489
RGI60-13.45321,1952,-179.11818170013774
RGI60-13.45321,1953,-219.73021874880376
RGI60-13.45321,1954,189.90810908647293
RGI60-13.45321,1955,-537.439111156057
RGI60-13.45321,1956,3.424055341522695
RGI60-13.45321,1957,-500.9864330438042
RGI60-13.45321,1958,760.3372648472182
RGI60-13.45321,1959,218.018807068436
RGI60-13.45321,1960,169.79671361263325
RGI60-13.45321,1961,-232.69361497199742
RGI60-13.45321,1962,-1330.6959056179708
RGI60-13.45321,1963,-567.4671014298117
RGI60-13.45321,1964,-351.0241142848924
RGI60-13.45321,1965,-1155.4648905914485
RGI60-13.45321,1966,-726.078235918753
RGI60-13.45321,1967,-595.4681391288741
RGI60-13.45321,1968,-951.6560852582962
RGI60-13.45321,1969,-166.68808863019964
RGI60-13.45321,1970,-348.89312585911125
RGI60-13.45321,1971,-203.19548573407107
RGI60-13.45321,1972,-187.90278451805014
RGI60-13.45321,1973,-774.7571120917625
RGI60-13.45321,1974,-1504.4409006509788
RGI60-13.45321,1975,-764.4989065955948
RGI60-13.45321,1976,-42.921609368135336
RGI60-13.45321,1977,-1050.5893621109153
RGI60-13.45321,1978,-306.71385064286113
RGI60-13.45321,1979,411.4203634808618
RGI60-13.45321,1980,-258.92330454374894
RGI60-13.45321,1981,-366.0004473568732
RGI60-13.45321,1982,-362.70596304422037
RGI60-13.45321,1983,-153.7129378684267
RGI60-13.45321,1984,200.8264921809264
RGI60-13.45321,1985,-244.99642572839053
RGI60-13.45321,1986,-183.3067646741763
RGI60-13.45321,1987,43.29898830837243
RGI60-13.45321,1988,337.8035420676325
RGI60-13.45321,1989,117.93937437106636
RGI60-13.45321,1990,-332.60197784470694
RGI60-13.45321,1991,-840.915356402796
RGI60-13.45321,1992,302.2233676013263
RGI60-13.45321,1993,310.14117989622906
RGI60-13.45321,1994,-121.05134358242873
RGI60-13.45321,1995,-616.6513074628084
RGI60-13.45321,1996,-104.79747485068215
RGI60-13.45321,1997,-975.8968256712407
RGI60-13.45321,1998,-544.5887038432478
RGI60-13.45321,1999,-607.934702733964
RGI60-13.45321,2000,-414.55363014641307
RGI60-13.45321,2001,-1090.636410671376
RGI60-13.45321,2002,-679.8132056794644
RGI60-13.45321,2003,-38.69438700122247
RGI60-13.45321,2004,-530.8182286014959
RGI60-13.45321,2005,-796.175549307202
RGI60-13.45321,2006,-809.8152131782341
RGI60-13.45321,2007,-662.0273145468544
RGI60-13.45321,2008,-1371.494499608807
RGI60-13.45321,2009,28.23745500229257
RGI60-13.45321,2010,-597.9330456880533
RGI60-13.45321,2011,-887.4237581600361
RGI60-13.45321,2012,-840.274160171072
RGI60-13.45321,2013,-340.5989129332821
RGI60-13.45321,2014,-358.7024390234951
RGI60-13.45321,2015,-301.75842575990356
RGI60-13.45321,2016,-878.1225003388157
RGI60-13.45321,2017,-749.7393500214116
RGI60-13.45321,2018,-494.68174201761303
RGI60-13.45321,2019,-564.9746821475508
RGI60-13.45322,1901,-107.20454194096732
RGI60-13.45322,1902,-61.17665156092434
RGI60-13.45322,1903,130.53463199476826
RGI60-13.45322,1904,-1003.2231067701324
RGI60-13.45322,1905,-730.7252250276763
RGI60-13.45322,1906,-1098.2738320755527
RGI60-13.45322,1907,-15.477962486682296
RGI60-13.45322,1908,-371.63828089937334
RGI60-13.45322,1909,-1308.1187287009689
RGI60-13.45322,1910,-844.7133246971882
RGI60-13.45322,1911,98.71339058008931
RGI60-13.45322,1912,-358.6968989730299
RGI60-13.45322,1913,58.00258370425635
RGI60-13.45322,1914,-371.9331862263643
RGI60-13.45322,1915,-1308.8891201264578
RGI60-13.45322,1916,-937.131636012468
RGI60-13.45322,1917,-879.7594150473916
RGI60-13.45322,1918,-974.9157735089068
RGI60-13.45322,1919,595.7426687810865
RGI60-13.45322,1920,-381.6123807635573
RGI60-13.45322,1921,-369.5511149436336
RGI60-13.45322,1922,-1024.4335547209496
RGI60-13.45322,1923,-962.1259043698526
RGI60-13.45322,1924,-847.0847691702695
RGI60-13.45322,1925,260.75226684773463
RGI60-13.45322,1926,19.814685197208572
RGI60-13.45322,1927,-277.30047254523373
RGI60-13.45322,1928,-42.97956301945337
RGI60-13.45322,1929,-40.060353861581326
RGI60-13.45322,1930,528.1790576217992
RGI60-13.45322,1931,-313.93751688475027
RGI60-13.45322,1932,-57.70437243726363
RGI60-13.45322,1933,-889.2601269551245
RGI60-13.45322,1934,-118.4933134295884
RGI60-13.45322,1935,-946.2696132658917
RGI60-13.45322,1936,-223.62963813960047
RGI60-13.45322,1937,70.35263835584846
RGI60-13.45322,1938,47.782585552881415
RGI60-13.45322,1939,-394.94560100561716
RGI60-13.45322,1940,-579.276516521493
RGI60-13.45322,1941,-268.2003916739929
RGI60-13.45322,1942,1405.5654515758158
RGI60-13.45322,1943,-1091.0846733416863
RGI60-13.45322,1944,-1021.8011332450391
RGI60-13.45322,1945,-1424.463072873929
RGI60-13.45322,1946,360.66201620276865
RGI60-13.45322,1947,-219.19939104190684
RGI60-13.45322,1948,-900.6045129469469
RGI60-13.45322,1949,-132.06140675554838
RGI60-13.45322,1950,-1052.871998786982
RGI60-13.45322,1951,-731.8241652947321
RGI60-13.45322,1952,-222.3688934112633
RGI60-13.45322,1953,-234.1997894981488
RGI60-13.45322,1954,201.35868175226835
RGI60-13.45322,1955,-597.7203459137625
RGI60-13.45322,1956,-86.85024492101736
RGI60-13.45322,1957,-497.6559587062394
RGI60-13.45322,1958,688.5188349056697
RGI60-13.45322,1959,260.14390910805145
RGI60-13.45322,1960,175.20817842753934
RGI60-13.45322,1961,-176.4297961608983
RGI60-13.45322,1962,-1297.8394666356035
RGI60-13.45322,1963,-524.6463261010595
RGI60-13.45322,1964,-381.5200159405275
RGI60-13.45322,1965,-1094.8256041024697
RGI60-13.45322,1966,-715.9933179272347
RGI60-13.45322,1967,-513.3795305924009
RGI60-13.45322,1968,-900.9710010632365
RGI60-13.45322,1969,-152.03857173977048
RGI60-13.45322,1970,-324.8731040712908
RGI60-13.45322,1971,-220.52983928887002
RGI60-13.45322,1972,-116.72669133509199
RGI60-13.45322,1973,-776.0079541262097
RGI60-13.45322,1974,-1470.952903533262
RGI60-13.45322,1975,-731.0291318195824
RGI60-13.45322,1976,-46.95983385440306
RGI60-13.45322,1977,-1024.4468868600259
RGI60-13.45322,1978,-284.76572172955156
RGI60-13.45322,1979,359.4002080696001
RGI60-13.45322,1980,-271.26017298003325
RGI60-13.45322,1981,-357.687485687896
RGI60-13.45322,1982,-336.19444740513444
RGI60-13.45322,1983,-214.37985052855376
RGI60-13.45322,1984,167.685684372669
RGI60-13.45322,1985,-266.6453754503237
RGI60-13.45322,1986,-225.587984139015
RGI60-13.45322,1987,-89.02607459381899
RGI60-13.45322,1988,339.7768018993052
RGI60-13.45322,1989,95.65699687783668
RGI60-13.45322,1990,-317.8495577823593
RGI60-13.45322,1991,-783.109961388537
RGI60-13.45322,1992,294.5113428066778
RGI60-13.45322,1993,333.9796336638459
RGI60-13.45322,1994,-185.8837841593865
RGI60-13.45322,1995,-593.10002986168
RGI60-13.45322,1996,-134.5198763222127
RGI60-13.45322,1997,-898.1182563871187
RGI60-13.45322,1998,-600.6498231549343
RGI60-13.45322,1999,-623.5705323522574
RGI60-13.45322,2000,-449.7714074515699
RGI60-13.45322,2001,-1105.1018647916435
RGI60-13.45322,2002,-752.2158425744374
RGI60-13.45322,2003,-16.31031538684095
RGI60-13.45322,2004,-550.348165313685
RGI60-13.45322,2005,-772.914351184388
RGI60-13.45322,2006,-850.8514592574427
RGI60-13.45322,2007,-664.9144321392082
RGI60-13.45322,2008,-1355.5564846609138
RGI60-13.45322,2009,-35.766445200881705
RGI60-13.45322,2010,-658.0397826359442
RGI60-13.45322,2011,-918.0165220298812
RGI60-13.45322,2012,-874.9040938303407
RGI60-13.45322,2013,-350.97322333948483
RGI60-13.45322,2014,-417.8160015780764
RGI60-13.45322,2015,-371.1361968433455
RGI60-13.45322,2016,-899.2442947497518
RGI60-13.45322,2017,-794.7942822328686
RGI60-13.45322,2018,-609.6578171654985
RGI60-13.45322,2019,-619.6670176337908
RGI60-13.45323,1901,-437.0581426980094
RGI60-13.45323,1902,-506.5904900623252
RGI60-13.45323,1903,-201.65507937071766
RGI60-13.45323,1904,-1250.8581183186755
RGI60-13.45323,1905,-984.5505194912239
RGI60-13.45323,1906,-1336.9755983014113
RGI60-13.45323,1907,-365.9250959180437
RGI60-13.45323,1908,-664.9982252262803
RGI60-13.45323,1909,-1511.1815895500613
RGI60-13.45323,1910,-1090.0956872338072
RGI60-13.45323,1911,-282.9135942713583
RGI60-13.45323,1912,-597.5923390693702
RGI60-13.45323,1913,-281.16149232593517
RGI60-13.45323,1914,-669.5768443562629
RGI60-13.45323,1915,-1504.950423537682
RGI60-13.45323,1916,-1169.894963802468
RGI60-13.45323,1917,-1075.4294350784949
RGI60-13.45323,1918,-1230.2454157936854
RGI60-13.45323,1919,171.46173659872764
RGI60-13.45323,1920,-764.0667681620622
RGI60-13.45323,1921,-676.2908600772656
RGI60-13.45323,1922,-1219.912252809999
RGI60-13.45323,1923,-1216.4359837703128
RGI60-13.45323,1924,-1044.8023524813034
RGI60-13.45323,1925,-27.504516342249172
RGI60-13.45323,1926,-270.0923804523251
RGI60-13.45323,1927,-538.6762949845088
RGI60-13.45323,1928,-411.50152576659843
RGI60-13.45323,1929,-339.73346739102044
RGI60-13.45323,1930,143.22758353382113
RGI60-13.45323,1931,-692.1003977961033
RGI60-13.45323,1932,-241.63759769718177
RGI60-13.45323,1933,-1118.2188021006868
RGI60-13.45323,1934,-458.1179949985584
RGI60-13.45323,1935,-1225.531153089041
RGI60-13.45323,1936,-451.24946186596196
RGI60-13.45323,1937,-190.42184354869744
RGI60-13.45323,1938,-213.6009142100243
RGI60-13.45323,1939,-737.7398873089196
RGI60-13.45323,1940,-940.6505209200611
RGI60-13.45323,1941,-690.9989599313928
RGI60-13.45323,1942,678.6847234931636
RGI60-13.45323,1943,-1256.7673445652779
RGI60-13.45323,1944,-1271.6379244091975
RGI60-13.45323,1945,-1670.9630817759796
RGI60-13.45323,1946,66.56175413476062
RGI60-13.45323,1947,-468.05210702937876
RGI60-13.45323,1948,-1115.7087444139959
RGI60-13.45323,1949,-519.2120891892159
RGI60-13.45323,1950,-1255.067965572353
RGI60-13.45323,1951,-1020.1266468209233
RGI60-13.45323,1952,-487.42635894435796
RGI60-13.45323,1953,-614.3521807159592
RGI60-13.45323,1954,-90.46150598756087
RGI60-13.45323,1955,-958.1850208876222
RGI60-13.45323,1956,-333.7340178180269
RGI60-13.45323,1957,-823.1283972291751
RGI60-13.45323,1958,369.23967108618035
RGI60-13.45323,1959,-110.61080571191023
RGI60-13.45323,1960,-94.05575752940055
RGI60-13.45323,1961,-455.7164475804248
RGI60-13.45323,1962,-1533.9741749171442
RGI60-13.45323,1963,-814.0414311688772
RGI60-13.45323,1964,-705.5868321484955
RGI60-13.45323,1965,-1342.0835191951035
RGI60-13.45323,1966,-1058.7650703167244
RGI60-13.45323,1967,-739.6811193439405
RGI60-13.45323,1968,-1133.6454673445232
RGI60-13.45323,1969,-389.2171048369027
RGI60-13.45323,1970,-641.2118541740992
RGI60-13.45323,1971,-584.6794091260613
RGI60-13.45323,1972,-428.4830677996012
RGI60-13.45323,1973,-1039.0616188501979
RGI60-13.45323,1974,-1699.6607573070833
RGI60-13.45323,1975,-963.799193733139
RGI60-13.45323,1976,-389.4935048780259
RGI60-13.45323,1977,-1293.8839496660473
RGI60-13.45323,1978,-556.347505730397
RGI60-13.45323,1979,-13.590312850247745
RGI60-13.45323,1980,-534.0370215186402
RGI60-13.45323,1981,-682.3883357833839
RGI60-13.45323,1982,-671.6878203632518
RGI60-13.45323,1983,-478.6282467906553
RGI60-13.45323,1984,-175.38382117446565
RGI60-13.45323,1985,-511.84478450482607
RGI60-13.45323,1986,-484.39369592252126
RGI60-13.45323,1987,-397.51566407875805
RGI60-13.45323,1988,-42.36157817844472
RGI60-13.45323,1989,-219.66282686300187
RGI60-13.45323,1990,-678.0916572847907
RGI60-13.45323,1991,-1076.4148107040387
RGI60-13.45323,1992,-75.38677637764594
RGI60-13.45323,1993,19.67954009712497
RGI60-13.45323,1994,-560.8012237841269
RGI60-13.45323,1995,-889.3297971428185
RGI60-13.45323,1996,-503.31221086521816
RGI60-13.45323,1997,-1143.45138453216
RGI60-13.45323,1998,-974.133592792703
RGI60-13.45323,1999,-978.1994278932019
RGI60-13.45323,2000,-702.0428583523617
RGI60-13.45323,2001,-1366.8096974583596
RGI60-13.45323,2002,-1138.430465139031
RGI60-13.45323,2003,-454.2898471264513
RGI60-13.45323,2004,-892.7584606085009
RGI60-13.45323,2005,-1104.042637686246
RGI60-13.45323,2006,-1153.7962107568626
RGI60-13.45323,2007,-1019.1158310283198
RGI60-13.45323,2008,-1623.2937005305394
RGI60-13.45323,2009,-396.5951937835772
RGI60-13.45323,2010,-1003.9150408577216
RGI60-13.45323,2011,-1228.3891641181422
RGI60-13.45323,2012,-1183.468140051739
RGI60-13.45323,2013,-695.3059144498402
RGI60-13.45323,2014,-763.8109117966377
RGI60-13.45323,2015,-759.0962353899714
RGI60-13.45323,2016,-1284.9106882586455
RGI60-13.45323,2017,-1133.9831753310252
RGI60-13.45323,2018,-973.2672100566256
RGI60-13.45323,2019,-928.6786172193986
RGI60-13.45324,1901,38.03552460945827
RGI60-13.45324,1902,150.88510482562262
RGI60-13.45324,1903,148.71677130976275
RGI60-13.45324,1904,-971.7729341199419
RGI60-13.45324,1905,-720.6012656407314
RGI60-13.45324,1906,-1075.1144869832865
RGI60-13.45324,1907,195.30193480369684
RGI60-13.45324,1908,-198.6384712459163
RGI60-13.45324,1909,-1202.5307049959922
RGI60-13.45324,1910,-738.5690483291219
RGI60-13.45324,1911,155.6767364820902
RGI60-13.45324,1912,-406.5469545307728
RGI60-13.45324,1913,20.642728238431935
RGI60-13.45324,1914,-315.19093596515614
RGI60-13.45324,1915,-1148.1903792722778
RGI60-13.45324,1916,-871.6899957829671
RGI60-13.45324,1917,-869.8979959385608
RGI60-13.45324,1918,-770.8639265578851
RGI60-13.45324,1919,788.3211768372148
RGI60-13.45324,1920,-219.909065564148
RGI60-13.45324,1921,-164.60585899722778
RGI60-13.45324,1922,-945.7075775251432
RGI60-13.45324,1923,-712.6260480528778
RGI60-13.45324,1924,-641.3054156621589
RGI60-13.45324,1925,363.651202567673
RGI60-13.45324,1926,25.546875546440575
RGI60-13.45324,1927,-37.52876315955074
RGI60-13.45324,1928,69.00660897340822
RGI60-13.45324,1929,3.4734229195259885
RGI60-13.45324,1930,679.4792126387075
RGI60-13.45324,1931,-95.41837018368189
RGI60-13.45324,1932,84.10150092522085
RGI60-13.45324,1933,-709.0641238505583
RGI60-13.45324,1934,-180.13318196678836
RGI60-13.45324,1935,-736.558379962617
RGI60-13.45324,1936,-190.79308892320083
RGI60-13.45324,1937,132.7585142934369
RGI60-13.45324,1938,158.42426966826554
RGI60-13.45324,1939,-192.566777768399
RGI60-13.45324,1940,-432.52324309193875
RGI60-13.45324,1941,-42.040657997425484
RGI60-13.45324,1942,1709.4804411234115
RGI60-13.45324,1943,-893.8867879241138
RGI60-13.45324,1944,-818.4022194340997
RGI60-13.45324,1945,-1181.5210792539244
RGI60-13.45324,1946,513.5257844968366
RGI60-13.45324,1947,-184.7213365692038
RGI60-13.45324,1948,-682.9437154417507
RGI60-13.45324,1949,70.31974764144559
RGI60-13.45324,1950,-871.9415481685561
RGI60-13.45324,1951,-663.5378461516169
RGI60-13.45324,1952,20.0607755390548
RGI60-13.45324,1953,-70.00455123762143
RGI60-13.45324,1954,196.5051271623817
RGI60-13.45324,1955,-355.4019461841953
RGI60-13.45324,1956,179.14494806589744
RGI60-13.45324,1957,-392.6468891040733
RGI60-13.45324,1958,804.0525411977004
RGI60-13.45324,1959,177.38876402685486
RGI60-13.45324,1960,214.86119108784715
RGI60-13.45324,1961,-169.86582992162965
RGI60-13.45324,1962,-1039.0406477199883
RGI60-13.45324,1963,-516.6211511146885
RGI60-13.45324,1964,-225.65264366969637
RGI60-13.45324,1965,-993.3012744894828
RGI60-13.45324,1966,-537.2228638476194
RGI60-13.45324,1967,-477.58003350787334
RGI60-13.45324,1968,-783.2371219699093
RGI60-13.45324,1969,-61.43807957579845
RGI60-13.45324,1970,-297.8174404802204
RGI60-13.45324,1971,-128.77110161489307
RGI60-13.45324,1972,-197.93957651890037
RGI60-13.45324,1973,-618.7123851067489
RGI60-13.45324,1974,-1250.0476238496697
RGI60-13.45324,1975,-576.9658553881115
RGI60-13.45324,1976,16.99892986887637
RGI60-13.45324,1977,-827.2602820323948
RGI60-13.45324,1978,-210.66483230882577
RGI60-13.45324,1979,458.6896635968045
RGI60-13.45324,1980,-80.9713209079138
RGI60-13.45324,1981,-267.14545913270615
RGI60-13.45324,1982,-310.4387507529086
RGI60-13.45324,1983,25.006967724530753
RGI60-13.45324,1984,258.61042470186925
RGI60-13.45324,1985,-100.9155444544513
RGI60-13.45324,1986,30.358930337131387
RGI60-13.45324,1987,274.28844770201164
RGI60-13.45324,1988,349.37067022609915
RGI60-13.45324,1989,225.32923784758688
RGI60-13.45324,1990,-225.12573602103382
RGI60-13.45324,1991,-757.4626739537882
RGI60-13.45324,1992,288.69497452839005
RGI60-13.45324,1993,298.250501967815
RGI60-13.45324,1994,17.652510417071394
RGI60-13.45324,1995,-458.99067070034977
RGI60-13.45324,1996,1.9188390052974644
RGI60-13.45324,1997,-775.8123646684863
RGI60-13.45324,1998,-300.5073503651314
RGI60-13.45324,1999,-414.5058053348644
RGI60-13.45324,2000,-85.07337635290084
RGI60-13.45324,2001,-801.8684254585651
RGI60-13.45324,2002,-496.54807249386994
RGI60-13.45324,2003,-76.86041535152705
RGI60-13.45324,2004,-356.99373811986857
RGI60-13.45324,2005,-676.9318870097297
RGI60-13.45324,2006,-591.0326798625188
RGI60-13.45324,2007,-414.8680339505718
RGI60-13.45324,2008,-1083.7262927576785
RGI60-13.45324,2009,137.75879095483288
RGI60-13.45324,2010,-413.747110566509
RGI60-13.45324,2011,-631.3301667264053
RGI60-13.45324,2012,-551.6112594771383
RGI60-13.45324,2013,-208.83405202917547
RGI60-13.45324,2014,-212.33961268643873
RGI60-13.45324,2015,-109.53658859939654
RGI60-13.45324,2016,-664.40192542109
RGI60-13.45324,2017,-501.31138601678487
RGI60-13.45324,2018,-254.95505985926985
RGI60-13.45324,2019,-333.78870821540636
RGI60-13.45325,1901,185.85953449140462
RGI60-13.45325,1902,281.9080798065013
RGI60-13.45325,1903,382.0732511423912
RGI60-13.45325,1904,-842.8572309225091
RGI60-13.45325,1905,-541.7295772444515
RGI60-13.45325,1906,-962.6802133585936
RGI60-13.45325,1907,331.4006786579861
RGI60-13.45325,1908,-89.92135688059686
RGI60-13.45325,1909,-1079.7544306407817
RGI60-13.45325,1910,-638.0565242809148
RGI60-13.45325,1911,374.26567441563867
RGI60-13.45325,1912,-189.55593204217502
RGI60-13.45325,1913,297.9625912090377
RGI60-13.45325,1914,-116.14924738267422
RGI60-13.45325,1915,-1107.9220213555536
RGI60-13.45325,1916,-757.42886890699
RGI60-13.45325,1917,-694.1096390470099
RGI60-13.45325,1918,-713.7663067017305
RGI60-13.45325,1919,1017.5501274571586
RGI60-13.45325,1920,-118.19851562553627
RGI60-13.45325,1921,-66.92769614990935
RGI60-13.45325,1922,-853.418765712304
RGI60-13.45325,1923,-667.8612524974715
RGI60-13.45325,1924,-571.5940774134816
RGI60-13.45325,1925,512.6110639357113
RGI60-13.45325,1926,260.32841996827557
RGI60-13.45325,1927,24.084194955183612
RGI60-13.45325,1928,249.47675565179648
RGI60-13.45325,1929,223.8191385675406
RGI60-13.45325,1930,874.1281060629452
RGI60-13.45325,1931,-27.983256214053597
RGI60-13.45325,1932,232.1073619664168
RGI60-13.45325,1933,-637.3701271154847
RGI60-13.45325,1934,68.30152983553849
RGI60-13.45325,1935,-699.6256825070814
RGI60-13.45325,1936,7.098198460619653
RGI60-13.45325,1937,332.00433431425796
RGI60-13.45325,1938,326.7864281477835
RGI60-13.45325,1939,-72.11174747689803
RGI60-13.45325,1940,-297.9925263468637
RGI60-13.45325,1941,23.1876854336464
RGI60-13.45325,1942,1896.8601027409868
RGI60-13.45325,1943,-835.9197514403212
RGI60-13.45325,1944,-778.4247762061954
RGI60-13.45325,1945,-1123.4548337655851
RGI60-13.45325,1946,700.4877782904616
RGI60-13.45325,1947,-13.709109545376647
RGI60-13.45325,1948,-624.4902254508323
RGI60-13.45325,1949,207.06458131604643
RGI60-13.45325,1950,-767.9779067445007
RGI60-13.45325,1951,-449.02060484769265
RGI60-13.45325,1952,85.76936133366476
RGI60-13.45325,1953,167.2101633587644
RGI60-13.45325,1954,390.3155387777819
RGI60-13.45325,1955,-319.4118574408393
RGI60-13.45325,1956,228.55787178785576
RGI60-13.45325,1957,-270.15385456458745
RGI60-13.45325,1958,969.8718677177221
RGI60-13.45325,1959,538.6847411540534
RGI60-13.45325,1960,408.46343145014526
RGI60-13.45325,1961,42.027777245585696
RGI60-13.45325,1962,-957.1627405993959
RGI60-13.45325,1963,-300.2319163289704
RGI60-13.45325,1964,-116.06007974541565
RGI60-13.45325,1965,-839.4169047425187
RGI60-13.45325,1966,-406.111202938988
RGI60-13.45325,1967,-283.4829410023995
RGI60-13.45325,1968,-663.2979244889581
RGI60-13.45325,1969,129.13895988140544
RGI60-13.45325,1970,-152.21365017958604
RGI60-13.45325,1971,-4.176854505255362
RGI60-13.45325,1972,80.676055819076
RGI60-13.45325,1973,-524.9379620094725
RGI60-13.45325,1974,-1179.6741478599833
RGI60-13.45325,1975,-444.14277382863656
RGI60-13.45325,1976,219.13283786807884
RGI60-13.45325,1977,-734.1570472425979
RGI60-13.45325,1978,8.654757993216403
RGI60-13.45325,1979,677.4351437518966
RGI60-13.45325,1980,24.41987326795304
RGI60-13.45325,1981,-146.48147511701544
RGI60-13.45325,1982,-114.0637291563731
RGI60-13.45325,1983,111.73588657309816
RGI60-13.45325,1984,478.7193090017403
RGI60-13.45325,1985,14.400847307267652
RGI60-13.45325,1986,124.01882625824967
RGI60-13.45325,1987,268.6702038200666
RGI60-13.45325,1988,634.4290490073713
RGI60-13.45325,1989,388.7238266593041
RGI60-13.45325,1990,-104.25365785808337
RGI60-13.45325,1991,-575.3858840551468
RGI60-13.45325,1992,532.9041895622305
RGI60-13.45325,1993,588.1298529839385
RGI60-13.45325,1994,133.00269778382753
RGI60-13.45325,1995,-361.28700528329813
RGI60-13.45325,1996,137.27199810462818
RGI60-13.45325,1997,-631.1184204837306
RGI60-13.45325,1998,-266.7057315440632
RGI60-13.45325,1999,-295.77443953300116
RGI60-13.45325,2000,25.615327241049336
RGI60-13.45325,2001,-763.1748953810145
RGI60-13.45325,2002,-404.2021800235942
RGI60-13.45325,2003,180.87982156449033
RGI60-13.45325,2004,-260.7492200961592
RGI60-13.45325,2005,-497.11046686560496
RGI60-13.45325,2006,-539.1251245667281
RGI60-13.45325,2007,-370.47780287511176
RGI60-13.45325,2008,-1018.2323117780625
RGI60-13.45325,2009,285.0282478387773
RGI60-13.45325,2010,-354.9972370982282
RGI60-13.45325,2011,-610.5544448572404
RGI60-13.45325,2012,-535.577842743208
RGI60-13.45325,2013,-83.75857188762403
RGI60-13.45325,2014,-104.83146159650495
RGI60-13.45325,2015,42.26487432921812
RGI60-13.45325,2016,-595.1097394158743
RGI60-13.45325,2017,-425.711400079403
RGI60-13.45325,2018,-248.9172329872794
RGI60-13.45325,2019,-209.25833872191285
RGI60-13.45326,1901,-225.9337789051269
RGI60-13.45326,1902,-274.97810989957486
RGI60-13.45326,1903,29.77243835949281
RGI60-13.45326,1904,-1016.215598939785
RGI60-13.45326,1905,-747.6673764751001
RGI60-13.45326,1906,-1111.4336128426921
RGI60-13.45326,1907,-160.74386456665255
RGI60-13.45326,1908,-465.6073865191486
RGI60-13.45326,1909,-1282.2684583427122
RGI60-13.45326,1910,-879.0110607965615
RGI60-13.45326,1911,-37.78766792121945
RGI60-13.45326,1912,-367.2944253999831
RGI60-13.45326,1913,-26.040260903583974
RGI60-13.45326,1914,-433.96778805481785
RGI60-13.45326,1915,-1306.500710642136
RGI60-13.45326,1916,-954.5756491051726
RGI60-13.45326,1917,-837.3843488838768
RGI60-13.45326,1918,-1030.3076494947181
RGI60-13.45326,1919,390.95523354891907
RGI60-13.45326,1920,-538.636510735602
RGI60-13.45326,1921,-476.4989794102978
RGI60-13.45326,1922,-1015.5548981473165
RGI60-13.45326,1923,-1020.2680240431328
RGI60-13.45326,1924,-855.8776047426041
RGI60-13.45326,1925,142.77111449757837
RGI60-13.45326,1926,-42.0499135620275
RGI60-13.45326,1927,-383.43484914010384
RGI60-13.45326,1928,-179.9107345861571
RGI60-13.45326,1929,-111.38990833153272
RGI60-13.45326,1930,355.2313374456214
RGI60-13.45326,1931,-483.56887565454554
RGI60-13.45326,1932,-79.30979103099551
RGI60-13.45326,1933,-923.5350197828509
RGI60-13.45326,1934,-198.94178362833213
RGI60-13.45326,1935,-1026.5189577679719
RGI60-13.45326,1936,-238.99945816497763
RGI60-13.45326,1937,16.375759148313065
RGI60-13.45326,1938,-29.75562854871331
RGI60-13.45326,1939,-515.3299598177152
RGI60-13.45326,1940,-696.8071196085949
RGI60-13.45326,1941,-473.6386802011235
RGI60-13.45326,1942,941.232717059456
RGI60-13.45326,1943,-1069.839428707075
RGI60-13.45326,1944,-1072.3189046800496
RGI60-13.45326,1945,-1420.6029805499586
RGI60-13.45326,1946,243.4807312168891
RGI60-13.45326,1947,-256.52645321759826
RGI60-13.45326,1948,-922.1999995969845
RGI60-13.45326,1949,-291.29490384883223
RGI60-13.45326,1950,-1037.3373734437353
RGI60-13.45326,1951,-734.8416601398203
RGI60-13.45326,1952,-332.27090820333245
RGI60-13.45326,1953,-323.9296429143257
RGI60-13.45326,1954,96.62267502906643
RGI60-13.45326,1955,-754.3090559750672
RGI60-13.45326,1956,-202.9460269129428
RGI60-13.45326,1957,-598.6463461074346
RGI60-13.45326,1958,525.2526707483959
RGI60-13.45326,1959,203.63799871138244
RGI60-13.45326,1960,97.70764028562382
RGI60-13.45326,1961,-224.9081640619652
RGI60-13.45326,1962,-1290.8545559348377
RGI60-13.45326,1963,-565.370322054125
RGI60-13.45326,1964,-494.1173974388284
RGI60-13.45326,1965,-1082.1020074810747
RGI60-13.45326,1966,-804.8201539199847
RGI60-13.45326,1967,-514.2267928172913
RGI60-13.45326,1968,-914.2763083307474
RGI60-13.45326,1969,-186.67191235584912
RGI60-13.45326,1970,-412.09655925712246
RGI60-13.45326,1971,-358.39652167127787
RGI60-13.45326,1972,-168.28329032729576
RGI60-13.45326,1973,-827.7589639604898
RGI60-13.45326,1974,-1453.9106546770909
RGI60-13.45326,1975,-755.5247094366775
RGI60-13.45326,1976,-155.07484163136718
RGI60-13.45326,1977,-1060.5363368257783
RGI60-13.45326,1978,-321.5954818010299
RGI60-13.45326,1979,212.73247678955371
RGI60-13.45326,1980,-345.5767789199525
RGI60-13.45326,1981,-464.3283494532252
RGI60-13.45326,1982,-426.4175362937415
RGI60-13.45326,1983,-309.37658645404116
RGI60-13.45326,1984,52.71030174687073
RGI60-13.45326,1985,-327.3024094438163
RGI60-13.45326,1986,-313.4493257364054
RGI60-13.45326,1987,-275.0344863045545
RGI60-13.45326,1988,214.36150698232197
RGI60-13.45326,1989,-17.63727341789533
RGI60-13.45326,1990,-448.97719465770194
RGI60-13.45326,1991,-824.3011451423697
RGI60-13.45326,1992,169.61951168102055
RGI60-13.45326,1993,261.5202379338911
RGI60-13.45326,1994,-347.06305022802354
RGI60-13.45326,1995,-677.0791388844337
RGI60-13.45326,1996,-286.51038328834665
RGI60-13.45326,1997,-909.2154122115834
RGI60-13.45326,1998,-778.6877686441258
RGI60-13.45326,1999,-748.291272965899
RGI60-13.45326,2000,-514.6707615962504
RGI60-13.45326,2001,-1162.7921408915267
RGI60-13.45326,2002,-899.2385865595047
RGI60-13.45326,2003,-167.52830746834493
RGI60-13.45326,2004,-670.7766728033621
RGI60-13.45326,2005,-840.8033390099894
RGI60-13.45326,2006,-947.6213550232499
RGI60-13.45326,2007,-811.3039608571555
RGI60-13.45326,2008,-1370.3319151337955
RGI60-13.45326,2009,-179.41489320025352
RGI60-13.45326,2010,-789.4006891598917
RGI60-13.45326,2011,-1031.0809668901009
RGI60-13.45326,2012,-988.3767234299044
RGI60-13.45326,2013,-474.7005256909096
RGI60-13.45326,2014,-548.0490140479601
RGI60-13.45326,2015,-520.5911540349782
RGI60-13.45326,2016,-1019.2866433031967
RGI60-13.45326,2017,-906.6263016915387
RGI60-13.45326,2018,-786.0276480657275
RGI60-13.45326,2019,-705.3784011423644
RGI60-13.45327,1901,650.4832254625411
RGI60-13.45327,1902,851.7599219783266
RGI60-13.45327,1903,811.0263809933756
RGI60-13.45327,1904,-280.7543389293545
RGI60-13.45327,1905,-13.396999545398915
RGI60-13.45327,1906,-411.48178460802797
RGI60-13.45327,1907,805.4515727528798
RGI60-13.45327,1908,381.62053172223625
RGI60-13.45327,1909,-456.77057933557626
RGI60-13.45327,1910,-118.53203689005493
RGI60-13.45327,1911,863.0923278756188
RGI60-13.45327,1912,239.46474402786697
RGI60-13.45327,1913,766.667013088233
RGI60-13.45327,1914,398.29916316751917
RGI60-13.45327,1915,-542.5520954497268
RGI60-13.45327,1916,-231.40885106720987
RGI60-13.45327,1917,-192.9567631418721
RGI60-13.45327,1918,-149.1312448960938
RGI60-13.45327,1919,1469.8296279308838
RGI60-13.45327,1920,432.7921853429768
RGI60-13.45327,1921,425.5212944430215
RGI60-13.45327,1922,-350.8194525644881
RGI60-13.45327,1923,-96.46800714401978
RGI60-13.45327,1924,-74.59559157615557
RGI60-13.45327,1925,843.8356924658179
RGI60-13.45327,1926,673.835301605409
RGI60-13.45327,1927,450.9729251677124
RGI60-13.45327,1928,749.7534886978431
RGI60-13.45327,1929,668.6344927301753
RGI60-13.45327,1930,1268.5613279911468
RGI60-13.45327,1931,493.2285492236329
RGI60-13.45327,1932,558.5054541774269
RGI60-13.45327,1933,-115.59651511579757
RGI60-13.45327,1934,553.1174275289327
RGI60-13.45327,1935,-139.65953683286253
RGI60-13.45327,1936,408.8391060716965
RGI60-13.45327,1937,700.3035521391328
RGI60-13.45327,1938,697.1312690380582
RGI60-13.45327,1939,483.853167818549
RGI60-13.45327,1940,315.9810923631662
RGI60-13.45327,1941,573.2962228632063
RGI60-13.45327,1942,2444.7466492803733
RGI60-13.45327,1943,-320.66987932883956
RGI60-13.45327,1944,-219.89447749578855
RGI60-13.45327,1945,-447.37629800959127
RGI60-13.45327,1946,1061.817260612226
RGI60-13.45327,1947,382.9534243988019
RGI60-13.45327,1948,-102.24339083820469
RGI60-13.45327,1949,751.63921126228
RGI60-13.45327,1950,-203.72733677189018
RGI60-13.45327,1951,153.66821882173252
RGI60-13.45327,1952,500.37925924134345
RGI60-13.45327,1953,787.0647578364359
RGI60-13.45327,1954,739.4498955499363
RGI60-13.45327,1955,237.83892982847817
RGI60-13.45327,1956,596.9460082062757
RGI60-13.45327,1957,250.86199285629075
RGI60-13.45327,1958,1245.302911304777
RGI60-13.45327,1959,1033.1171320732665
RGI60-13.45327,1960,751.5969273723974
RGI60-13.45327,1961,482.01941724598436
RGI60-13.45327,1962,-291.9943629629562
RGI60-13.45327,1963,241.17587124957709
RGI60-13.45327,1964,383.83773064253046
RGI60-13.45327,1965,-209.2518464142745
RGI60-13.45327,1966,211.39964400864613
RGI60-13.45327,1967,181.38446784018714
RGI60-13.45327,1968,-119.08105031086579
RGI60-13.45327,1969,537.1228698902169
RGI60-13.45327,1970,309.2104050399845
RGI60-13.45327,1971,481.6358874977145
RGI60-13.45327,1972,554.0396937416613
RGI60-13.45327,1973,12.400692377672295
RGI60-13.45327,1974,-499.08715160337766
RGI60-13.45327,1975,83.34255216244894
RGI60-13.45327,1976,698.2399041066662
RGI60-13.45327,1977,-122.19227813959168
RGI60-13.45327,1978,502.25183144530894
RGI60-13.45327,1979,1107.4740078791556
RGI60-13.45327,1980,457.97792325200487
RGI60-13.45327,1981,331.8152837336243
RGI60-13.45327,1982,409.6455870173579
RGI60-13.45327,1983,535.7122882919729
RGI60-13.45327,1984,928.4925609976333
RGI60-13.45327,1985,426.31279970671596
RGI60-13.45327,1986,560.3313274043691
RGI60-13.45327,1987,683.7367857587692
RGI60-13.45327,1988,1098.424792638356
RGI60-13.45327,1989,796.2664034969994
RGI60-13.45327,1990,400.79828699081037
RGI60-13.45327,1991,17.342553866638188
RGI60-13.45327,1992,957.5793861344972
RGI60-13.45327,1993,980.8325142867783
RGI60-13.45327,1994,653.8299274016307
RGI60-13.45327,1995,146.5989856411612
RGI60-13.45327,1996,629.2536814465929
RGI60-13.45327,1997,-52.15485553094814
RGI60-13.45327,1998,319.12700973438905
RGI60-13.45327,1999,323.3739213956822
RGI60-13.45327,2000,565.7359140403404
RGI60-13.45327,2001,-141.02540512922494
RGI60-13.45327,2002,284.28625583680605
RGI60-13.45327,2003,743.4482933228355
RGI60-13.45327,2004,309.4749693708339
RGI60-13.45327,2005,154.35496766067018
RGI60-13.45327,2006,59.93601869053343
RGI60-13.45327,2007,208.331863161295
RGI60-13.45327,2008,-322.8686381582727
RGI60-13.45327,2009,773.9986441984909
RGI60-13.45327,2010,233.8109588352578
RGI60-13.45327,2011,-8.529201260284843
RGI60-13.45327,2012,64.53788455974365
RGI60-13.45327,2013,434.56091302211325
RGI60-13.45327,2014,445.4141669788925
RGI60-13.45327,2015,679.9176606174868
RGI60-13.45327,2016,75.44559902037746
RGI60-13.45327,2017,223.40965169473927
RGI60-13.45327,2018,333.8453952586903
RGI60-13.45327,2019,407.9140882786756
RGI60-13.45328,1901,121.81521775783267
RGI60-13.45328,1902,248.71782429086733
RGI60-13.45328,1903,237.82145173757425
RGI60-13.45328,1904,-866.4603149266663
RGI60-13.45328,1905,-620.4698443322704
RGI60-13.45328,1906,-978.5487731455879
RGI60-13.45328,1907,269.94667872955813
RGI60-13.45328,1908,-126.80993573638402
RGI60-13.45328,1909,-1092.7921990795362
RGI60-13.45328,1910,-658.2725873962477
RGI60-13.45328,1911,263.1068260741823
RGI60-13.45328,1912,-319.0463377986895
RGI60-13.45328,1913,125.96691467591823
RGI60-13.45328,1914,-214.82649929909235
RGI60-13.45328,1915,-1068.1623427718055
RGI60-13.45328,1916,-780.1096669799886
RGI60-13.45328,1917,-776.9689360458378
RGI60-13.45328,1918,-682.982274896767
RGI60-13.45328,1919,863.5610808327062
RGI60-13.45328,1920,-122.4283765777199
RGI60-13.45328,1921,-84.61689554559771
RGI60-13.45328,1922,-860.7952300970245
RGI60-13.45328,1923,-627.4819735396444
RGI60-13.45328,1924,-566.8810494846175
RGI60-13.45328,1925,426.3513377667117
RGI60-13.45328,1926,109.19890334265003
RGI60-13.45328,1927,18.451692081340823
RGI60-13.45328,1928,171.49430616195917
RGI60-13.45328,1929,97.15963842274823
RGI60-13.45328,1930,755.0101168682631
RGI60-13.45328,1931,-12.855791589619777
RGI60-13.45328,1932,138.80260218642283
RGI60-13.45328,1933,-627.799295827744
RGI60-13.45328,1934,-63.60428983493064
RGI60-13.45328,1935,-661.1676872877529
RGI60-13.45328,1936,-110.91663551746706
RGI60-13.45328,1937,205.50259055077797
RGI60-13.45328,1938,227.1739424482348
RGI60-13.45328,1939,-99.62663680571515
RGI60-13.45328,1940,-316.3902947481955
RGI60-13.45328,1941,46.90817281012393
RGI60-13.45328,1942,1822.60038772427
RGI60-13.45328,1943,-818.4557548732831
RGI60-13.45328,1944,-734.5573789576504
RGI60-13.45328,1945,-1086.2560437447764
RGI60-13.45328,1946,580.6603678003003
RGI60-13.45328,1947,-105.52402405316772
RGI60-13.45328,1948,-603.0961898253386
RGI60-13.45328,1949,170.44037447981736
RGI60-13.45328,1950,-784.1710627293414
RGI60-13.45328,1951,-550.5074543721215
RGI60-13.45328,1952,73.92958396545824
RGI60-13.45328,1953,45.018501504867785
RGI60-13.45328,1954,277.3626564806745
RGI60-13.45328,1955,-273.76764240714095
RGI60-13.45328,1956,229.49638399477652
RGI60-13.45328,1957,-299.54173301364375
RGI60-13.45328,1958,858.93326559636
RGI60-13.45328,1959,307.239391773476
RGI60-13.45328,1960,290.211295521201
RGI60-13.45328,1961,-80.295471509412
RGI60-13.45328,1962,-942.5462692739226
RGI60-13.45328,1963,-400.35800882230194
RGI60-13.45328,1964,-141.4819798844942
RGI60-13.45328,1965,-878.2825231197219
RGI60-13.45328,1966,-434.26089056079155
RGI60-13.45328,1967,-392.62719908729844
RGI60-13.45328,1968,-691.8277964586252
RGI60-13.45328,1969,14.14527865851657
RGI60-13.45328,1970,-205.37149435380397
RGI60-13.45328,1971,-35.574455658618675
RGI60-13.45328,1972,-84.4048017720564
RGI60-13.45328,1973,-530.0257183411316
RGI60-13.45328,1974,-1145.6894809144521
RGI60-13.45328,1975,-495.31547766673054
RGI60-13.45328,1976,115.54037853913326
RGI60-13.45328,1977,-732.9890668115773
RGI60-13.45328,1978,-112.9013016338149
RGI60-13.45328,1979,549.5972018454487
RGI60-13.45328,1980,-13.259399170868738
RGI60-13.45328,1981,-179.6561370987286
RGI60-13.45328,1982,-201.05610344609505
RGI60-13.45328,1983,89.64406864597929
RGI60-13.45328,1984,351.25363658939904
RGI60-13.45328,1985,-32.040429932331634
RGI60-13.45328,1986,94.32239963393668
RGI60-13.45328,1987,322.6037245284736
RGI60-13.45328,1988,457.31439137889663
RGI60-13.45328,1989,298.08764891990177
RGI60-13.45328,1990,-133.6665830578195
RGI60-13.45328,1991,-638.5584985429842
RGI60-13.45328,1992,389.0307537470684
RGI60-13.45328,1993,394.2766249388633
RGI60-13.45328,1994,109.25033219184614
RGI60-13.45328,1995,-378.13136647565284
RGI60-13.45328,1996,94.53414459092421
RGI60-13.45328,1997,-683.7035591619486
RGI60-13.45328,1998,-221.31144402856913
RGI60-13.45328,1999,-316.1061813439242
RGI60-13.45328,2000,-23.759775342292958
RGI60-13.45328,2001,-718.6457159134073
RGI60-13.45328,2002,-378.22155909819406
RGI60-13.45328,2003,56.8232753717276
RGI60-13.45328,2004,-263.0538247818158
RGI60-13.45328,2005,-553.0572471339389
RGI60-13.45328,2006,-498.48312623859846
RGI60-13.45328,2007,-340.85920174324735
RGI60-13.45328,2008,-983.6481235366473
RGI60-13.45328,2009,228.50146199948102
RGI60-13.45328,2010,-319.13828750159814
RGI60-13.45328,2011,-546.8210338830322
RGI60-13.45328,2012,-477.9413102859884
RGI60-13.45328,2013,-121.08693445361408
RGI60-13.45328,2014,-116.10380791721121
RGI60-13.45328,2015,-8.989826878759109
RGI60-13.45328,2016,-564.3931685262362
RGI60-13.45328,2017,-407.07770270945576
RGI60-13.45328,2018,-176.2055956747832
RGI60-13.45328,2019,-237.83849575238656
RGI60-13.45329,1901,-174.03585007792086
RGI60-13.45329,1902,-194.5049787068732
RGI60-13.45329,1903,78.53799813435347
RGI60-13.45329,1904,-1068.0922817266317
RGI60-13.45329,1905,-777.067386103262
RGI60-13.45329,1906,-1173.1578934449421
RGI60-13.45329,1907,-84.75629410753045
RGI60-13.45329,1908,-434.37556391744624
RGI60-13.45329,1909,-1336.7587258662297
RGI60-13.45329,1910,-903.2902230874085
RGI60-13.45329,1911,18.405384070615646
RGI60-13.45329,1912,-382.71199883416006
RGI60-13.45329,1913,8.532644529028845
RGI60-13.45329,1914,-418.19239737018916
RGI60-13.45329,1915,-1360.5373744871667
RGI60-13.45329,1916,-993.2937805316099
RGI60-13.45329,1917,-885.0276437844949
RGI60-13.45329,1918,-1040.8606590770667
RGI60-13.45329,1919,529.0804716839988
RGI60-13.45329,1920,-505.5832783834236
RGI60-13.45329,1921,-436.2297788423691
RGI60-13.45329,1922,-1064.421755783851
RGI60-13.45329,1923,-1020.6829390211554
RGI60-13.45329,1924,-862.6703645396221
RGI60-13.45329,1925,212.05308644413526
RGI60-13.45329,1926,-8.12828347166941
RGI60-13.45329,1927,-329.44596065725165
RGI60-13.45329,1928,-124.47668599965931
RGI60-13.45329,1929,-73.65620194767139
RGI60-13.45329,1930,462.98370116013217
RGI60-13.45329,1931,-436.7509476840552
RGI60-13.45329,1932,-30.802035943459877
RGI60-13.45329,1933,-934.8860836069273
RGI60-13.45329,1934,-189.22007206663176
RGI60-13.45329,1935,-1036.6396362137696
RGI60-13.45329,1936,-227.0592808827797
RGI60-13.45329,1937,58.68228885946033
RGI60-13.45329,1938,26.461965940322585
RGI60-13.45329,1939,-472.22299734742916
RGI60-13.45329,1940,-677.6056431463907
RGI60-13.45329,1941,-419.2904359095446
RGI60-13.45329,1942,1173.5210859999352
RGI60-13.45329,1943,-1099.6502009027681
RGI60-13.45329,1944,-1091.9528972142687
RGI60-13.45329,1945,-1466.3147410114925
RGI60-13.45329,1946,340.95992446519966
RGI60-13.45329,1947,-248.47386487354947
RGI60-13.45329,1948,-931.1759321605314
RGI60-13.45329,1949,-224.44163491112727
RGI60-13.45329,1950,-1059.9642975277804
RGI60-13.45329,1951,-751.8290413677674
RGI60-13.45329,1952,-272.6307934091616
RGI60-13.45329,1953,-269.7391948050874
RGI60-13.45329,1954,140.56884441679898
RGI60-13.45329,1955,-726.3881617047342
RGI60-13.45329,1956,-130.28663683887453
RGI60-13.45329,1957,-590.6630705706744
RGI60-13.45329,1958,633.7587233427545
RGI60-13.45329,1959,244.20294420617606
RGI60-13.45329,1960,147.35156961935263
RGI60-13.45329,1961,-210.85212607210394
RGI60-13.45329,1962,-1315.6757532310319
RGI60-13.45329,1963,-571.4640724696371
RGI60-13.45329,1964,-465.87697546534537
RGI60-13.45329,1965,-1120.8414460012402
RGI60-13.45329,1966,-793.2426310836213
RGI60-13.45329,1967,-521.550160489721
RGI60-13.45329,1968,-937.0921778985903
RGI60-13.45329,1969,-151.0557200342008
RGI60-13.45329,1970,-413.73259895543634
RGI60-13.45329,1971,-333.4933076161453
RGI60-13.45329,1972,-160.78679771161052
RGI60-13.45329,1973,-833.6781528231584
RGI60-13.45329,1974,-1503.4581337814259
RGI60-13.45329,1975,-752.6403517884653
RGI60-13.45329,1976,-112.06472774238497
RGI60-13.45329,1977,-1075.1940557104665
RGI60-13.45329,1978,-296.3940965067044
RGI60-13.45329,1979,298.59404629700833
RGI60-13.45329,1980,-304.7648482920312
RGI60-13.45329,1981,-451.1829576125894
RGI60-13.45329,1982,-415.12417754122373
RGI60-13.45329,1983,-250.12925748460995
RGI60-13.45329,1984,121.27814041778579
RGI60-13.45329,1985,-291.3579364928704
RGI60-13.45329,1986,-250.0725895773674
RGI60-13.45329,1987,-178.02732577495482
RGI60-13.45329,1988,284.2793882528402
RGI60-13.45329,1989,46.7180966588001
RGI60-13.45329,1990,-431.43724800144156
RGI60-13.45329,1991,-848.6217268813232
RGI60-13.45329,1992,222.81003353880425
RGI60-13.45329,1993,314.4397353164271
RGI60-13.45329,1994,-285.628954626358
RGI60-13.45329,1995,-674.253773358243
RGI60-13.45329,1996,-236.03270655090154
RGI60-13.45329,1997,-926.8037765290821
RGI60-13.45329,1998,-728.3481416530338
RGI60-13.45329,1999,-716.9262793395465
RGI60-13.45329,2000,-434.73476155417427
RGI60-13.45329,2001,-1158.4962418912507
RGI60-13.45329,2002,-865.1736737502656
RGI60-13.45329,2003,-142.14063498603943
RGI60-13.45329,2004,-645.027701014977
RGI60-13.45329,2005,-844.3102424787814
RGI60-13.45329,2006,-932.3658644370333
RGI60-13.45329,2007,-784.4024865687863
RGI60-13.45329,2008,-1399.554961963255
RGI60-13.45329,2009,-113.12631024442516
RGI60-13.45329,2010,-763.1052174437068
RGI60-13.45329,2011,-1016.6931134261894
RGI60-13.45329,2012,-964.1369340999157
RGI60-13.45329,2013,-443.58231961629144
RGI60-13.45329,2014,-505.6907536351886
RGI60-13.45329,2015,-449.0109708030936
RGI60-13.45329,2016,-1017.132691869527
RGI60-13.45329,2017,-874.2238187338529
RGI60-13.45329,2018,-729.3532147679223
RGI60-13.45329,2019,-655.7380867153284
RGI60-13.45330,1901,63.55859433480044
RGI60-13.45330,1902,121.86185504529082
RGI60-13.45330,1903,305.09655607700626
RGI60-13.45330,1904,-995.3572192963254
RGI60-13.45330,1905,-671.7450654569333
RGI60-13.45330,1906,-1121.1092171321986
RGI60-13.45330,1907,197.292735961856
RGI60-13.45330,1908,-232.48607870529983
RGI60-13.45330,1909,-1267.6923730586107
RGI60-13.45330,1910,-793.099150281965
RGI60-13.45330,1911,276.00996662272325
RGI60-13.45330,1912,-271.24248086459954
RGI60-13.45330,1913,222.6954703014187
RGI60-13.45330,1914,-236.6952951438871
RGI60-13.45330,1915,-1301.301648528216
RGI60-13.45330,1916,-909.9454213506262
RGI60-13.45330,1917,-821.6438477246213
RGI60-13.45330,1918,-903.4346692080682
RGI60-13.45330,1919,916.6594715856569
RGI60-13.45330,1920,-276.8079673789166
RGI60-13.45330,1921,-217.2153586765197
RGI60-13.45330,1922,-1005.5037641865313
RGI60-13.45330,1923,-864.9149947887645
RGI60-13.45330,1924,-734.722619839738
RGI60-13.45330,1925,442.1791190920122
RGI60-13.45330,1926,186.91305179968688
RGI60-13.45330,1927,-114.07908374289583
RGI60-13.45330,1928,130.2093867531588
RGI60-13.45330,1929,134.27692017381594
RGI60-13.45330,1930,791.4198681600195
RGI60-13.45330,1931,-190.4577519577745
RGI60-13.45330,1932,149.93066143798325
RGI60-13.45330,1933,-808.5477238277216
RGI60-13.45330,1934,-13.38767869671471
RGI60-13.45330,1935,-892.8206646181306
RGI60-13.45330,1936,-77.15796309033063
RGI60-13.45330,1937,259.12828540051987
RGI60-13.45330,1938,239.78963698602118
RGI60-13.45330,1939,-232.53418162058142
RGI60-13.45330,1940,-466.09679838151175
RGI60-13.45330,1941,-148.0291150788592
RGI60-13.45330,1942,1779.8980839435021
RGI60-13.45330,1943,-1011.3741832634187
RGI60-13.45330,1944,-968.3170308743316
RGI60-13.45330,1945,-1354.5187130421928
RGI60-13.45330,1946,621.9408874886069
RGI60-13.45330,1947,-100.27942924270558
RGI60-13.45330,1948,-798.6118779305338
RGI60-13.45330,1949,58.87878018046787
RGI60-13.45330,1950,-947.3490423671484
RGI60-13.45330,1951,-597.5758559970822
RGI60-13.45330,1952,-49.91369572741646
RGI60-13.45330,1953,16.87547730638356
RGI60-13.45330,1954,334.4293883435778
RGI60-13.45330,1955,-507.868582758713
RGI60-13.45330,1956,104.00480124961757
RGI60-13.45330,1957,-414.1220929381116
RGI60-13.45330,1958,925.039518608838
RGI60-13.45330,1959,486.4759122201578
RGI60-13.45330,1960,347.35556576591256
RGI60-13.45330,1961,-44.35605836634442
RGI60-13.45330,1962,-1180.4105825887666
RGI60-13.45330,1963,-421.94808949662377
RGI60-13.45330,1964,-260.79482599044934
RGI60-13.45330,1965,-1015.2847942902716
RGI60-13.45330,1966,-590.7555481507205
RGI60-13.45330,1967,-394.91294773340627
RGI60-13.45330,1968,-823.9381587273637
RGI60-13.45330,1969,35.205024096766074
RGI60-13.45330,1970,-260.33444007200626
RGI60-13.45330,1971,-128.21278546572793
RGI60-13.45330,1972,6.760218486705752
RGI60-13.45330,1973,-688.3053060278581
RGI60-13.45330,1974,-1406.8192429485027
RGI60-13.45330,1975,-600.7369416226097
RGI60-13.45330,1976,115.92815766419335
RGI60-13.45330,1977,-929.8994110800484
RGI60-13.45330,1978,-102.88819909336192
RGI60-13.45330,1979,593.3433205164296
RGI60-13.45330,1980,-101.86260346801
RGI60-13.45330,1981,-273.7162307871003
RGI60-13.45330,1982,-232.52789636421593
RGI60-13.45330,1983,-22.81204838514493
RGI60-13.45330,1984,386.55100171793526
RGI60-13.45330,1985,-103.43450280224357
RGI60-13.45330,1986,-14.399673225973514
RGI60-13.45330,1987,109.39961373841392
RGI60-13.45330,1988,562.7843063555746
RGI60-13.45330,1989,291.3645083323641
RGI60-13.45330,1990,-235.91359328471088
RGI60-13.45330,1991,-721.6126699594072
RGI60-13.45330,1992,467.6128536639131
RGI60-13.45330,1993,543.2965263946976
RGI60-13.45330,1994,-18.443982440420687
RGI60-13.45330,1995,-512.4412217842383
RGI60-13.45330,1996,6.187964543585377
RGI60-13.45330,1997,-796.4979584413645
RGI60-13.45330,1998,-475.1470854044966
RGI60-13.45330,1999,-484.337864563717
RGI60-13.45330,2000,-158.11137059084706
RGI60-13.45330,2001,-987.56948055495
RGI60-13.45330,2002,-616.9360145597217
RGI60-13.45330,2003,85.94650859025695
RGI60-13.45330,2004,-431.24931891861957
RGI60-13.45330,2005,-667.0768430658435
RGI60-13.45330,2006,-740.3257987971396
RGI60-13.45330,2007,-565.9506537800235
RGI60-13.45330,2008,-1255.8126551626108
RGI60-13.45330,2009,156.23693340871404
RGI60-13.45330,2010,-545.36043107808
RGI60-13.45330,2011,-825.2611019141821
RGI60-13.45330,2012,-753.7482086509629
RGI60-13.45330,2013,-228.48749925591991
RGI60-13.45330,2014,-269.45598634904945
RGI60-13.45330,2015,-144.8879387165459
RGI60-13.45330,2016,-810.1891854359095
RGI60-13.45330,2017,-638.7664719358838
RGI60-13.45330,2018,-464.63268081102507
RGI60-13.45330,2019,-402.36180242164704
RGI60-13.45331,1901,-33.2849990854794
RGI60-13.45331,1902,36.81517592597834
RGI60-13.45331,1903,153.5004506206073
RGI60-13.45331,1904,-1070.0040120001022
RGI60-13.45331,1905,-782.1894229390799
RGI60-13.45331,1906,-1190.9597752700133
RGI60-13.45331,1907,98.51476041330727
RGI60-13.45331,1908,-319.66136681670116
RGI60-13.45331,1909,-1333.328351485943
RGI60-13.45331,1910,-869.1461161553041
RGI60-13.45331,1911,148.7358496250233
RGI60-13.45331,1912,-413.47107409354413
RGI60-13.45331,1913,55.66403724871746
RGI60-13.45331,1914,-358.0975242731429
RGI60-13.45331,1915,-1339.4794097005256
RGI60-13.45331,1916,-983.3644215218893
RGI60-13.45331,1917,-943.0761761223011
RGI60-13.45331,1918,-940.7950681536091
RGI60-13.45331,1919,755.684664557249
RGI60-13.45331,1920,-338.8251948093738
RGI60-13.45331,1921,-285.48989334246136
RGI60-13.45331,1922,-1067.4044133846767
RGI60-13.45331,1923,-898.3587005737285
RGI60-13.45331,1924,-789.5139723419119
RGI60-13.45331,1925,336.65329069997557
RGI60-13.45331,1926,31.505340060644215
RGI60-13.45331,1927,-174.43405759735083
RGI60-13.45331,1928,24.967161245770303
RGI60-13.45331,1929,-1.9926867425907075
RGI60-13.45331,1930,659.7088238076071
RGI60-13.45331,1931,-241.13776592138498
RGI60-13.45331,1932,37.59998573195638
RGI60-13.45331,1933,-859.0243522018783
RGI60-13.45331,1934,-153.178267215659
RGI60-13.45331,1935,-934.7097117697484
RGI60-13.45331,1936,-207.18423314396736
RGI60-13.45331,1937,123.54681230871358
RGI60-13.45331,1938,122.64609705109898
RGI60-13.45331,1939,-312.26615055980733
RGI60-13.45331,1940,-535.872276351656
RGI60-13.45331,1941,-194.3936874910473
RGI60-13.45331,1942,1669.059418192589
RGI60-13.45331,1943,-1057.5711167946213
RGI60-13.45331,1944,-999.3905135643807
RGI60-13.45331,1945,-1411.9469288648258
RGI60-13.45331,1946,493.99140034198723
RGI60-13.45331,1947,-215.3374871167407
RGI60-13.45331,1948,-842.4530159580943
RGI60-13.45331,1949,-22.765641882394355
RGI60-13.45331,1950,-1026.0288823384178
RGI60-13.45331,1951,-741.4099894970889
RGI60-13.45331,1952,-113.13178819498398
RGI60-13.45331,1953,-141.82950658282445
RGI60-13.45331,1954,215.32631327205664
RGI60-13.45331,1955,-539.6261869836485
RGI60-13.45331,1956,58.62995029289538
RGI60-13.45331,1957,-492.13320198874356
RGI60-13.45331,1958,812.1443935427325
RGI60-13.45331,1959,268.63057778963304
RGI60-13.45331,1960,220.93066648886244
RGI60-13.45331,1961,-182.03833295352004
RGI60-13.45331,1962,-1251.0383465869663
RGI60-13.45331,1963,-541.5705865907674
RGI60-13.45331,1964,-335.31768091528903
RGI60-13.45331,1965,-1110.8842925291597
RGI60-13.45331,1966,-683.2166298511441
RGI60-13.45331,1967,-530.4356824686814
RGI60-13.45331,1968,-908.0555411215915
RGI60-13.45331,1969,-94.0118924068763
RGI60-13.45331,1970,-353.0602360519967
RGI60-13.45331,1971,-206.89046648730928
RGI60-13.45331,1972,-159.25216385110195
RGI60-13.45331,1973,-750.5369956630805
RGI60-13.45331,1974,-1460.1481153464526
RGI60-13.45331,1975,-695.5500803473032
RGI60-13.45331,1976,-7.475976595211762
RGI60-13.45331,1977,-1002.5226532401072
RGI60-13.45331,1978,-243.65451861176967
RGI60-13.45331,1979,456.6197300075332
RGI60-13.45331,1980,-186.5986400818869
RGI60-13.45331,1981,-353.6546727167527
RGI60-13.45331,1982,-345.6956082335229
RGI60-13.45331,1983,-91.5748816227505
RGI60-13.45331,1984,250.42914588916824
RGI60-13.45331,1985,-188.14285447306895
RGI60-13.45331,1986,-91.11463235636576
RGI60-13.45331,1987,98.46054180146106
RGI60-13.45331,1988,387.4114004557672
RGI60-13.45331,1989,175.78614477656802
RGI60-13.45331,1990,-318.16571293523486
RGI60-13.45331,1991,-820.2317526731264
RGI60-13.45331,1992,318.53719138717173
RGI60-13.45331,1993,364.63520850360743
RGI60-13.45331,1994,-91.6941666744892
RGI60-13.45331,1995,-589.2890221366623
RGI60-13.45331,1996,-77.21407232975628
RGI60-13.45331,1997,-906.2239810409251
RGI60-13.45331,1998,-512.9077608503101
RGI60-13.45331,1999,-563.9398833224521
RGI60-13.45331,2000,-265.16673917193765
RGI60-13.45331,2001,-1029.0399256184987
RGI60-13.45331,2002,-660.6227390557723
RGI60-13.45331,2003,-53.16563378580082
RGI60-13.45331,2004,-496.4285447717479
RGI60-13.45331,2005,-770.6857237500064
RGI60-13.45331,2006,-773.7912155303442
RGI60-13.45331,2007,-619.7560473208268
RGI60-13.45331,2008,-1312.066138271176
RGI60-13.45331,2009,64.00860823471778
RGI60-13.45331,2010,-582.5747625620927
RGI60-13.45331,2011,-846.916998652148
RGI60-13.45331,2012,-787.146656358371
RGI60-13.45331,2013,-313.8712008357459
RGI60-13.45331,2014,-333.2064025414702
RGI60-13.45331,2015,-247.58883422271245
RGI60-13.45331,2016,-871.153499285367
RGI60-13.45331,2017,-700.0378181628358
RGI60-13.45331,2018,-476.90212923864925
RGI60-13.45331,2019,-489.88759909922084
RGI60-13.45332,1901,-60.09826893044693
RGI60-13.45332,1902,23.03249273831583
RGI60-13.45332,1903,165.95841051320954
RGI60-13.45332,1904,-1095.634405875583
RGI60-13.45332,1905,-797.0939316851138
RGI60-13.45332,1906,-1202.0962424652405
RGI60-13.45332,1907,63.44389831804832
RGI60-13.45332,1908,-347.6233505315933
RGI60-13.45332,1909,-1408.4253093842945
RGI60-13.45332,1910,-896.9359923316078
RGI60-13.45332,1911,145.77471133264453
RGI60-13.45332,1912,-407.78069677659806
RGI60-13.45332,1913,70.7588148812312
RGI60-13.45332,1914,-382.2942480764312
RGI60-13.45332,1915,-1401.6573885313255
RGI60-13.45332,1916,-1013.1165174501094
RGI60-13.45332,1917,-971.0096342153918
RGI60-13.45332,1918,-1009.1148357958618
RGI60-13.45332,1919,745.9872187254442
RGI60-13.45332,1920,-354.1105267945855
RGI60-13.45332,1921,-335.1982666597406
RGI60-13.45332,1922,-1109.0034284808216
RGI60-13.45332,1923,-982.2165796742069
RGI60-13.45332,1924,-872.2444961377988
RGI60-13.45332,1925,332.52329078905825
RGI60-13.45332,1926,36.44094832871599
RGI60-13.45332,1927,-222.25208977629012
RGI60-13.45332,1928,5.344793820647108
RGI60-13.45332,1929,-18.82105753198658
RGI60-13.45332,1930,650.2946445906547
RGI60-13.45332,1931,-264.14801569911356
RGI60-13.45332,1932,-17.795733131841985
RGI60-13.45332,1933,-923.2589061262056
RGI60-13.45332,1934,-135.0734893809962
RGI60-13.45332,1935,-974.2411323245534
RGI60-13.45332,1936,-233.27460855733463
RGI60-13.45332,1937,103.640481005654
RGI60-13.45332,1938,97.44838553315869
RGI60-13.45332,1939,-359.7971873585196
RGI60-13.45332,1940,-577.6997228530504
RGI60-13.45332,1941,-205.04584499709145
RGI60-13.45332,1942,1697.500366597024
RGI60-13.45332,1943,-1148.076373548613
RGI60-13.45332,1944,-1062.662371559879
RGI60-13.45332,1945,-1503.941191290426
RGI60-13.45332,1946,461.3857483607222
RGI60-13.45332,1947,-228.28832944766947
RGI60-13.45332,1948,-925.7956191441316
RGI60-13.45332,1949,-63.6467291250199
RGI60-13.45332,1950,-1109.1231476008468
RGI60-13.45332,1951,-785.9664497041612
RGI60-13.45332,1952,-161.0496997644345
RGI60-13.45332,1953,-196.3353744292553
RGI60-13.45332,1954,238.73480656352956
RGI60-13.45332,1955,-570.1225633566557
RGI60-13.45332,1956,-0.8051078566107719
RGI60-13.45332,1957,-504.76785288501196
RGI60-13.45332,1958,814.3418816424003
RGI60-13.45332,1959,273.5019260540984
RGI60-13.45332,1960,214.40598486451688
RGI60-13.45332,1961,-185.83096046031338
RGI60-13.45332,1962,-1356.3963550989329
RGI60-13.45332,1963,-564.5589838683251
RGI60-13.45332,1964,-360.47772812245677
RGI60-13.45332,1965,-1177.4073409195814
RGI60-13.45332,1966,-725.346376221879
RGI60-13.45332,1967,-554.3669612647604
RGI60-13.45332,1968,-956.708533000809
RGI60-13.45332,1969,-133.24138191734184
RGI60-13.45332,1970,-340.5355871272048
RGI60-13.45332,1971,-201.3913775316015
RGI60-13.45332,1972,-140.8435758889246
RGI60-13.45332,1973,-802.1253434528977
RGI60-13.45332,1974,-1557.882316546049
RGI60-13.45332,1975,-756.1635596508653
RGI60-13.45332,1976,-18.523167567379915
RGI60-13.45332,1977,-1066.808203823833
RGI60-13.45332,1978,-280.758089586979
RGI60-13.45332,1979,444.8072420759766
RGI60-13.45332,1980,-235.72920192272818
RGI60-13.45332,1981,-358.0513330495238
RGI60-13.45332,1982,-349.6692093155897
RGI60-13.45332,1983,-153.9767656111536
RGI60-13.45332,1984,229.10253008672547
RGI60-13.45332,1985,-238.2444899202644
RGI60-13.45332,1986,-163.4332143600125
RGI60-13.45332,1987,29.548789338852938
RGI60-13.45332,1988,399.1715587662606
RGI60-13.45332,1989,158.71531418557424
RGI60-13.45332,1990,-311.73239627311136
RGI60-13.45332,1991,-848.1219188831088
RGI60-13.45332,1992,341.6260151554699
RGI60-13.45332,1993,371.45666004161257
RGI60-13.45332,1994,-125.05178119190887
RGI60-13.45332,1995,-605.9996370803908
RGI60-13.45332,1996,-90.7247746219412
RGI60-13.45332,1997,-951.5275224051225
RGI60-13.45332,1998,-552.4589715990196
RGI60-13.45332,1999,-607.0040529047486
RGI60-13.45332,2000,-378.00775060225305
RGI60-13.45332,2001,-1121.2598171828786
RGI60-13.45332,2002,-730.9108227441096
RGI60-13.45332,2003,-14.454333047418876
RGI60-13.45332,2004,-537.1461080999801
RGI60-13.45332,2005,-807.8626389995371
RGI60-13.45332,2006,-850.3750082251898
RGI60-13.45332,2007,-645.2052675394316
RGI60-13.45332,2008,-1414.7292160840555
RGI60-13.45332,2009,30.423791034012215
RGI60-13.45332,2010,-638.0208623836361
RGI60-13.45332,2011,-917.3523451113277
RGI60-13.45332,2012,-858.0305869297316
RGI60-13.45332,2013,-329.56365207422925
RGI60-13.45332,2014,-382.75294510241497
RGI60-13.45332,2015,-303.5295969172691
RGI60-13.45332,2016,-909.7492796236726
RGI60-13.45332,2017,-772.4759037879479
RGI60-13.45332,2018,-546.6342069572892
RGI60-13.45332,2019,-582.3634496216467
RGI60-13.45333,1901,107.53633034206774
RGI60-13.45333,1902,212.3605229697769
RGI60-13.45333,1903,251.50596125117565
RGI60-13.45333,1904,-923.1202175138224
RGI60-13.45333,1905,-644.9086542122004
RGI60-13.45333,1906,-1021.8129484646703
RGI60-13.45333,1907,270.4822461320792
RGI60-13.45333,1908,-137.24632053585296
RGI60-13.45333,1909,-1139.0446404752126
RGI60-13.45333,1910,-686.8144367497404
RGI60-13.45333,1911,244.82830977614617
RGI60-13.45333,1912,-314.7384887465261
RGI60-13.45333,1913,142.27664442110859
RGI60-13.45333,1914,-227.89041371634391
RGI60-13.45333,1915,-1121.1668759008141
RGI60-13.45333,1916,-817.7145454471398
RGI60-13.45333,1917,-787.7516154389771
RGI60-13.45333,1918,-733.7425007015692
RGI60-13.45333,1919,914.2264306009149
RGI60-13.45333,1920,-177.56831589738943
RGI60-13.45333,1921,-111.97668596555145
RGI60-13.45333,1922,-899.8879504110631
RGI60-13.45333,1923,-679.2971748144176
RGI60-13.45333,1924,-595.3722320515556
RGI60-13.45333,1925,428.8642813709741
RGI60-13.45333,1926,136.76196081245192
RGI60-13.45333,1927,1.6750773645901047
RGI60-13.45333,1928,147.12997868687367
RGI60-13.45333,1929,98.46208578279379
RGI60-13.45333,1930,772.5264197778937
RGI60-13.45333,1931,-60.59456923333311
RGI60-13.45333,1932,164.08922587780026
RGI60-13.45333,1933,-665.3943050560981
RGI60-13.45333,1934,-88.37794234077366
RGI60-13.45333,1935,-705.7294767380665
RGI60-13.45333,1936,-98.89322572793066
RGI60-13.45333,1937,227.38816909025448
RGI60-13.45333,1938,240.93962696008796
RGI60-13.45333,1939,-135.795216221459
RGI60-13.45333,1940,-383.0442840667732
RGI60-13.45333,1941,-12.193576123737133
RGI60-13.45333,1942,1768.946264987777
RGI60-13.45333,1943,-851.4960234387869
RGI60-13.45333,1944,-791.3240162311095
RGI60-13.45333,1945,-1139.3150663981103
RGI60-13.45333,1946,602.9759122017484
RGI60-13.45333,1947,-107.51946653449602
RGI60-13.45333,1948,-646.0390474520424
RGI60-13.45333,1949,127.2516810059711
RGI60-13.45333,1950,-808.4039554380361
RGI60-13.45333,1951,-564.931521092754
RGI60-13.45333,1952,64.97475040325298
RGI60-13.45333,1953,38.34159200869596
RGI60-13.45333,1954,271.41305394802754
RGI60-13.45333,1955,-329.0509972601711
RGI60-13.45333,1956,215.1054148147227
RGI60-13.45333,1957,-335.2271562186991
RGI60-13.45333,1958,875.2107597057079
RGI60-13.45333,1959,319.03428756098054
RGI60-13.45333,1960,296.14214838897266
RGI60-13.45333,1961,-81.09053972225492
RGI60-13.45333,1962,-985.47775234417
RGI60-13.45333,1963,-423.7101434776534
RGI60-13.45333,1964,-171.18762235388343
RGI60-13.45333,1965,-928.2957410845835
RGI60-13.45333,1966,-472.8644364932436
RGI60-13.45333,1967,-383.28491257303847
RGI60-13.45333,1968,-721.1179917746438
RGI60-13.45333,1969,34.820371083505705
RGI60-13.45333,1970,-246.94129393543443
RGI60-13.45333,1971,-84.64865844791568
RGI60-13.45333,1972,-84.09704554812852
RGI60-13.45333,1973,-571.0619378673133
RGI60-13.45333,1974,-1206.5688169602906
RGI60-13.45333,1975,-504.772155581639
RGI60-13.45333,1976,99.06151103363408
RGI60-13.45333,1977,-774.9171819509032
RGI60-13.45333,1978,-106.40968973538048
RGI60-13.45333,1979,551.6413737368415
RGI60-13.45333,1980,-27.023283816646106
RGI60-13.45333,1981,-215.59996170935656
RGI60-13.45333,1982,-230.37290089264673
RGI60-13.45333,1983,77.13406565491331
RGI60-13.45333,1984,358.16907989489385
RGI60-13.45333,1985,-39.927763546643234
RGI60-13.45333,1986,86.84357554963316
RGI60-13.45333,1987,288.17594437548377
RGI60-13.45333,1988,466.8237790358488
RGI60-13.45333,1989,305.4620699188733
RGI60-13.45333,1990,-182.78432723550853
RGI60-13.45333,1991,-686.0983961927817
RGI60-13.45333,1992,379.24659642871194
RGI60-13.45333,1993,415.98099433774644
RGI60-13.45333,1994,74.05694600503405
RGI60-13.45333,1995,-409.0302828406672
RGI60-13.45333,1996,59.900940812198684
RGI60-13.45333,1997,-702.2088016572332
RGI60-13.45333,1998,-267.049588205073
RGI60-13.45333,1999,-351.5120289291334
RGI60-13.45333,2000,-0.8863902850209957
RGI60-13.45333,2001,-757.8335844856249
RGI60-13.45333,2002,-458.0220055667092
RGI60-13.45333,2003,2.582837224502382
RGI60-13.45333,2004,-315.7536212759391
RGI60-13.45333,2005,-602.3470189892811
RGI60-13.45333,2006,-559.5728177622024
RGI60-13.45333,2007,-381.1077720433938
RGI60-13.45333,2008,-1033.8599257986923
RGI60-13.45333,2009,203.81786773360625
RGI60-13.45333,2010,-385.9395710199503
RGI60-13.45333,2011,-609.449610782314
RGI60-13.45333,2012,-523.3604806703896
RGI60-13.45333,2013,-148.65336984294277
RGI60-13.45333,2014,-158.61809316945738
RGI60-13.45333,2015,-25.574727370264817
RGI60-13.45333,2016,-621.8366234755624
RGI60-13.45333,2017,-451.1804831687343
RGI60-13.45333,2018,-233.23299523198128
RGI60-13.45333,2019,-257.1716140196557
RGI60-13.45334,1901,382.0640271726794
RGI60-13.45334,1902,310.5757236879085
RGI60-13.45334,1903,630.5184059818401
RGI60-13.45334,1904,-486.6356104473776
RGI60-13.45334,1905,-191.11096981160355
RGI60-13.45334,1906,-489.19661037971144
RGI60-13.45334,1907,344.37524753174745
RGI60-13.45334,1908,-0.558411720440884
RGI60-13.45334,1909,-813.7426297736661
RGI60-13.45334,1910,-370.913555325125
RGI60-13.45334,1911,495.1486860250806
RGI60-13.45334,1912,156.53153795675473
RGI60-13.45334,1913,523.5884621974425
RGI60-13.45334,1914,17.479060384660368
RGI60-13.45334,1915,-841.1596286248239
RGI60-13.45334,1916,-478.6007902044392
RGI60-13.45334,1917,-378.9238904088861
RGI60-13.45334,1918,-616.5276261765961
RGI60-13.45334,1919,828.4155161459526
RGI60-13.45334,1920,23.99640439366101
RGI60-13.45334,1921,26.453109752921517
RGI60-13.45334,1922,-549.6848574226914
RGI60-13.45334,1923,-689.6292351795624
RGI60-13.45334,1924,-620.4604764163433
RGI60-13.45334,1925,513.3722038343733
RGI60-13.45334,1926,409.05291104049206
RGI60-13.45334,1927,-124.17467747868392
RGI60-13.45334,1928,328.67086696073744
RGI60-13.45334,1929,279.59615136976095
RGI60-13.45334,1930,893.5710213854526
RGI60-13.45334,1931,-41.798959272487444
RGI60-13.45334,1932,269.5714967904907
RGI60-13.45334,1933,-606.3032524726962
RGI60-13.45334,1934,450.5149779139334
RGI60-13.45334,1935,-599.6305584842834
RGI60-13.45334,1936,203.91097377964923
RGI60-13.45334,1937,420.41207437160887
RGI60-13.45334,1938,337.2284786273557
RGI60-13.45334,1939,-47.746266807236225
RGI60-13.45334,1940,-282.34400944984736
RGI60-13.45334,1941,161.3809027138825
RGI60-13.45334,1942,1484.9248239583223
RGI60-13.45334,1943,-901.9018296288131
RGI60-13.45334,1944,-696.1563893091778
RGI60-13.45334,1945,-1019.6133717937289
RGI60-13.45334,1946,648.4981932085085
RGI60-13.45334,1947,206.8620499582961
RGI60-13.45334,1948,-694.8886245514902
RGI60-13.45334,1949,124.01925233329015
RGI60-13.45334,1950,-627.5167190881912
RGI60-13.45334,1951,-215.76089568365364
RGI60-13.45334,1952,-108.12874034106812
RGI60-13.45334,1953,-6.562985980452905
RGI60-13.45334,1954,556.2440648002924
RGI60-13.45334,1955,-285.08846741685744
RGI60-13.45334,1956,-1.2087050857758213
RGI60-13.45334,1957,-98.8813010801165
RGI60-13.45334,1958,744.8110080361635
RGI60-13.45334,1959,635.3221824160619
RGI60-13.45334,1960,407.7821196148958
RGI60-13.45334,1961,275.77941337913444
RGI60-13.45334,1962,-915.3115332766297
RGI60-13.45334,1963,-83.94345679126859
RGI60-13.45334,1964,-80.0084206675627
RGI60-13.45334,1965,-658.0434413289819
RGI60-13.45334,1966,-279.1038782127091
RGI60-13.45334,1967,10.575305417495322
RGI60-13.45334,1968,-492.8586165863207
RGI60-13.45334,1969,328.8802733135257
RGI60-13.45334,1970,72.33507974017068
RGI60-13.45334,1971,255.54797151084202
RGI60-13.45334,1972,398.27899739308685
RGI60-13.45334,1973,-503.8520356672917
RGI60-13.45334,1974,-1005.3264782339129
RGI60-13.45334,1975,-372.33238490293866
RGI60-13.45334,1976,299.9036248925077
RGI60-13.45334,1977,-648.490346200383
RGI60-13.45334,1978,19.268904072294106
RGI60-13.45334,1979,629.5889869131818
RGI60-13.45334,1980,-129.47180127304492
RGI60-13.45334,1981,-79.44051981871561
RGI60-13.45334,1982,144.33591308449977
RGI60-13.45334,1983,-147.7487680850377
RGI60-13.45334,1984,281.15092647383153
RGI60-13.45334,1985,-196.49525776951978
RGI60-13.45334,1986,-107.36513086294416
RGI60-13.45334,1987,-210.49749899677727
RGI60-13.45334,1988,636.289903110703
RGI60-13.45334,1989,419.811726356146
RGI60-13.45334,1990,-65.3484656177139
RGI60-13.45334,1991,-377.97163738657025
RGI60-13.45334,1992,608.2652133022068
RGI60-13.45334,1993,740.2893707647753
RGI60-13.45334,1994,157.2160059134245
RGI60-13.45334,1995,-276.39067463139287
RGI60-13.45334,1996,127.3638666155486
RGI60-13.45334,1997,-457.2638931091377
RGI60-13.45334,1998,-452.56964049301183
RGI60-13.45334,1999,-248.99722077824057
RGI60-13.45334,2000,-338.70242572547596
RGI60-13.45334,2001,-910.5666946040258
RGI60-13.45334,2002,-529.8826159701256
RGI60-13.45334,2003,382.6537019823835
RGI60-13.45334,2004,-307.44651528466125
RGI60-13.45334,2005,-457.21666655249436
RGI60-13.45334,2006,-702.3005906080813
RGI60-13.45334,2007,-418.9448208467461
RGI60-13.45334,2008,-1094.9172479023835
RGI60-13.45334,2009,144.8222807132233
RGI60-13.45334,2010,-445.6535849447857
RGI60-13.45334,2011,-750.4334725031421
RGI60-13.45334,2012,-752.4862381010685
RGI60-13.45334,2013,-32.11412300940029
RGI60-13.45334,2014,-86.42643925005503
RGI60-13.45334,2015,-168.13790669112234
RGI60-13.45334,2016,-579.3758409523806
RGI60-13.45334,2017,-666.4618693194566
RGI60-13.45334,2018,-530.674147426215
RGI60-13.45334,2019,-371.7347830039789
RGI60-13.45335,1901,62.67037760266317
RGI60-13.45335,1902,-90.29157883583393
RGI60-13.45335,1903,299.5002994263877
RGI60-13.45335,1904,-831.8587644738307
RGI60-13.45335,1905,-531.2506428956585
RGI60-13.45335,1906,-874.2031741748644
RGI60-13.45335,1907,42.89388209033804
RGI60-13.45335,1908,-311.09896777453537
RGI60-13.45335,1909,-1091.521240486103
RGI60-13.45335,1910,-692.9626526107542
RGI60-13.45335,1911,131.59420681686996
RGI60-13.45335,1912,-166.1167971913167
RGI60-13.45335,1913,175.44888610167737
RGI60-13.45335,1914,-318.3664457450209
RGI60-13.45335,1915,-1179.414352483528
RGI60-13.45335,1916,-829.4167347000723
RGI60-13.45335,1917,-725.4548171192234
RGI60-13.45335,1918,-904.8133470102072
RGI60-13.45335,1919,515.3179773135388
RGI60-13.45335,1920,-357.6523476866997
RGI60-13.45335,1921,-271.7183932571511
RGI60-13.45335,1922,-864.9210816820801
RGI60-13.45335,1923,-937.7724922657156
RGI60-13.45335,1924,-799.2684303529229
RGI60-13.45335,1925,248.17217408768394
RGI60-13.45335,1926,95.78247753177486
RGI60-13.45335,1927,-319.74406223843243
RGI60-13.45335,1928,6.817945722502484
RGI60-13.45335,1929,-27.40783376955653
RGI60-13.45335,1930,600.5952623785645
RGI60-13.45335,1931,-410.9670539468994
RGI60-13.45335,1932,104.00789584700331
RGI60-13.45335,1933,-852.5066652805908
RGI60-13.45335,1934,66.91616349543273
RGI60-13.45335,1935,-951.3937692800255
RGI60-13.45335,1936,-61.94868492128499
RGI60-13.45335,1937,175.17467524731458
RGI60-13.45335,1938,76.9872689877715
RGI60-13.45335,1939,-336.0399757942613
RGI60-13.45335,1940,-608.1140388076446
RGI60-13.45335,1941,-252.61179681350382
RGI60-13.45335,1942,1043.5377718735372
RGI60-13.45335,1943,-1076.7488111033315
RGI60-13.45335,1944,-1007.5525068839917
RGI60-13.45335,1945,-1341.478127854829
RGI60-13.45335,1946,434.98809770471314
RGI60-13.45335,1947,-69.80692466880431
RGI60-13.45335,1948,-870.1158230665409
RGI60-13.45335,1949,-172.0834360822061
RGI60-13.45335,1950,-893.3766663622378
RGI60-13.45335,1951,-581.4453172772635
RGI60-13.45335,1952,-319.9898865511355
RGI60-13.45335,1953,-377.274282828469
RGI60-13.45335,1954,267.69999694993993
RGI60-13.45335,1955,-663.5385851163664
RGI60-13.45335,1956,-113.20306829294269
RGI60-13.45335,1957,-465.8903424268923
RGI60-13.45335,1958,534.64100167768
RGI60-13.45335,1959,221.7741340061072
RGI60-13.45335,1960,151.7300653288824
RGI60-13.45335,1961,-41.882624877815616
RGI60-13.45335,1962,-1197.407501586754
RGI60-13.45335,1963,-412.47013347843017
RGI60-13.45335,1964,-405.1685536781508
RGI60-13.45335,1965,-979.324666207407
RGI60-13.45335,1966,-679.3280250877654
RGI60-13.45335,1967,-310.93627528447104
RGI60-13.45335,1968,-809.7989092379704
RGI60-13.45335,1969,72.0938805193087
RGI60-13.45335,1970,-297.69690160966144
RGI60-13.45335,1971,-146.04252868416353
RGI60-13.45335,1972,29.65123888675856
RGI60-13.45335,1973,-777.1837921158791
RGI60-13.45335,1974,-1284.8842461809918
RGI60-13.45335,1975,-646.470316149643
RGI60-13.45335,1976,-54.85572004630593
RGI60-13.45335,1977,-993.3478436137293
RGI60-13.45335,1978,-242.40494232890623
RGI60-13.45335,1979,328.21899685980634
RGI60-13.45335,1980,-348.82478165047644
RGI60-13.45335,1981,-424.7927804091867
RGI60-13.45335,1982,-241.6359146933418
RGI60-13.45335,1983,-344.42271419874356
RGI60-13.45335,1984,26.761389048758428
RGI60-13.45335,1985,-412.7208574091818
RGI60-13.45335,1986,-279.62735053815805
RGI60-13.45335,1987,-381.20606354130337
RGI60-13.45335,1988,303.5175172632996
RGI60-13.45335,1989,135.99780699641417
RGI60-13.45335,1990,-434.42267834446704
RGI60-13.45335,1991,-752.2496593727046
RGI60-13.45335,1992,263.97767270240945
RGI60-13.45335,1993,424.72950732360664
RGI60-13.45335,1994,-184.8575762954154
RGI60-13.45335,1995,-616.460296838486
RGI60-13.45335,1996,-246.2998845807015
RGI60-13.45335,1997,-794.6937458342445
RGI60-13.45335,1998,-838.3706662387723
RGI60-13.45335,1999,-586.8097093600707
RGI60-13.45335,2000,-509.5686573290061
RGI60-13.45335,2001,-1196.2483965758076
RGI60-13.45335,2002,-862.843518726445
RGI60-13.45335,2003,-47.502659838298364
RGI60-13.45335,2004,-663.8636933409
RGI60-13.45335,2005,-809.929997351784
RGI60-13.45335,2006,-981.097922486394
RGI60-13.45335,2007,-820.1963273761927
RGI60-13.45335,2008,-1385.9372516743313
RGI60-13.45335,2009,-151.137036335311
RGI60-13.45335,2010,-756.649138970022
RGI60-13.45335,2011,-1043.3349768980668
RGI60-13.45335,2012,-1046.132257768525
RGI60-13.45335,2013,-375.37060401208583
RGI60-13.45335,2014,-412.5948963350822
RGI60-13.45335,2015,-447.5798896259892
RGI60-13.45335,2016,-1019.1782412409558
RGI60-13.45335,2017,-935.4873791194917
RGI60-13.45335,2018,-829.2520563122188
RGI60-13.45335,2019,-604.0950986830957
RGI60-13.45336,1901,-192.22284743243722
RGI60-13.45336,1902,-398.17258637203844
RGI60-13.45336,1903,81.0876279728911
RGI60-13.45336,1904,-1137.7269483852647
RGI60-13.45336,1905,-813.115494822147
RGI60-13.45336,1906,-1178.2926183702527
RGI60-13.45336,1907,-212.63345725144276
RGI60-13.45336,1908,-579.1192450508491
RGI60-13.45336,1909,-1435.619462785279
RGI60-13.45336,1910,-984.3361738947231
RGI60-13.45336,1911,-128.72573085782693
RGI60-13.45336,1912,-397.0405155429509
RGI60-13.45336,1913,-64.33465272902131
RGI60-13.45336,1914,-599.7245682774405
RGI60-13.45336,1915,-1509.9439867568815
RGI60-13.45336,1916,-1128.741353316585
RGI60-13.45336,1917,-1007.3191142298673
RGI60-13.45336,1918,-1228.1040641078066
RGI60-13.45336,1919,271.45839348621644
RGI60-13.45336,1920,-666.9372497026488
RGI60-13.45336,1921,-550.7172595596139
RGI60-13.45336,1922,-1152.5981657269901
RGI60-13.45336,1923,-1275.5478411685167
RGI60-13.45336,1924,-1090.4400232997286
RGI60-13.45336,1925,59.29972682187643
RGI60-13.45336,1926,-126.11438446590921
RGI60-13.45336,1927,-566.806103057714
RGI60-13.45336,1928,-268.58521514121145
RGI60-13.45336,1929,-275.3988881165242
RGI60-13.45336,1930,379.05874661380676
RGI60-13.45336,1931,-714.1613680756877
RGI60-13.45336,1932,-86.23863371963019
RGI60-13.45336,1933,-1164.2815002152915
RGI60-13.45336,1934,-188.86523415033884
RGI60-13.45336,1935,-1276.8243668639097
RGI60-13.45336,1936,-284.9196919915417
RGI60-13.45336,1937,-26.026223857460284
RGI60-13.45336,1938,-134.5538173875746
RGI60-13.45336,1939,-651.1633851113078
RGI60-13.45336,1940,-950.7578087562283
RGI60-13.45336,1941,-564.411244400875
RGI60-13.45336,1942,747.9739154454833
RGI60-13.45336,1943,-1396.8977325959454
RGI60-13.45336,1944,-1336.5865645643696
RGI60-13.45336,1945,-1740.1299129234706
RGI60-13.45336,1946,237.26538362063044
RGI60-13.45336,1947,-290.7909936552616
RGI60-13.45336,1948,-1189.441378438451
RGI60-13.45336,1949,-481.6848848135878
RGI60-13.45336,1950,-1216.1073066343477
RGI60-13.45336,1951,-913.9313641136729
RGI60-13.45336,1952,-567.193848844347
RGI60-13.45336,1953,-738.1859116216859
RGI60-13.45336,1954,81.79770039974848
RGI60-13.45336,1955,-986.6840952766847
RGI60-13.45336,1956,-340.30445735589916
RGI60-13.45336,1957,-760.184853269066
RGI60-13.45336,1958,381.42831312225724
RGI60-13.45336,1959,-54.4472675512531
RGI60-13.45336,1960,-33.545640144685464
RGI60-13.45336,1961,-287.43272404029466
RGI60-13.45336,1962,-1569.6384028917323
RGI60-13.45336,1963,-700.0119105158271
RGI60-13.45336,1964,-684.653411375648
RGI60-13.45336,1965,-1327.8692959284856
RGI60-13.45336,1966,-1042.161267536624
RGI60-13.45336,1967,-565.5424669226081
RGI60-13.45336,1968,-1113.3475275335381
RGI60-13.45336,1969,-146.87023583327036
RGI60-13.45336,1970,-554.4190741893374
RGI60-13.45336,1971,-421.37241375639934
RGI60-13.45336,1972,-214.7001836606611
RGI60-13.45336,1973,-1086.698483422029
RGI60-13.45336,1974,-1680.5137010832884
RGI60-13.45336,1975,-944.2631501517454
RGI60-13.45336,1976,-324.69088712452856
RGI60-13.45336,1977,-1356.6086110492568
RGI60-13.45336,1978,-516.5462249617999
RGI60-13.45336,1979,94.86161673340733
RGI60-13.45336,1980,-602.4580551304755
RGI60-13.45336,1981,-691.0354358944782
RGI60-13.45336,1982,-531.4516908915732
RGI60-13.45336,1983,-596.7184727750871
RGI60-13.45336,1984,-217.31053564629445
RGI60-13.45336,1985,-654.290248508839
RGI60-13.45336,1986,-541.0705455509989
RGI60-13.45336,1987,-631.4975714924927
RGI60-13.45336,1988,65.21986128159223
RGI60-13.45336,1989,-93.9732896527187
RGI60-13.45336,1990,-717.4623044774708
RGI60-13.45336,1991,-1079.7061333606161
RGI60-13.45336,1992,34.87877496216914
RGI60-13.45336,1993,213.68647403162484
RGI60-13.45336,1994,-486.84476706094193
RGI60-13.45336,1995,-910.8818919227033
RGI60-13.45336,1996,-520.6805682677659
RGI60-13.45336,1997,-1128.1686324401965
RGI60-13.45336,1998,-1183.4390680985343
RGI60-13.45336,1999,-941.7181431835847
RGI60-13.45336,2000,-835.8694584703595
RGI60-13.45336,2001,-1573.854655799344
RGI60-13.45336,2002,-1256.0999446347735
RGI60-13.45336,2003,-328.79563517526714
RGI60-13.45336,2004,-992.0109547541539
RGI60-13.45336,2005,-1179.2095382390999
RGI60-13.45336,2006,-1339.6795824216113
RGI60-13.45336,2007,-1148.0748843998354
RGI60-13.45336,2008,-1810.5918850598684
RGI60-13.45336,2009,-428.859061146008
RGI60-13.45336,2010,-1105.3553805080303
RGI60-13.45336,2011,-1394.8071488982587
RGI60-13.45336,2012,-1404.9162719298342
RGI60-13.45336,2013,-670.3967428741494
RGI60-13.45336,2014,-733.3327826949767
RGI60-13.45336,2015,-819.3188935920181
RGI60-13.45336,2016,-1422.8842898846485
RGI60-13.45336,2017,-1325.5410753961917
RGI60-13.45336,2018,-1179.5999240350245
RGI60-13.45336,2019,-980.8018900865677
RGI60-13.45337,1901,-105.15669511714506
RGI60-13.45337,1902,-276.2029760594234
RGI60-13.45337,1903,132.5643769983933
RGI60-13.45337,1904,-1019.0271108973902
RGI60-13.45337,1905,-711.5607205002291
RGI60-13.45337,1906,-1057.5344206370212
RGI60-13.45337,1907,-113.44137527372114
RGI60-13.45337,1908,-470.5407525923644
RGI60-13.45337,1909,-1280.0843576337613
RGI60-13.45337,1910,-862.5267363536007
RGI60-13.45337,1911,-58.886343782271446
RGI60-13.45337,1912,-338.6633824316021
RGI60-13.45337,1913,-8.481233298338578
RGI60-13.45337,1914,-500.8236324544817
RGI60-13.45337,1915,-1352.505583446685
RGI60-13.45337,1916,-1005.6009866643766
RGI60-13.45337,1917,-910.1946240773063
RGI60-13.45337,1918,-1073.5969469757656
RGI60-13.45337,1919,353.1484925002033
RGI60-13.45337,1920,-541.5908609089624
RGI60-13.45337,1921,-435.7685063461059
RGI60-13.45337,1922,-1032.2173675615904
RGI60-13.45337,1923,-1107.7852967013173
RGI60-13.45337,1924,-949.5858214821584
RGI60-13.45337,1925,110.29029975632083
RGI60-13.45337,1926,-69.78940461747953
RGI60-13.45337,1927,-444.9834637008765
RGI60-13.45337,1928,-172.68270200844822
RGI60-13.45337,1929,-203.91983198220584
RGI60-13.45337,1930,436.6403966736553
RGI60-13.45337,1931,-584.9252526646583
RGI60-13.45337,1932,-21.691406832206177
RGI60-13.45337,1933,-1015.4810977692327
RGI60-13.45337,1934,-132.05536612138204
RGI60-13.45337,1935,-1120.5911719518456
RGI60-13.45337,1936,-223.9456496577737
RGI60-13.45337,1937,25.384259175884356
RGI60-13.45337,1938,-68.43763303740339
RGI60-13.45337,1939,-515.8379426101482
RGI60-13.45337,1940,-807.9101100469262
RGI60-13.45337,1941,-433.82668334798586
RGI60-13.45337,1942,842.8566767953844
RGI60-13.45337,1943,-1234.609295790325
RGI60-13.45337,1944,-1178.7717162180822
RGI60-13.45337,1945,-1548.5828452899539
RGI60-13.45337,1946,294.85198185809475
RGI60-13.45337,1947,-227.19703369088668
RGI60-13.45337,1948,-1031.372918437803
RGI60-13.45337,1949,-358.0039246723432
RGI60-13.45337,1950,-1074.0618424355991
RGI60-13.45337,1951,-802.2286066003933
RGI60-13.45337,1952,-450.27031605350527
RGI60-13.45337,1953,-611.2216371816493
RGI60-13.45337,1954,126.54261025929459
RGI60-13.45337,1955,-836.1320787967533
RGI60-13.45337,1956,-225.64551663961228
RGI60-13.45337,1957,-645.4510637273671
RGI60-13.45337,1958,419.9777118307551
RGI60-13.45337,1959,-12.420411056954457
RGI60-13.45337,1960,5.7546247031944695
RGI60-13.45337,1961,-220.5109005316981
RGI60-13.45337,1962,-1392.7298461069443
RGI60-13.45337,1963,-600.8412459253552
RGI60-13.45337,1964,-573.059025251594
RGI60-13.45337,1965,-1186.5450999225366
RGI60-13.45337,1966,-894.1534594866052
RGI60-13.45337,1967,-484.66529309207914
RGI60-13.45337,1968,-990.2065378805212
RGI60-13.45337,1969,-79.67885404908365
RGI60-13.45337,1970,-468.76101962709697
RGI60-13.45337,1971,-331.1799260140777
RGI60-13.45337,1972,-167.75901394568052
RGI60-13.45337,1973,-946.2718967772962
RGI60-13.45337,1974,-1493.0389510521018
RGI60-13.45337,1975,-815.5924973599414
RGI60-13.45337,1976,-245.28080211784996
RGI60-13.45337,1977,-1194.7057667470044
RGI60-13.45337,1978,-421.07263932437235
RGI60-13.45337,1979,155.9378033245223
RGI60-13.45337,1980,-492.5482695893052
RGI60-13.45337,1981,-592.5545090503292
RGI60-13.45337,1982,-440.35500578848956
RGI60-13.45337,1983,-482.00537880323714
RGI60-13.45337,1984,-136.95357118156173
RGI60-13.45337,1985,-554.9531402873669
RGI60-13.45337,1986,-420.6822977898233
RGI60-13.45337,1987,-491.81894770924373
RGI60-13.45337,1988,122.07618591425985
RGI60-13.45337,1989,-14.351886373980008
RGI60-13.45337,1990,-610.9619378602144
RGI60-13.45337,1991,-956.257477250948
RGI60-13.45337,1992,84.21918243804869
RGI60-13.45337,1993,242.03887834887536
RGI60-13.45337,1994,-364.71510755306167
RGI60-13.45337,1995,-788.3247183540353
RGI60-13.45337,1996,-420.825031881791
RGI60-13.45337,1997,-993.844513186956
RGI60-13.45337,1998,-1012.8587631203136
RGI60-13.45337,1999,-785.3813482811796
RGI60-13.45337,2000,-675.1246483659154
RGI60-13.45337,2001,-1382.5162078983035
RGI60-13.45337,2002,-1072.1020178580955
RGI60-13.45337,2003,-258.8191441838213
RGI60-13.45337,2004,-855.2660273913224
RGI60-13.45337,2005,-1030.5399602801278
RGI60-13.45337,2006,-1165.707479463907
RGI60-13.45337,2007,-995.0323122887312
RGI60-13.45337,2008,-1598.3441566213119
RGI60-13.45337,2009,-322.2669626418674
RGI60-13.45337,2010,-944.0610135643661
RGI60-13.45337,2011,-1213.3102062831774
RGI60-13.45337,2012,-1215.6463564042815
RGI60-13.45337,2013,-550.0758452244593
RGI60-13.45337,2014,-597.5320185273708
RGI60-13.45337,2015,-644.5329604730312
RGI60-13.45337,2016,-1237.5897192696643
RGI60-13.45337,2017,-1135.0385979948146
RGI60-13.45337,2018,-994.4467424988406
RGI60-13.45337,2019,-808.0476227666145
RGI60-13.45338,1901,246.61264914045915
RGI60-13.45338,1902,137.726749636038
RGI60-13.45338,1903,519.1975106012295
RGI60-13.45338,1904,-642.1395158750663
RGI60-13.45338,1905,-344.5163090387672
RGI60-13.45338,1906,-655.804876630852
RGI60-13.45338,1907,202.34780778669798
RGI60-13.45338,1908,-149.4006179522839
RGI60-13.45338,1909,-986.8923861237963
RGI60-13.45338,1910,-530.4257011050639
RGI60-13.45338,1911,364.87520994552676
RGI60-13.45338,1912,36.85309212131532
RGI60-13.45338,1913,396.18860018355116
RGI60-13.45338,1914,-130.18932644662843
RGI60-13.45338,1915,-1024.1276817611931
RGI60-13.45338,1916,-639.2333099004038
RGI60-13.45338,1917,-532.8940756798502
RGI60-13.45338,1918,-782.865357782433
RGI60-13.45338,1919,695.5910071731829
RGI60-13.45338,1920,-143.1730258814501
RGI60-13.45338,1921,-126.38032412367238
RGI60-13.45338,1922,-700.6811017006484
RGI60-13.45338,1923,-853.5755324860476
RGI60-13.45338,1924,-762.3064080221496
RGI60-13.45338,1925,418.98004993532743
RGI60-13.45338,1926,291.90680048157407
RGI60-13.45338,1927,-251.5467251529824
RGI60-13.45338,1928,193.21839283758956
RGI60-13.45338,1929,155.48193870949217
RGI60-13.45338,1930,778.5532508665384
RGI60-13.45338,1931,-206.62504824709762
RGI60-13.45338,1932,176.11714422375857
RGI60-13.45338,1933,-764.6902706035547
RGI60-13.45338,1934,326.9561594220054
RGI60-13.45338,1935,-782.5808155275573
RGI60-13.45338,1936,91.48996932586232
RGI60-13.45338,1937,316.6282428692169
RGI60-13.45338,1938,230.89263904963065
RGI60-13.45338,1939,-207.53054402998592
RGI60-13.45338,1940,-447.67498453997683
RGI60-13.45338,1941,-17.606557790323304
RGI60-13.45338,1942,1326.0367859373216
RGI60-13.45338,1943,-1058.8306857716977
RGI60-13.45338,1944,-870.4173450153004
RGI60-13.45338,1945,-1227.324482468677
RGI60-13.45338,1946,552.7334208758402
RGI60-13.45338,1947,95.70212907149647
RGI60-13.45338,1948,-845.3051723469715
RGI60-13.45338,1949,-28.484400137759536
RGI60-13.45338,1950,-784.4318047142857
RGI60-13.45338,1951,-378.1333811086958
RGI60-13.45338,1952,-237.92776505274313
RGI60-13.45338,1953,-179.32289540110702
RGI60-13.45338,1954,460.2464543253867
RGI60-13.45338,1955,-469.7018929247944
RGI60-13.45338,1956,-101.92802446657608
RGI60-13.45338,1957,-258.1609585094692
RGI60-13.45338,1958,664.3315541239958
RGI60-13.45338,1959,501.7193058889144
RGI60-13.45338,1960,327.30250317743145
RGI60-13.45338,1961,152.8248685021626
RGI60-13.45338,1962,-1096.229739477197
RGI60-13.45338,1963,-225.62646009055047
RGI60-13.45338,1964,-231.77834248462162
RGI60-13.45338,1965,-824.2220475655363
RGI60-13.45338,1966,-471.75440808814983
RGI60-13.45338,1967,-116.40518550726331
RGI60-13.45338,1968,-640.058337027925
RGI60-13.45338,1969,215.40782187665351
RGI60-13.45338,1970,-70.78936071197202
RGI60-13.45338,1971,109.51137222712347
RGI60-13.45338,1972,283.88597829698676
RGI60-13.45338,1973,-659.8733256442753
RGI60-13.45338,1974,-1191.1847148332133
RGI60-13.45338,1975,-529.5571960847363
RGI60-13.45338,1976,161.36231135004618
RGI60-13.45338,1977,-838.1686878653535
RGI60-13.45338,1978,-113.47300561394329
RGI60-13.45338,1979,520.5816843201982
RGI60-13.45338,1980,-257.3431789713167
RGI60-13.45338,1981,-213.0599504797362
RGI60-13.45338,1982,-3.2250535720902214
RGI60-13.45338,1983,-273.6511173728729
RGI60-13.45338,1984,164.41438389506246
RGI60-13.45338,1985,-315.535301961556
RGI60-13.45338,1986,-227.95962530432195
RGI60-13.45338,1987,-347.91026609952604
RGI60-13.45338,1988,517.3606517115728
RGI60-13.45338,1989,299.1703912929943
RGI60-13.45338,1990,-212.67190427798315
RGI60-13.45338,1991,-548.3727440383022
RGI60-13.45338,1992,488.8951840452001
RGI60-13.45338,1993,637.221618673025
RGI60-13.45338,1994,-5.0474284779023835
RGI60-13.45338,1995,-431.63552068040565
RGI60-13.45338,1996,-27.383405573210037
RGI60-13.45338,1997,-624.8546044930977
RGI60-13.45338,1998,-657.7990956931695
RGI60-13.45338,1999,-440.6447203628128
RGI60-13.45338,2000,-502.66412608707196
RGI60-13.45338,2001,-1109.3172639802074
RGI60-13.45338,2002,-732.9904569900764
RGI60-13.45338,2003,244.26295198215294
RGI60-13.45338,2004,-479.97896863839526
RGI60-13.45338,2005,-642.3187438307516
RGI60-13.45338,2006,-880.1878472906486
RGI60-13.45338,2007,-613.287674747311
RGI60-13.45338,2008,-1310.9565920396312
RGI60-13.45338,2009,6.3144466576858385
RGI60-13.45338,2010,-622.965114983896
RGI60-13.45338,2011,-938.0259028059874
RGI60-13.45338,2012,-949.3244457625301
RGI60-13.45338,2013,-191.6875233594907
RGI60-13.45338,2014,-255.73524630403497
RGI60-13.45338,2015,-347.24688258708875
RGI60-13.45338,2016,-811.0409766897078
RGI60-13.45338,2017,-850.2090851094418
RGI60-13.45338,2018,-721.7030188699891
RGI60-13.45338,2019,-548.9375285635828
RGI60-13.45339,1901,674.667267435974
RGI60-13.45339,1902,666.8702287127967
RGI60-13.45339,1903,1033.157336396521
RGI60-13.45339,1904,-163.900384410431
RGI60-13.45339,1905,17.127698451117983
RGI60-13.45339,1906,-133.60677326421754
RGI60-13.45339,1907,551.4897087833905
RGI60-13.45339,1908,207.69148486718086
RGI60-13.45339,1909,-852.0968883627557
RGI60-13.45339,1910,-207.18586017627408
RGI60-13.45339,1911,931.4183936113798
RGI60-13.45339,1912,454.7017682891936
RGI60-13.45339,1913,848.7711345032736
RGI60-13.45339,1914,313.8946595457277
RGI60-13.45339,1915,-617.6393445111955
RGI60-13.45339,1916,-163.7035580221728
RGI60-13.45339,1917,-149.0739912848352
RGI60-13.45339,1918,-512.680077547498
RGI60-13.45339,1919,1113.4568901623186
RGI60-13.45339,1920,385.5655717751186
RGI60-13.45339,1921,173.94374045170886
RGI60-13.45339,1922,-301.76432281251476
RGI60-13.45339,1923,-696.175648622321
RGI60-13.45339,1924,-787.1585106543422
RGI60-13.45339,1925,845.4120692817778
RGI60-13.45339,1926,693.8862013436118
RGI60-13.45339,1927,-139.0900836020566
RGI60-13.45339,1928,627.87976382482
RGI60-13.45339,1929,529.7293399572008
RGI60-13.45339,1930,1129.2138511449743
RGI60-13.45339,1931,355.3390614075466
RGI60-13.45339,1932,227.1224592401134
RGI60-13.45339,1933,-637.0398944557583
RGI60-13.45339,1934,953.8762949495502
RGI60-13.45339,1935,-341.68858670417427
RGI60-13.45339,1936,387.49084395715914
RGI60-13.45339,1937,572.7068697892721
RGI60-13.45339,1938,552.1537113534888
RGI60-13.45339,1939,17.997629160415844
RGI60-13.45339,1940,-116.36772495754964
RGI60-13.45339,1941,604.8524887734138
RGI60-13.45339,1942,2057.6403127928897
RGI60-13.45339,1943,-1177.5746376605223
RGI60-13.45339,1944,-502.97811463093973
RGI60-13.45339,1945,-1021.4228683494601
RGI60-13.45339,1946,754.0226567635145
RGI60-13.45339,1947,472.6037619172449
RGI60-13.45339,1948,-946.3814944251144
RGI60-13.45339,1949,231.75744564557783
RGI60-13.45339,1950,-570.3821787729206
RGI60-13.45339,1951,47.159044008209776
RGI60-13.45339,1952,-82.52103255720161
RGI60-13.45339,1953,206.64622038089698
RGI60-13.45339,1954,927.2898698496822
RGI60-13.45339,1955,31.91118586032433
RGI60-13.45339,1956,-199.9238884977614
RGI60-13.45339,1957,272.8278267755874
RGI60-13.45339,1958,950.4630719480979
RGI60-13.45339,1959,1078.7398061614188
RGI60-13.45339,1960,781.0728765495317
RGI60-13.45339,1961,582.2869036281236
RGI60-13.45339,1962,-934.1770188575035
RGI60-13.45339,1963,180.5580134153166
RGI60-13.45339,1964,161.123188194334
RGI60-13.45339,1965,-490.64009908910947
RGI60-13.45339,1966,-1.1078681038323104
RGI60-13.45339,1967,340.5463914469559
RGI60-13.45339,1968,-181.85024879761264
RGI60-13.45339,1969,455.46811654040806
RGI60-13.45339,1970,477.8808190072923
RGI60-13.45339,1971,766.2661720469234
RGI60-13.45339,1972,882.7341349217271
RGI60-13.45339,1973,-445.2478672416396
RGI60-13.45339,1974,-1097.1392080780881
RGI60-13.45339,1975,-333.61320291769283
RGI60-13.45339,1976,649.689637566039
RGI60-13.45339,1977,-504.2440744624428
RGI60-13.45339,1978,63.633706822464916
RGI60-13.45339,1979,1028.7759551070606
RGI60-13.45339,1980,-72.66975384939634
RGI60-13.45339,1981,396.5070988178698
RGI60-13.45339,1982,570.367280018986
RGI60-13.45339,1983,-136.1108654539749
RGI60-13.45339,1984,478.6761803423671
RGI60-13.45339,1985,-70.35437963342072
RGI60-13.45339,1986,-158.76462288498647
RGI60-13.45339,1987,-313.69756863479773
RGI60-13.45339,1988,1022.7484514436862
RGI60-13.45339,1989,714.5457843492334
RGI60-13.45339,1990,415.768398857992
RGI60-13.45339,1991,-111.17810955016863
RGI60-13.45339,1992,947.4031069772274
RGI60-13.45339,1993,1054.3512591599197
RGI60-13.45339,1994,424.0183591436522
RGI60-13.45339,1995,77.20163354302187
RGI60-13.45339,1996,475.5607746035462
RGI60-13.45339,1997,-244.3223349703435
RGI60-13.45339,1998,-239.50358289311532
RGI60-13.45339,1999,-220.5658192287547
RGI60-13.45339,2000,-696.7238415809085
RGI60-13.45339,2001,-974.888498949574
RGI60-13.45339,2002,-592.4989322628161
RGI60-13.45339,2003,993.85146438884
RGI60-13.45339,2004,-47.60326921201624
RGI60-13.45339,2005,-344.77766110397414
RGI60-13.45339,2006,-704.8860540383639
RGI60-13.45339,2007,-94.00629349205508
RGI60-13.45339,2008,-1261.4448305364294
RGI60-13.45339,2009,406.29626083890156
RGI60-13.45339,2010,-325.61275233046905
RGI60-13.45339,2011,-701.21236483596
RGI60-13.45339,2012,-756.014838509906
RGI60-13.45339,2013,226.16510537279962
RGI60-13.45339,2014,98.73649621127224
RGI60-13.45339,2015,-342.4301974365645
RGI60-13.45339,2016,-418.87281926166304
RGI60-13.45339,2017,-792.7968974419774
RGI60-13.45339,2018,-480.59485986308937
RGI60-13.45339,2019,-612.6852159560274
RGI60-13.45340,1901,-495.1425024564233
RGI60-13.45340,1902,-779.275845824582
RGI60-13.45340,1903,-214.85297069956576
RGI60-13.45340,1904,-1484.1190268224525
RGI60-13.45340,1905,-1139.090436998221
RGI60-13.45340,1906,-1544.243880445446
RGI60-13.45340,1907,-509.03897772299234
RGI60-13.45340,1908,-886.1251734157956
RGI60-13.45340,1909,-1770.16717853271
RGI60-13.45340,1910,-1309.2287403292817
RGI60-13.45340,1911,-462.5955406473709
RGI60-13.45340,1912,-690.6255990433027
RGI60-13.45340,1913,-378.99742992679404
RGI60-13.45340,1914,-926.7872378344446
RGI60-13.45340,1915,-1859.956272500405
RGI60-13.45340,1916,-1476.939862220542
RGI60-13.45340,1917,-1344.8096054448188
RGI60-13.45340,1918,-1561.337533301153
RGI60-13.45340,1919,-33.6245515716987
RGI60-13.45340,1920,-1033.232420829733
RGI60-13.45340,1921,-855.8419706868202
RGI60-13.45340,1922,-1475.0190389964782
RGI60-13.45340,1923,-1597.6290602186173
RGI60-13.45340,1924,-1343.838455860717
RGI60-13.45340,1925,-194.0452233131246
RGI60-13.45340,1926,-414.585174342052
RGI60-13.45340,1927,-813.9431240643077
RGI60-13.45340,1928,-594.2040605903863
RGI60-13.45340,1929,-573.8967509639797
RGI60-13.45340,1930,103.90695838997745
RGI60-13.45340,1931,-1068.082764177434
RGI60-13.45340,1932,-283.65976691907787
RGI60-13.45340,1933,-1466.3690156826367
RGI60-13.45340,1934,-529.9627095414984
RGI60-13.45340,1935,-1641.4243074123488
RGI60-13.45340,1936,-546.8057476209367
RGI60-13.45340,1937,-264.15658715686595
RGI60-13.45340,1938,-396.44640563850083
RGI60-13.45340,1939,-974.6099074094864
RGI60-13.45340,1940,-1304.3881842827616
RGI60-13.45340,1941,-939.0808541371093
RGI60-13.45340,1942,361.0480354736908
RGI60-13.45340,1943,-1663.2652035526055
RGI60-13.45340,1944,-1674.3652290257949
RGI60-13.45340,1945,-2121.7309665922003
RGI60-13.45340,1946,4.693427559619123
RGI60-13.45340,1947,-557.5044571551892
RGI60-13.45340,1948,-1455.8993719732084
RGI60-13.45340,1949,-802.6097163172208
RGI60-13.45340,1950,-1547.5718988288845
RGI60-13.45340,1951,-1296.4393034261955
RGI60-13.45340,1952,-822.4922503485893
RGI60-13.45340,1953,-1134.168705199498
RGI60-13.45340,1954,-175.19836005737233
RGI60-13.45340,1955,-1353.3937927406669
RGI60-13.45340,1956,-533.6015419554025
RGI60-13.45340,1957,-1110.9266576466753
RGI60-13.45340,1958,190.74449645121618
RGI60-13.45340,1959,-418.4215940030536
RGI60-13.45340,1960,-284.43560374916694
RGI60-13.45340,1961,-588.5328409116863
RGI60-13.45340,1962,-1936.9534112397653
RGI60-13.45340,1963,-1035.295228329607
RGI60-13.45340,1964,-1004.1781641387225
RGI60-13.45340,1965,-1692.2135497533216
RGI60-13.45340,1966,-1447.8524341028292
RGI60-13.45340,1967,-891.600304437569
RGI60-13.45340,1968,-1459.3646715909424
RGI60-13.45340,1969,-406.98645485710415
RGI60-13.45340,1970,-874.647376798018
RGI60-13.45340,1971,-774.6057442286564
RGI60-13.45340,1972,-553.9005158860501
RGI60-13.45340,1973,-1399.0552655277907
RGI60-13.45340,1974,-2049.823545041623
RGI60-13.45340,1975,-1253.427147990595
RGI60-13.45340,1976,-652.2741003285256
RGI60-13.45340,1977,-1737.0174775609007
RGI60-13.45340,1978,-816.4439792156684
RGI60-13.45340,1979,-193.85003779223283
RGI60-13.45340,1980,-858.6522218480466
RGI60-13.45340,1981,-1022.4118308039234
RGI60-13.45340,1982,-894.1513321396255
RGI60-13.45340,1983,-843.6781752589495
RGI60-13.45340,1984,-489.47743015804724
RGI60-13.45340,1985,-900.2164319863273
RGI60-13.45340,1986,-784.100398866747
RGI60-13.45340,1987,-853.4400980414177
RGI60-13.45340,1988,-247.78999304121308
RGI60-13.45340,1989,-371.51575000601406
RGI60-13.45340,1990,-1064.8804942455922
RGI60-13.45340,1991,-1446.735012787152
RGI60-13.45340,1992,-265.52080218475385
RGI60-13.45340,1993,-63.05547634754226
RGI60-13.45340,1994,-830.312916448453
RGI60-13.45340,1995,-1261.2421188908506
RGI60-13.45340,1996,-861.8216486973633
RGI60-13.45340,1997,-1506.1896035793688
RGI60-13.45340,1998,-1577.1280760748573
RGI60-13.45340,1999,-1311.1958151246863
RGI60-13.45340,2000,-1119.2065059996896
RGI60-13.45340,2001,-1937.344664662469
RGI60-13.45340,2002,-1638.2565185559213
RGI60-13.45340,2003,-704.2196535559592
RGI60-13.45340,2004,-1351.7140991239505
RGI60-13.45340,2005,-1566.6117459189275
RGI60-13.45340,2006,-1681.7650868318908
RGI60-13.45340,2007,-1537.2098203709613
RGI60-13.45340,2008,-2191.2352567478915
RGI60-13.45340,2009,-736.5439200177235
RGI60-13.45340,2010,-1451.3702716176456
RGI60-13.45340,2011,-1736.8119018918317
RGI60-13.45340,2012,-1752.833235064218
RGI60-13.45340,2013,-1010.9605890211113
RGI60-13.45340,2014,-1078.8357664707914
RGI60-13.45340,2015,-1185.5045958055641
RGI60-13.45340,2016,-1860.2622023890028
RGI60-13.45340,2017,-1694.1918656220223
RGI60-13.45340,2018,-1526.5603753810801
RGI60-13.45340,2019,-1322.561924951347
RGI60-13.45341,1901,54.675737989311905
RGI60-13.45341,1902,-101.8020237827127
RGI60-13.45341,1903,264.37657492549897
RGI60-13.45341,1904,-968.7122353676863
RGI60-13.45341,1905,-648.2564820258509
RGI60-13.45341,1906,-1025.6661144432435
RGI60-13.45341,1907,54.09957765447346
RGI60-13.45341,1908,-355.92399169866025
RGI60-13.45341,1909,-1215.389534051129
RGI60-13.45341,1910,-794.1326922211168
RGI60-13.45341,1911,81.22319985022291
RGI60-13.45341,1912,-288.4119123595111
RGI60-13.45341,1913,105.1711142737456
RGI60-13.45341,1914,-397.6392176324588
RGI60-13.45341,1915,-1308.7042867219195
RGI60-13.45341,1916,-962.1316538258502
RGI60-13.45341,1917,-888.7197020980059
RGI60-13.45341,1918,-974.3950775982455
RGI60-13.45341,1919,563.2283597289348
RGI60-13.45341,1920,-390.3502820912517
RGI60-13.45341,1921,-288.9106274350595
RGI60-13.45341,1922,-995.0229879508248
RGI60-13.45341,1923,-985.2734481864275
RGI60-13.45341,1924,-846.3748384693737
RGI60-13.45341,1925,232.4136707511981
RGI60-13.45341,1926,24.353094286323916
RGI60-13.45341,1927,-301.5510851347982
RGI60-13.45341,1928,-7.351619658772837
RGI60-13.45341,1929,-101.0796774443333
RGI60-13.45341,1930,638.0348689300251
RGI60-13.45341,1931,-435.39261095763425
RGI60-13.45341,1932,102.91114191168649
RGI60-13.45341,1933,-917.9997473461234
RGI60-13.45341,1934,-27.20866038311395
RGI60-13.45341,1935,-1046.151580153038
RGI60-13.45341,1936,-141.79626785128707
RGI60-13.45341,1937,136.99725168563364
RGI60-13.45341,1938,42.904120610616054
RGI60-13.45341,1939,-353.80201629532445
RGI60-13.45341,1940,-653.3911487391032
RGI60-13.45341,1941,-255.4340890293375
RGI60-13.45341,1942,1204.3239768287547
RGI60-13.45341,1943,-1144.601468409737
RGI60-13.45341,1944,-1088.3309397425548
RGI60-13.45341,1945,-1467.0904891917794
RGI60-13.45341,1946,462.42008732544946
RGI60-13.45341,1947,-139.078394551576
RGI60-13.45341,1948,-912.514822276588
RGI60-13.45341,1949,-169.96322185327276
RGI60-13.45341,1950,-1003.1300768646237
RGI60-13.45341,1951,-733.7103341344065
RGI60-13.45341,1952,-313.1529925202993
RGI60-13.45341,1953,-472.94693678420344
RGI60-13.45341,1954,236.55773121227645
RGI60-13.45341,1955,-702.0808219370043
RGI60-13.45341,1956,-54.28839118924343
RGI60-13.45341,1957,-538.5210689057185
RGI60-13.45341,1958,576.901689761911
RGI60-13.45341,1959,97.6041043169408
RGI60-13.45341,1960,101.2248020754988
RGI60-13.45341,1961,-130.25777126597632
RGI60-13.45341,1962,-1314.8784376110561
RGI60-13.45341,1963,-511.4062385562556
RGI60-13.45341,1964,-462.18618305735436
RGI60-13.45341,1965,-1113.0924997081424
RGI60-13.45341,1966,-768.3587634070605
RGI60-13.45341,1967,-430.0482557208382
RGI60-13.45341,1968,-934.0287389804345
RGI60-13.45341,1969,31.81963834124018
RGI60-13.45341,1970,-381.5243721824668
RGI60-13.45341,1971,-207.20242022601062
RGI60-13.45341,1972,-103.96724494812459
RGI60-13.45341,1973,-850.7069639240146
RGI60-13.45341,1974,-1398.8330453981202
RGI60-13.45341,1975,-727.4464927738248
RGI60-13.45341,1976,-121.62603909743687
RGI60-13.45341,1977,-1104.8746896634761
RGI60-13.45341,1978,-321.61980628399675
RGI60-13.45341,1979,324.09069147699984
RGI60-13.45341,1980,-373.26664109712414
RGI60-13.45341,1981,-500.28009672707145
RGI60-13.45341,1982,-329.9826626223999
RGI60-13.45341,1983,-345.14113450085756
RGI60-13.45341,1984,9.97036325355343
RGI60-13.45341,1985,-454.03423241648545
RGI60-13.45341,1986,-265.19785357737663
RGI60-13.45341,1987,-310.52127222363
RGI60-13.45341,1988,262.6727721468918
RGI60-13.45341,1989,137.92268210353853
RGI60-13.45341,1990,-515.2410617893348
RGI60-13.45341,1991,-870.1340388631171
RGI60-13.45341,1992,203.13802427198797
RGI60-13.45341,1993,360.8435046224925
RGI60-13.45341,1994,-190.9696584480439
RGI60-13.45341,1995,-704.5396199872438
RGI60-13.45341,1996,-295.319587111085
RGI60-13.45341,1997,-928.4924000954895
RGI60-13.45341,1998,-890.358740461995
RGI60-13.45341,1999,-636.628211520022
RGI60-13.45341,2000,-500.97763879055725
RGI60-13.45341,2001,-1268.308087101304
RGI60-13.45341,2002,-895.2271208427021
RGI60-13.45341,2003,-143.73413153012925
RGI60-13.45341,2004,-736.9273108618117
RGI60-13.45341,2005,-915.9387277049829
RGI60-13.45341,2006,-1033.8478831673979
RGI60-13.45341,2007,-903.8095322679095
RGI60-13.45341,2008,-1479.404205357634
RGI60-13.45341,2009,-166.46407667364892
RGI60-13.45341,2010,-791.4312729059513
RGI60-13.45341,2011,-1090.0968503952186
RGI60-13.45341,2012,-1091.549167935374
RGI60-13.45341,2013,-427.6506518511915
RGI60-13.45341,2014,-433.8148254423894
RGI60-13.45341,2015,-445.64968572767685
RGI60-13.45341,2016,-1104.0398053963759
RGI60-13.45341,2017,-979.3973852241647
RGI60-13.45341,2018,-823.7832612017594
RGI60-13.45341,2019,-619.948379621831
RGI60-13.45342,1901,-195.49842058779254
RGI60-13.45342,1902,-395.6660811865197
RGI60-13.45342,1903,17.246225235959198
RGI60-13.45342,1904,-1124.7615242375798
RGI60-13.45342,1905,-815.0174057952745
RGI60-13.45342,1906,-1178.905482210819
RGI60-13.45342,1907,-189.0562009251306
RGI60-13.45342,1908,-549.8065264624826
RGI60-13.45342,1909,-1337.6356880501023
RGI60-13.45342,1910,-947.3135950609109
RGI60-13.45342,1911,-189.00699135047145
RGI60-13.45342,1912,-456.23570198139475
RGI60-13.45342,1913,-132.57441721922996
RGI60-13.45342,1914,-599.4941537457671
RGI60-13.45342,1915,-1424.2286824425528
RGI60-13.45342,1916,-1105.2658285708355
RGI60-13.45342,1917,-1004.821486459528
RGI60-13.45342,1918,-1130.736436240199
RGI60-13.45342,1919,266.0513820707116
RGI60-13.45342,1920,-654.5391462026338
RGI60-13.45342,1921,-502.31880441264605
RGI60-13.45342,1922,-1119.099226407275
RGI60-13.45342,1923,-1147.691468510014
RGI60-13.45342,1924,-960.0713436841447
RGI60-13.45342,1925,18.61742615091892
RGI60-13.45342,1926,-176.79709540620175
RGI60-13.45342,1927,-474.3460429570478
RGI60-13.45342,1928,-273.9283805717862
RGI60-13.45342,1929,-307.52479106439637
RGI60-13.45342,1930,341.83676694361105
RGI60-13.45342,1931,-684.3869373206448
RGI60-13.45342,1932,-42.79493361841186
RGI60-13.45342,1933,-1056.9047186882403
RGI60-13.45342,1934,-281.6172861728825
RGI60-13.45342,1935,-1202.5910626542832
RGI60-13.45342,1936,-308.0045644833572
RGI60-13.45342,1937,-46.59856476157932
RGI60-13.45342,1938,-145.0665505864811
RGI60-13.45342,1939,-582.898230885961
RGI60-13.45342,1940,-893.3218900287131
RGI60-13.45342,1941,-554.1220033101526
RGI60-13.45342,1942,698.8582964223178
RGI60-13.45342,1943,-1236.1840772246426
RGI60-13.45342,1944,-1243.2444775104586
RGI60-13.45342,1945,-1596.6559682704105
RGI60-13.45342,1946,237.61439012554445
RGI60-13.45342,1947,-313.94495078552285
RGI60-13.45342,1948,-1046.4156880540083
RGI60-13.45342,1949,-434.293859516027
RGI60-13.45342,1950,-1129.3739913785423
RGI60-13.45342,1951,-906.6777927958775
RGI60-13.45342,1952,-481.9103743709903
RGI60-13.45342,1953,-718.5384822127596
RGI60-13.45342,1954,16.453252533000644
RGI60-13.45342,1955,-931.8583815406342
RGI60-13.45342,1956,-233.3644871338544
RGI60-13.45342,1957,-756.9049543315905
RGI60-13.45342,1958,353.70894422317946
RGI60-13.45342,1959,-175.48140819134377
RGI60-13.45342,1960,-80.59200851056791
RGI60-13.45342,1961,-331.9202964332571
RGI60-13.45342,1962,-1431.6745882545656
RGI60-13.45342,1963,-707.0468326388678
RGI60-13.45342,1964,-664.5452661549776
RGI60-13.45342,1965,-1261.6829959150166
RGI60-13.45342,1966,-992.158313976988
RGI60-13.45342,1967,-591.7462400506164
RGI60-13.45342,1968,-1075.5021964406167
RGI60-13.45342,1969,-149.53446826028625
RGI60-13.45342,1970,-594.7027094601029
RGI60-13.45342,1971,-472.3273867693862
RGI60-13.45342,1972,-318.98783340843164
RGI60-13.45342,1973,-1010.9301299844773
RGI60-13.45342,1974,-1541.979251864033
RGI60-13.45342,1975,-871.098089861975
RGI60-13.45342,1976,-362.9947659876684
RGI60-13.45342,1977,-1268.9638433419775
RGI60-13.45342,1978,-496.1749287959811
RGI60-13.45342,1979,64.26187670137391
RGI60-13.45342,1980,-529.549791473231
RGI60-13.45342,1981,-698.7785743913848
RGI60-13.45342,1982,-574.3859338064497
RGI60-13.45342,1983,-503.4172955883659
RGI60-13.45342,1984,-204.86493487248129
RGI60-13.45342,1985,-592.7147973052174
RGI60-13.45342,1986,-432.3879457933431
RGI60-13.45342,1987,-488.67859737474856
RGI60-13.45342,1988,4.5395094173298265
RGI60-13.45342,1989,-88.01024152602456
RGI60-13.45342,1990,-723.8918595687638
RGI60-13.45342,1991,-1064.2133557623204
RGI60-13.45342,1992,-45.72606371631209
RGI60-13.45342,1993,124.16454081450931
RGI60-13.45342,1994,-453.2589374639485
RGI60-13.45342,1995,-881.5078807626224
RGI60-13.45342,1996,-526.0295259475974
RGI60-13.45342,1997,-1085.3234876331924
RGI60-13.45342,1998,-1087.5424715821982
RGI60-13.45342,1999,-859.8369685504591
RGI60-13.45342,2000,-650.6969265201554
RGI60-13.45342,2001,-1410.502427487643
RGI60-13.45342,2002,-1141.1526683459056
RGI60-13.45342,2003,-421.39752443339296
RGI60-13.45342,2004,-947.2710795690908
RGI60-13.45342,2005,-1126.042850570062
RGI60-13.45342,2006,-1214.1423055932287
RGI60-13.45342,2007,-1087.3264580399332
RGI60-13.45342,2008,-1629.9388084414531
RGI60-13.45342,2009,-399.86732806783385
RGI60-13.45342,2010,-1010.6042559231915
RGI60-13.45342,2011,-1254.3176772614768
RGI60-13.45342,2012,-1251.4561295786684
RGI60-13.45342,2013,-646.4192827570088
RGI60-13.45342,2014,-675.1380351846127
RGI60-13.45342,2015,-708.8525017271534
RGI60-13.45342,2016,-1338.3218897225543
RGI60-13.45342,2017,-1184.3242921575156
RGI60-13.45342,2018,-1036.5274996831467
RGI60-13.45342,2019,-833.700058935983
RGI60-13.45343,1901,370.4251651254809
RGI60-13.45343,1902,283.1401033297173
RGI60-13.45343,1903,601.7631406864099
RGI60-13.45343,1904,-503.47547559422145
RGI60-13.45343,1905,-216.54904419219687
RGI60-13.45343,1906,-539.9419345160053
RGI60-13.45343,1907,342.4233881622246
RGI60-13.45343,1908,-14.61131572793652
RGI60-13.45343,1909,-772.5015920716654
RGI60-13.45343,1910,-387.648927751984
RGI60-13.45343,1911,475.2702981386894
RGI60-13.45343,1912,125.18839266750838
RGI60-13.45343,1913,497.16891782579216
RGI60-13.45343,1914,3.711450237810615
RGI60-13.45343,1915,-868.041982303977
RGI60-13.45343,1916,-514.5828508498835
RGI60-13.45343,1917,-429.56954452593874
RGI60-13.45343,1918,-599.8827188230177
RGI60-13.45343,1919,832.3364956849067
RGI60-13.45343,1920,2.9229572434855267
RGI60-13.45343,1921,26.695315574577332
RGI60-13.45343,1922,-572.1919632710773
RGI60-13.45343,1923,-628.9506809010379
RGI60-13.45343,1924,-547.7190161823777
RGI60-13.45343,1925,499.97220867107984
RGI60-13.45343,1926,382.98783280201303
RGI60-13.45343,1927,-76.36240485124013
RGI60-13.45343,1928,338.6526341503907
RGI60-13.45343,1929,276.701769338201
RGI60-13.45343,1930,902.7865351579687
RGI60-13.45343,1931,-67.6254038200246
RGI60-13.45343,1932,300.69486259479675
RGI60-13.45343,1933,-566.3869157007397
RGI60-13.45343,1934,414.4944473234633
RGI60-13.45343,1935,-624.1912383645504
RGI60-13.45343,1936,202.1917282971629
RGI60-13.45343,1937,422.6755599048819
RGI60-13.45343,1938,330.98393957201006
RGI60-13.45343,1939,-2.268732438409935
RGI60-13.45343,1940,-244.03099197156428
RGI60-13.45343,1941,121.68919342511774
RGI60-13.45343,1942,1479.0304680741692
RGI60-13.45343,1943,-818.4767886227179
RGI60-13.45343,1944,-692.3452539470629
RGI60-13.45343,1945,-988.1386154580957
RGI60-13.45343,1946,678.4979053918036
RGI60-13.45343,1947,194.55068185652794
RGI60-13.45343,1948,-591.5201068441492
RGI60-13.45343,1949,170.1416686175995
RGI60-13.45343,1950,-592.1030016388081
RGI60-13.45343,1951,-222.76040535934345
RGI60-13.45343,1952,-78.40361204956977
RGI60-13.45343,1953,23.02972322466337
RGI60-13.45343,1954,533.5707133863476
RGI60-13.45343,1955,-315.0721737324041
RGI60-13.45343,1956,105.64372012643271
RGI60-13.45343,1957,-127.50098176264171
RGI60-13.45343,1958,750.1290271688679
RGI60-13.45343,1959,604.3248611572111
RGI60-13.45343,1960,392.24604639005264
RGI60-13.45343,1961,264.26855139788734
RGI60-13.45343,1962,-869.4156130611915
RGI60-13.45343,1963,-85.98035405185698
RGI60-13.45343,1964,-92.06124746369119
RGI60-13.45343,1965,-639.3132985575576
RGI60-13.45343,1966,-296.618890180984
RGI60-13.45343,1967,-11.254199661355477
RGI60-13.45343,1968,-496.77757143929534
RGI60-13.45343,1969,327.92270684425466
RGI60-13.45343,1970,22.976326834595202
RGI60-13.45343,1971,206.6149641559404
RGI60-13.45343,1972,365.04415420377995
RGI60-13.45343,1973,-471.34291843712646
RGI60-13.45343,1974,-929.7806660248383
RGI60-13.45343,1975,-354.26355309971717
RGI60-13.45343,1976,281.6203016311176
RGI60-13.45343,1977,-639.6186732397863
RGI60-13.45343,1978,58.58126615777419
RGI60-13.45343,1979,626.3593786760313
RGI60-13.45343,1980,-96.34889584863953
RGI60-13.45343,1981,-116.09367199533055
RGI60-13.45343,1982,118.35195868815488
RGI60-13.45343,1983,-105.0368901669029
RGI60-13.45343,1984,306.28830566384494
RGI60-13.45343,1985,-175.19129446201512
RGI60-13.45343,1986,-33.343190424748066
RGI60-13.45343,1987,-160.01103842692865
RGI60-13.45343,1988,627.0922163045526
RGI60-13.45343,1989,413.4055866061468
RGI60-13.45343,1990,-104.59662447316349
RGI60-13.45343,1991,-395.2058642051709
RGI60-13.45343,1992,582.9020999166886
RGI60-13.45343,1993,722.8362904749794
RGI60-13.45343,1994,154.7126278508711
RGI60-13.45343,1995,-296.71956197471235
RGI60-13.45343,1996,72.21866018992048
RGI60-13.45343,1997,-447.50888053025835
RGI60-13.45343,1998,-497.82987198667956
RGI60-13.45343,1999,-219.0727614053788
RGI60-13.45343,2000,-237.3173399791544
RGI60-13.45343,2001,-872.9863630839465
RGI60-13.45343,2002,-475.0904111606576
RGI60-13.45343,2003,333.71243979531636
RGI60-13.45343,2004,-314.1651836255902
RGI60-13.45343,2005,-424.1914902167515
RGI60-13.45343,2006,-647.3189075572003
RGI60-13.45343,2007,-479.29157361372086
RGI60-13.45343,2008,-1017.3101541654303
RGI60-13.45343,2009,160.52256711591622
RGI60-13.45343,2010,-408.36439667395547
RGI60-13.45343,2011,-725.2438983448355
RGI60-13.45343,2012,-722.2056914720555
RGI60-13.45343,2013,-44.383556330080594
RGI60-13.45343,2014,-71.05117273168122
RGI60-13.45343,2015,-63.51524081353588
RGI60-13.45343,2016,-605.799477858174
RGI60-13.45343,2017,-567.8363048852011
RGI60-13.45343,2018,-501.10336042300435
RGI60-13.45343,2019,-255.06048397625875
RGI60-13.45344,1901,379.1910034515894
RGI60-13.45344,1902,332.47618881822723
RGI60-13.45344,1903,598.9739433518305
RGI60-13.45344,1904,-455.3263037756951
RGI60-13.45344,1905,-181.3101593673988
RGI60-13.45344,1906,-467.3634749065516
RGI60-13.45344,1907,358.192121863817
RGI60-13.45344,1908,17.631180982411863
RGI60-13.45344,1909,-728.6291414438772
RGI60-13.45344,1910,-337.3657527050297
RGI60-13.45344,1911,470.3709333219175
RGI60-13.45344,1912,119.23560997464176
RGI60-13.45344,1913,483.35687906731175
RGI60-13.45344,1914,21.19251677199686
RGI60-13.45344,1915,-776.2388654505278
RGI60-13.45344,1916,-448.4297965168777
RGI60-13.45344,1917,-383.54273082913915
RGI60-13.45344,1918,-532.8798328975802
RGI60-13.45344,1919,823.3811799030166
RGI60-13.45344,1920,57.44382730989771
RGI60-13.45344,1921,55.57803133101736
RGI60-13.45344,1922,-516.6693594866331
RGI60-13.45344,1923,-576.6516725143177
RGI60-13.45344,1924,-529.2366337789881
RGI60-13.45344,1925,498.22757409637455
RGI60-13.45344,1926,376.16204835228666
RGI60-13.45344,1927,-46.91140425949059
RGI60-13.45344,1928,344.85842638239757
RGI60-13.45344,1929,261.94068723238354
RGI60-13.45344,1930,864.3625227873837
RGI60-13.45344,1931,-7.5125927113300826
RGI60-13.45344,1932,280.54322012145656
RGI60-13.45344,1933,-523.92199629941
RGI60-13.45344,1934,409.5595431448462
RGI60-13.45344,1935,-537.8395512002186
RGI60-13.45344,1936,180.04063108062138
RGI60-13.45344,1937,390.49930114335353
RGI60-13.45344,1938,331.98246871105187
RGI60-13.45344,1939,14.990175693101945
RGI60-13.45344,1940,-212.55310179235587
RGI60-13.45344,1941,186.6720114065094
RGI60-13.45344,1942,1479.629170085854
RGI60-13.45344,1943,-787.0310852756362
RGI60-13.45344,1944,-620.2722523443684
RGI60-13.45344,1945,-922.3319309360885
RGI60-13.45344,1946,648.3326709023432
RGI60-13.45344,1947,188.15472186472
RGI60-13.45344,1948,-578.7866136181917
RGI60-13.45344,1949,175.29679852385036
RGI60-13.45344,1950,-554.4632370315818
RGI60-13.45344,1951,-208.5878267387461
RGI60-13.45344,1952,-42.746293515354
RGI60-13.45344,1953,18.49966730674593
RGI60-13.45344,1954,529.6141988215137
RGI60-13.45344,1955,-232.36086957423544
RGI60-13.45344,1956,94.55531417786615
RGI60-13.45344,1957,-79.46417639543102
RGI60-13.45344,1958,722.4545631373611
RGI60-13.45344,1959,554.7481691318239
RGI60-13.45344,1960,383.98468079487674
RGI60-13.45344,1961,250.34762347534058
RGI60-13.45344,1962,-808.3557632211234
RGI60-13.45344,1963,-66.88426779615466
RGI60-13.45344,1964,-59.11059564386865
RGI60-13.45344,1965,-597.0186659449138
RGI60-13.45344,1966,-239.83949984542292
RGI60-13.45344,1967,3.91573810257601
RGI60-13.45344,1968,-449.3495368465824
RGI60-13.45344,1969,317.6891780687082
RGI60-13.45344,1970,54.31479767996191
RGI60-13.45344,1971,245.19012011809164
RGI60-13.45344,1972,351.55413630461976
RGI60-13.45344,1973,-433.04344192802506
RGI60-13.45344,1974,-876.7218822958929
RGI60-13.45344,1975,-321.93392597911736
RGI60-13.45344,1976,282.5907562833308
RGI60-13.45344,1977,-578.2770435853266
RGI60-13.45344,1978,40.921382051334874
RGI60-13.45344,1979,604.3848276490429
RGI60-13.45344,1980,-80.517550618401
RGI60-13.45344,1981,-67.88884381269226
RGI60-13.45344,1982,140.2302388278524
RGI60-13.45344,1983,-87.52704991015977
RGI60-13.45344,1984,289.1026809099547
RGI60-13.45344,1985,-163.57465788706793
RGI60-13.45344,1986,-29.49308265581504
RGI60-13.45344,1987,-114.56420538498536
RGI60-13.45344,1988,600.0780438443268
RGI60-13.45344,1989,418.8110762237231
RGI60-13.45344,1990,-51.879035045546836
RGI60-13.45344,1991,-346.78187470338236
RGI60-13.45344,1992,559.0936020219552
RGI60-13.45344,1993,675.0390367285692
RGI60-13.45344,1994,188.7291141287091
RGI60-13.45344,1995,-242.45748865221938
RGI60-13.45344,1996,124.25551217799172
RGI60-13.45344,1997,-406.65188737899643
RGI60-13.45344,1998,-383.76544834053846
RGI60-13.45344,1999,-178.77056290580106
RGI60-13.45344,2000,-225.61774379818388
RGI60-13.45344,2001,-793.462626899157
RGI60-13.45344,2002,-414.88661851931323
RGI60-13.45344,2003,349.426747459285
RGI60-13.45344,2004,-258.5973226212265
RGI60-13.45344,2005,-393.03071273924417
RGI60-13.45344,2006,-590.41879484093
RGI60-13.45344,2007,-372.34685657947296
RGI60-13.45344,2008,-964.1282772378943
RGI60-13.45344,2009,169.19516479476155
RGI60-13.45344,2010,-358.5741177769298
RGI60-13.45344,2011,-643.2615697109273
RGI60-13.45344,2012,-639.9904308516574
RGI60-13.45344,2013,-3.0479937582457137
RGI60-13.45344,2014,-34.7585069204234
RGI60-13.45344,2015,-41.34380730126256
RGI60-13.45344,2016,-514.3803026655914
RGI60-13.45344,2017,-522.9573804577925
RGI60-13.45344,2018,-420.3646656004822
RGI60-13.45344,2019,-249.45418397531176
RGI60-13.45345,1901,270.09676786967793
RGI60-13.45345,1902,115.59427802858403
RGI60-13.45345,1903,500.1920730817675
RGI60-13.45345,1904,-807.8874285580414
RGI60-13.45345,1905,-457.9429287225658
RGI60-13.45345,1906,-877.4920184407221
RGI60-13.45345,1907,268.03008303745577
RGI60-13.45345,1908,-171.08287243419508
RGI60-13.45345,1909,-1033.337129774564
RGI60-13.45345,1910,-628.7100379724361
RGI60-13.45345,1911,322.9767726468319
RGI60-13.45345,1912,-79.95534510451462
RGI60-13.45345,1913,362.7499707479962
RGI60-13.45345,1914,-182.8890843904206
RGI60-13.45345,1915,-1174.3945757131376
RGI60-13.45345,1916,-802.3055261067581
RGI60-13.45345,1917,-693.1473908664723
RGI60-13.45345,1918,-821.7984232059866
RGI60-13.45345,1919,842.81508379417
RGI60-13.45345,1920,-212.9083351229517
RGI60-13.45345,1921,-92.35151195696629
RGI60-13.45345,1922,-851.627879458576
RGI60-13.45345,1923,-829.360414743922
RGI60-13.45345,1924,-681.3544027937897
RGI60-13.45345,1925,431.8484083699625
RGI60-13.45345,1926,259.3959553690326
RGI60-13.45345,1927,-141.97200475306994
RGI60-13.45345,1928,215.11845441877557
RGI60-13.45345,1929,131.38497814122422
RGI60-13.45345,1930,897.5440512200317
RGI60-13.45345,1931,-272.77533444053336
RGI60-13.45345,1932,324.58119213851927
RGI60-13.45345,1933,-759.1376102562078
RGI60-13.45345,1934,209.72159862009556
RGI60-13.45345,1935,-903.5732674811513
RGI60-13.45345,1936,79.36418577191805
RGI60-13.45345,1937,366.9260181571646
RGI60-13.45345,1938,254.4710205703886
RGI60-13.45345,1939,-133.09751256116692
RGI60-13.45345,1940,-462.99242402552176
RGI60-13.45345,1941,-87.27439047429138
RGI60-13.45345,1942,1491.8541707443446
RGI60-13.45345,1943,-985.4691118198642
RGI60-13.45345,1944,-954.3912806147496
RGI60-13.45345,1945,-1279.5344672362046
RGI60-13.45345,1946,709.5358637358522
RGI60-13.45345,1947,69.49838582283425
RGI60-13.45345,1948,-748.3346260159533
RGI60-13.45345,1949,51.07182687362362
RGI60-13.45345,1950,-808.4709211309369
RGI60-13.45345,1951,-462.12285046457896
RGI60-13.45345,1952,-148.58887144383584
RGI60-13.45345,1953,-180.84814378685013
RGI60-13.45345,1954,429.8870455621007
RGI60-13.45345,1955,-562.1322241399617
RGI60-13.45345,1956,105.97099777889615
RGI60-13.45345,1957,-365.0757181063787
RGI60-13.45345,1958,771.6427907948372
RGI60-13.45345,1959,405.83093526926535
RGI60-13.45345,1960,309.816154849968
RGI60-13.45345,1961,103.01810282450975
RGI60-13.45345,1962,-1115.045705248448
RGI60-13.45345,1963,-301.62374138606816
RGI60-13.45345,1964,-290.2462257547779
RGI60-13.45345,1965,-911.3352452012687
RGI60-13.45345,1966,-544.7766932328814
RGI60-13.45345,1967,-211.256140225919
RGI60-13.45345,1968,-753.9055781485878
RGI60-13.45345,1969,264.33817977530964
RGI60-13.45345,1970,-223.567643545394
RGI60-13.45345,1971,-27.942900302204034
RGI60-13.45345,1972,153.87250442863132
RGI60-13.45345,1973,-694.0917918068347
RGI60-13.45345,1974,-1216.5324056394288
RGI60-13.45345,1975,-528.8168169370548
RGI60-13.45345,1976,107.73563645379161
RGI60-13.45345,1977,-911.1500429812788
RGI60-13.45345,1978,-71.06389887379706
RGI60-13.45345,1979,578.4569839880673
RGI60-13.45345,1980,-187.86836399489667
RGI60-13.45345,1981,-339.2799937641922
RGI60-13.45345,1982,-112.39639601503848
RGI60-13.45345,1983,-165.1977875293752
RGI60-13.45345,1984,239.3622579147985
RGI60-13.45345,1985,-283.5352562288881
RGI60-13.45345,1986,-63.278494552299456
RGI60-13.45345,1987,-177.9052113323951
RGI60-13.45345,1988,525.6741448636072
RGI60-13.45345,1989,356.8451624565344
RGI60-13.45345,1990,-343.564850685877
RGI60-13.45345,1991,-680.080360138053
RGI60-13.45345,1992,442.996543085454
RGI60-13.45345,1993,636.6596902828219
RGI60-13.45345,1994,23.589466218228534
RGI60-13.45345,1995,-528.9135238449371
RGI60-13.45345,1996,-105.2110792077249
RGI60-13.45345,1997,-702.6887350729977
RGI60-13.45345,1998,-721.6061237730687
RGI60-13.45345,1999,-400.96840897627925
RGI60-13.45345,2000,-231.297109066826
RGI60-13.45345,2001,-1091.811137834531
RGI60-13.45345,2002,-702.2470746133755
RGI60-13.45345,2003,85.269642887249
RGI60-13.45345,2004,-551.4277862041403
RGI60-13.45345,2005,-695.7433760354585
RGI60-13.45345,2006,-868.7309991280652
RGI60-13.45345,2007,-740.9748930703081
RGI60-13.45345,2008,-1288.5478961477272
RGI60-13.45345,2009,43.229936513751824
RGI60-13.45345,2010,-623.8240833173664
RGI60-13.45345,2011,-944.5651974715748
RGI60-13.45345,2012,-931.6727925221967
RGI60-13.45345,2013,-236.92261124975283
RGI60-13.45345,2014,-226.78846635526855
RGI60-13.45345,2015,-203.8204986454189
RGI60-13.45345,2016,-923.7252884050962
RGI60-13.45345,2017,-779.5845060328315
RGI60-13.45345,2018,-679.0049191182003
RGI60-13.45345,2019,-349.81094418286085
RGI60-13.45346,1901,1472.5849570320213
RGI60-13.45346,1902,1714.4423492939025
RGI60-13.45346,1903,1684.1504602395873
RGI60-13.45346,1904,418.85642217121875
RGI60-13.45346,1905,781.8680487864666
RGI60-13.45346,1906,477.0128038244971
RGI60-13.45346,1907,1470.4986518587698
RGI60-13.45346,1908,1007.5866940992339
RGI60-13.45346,1909,117.49113906654745
RGI60-13.45346,1910,578.1893009357966
RGI60-13.45346,1911,1562.8313673127564
RGI60-13.45346,1912,907.8347598926727
RGI60-13.45346,1913,1533.4608218694855
RGI60-13.45346,1914,1000.4449876485995
RGI60-13.45346,1915,124.09009369091218
RGI60-13.45346,1916,452.90642242362685
RGI60-13.45346,1917,463.56959837827117
RGI60-13.45346,1918,401.1737890175964
RGI60-13.45346,1919,2116.7214456632696
RGI60-13.45346,1920,1280.3971347631432
RGI60-13.45346,1921,1089.7830933557022
RGI60-13.45346,1922,265.5062708920577
RGI60-13.45346,1923,342.2011826445318
RGI60-13.45346,1924,179.49682703203376
RGI60-13.45346,1925,1405.130954792103
RGI60-13.45346,1926,1305.535269079471
RGI60-13.45346,1927,859.8064357836199
RGI60-13.45346,1928,1445.676794318674
RGI60-13.45346,1929,1161.4616165829568
RGI60-13.45346,1930,1973.4453507969604
RGI60-13.45346,1931,1157.337605122348
RGI60-13.45346,1932,1013.1037485302545
RGI60-13.45346,1933,314.28491060282255
RGI60-13.45346,1934,1452.6276589931072
RGI60-13.45346,1935,489.45663203016943
RGI60-13.45346,1936,925.6857626784813
RGI60-13.45346,1937,1170.9545202352472
RGI60-13.45346,1938,1214.801015080741
RGI60-13.45346,1939,1119.7447933345418
RGI60-13.45346,1940,915.7860863155556
RGI60-13.45346,1941,1537.9134604921458
RGI60-13.45346,1942,3359.128392247829
RGI60-13.45346,1943,-93.34494575561203
RGI60-13.45346,1944,305.7748965899049
RGI60-13.45346,1945,25.64253396022623
RGI60-13.45346,1946,1601.9103601323857
RGI60-13.45346,1947,968.4777728281581
RGI60-13.45346,1948,197.12085137455216
RGI60-13.45346,1949,1327.874635412269
RGI60-13.45346,1950,276.3689764621538
RGI60-13.45346,1951,774.781817427903
RGI60-13.45346,1952,873.4704436480181
RGI60-13.45346,1953,1169.6295420242573
RGI60-13.45346,1954,1457.59233513206
RGI60-13.45346,1955,955.7576658568004
RGI60-13.45346,1956,879.2567965035605
RGI60-13.45346,1957,969.9302965641015
RGI60-13.45346,1958,1570.7780097970708
RGI60-13.45346,1959,1609.6310724609477
RGI60-13.45346,1960,1149.6787774897796
RGI60-13.45346,1961,1126.5874690052503
RGI60-13.45346,1962,126.12085536338986
RGI60-13.45346,1963,876.9950890219592
RGI60-13.45346,1964,916.0991380487774
RGI60-13.45346,1965,331.17713673744964
RGI60-13.45346,1966,998.1451236790327
RGI60-13.45346,1967,860.6546847227244
RGI60-13.45346,1968,413.72725714288475
RGI60-13.45346,1969,1192.7759683166544
RGI60-13.45346,1970,1024.1718921434697
RGI60-13.45346,1971,1400.5118918046944
RGI60-13.45346,1972,1282.47586781787
RGI60-13.45346,1973,438.94293834432966
RGI60-13.45346,1974,102.69774536651836
RGI60-13.45346,1975,570.6874784325016
RGI60-13.45346,1976,1347.0658188438301
RGI60-13.45346,1977,474.43781887472414
RGI60-13.45346,1978,911.7545810351794
RGI60-13.45346,1979,1623.8194632369684
RGI60-13.45346,1980,750.9133031635238
RGI60-13.45346,1981,851.2481466814168
RGI60-13.45346,1982,1241.7119541597062
RGI60-13.45346,1983,736.7583960322783
RGI60-13.45346,1984,1175.7767828107148
RGI60-13.45346,1985,539.3722012347697
RGI60-13.45346,1986,825.0691810735478
RGI60-13.45346,1987,781.0266487521873
RGI60-13.45346,1988,1644.9121159604824
RGI60-13.45346,1989,1431.3933151277495
RGI60-13.45346,1990,972.9298290489176
RGI60-13.45346,1991,683.0297416515069
RGI60-13.45346,1992,1567.4429195726905
RGI60-13.45346,1993,1628.989493908606
RGI60-13.45346,1994,1386.5707165701776
RGI60-13.45346,1995,727.169727352813
RGI60-13.45346,1996,1239.3963733760816
RGI60-13.45346,1997,610.101127097278
RGI60-13.45346,1998,902.0542788232475
RGI60-13.45346,1999,1045.1474574741897
RGI60-13.45346,2000,783.2487844263597
RGI60-13.45346,2001,234.14208937288893
RGI60-13.45346,2002,902.3172367859338
RGI60-13.45346,2003,1533.9686931892952
RGI60-13.45346,2004,842.1945070134451
RGI60-13.45346,2005,760.3214469175646
RGI60-13.45346,2006,437.2489744879735
RGI60-13.45346,2007,824.5481162550828
RGI60-13.45346,2008,29.191395440999393
RGI60-13.45346,2009,1178.5476871017697
RGI60-13.45346,2010,749.1732242126832
RGI60-13.45346,2011,386.62252594652534
RGI60-13.45346,2012,419.86205186232746
RGI60-13.45346,2013,1088.5583652641978
RGI60-13.45346,2014,1106.5129918983093
RGI60-13.45346,2015,1320.6853959307498
RGI60-13.45346,2016,804.8797893355301
RGI60-13.45346,2017,660.1059212791479
RGI60-13.45346,2018,744.6720737060732
RGI60-13.45346,2019,893.1987295731313
RGI60-13.45347,1901,304.38693762628293
RGI60-13.45347,1902,195.5836496549985
RGI60-13.45347,1903,652.4432111679707
RGI60-13.45347,1904,-579.7556543890485
RGI60-13.45347,1905,-298.7012387769806
RGI60-13.45347,1906,-589.7635690391976
RGI60-13.45347,1907,210.45070170168302
RGI60-13.45347,1908,-135.58573813959433
RGI60-13.45347,1909,-1053.7764147750822
RGI60-13.45347,1910,-513.6451845612404
RGI60-13.45347,1911,563.0668683462657
RGI60-13.45347,1912,237.74778938781307
RGI60-13.45347,1913,540.2494217743745
RGI60-13.45347,1914,-41.20743976467674
RGI60-13.45347,1915,-1093.6371816332755
RGI60-13.45347,1916,-597.10692381746
RGI60-13.45347,1917,-514.8400788296527
RGI60-13.45347,1918,-844.3313949485294
RGI60-13.45347,1919,741.7462028008977
RGI60-13.45347,1920,-94.94860308665307
RGI60-13.45347,1921,-138.0009606143238
RGI60-13.45347,1922,-647.8762634730938
RGI60-13.45347,1923,-951.0056138556082
RGI60-13.45347,1924,-898.1332943737788
RGI60-13.45347,1925,533.791327735759
RGI60-13.45347,1926,427.79613049677
RGI60-13.45347,1927,-350.5017006450756
RGI60-13.45347,1928,316.05978932397426
RGI60-13.45347,1929,335.7273456863353
RGI60-13.45347,1930,935.0936859459656
RGI60-13.45347,1931,-183.42021139915428
RGI60-13.45347,1932,132.66359640579532
RGI60-13.45347,1933,-822.6565027587644
RGI60-13.45347,1934,575.4028848828289
RGI60-13.45347,1935,-835.1269339931789
RGI60-13.45347,1936,221.3209303765157
RGI60-13.45347,1937,410.2249858500357
RGI60-13.45347,1938,310.9022503443682
RGI60-13.45347,1939,-206.58777078403386
RGI60-13.45347,1940,-464.2112588096283
RGI60-13.45347,1941,29.91613075183166
RGI60-13.45347,1942,1478.9550014643526
RGI60-13.45347,1943,-1239.5752596314312
RGI60-13.45347,1944,-934.1407067974949
RGI60-13.45347,1945,-1352.5784718299524
RGI60-13.45347,1946,612.4394041671508
RGI60-13.45347,1947,208.81151332966778
RGI60-13.45347,1948,-971.8966412515391
RGI60-13.45347,1949,4.7173767879314505
RGI60-13.45347,1950,-817.3621702301037
RGI60-13.45347,1951,-290.75538243695354
RGI60-13.45347,1952,-332.36045893967645
RGI60-13.45347,1953,-57.5559151765705
RGI60-13.45347,1954,616.3816867071412
RGI60-13.45347,1955,-493.9202897304193
RGI60-13.45347,1956,-154.83252067090407
RGI60-13.45347,1957,-183.47508942468804
RGI60-13.45347,1958,754.6529431118523
RGI60-13.45347,1959,795.4705043648297
RGI60-13.45347,1960,454.8210020248859
RGI60-13.45347,1961,351.91763107368
RGI60-13.45347,1962,-1239.1044178248526
RGI60-13.45347,1963,-113.76757013627432
RGI60-13.45347,1964,-169.87307844784752
RGI60-13.45347,1965,-869.7951434378181
RGI60-13.45347,1966,-486.83299779698785
RGI60-13.45347,1967,25.165661298717435
RGI60-13.45347,1968,-623.2753336319493
RGI60-13.45347,1969,284.87577553513563
RGI60-13.45347,1970,72.83832934438001
RGI60-13.45347,1971,289.2385686668188
RGI60-13.45347,1972,554.823306343115
RGI60-13.45347,1973,-661.2340964250956
RGI60-13.45347,1974,-1319.55917948878
RGI60-13.45347,1975,-574.174178011979
RGI60-13.45347,1976,297.01969855566784
RGI60-13.45347,1977,-902.228667542606
RGI60-13.45347,1978,-31.86372228359716
RGI60-13.45347,1979,641.1605123928243
RGI60-13.45347,1980,-309.8882200433965
RGI60-13.45347,1981,-113.12735254985516
RGI60-13.45347,1982,131.75695396410202
RGI60-13.45347,1983,-358.86708774198667
RGI60-13.45347,1984,228.17830871546718
RGI60-13.45347,1985,-342.7921313388521
RGI60-13.45347,1986,-332.4985723765621
RGI60-13.45347,1987,-528.2591154923188
RGI60-13.45347,1988,695.8310415243413
RGI60-13.45347,1989,337.81410610262486
RGI60-13.45347,1990,-119.52727391687249
RGI60-13.45347,1991,-529.761924003028
RGI60-13.45347,1992,724.7356283294066
RGI60-13.45347,1993,842.502454843004
RGI60-13.45347,1994,31.697611748374346
RGI60-13.45347,1995,-401.0938072842159
RGI60-13.45347,1996,48.637865590044505
RGI60-13.45347,1997,-636.2507643591327
RGI60-13.45347,1998,-780.3404086569187
RGI60-13.45347,1999,-516.2243819924382
RGI60-13.45347,2000,-775.5231863604821
RGI60-13.45347,2001,-1309.6959033572418
RGI60-13.45347,2002,-864.7766546643854
RGI60-13.45347,2003,449.2799765101228
RGI60-13.45347,2004,-492.38491738711855
RGI60-13.45347,2005,-671.761941274853
RGI60-13.45347,2006,-995.9635767958144
RGI60-13.45347,2007,-684.9253465294756
RGI60-13.45347,2008,-1486.0084401138702
RGI60-13.45347,2009,76.70548778847558
RGI60-13.45347,2010,-687.2607297865061
RGI60-13.45347,2011,-1086.398154815351
RGI60-13.45347,2012,-1125.172967751349
RGI60-13.45347,2013,-136.73269988924903
RGI60-13.45347,2014,-269.2823288514545
RGI60-13.45347,2015,-422.1294347850054
RGI60-13.45347,2016,-892.8338755435373
RGI60-13.45347,2017,-987.1668296505184
RGI60-13.45347,2018,-868.7203574034987
RGI60-13.45347,2019,-683.2481193388871
RGI60-13.45348,1901,-266.335597613991
RGI60-13.45348,1902,-474.55214643982924
RGI60-13.45348,1903,-37.32370155969248
RGI60-13.45348,1904,-1187.9641581334047
RGI60-13.45348,1905,-883.7490464418909
RGI60-13.45348,1906,-1238.9405327437914
RGI60-13.45348,1907,-275.25207487155546
RGI60-13.45348,1908,-634.4163894435865
RGI60-13.45348,1909,-1445.4310521658256
RGI60-13.45348,1910,-1028.2257378571408
RGI60-13.45348,1911,-237.96359233828923
RGI60-13.45348,1912,-504.76429037646994
RGI60-13.45348,1913,-191.96995168346356
RGI60-13.45348,1914,-673.0142670472957
RGI60-13.45348,1915,-1520.842513185367
RGI60-13.45348,1916,-1182.3329880491854
RGI60-13.45348,1917,-1097.5987180904076
RGI60-13.45348,1918,-1232.0213198286435
RGI60-13.45348,1919,170.054272672686
RGI60-13.45348,1920,-716.4754367277235
RGI60-13.45348,1921,-592.2826652512205
RGI60-13.45348,1922,-1191.869320513533
RGI60-13.45348,1923,-1257.7818862729046
RGI60-13.45348,1924,-1075.9876282704765
RGI60-13.45348,1925,-36.72288729123394
RGI60-13.45348,1926,-241.6046885728506
RGI60-13.45348,1927,-574.9663395292986
RGI60-13.45348,1928,-341.3517354583848
RGI60-13.45348,1929,-371.16094914910354
RGI60-13.45348,1930,277.53330303786186
RGI60-13.45348,1931,-751.6710699543021
RGI60-13.45348,1932,-148.8574529167706
RGI60-13.45348,1933,-1161.5579058981325
RGI60-13.45348,1934,-315.64743483333706
RGI60-13.45348,1935,-1300.94638253297
RGI60-13.45348,1936,-376.3013821590722
RGI60-13.45348,1937,-119.40714959508291
RGI60-13.45348,1938,-223.12168255806804
RGI60-13.45348,1939,-683.6558463604289
RGI60-13.45348,1940,-969.7181233540382
RGI60-13.45348,1941,-608.5448447886096
RGI60-13.45348,1942,646.7798706801027
RGI60-13.45348,1943,-1364.004492398257
RGI60-13.45348,1944,-1332.6083365825946
RGI60-13.45348,1945,-1735.8839062214574
RGI60-13.45348,1946,150.21814942856645
RGI60-13.45348,1947,-379.50416317441784
RGI60-13.45348,1948,-1159.463796230841
RGI60-13.45348,1949,-516.4794652674634
RGI60-13.45348,1950,-1250.0762993541198
RGI60-13.45348,1951,-1019.6975480683423
RGI60-13.45348,1952,-585.3412088657133
RGI60-13.45348,1953,-827.1042390672172
RGI60-13.45348,1954,-20.218260503609237
RGI60-13.45348,1955,-1004.713649157827
RGI60-13.45348,1956,-326.37205377583166
RGI60-13.45348,1957,-818.53818241954
RGI60-13.45348,1958,305.5196938412922
RGI60-13.45348,1959,-222.52047542373003
RGI60-13.45348,1960,-140.1219945666279
RGI60-13.45348,1961,-391.2622139769671
RGI60-13.45348,1962,-1582.6726158696988
RGI60-13.45348,1963,-775.9056122426049
RGI60-13.45348,1964,-732.5307619744149
RGI60-13.45348,1965,-1369.2920374687767
RGI60-13.45348,1966,-1099.981581483086
RGI60-13.45348,1967,-672.8814176231217
RGI60-13.45348,1968,-1168.9575296556332
RGI60-13.45348,1969,-236.1505453782872
RGI60-13.45348,1970,-627.2107530926734
RGI60-13.45348,1971,-504.93032695582224
RGI60-13.45348,1972,-366.08353011917205
RGI60-13.45348,1973,-1096.3662418184458
RGI60-13.45348,1974,-1669.1422411841554
RGI60-13.45348,1975,-981.9500084235525
RGI60-13.45348,1976,-419.3890650275641
RGI60-13.45348,1977,-1385.6567258954826
RGI60-13.45348,1978,-597.7969699744292
RGI60-13.45348,1979,-6.228175013578956
RGI60-13.45348,1980,-632.222931918368
RGI60-13.45348,1981,-755.5309148603827
RGI60-13.45348,1982,-627.3252292516298
RGI60-13.45348,1983,-612.1399144338615
RGI60-13.45348,1984,-286.95275605541093
RGI60-13.45348,1985,-683.4769209073567
RGI60-13.45348,1986,-553.5226512296025
RGI60-13.45348,1987,-593.2411918695558
RGI60-13.45348,1988,-61.13325036176855
RGI60-13.45348,1989,-170.56549676495982
RGI60-13.45348,1990,-785.4586199879864
RGI60-13.45348,1991,-1133.2384844420326
RGI60-13.45348,1992,-84.72999764814902
RGI60-13.45348,1993,74.08145758637315
RGI60-13.45348,1994,-538.693033208503
RGI60-13.45348,1995,-970.040536988352
RGI60-13.45348,1996,-592.1858845598246
RGI60-13.45348,1997,-1201.9691615865054
RGI60-13.45348,1998,-1208.689876995719
RGI60-13.45348,1999,-978.8255547874636
RGI60-13.45348,2000,-844.7410453750725
RGI60-13.45348,2001,-1559.5536479119994
RGI60-13.45348,2002,-1243.8789683347375
RGI60-13.45348,2003,-451.9147469680498
RGI60-13.45348,2004,-1029.4638130048704
RGI60-13.45348,2005,-1223.27850412283
RGI60-13.45348,2006,-1321.2164921493095
RGI60-13.45348,2007,-1192.045821490916
RGI60-13.45348,2008,-1777.4016907128896
RGI60-13.45348,2009,-479.6088843626116
RGI60-13.45348,2010,-1100.274008760826
RGI60-13.45348,2011,-1370.5046651156927
RGI60-13.45348,2012,-1384.074107840295
RGI60-13.45348,2013,-725.534741431133
RGI60-13.45348,2014,-767.101804015137
RGI60-13.45348,2015,-835.5216630318868
RGI60-13.45348,2016,-1442.7363145107233
RGI60-13.45348,2017,-1315.0484362978339
RGI60-13.45348,2018,-1150.1865268688161
RGI60-13.45348,2019,-989.914117694365
RGI60-13.45349,1901,-27.87687866494201
RGI60-13.45349,1902,-207.47962702405056
RGI60-13.45349,1903,189.47645077818797
RGI60-13.45349,1904,-956.6757596572551
RGI60-13.45349,1905,-647.1149408601752
RGI60-13.45349,1906,-1011.2206962510604
RGI60-13.45349,1907,-31.814023606832045
RGI60-13.45349,1908,-397.44793247252363
RGI60-13.45349,1909,-1178.7082996904114
RGI60-13.45349,1910,-796.1623413824823
RGI60-13.45349,1911,5.521865063143611
RGI60-13.45349,1912,-288.0145521938341
RGI60-13.45349,1913,59.901099789587505
RGI60-13.45349,1914,-427.06657717344694
RGI60-13.45349,1915,-1282.7190557615934
RGI60-13.45349,1916,-948.2304693308971
RGI60-13.45349,1917,-842.1985914527879
RGI60-13.45349,1918,-988.0724962055534
RGI60-13.45349,1919,441.79732585257807
RGI60-13.45349,1920,-476.30987226780167
RGI60-13.45349,1921,-349.40189327432637
RGI60-13.45349,1922,-974.5092409871143
RGI60-13.45349,1923,-1004.6718810422699
RGI60-13.45349,1924,-836.9586618192717
RGI60-13.45349,1925,163.54769683234295
RGI60-13.45349,1926,-7.600710074735171
RGI60-13.45349,1927,-358.9264495834174
RGI60-13.45349,1928,-95.51122765874389
RGI60-13.45349,1929,-135.13487578561077
RGI60-13.45349,1930,518.3230296673293
RGI60-13.45349,1931,-519.1213955894485
RGI60-13.45349,1932,74.34333886791289
RGI60-13.45349,1933,-922.0963307379328
RGI60-13.45349,1934,-80.46035165464998
RGI60-13.45349,1935,-1053.9403212503476
RGI60-13.45349,1936,-150.01790437561448
RGI60-13.45349,1937,104.3132213126642
RGI60-13.45349,1938,-1.4090606570261026
RGI60-13.45349,1939,-415.58828926451804
RGI60-13.45349,1940,-712.5613930545971
RGI60-13.45349,1941,-374.8378867797884
RGI60-13.45349,1942,924.5328046332809
RGI60-13.45349,1943,-1112.0162749134472
RGI60-13.45349,1944,-1098.95079128526
RGI60-13.45349,1945,-1428.4213584783417
RGI60-13.45349,1946,380.4531369459671
RGI60-13.45349,1947,-159.1673991926252
RGI60-13.45349,1948,-911.938121437232
RGI60-13.45349,1949,-258.63068549598955
RGI60-13.45349,1950,-974.9457645574155
RGI60-13.45349,1951,-704.7694516976478
RGI60-13.45349,1952,-365.2699028230061
RGI60-13.45349,1953,-499.4907967371546
RGI60-13.45349,1954,167.6916958810797
RGI60-13.45349,1955,-772.4206201288715
RGI60-13.45349,1956,-129.71249801029077
RGI60-13.45349,1957,-584.4907182500282
RGI60-13.45349,1958,480.15579823415715
RGI60-13.45349,1959,66.54324643599686
RGI60-13.45349,1960,64.21823909224612
RGI60-13.45349,1961,-155.99378547716765
RGI60-13.45349,1962,-1275.054523921202
RGI60-13.45349,1963,-529.339442595385
RGI60-13.45349,1964,-506.4220557210999
RGI60-13.45349,1965,-1086.2065506500219
RGI60-13.45349,1966,-799.6861534710208
RGI60-13.45349,1967,-424.1267681131532
RGI60-13.45349,1968,-916.2167316845097
RGI60-13.45349,1969,-2.355988023541953
RGI60-13.45349,1970,-427.071627233957
RGI60-13.45349,1971,-289.20711420022826
RGI60-13.45349,1972,-116.50816376557222
RGI60-13.45349,1973,-863.2107316672777
RGI60-13.45349,1974,-1372.8924382993252
RGI60-13.45349,1975,-722.4841998051155
RGI60-13.45349,1976,-176.29911278424228
RGI60-13.45349,1977,-1096.7702420003181
RGI60-13.45349,1978,-325.5774204922034
RGI60-13.45349,1979,239.86027478520438
RGI60-13.45349,1980,-400.96148368635215
RGI60-13.45349,1981,-539.6822039277624
RGI60-13.45349,1982,-377.1048167021965
RGI60-13.45349,1983,-383.83986653623356
RGI60-13.45349,1984,-43.83145282825512
RGI60-13.45349,1985,-467.91326590937405
RGI60-13.45349,1986,-308.3203061243699
RGI60-13.45349,1987,-394.0104936198855
RGI60-13.45349,1988,195.00032826025836
RGI60-13.45349,1989,62.578868087030386
RGI60-13.45349,1990,-557.6439596817995
RGI60-13.45349,1991,-879.8541632843695
RGI60-13.45349,1992,139.46809992447257
RGI60-13.45349,1993,312.14368914582803
RGI60-13.45349,1994,-280.8599539063555
RGI60-13.45349,1995,-721.6386240761038
RGI60-13.45349,1996,-362.04437920553664
RGI60-13.45349,1997,-904.5615152075212
RGI60-13.45349,1998,-937.1232850611373
RGI60-13.45349,1999,-675.7012185668323
RGI60-13.45349,2000,-513.8844151276907
RGI60-13.45349,2001,-1262.189153739461
RGI60-13.45349,2002,-958.8661537374279
RGI60-13.45349,2003,-209.60325843632708
RGI60-13.45349,2004,-773.9102490279442
RGI60-13.45349,2005,-928.767516290484
RGI60-13.45349,2006,-1059.374707594638
RGI60-13.45349,2007,-930.5229004101436
RGI60-13.45349,2008,-1456.6762321031508
RGI60-13.45349,2009,-237.121011277544
RGI60-13.45349,2010,-846.5446027713772
RGI60-13.45349,2011,-1114.952566271611
RGI60-13.45349,2012,-1110.603447517872
RGI60-13.45349,2013,-480.5783600598186
RGI60-13.45349,2014,-501.863304286294
RGI60-13.45349,2015,-523.948700011305
RGI60-13.45349,2016,-1141.450459894537
RGI60-13.45349,2017,-1012.0300514911328
RGI60-13.45349,2018,-896.3428628351644
RGI60-13.45349,2019,-654.7700471160794
RGI60-13.45350,1901,-324.05416969296994
RGI60-13.45350,1902,-565.7205702577568
RGI60-13.45350,1903,-70.1997677221709
RGI60-13.45350,1904,-1279.491758757052
RGI60-13.45350,1905,-952.2269911971026
RGI60-13.45350,1906,-1335.8704806828614
RGI60-13.45350,1907,-334.48393395832596
RGI60-13.45350,1908,-701.8762005706552
RGI60-13.45350,1909,-1542.1389761346559
RGI60-13.45350,1910,-1111.5660545237295
RGI60-13.45350,1911,-292.09231558220415
RGI60-13.45350,1912,-540.8279812564822
RGI60-13.45350,1913,-221.81902299819615
RGI60-13.45350,1914,-739.8335512216311
RGI60-13.45350,1915,-1632.8493024501292
RGI60-13.45350,1916,-1271.8930045795012
RGI60-13.45350,1917,-1153.2634068275242
RGI60-13.45350,1918,-1339.6543808065348
RGI60-13.45350,1919,132.84789013432479
RGI60-13.45350,1920,-821.3966553420079
RGI60-13.45350,1921,-666.5435927381579
RGI60-13.45350,1922,-1279.9315690955752
RGI60-13.45350,1923,-1368.491771722348
RGI60-13.45350,1924,-1150.8445071801498
RGI60-13.45350,1925,-66.08975637656312
RGI60-13.45350,1926,-268.4977535121921
RGI60-13.45350,1927,-643.5397797959839
RGI60-13.45350,1928,-410.66304204706904
RGI60-13.45350,1929,-413.4775756339483
RGI60-13.45350,1930,248.86386619486385
RGI60-13.45350,1931,-858.3407081173916
RGI60-13.45350,1932,-158.44859591709258
RGI60-13.45350,1933,-1256.8044130769233
RGI60-13.45350,1934,-365.4744175102116
RGI60-13.45350,1935,-1411.733075087228
RGI60-13.45350,1936,-402.340637501405
RGI60-13.45350,1937,-133.20409803060687
RGI60-13.45350,1938,-253.647853692529
RGI60-13.45350,1939,-765.6336215394757
RGI60-13.45350,1940,-1079.4742958282475
RGI60-13.45350,1941,-724.2735676726362
RGI60-13.45350,1942,560.1238004780815
RGI60-13.45350,1943,-1450.8579471950366
RGI60-13.45350,1944,-1449.5348585220315
RGI60-13.45350,1945,-1851.7527915008652
RGI60-13.45350,1946,134.46182118473266
RGI60-13.45350,1947,-411.93267778995374
RGI60-13.45350,1948,-1247.3070665827215
RGI60-13.45350,1949,-600.6711635641716
RGI60-13.45350,1950,-1328.935161684487
RGI60-13.45350,1951,-1075.5394961268364
RGI60-13.45350,1952,-651.883586740676
RGI60-13.45350,1953,-898.3053850219595
RGI60-13.45350,1954,-51.875969183593575
RGI60-13.45350,1955,-1128.1603704419495
RGI60-13.45350,1956,-384.63916991538275
RGI60-13.45350,1957,-909.8646771243625
RGI60-13.45350,1958,290.47556560050714
RGI60-13.45350,1959,-244.38375429252477
RGI60-13.45350,1960,-159.9390333032368
RGI60-13.45350,1961,-430.15928261532616
RGI60-13.45350,1962,-1681.5537831450788
RGI60-13.45350,1963,-845.3105338158823
RGI60-13.45350,1964,-814.7139119631734
RGI60-13.45350,1965,-1460.1189396894254
RGI60-13.45350,1966,-1201.5391720709645
RGI60-13.45350,1967,-716.9675946921644
RGI60-13.45350,1968,-1250.5487218236792
RGI60-13.45350,1969,-262.07005952122717
RGI60-13.45350,1970,-702.9564726109453
RGI60-13.45350,1971,-591.0209169604141
RGI60-13.45350,1972,-394.8146298807565
RGI60-13.45350,1973,-1192.235632657428
RGI60-13.45350,1974,-1787.0911868599353
RGI60-13.45350,1975,-1051.9590203035377
RGI60-13.45350,1976,-476.78803935634505
RGI60-13.45350,1977,-1490.0497581021918
RGI60-13.45350,1978,-636.228640218656
RGI60-13.45350,1979,-39.62318405347566
RGI60-13.45350,1980,-687.8503168950606
RGI60-13.45350,1981,-837.8155919004779
RGI60-13.45350,1982,-700.5576870231689
RGI60-13.45350,1983,-672.4610059791659
RGI60-13.45350,1984,-327.90671585849327
RGI60-13.45350,1985,-738.1940255586991
RGI60-13.45350,1986,-608.3557216535864
RGI60-13.45350,1987,-680.2096867516201
RGI60-13.45350,1988,-88.89096126958725
RGI60-13.45350,1989,-214.5200467286604
RGI60-13.45350,1990,-870.7210353724275
RGI60-13.45350,1991,-1229.7102087041671
RGI60-13.45350,1992,-119.3255752265063
RGI60-13.45350,1993,67.15187036853933
RGI60-13.45350,1994,-625.9428570712831
RGI60-13.45350,1995,-1054.4007605111858
RGI60-13.45350,1996,-674.666206864549
RGI60-13.45350,1997,-1277.6071086228649
RGI60-13.45350,1998,-1330.882191364161
RGI60-13.45350,1999,-1071.8595307312996
RGI60-13.45350,2000,-896.983827140368
RGI60-13.45350,2001,-1676.7710880596812
RGI60-13.45350,2002,-1378.8962054964893
RGI60-13.45350,2003,-520.6791230642341
RGI60-13.45350,2004,-1130.8548960270423
RGI60-13.45350,2005,-1324.184738522487
RGI60-13.45350,2006,-1441.855460642628
RGI60-13.45350,2007,-1302.530084369933
RGI60-13.45350,2008,-1905.718195431524
RGI60-13.45350,2009,-551.2075868410274
RGI60-13.45350,2010,-1218.9814269896904
RGI60-13.45350,2011,-1494.9367238257569
RGI60-13.45350,2012,-1503.6103793355749
RGI60-13.45350,2013,-810.438431182578
RGI60-13.45350,2014,-862.1873347216078
RGI60-13.45350,2015,-937.7403732434703
RGI60-13.45350,2016,-1581.2568493900328
RGI60-13.45350,2017,-1433.2040156471132
RGI60-13.45350,2018,-1283.158390967507
RGI60-13.45350,2019,-1074.8048691012382
RGI60-13.45351,1901,523.4841259307753
RGI60-13.45351,1902,414.81832803072126
RGI60-13.45351,1903,756.2627729666758
RGI60-13.45351,1904,-688.9956486321927
RGI60-13.45351,1905,-307.3348654160079
RGI60-13.45351,1906,-757.2729424363642
RGI60-13.45351,1907,526.3536214386903
RGI60-13.45351,1908,30.333077891665493
RGI60-13.45351,1909,-932.4281570936274
RGI60-13.45351,1910,-486.07369503060846
RGI60-13.45351,1911,578.8248262618331
RGI60-13.45351,1912,78.19067873175496
RGI60-13.45351,1913,604.1421775009529
RGI60-13.45351,1914,10.739266426336696
RGI60-13.45351,1915,-1082.174052176331
RGI60-13.45351,1916,-678.07099402335
RGI60-13.45351,1917,-583.371514779555
RGI60-13.45351,1918,-680.3570237187567
RGI60-13.45351,1919,1183.002021618278
RGI60-13.45351,1920,27.76330753559122
RGI60-13.45351,1921,123.75764579215598
RGI60-13.45351,1922,-752.6764201166739
RGI60-13.45351,1923,-682.3107112239583
RGI60-13.45351,1924,-571.9559800759032
RGI60-13.45351,1925,655.6997430312844
RGI60-13.45351,1926,466.9917750164262
RGI60-13.45351,1927,46.19739492924399
RGI60-13.45351,1928,475.59078903932044
RGI60-13.45351,1929,337.33965788271576
RGI60-13.45351,1930,1215.2521017359948
RGI60-13.45351,1931,-45.12229590194183
RGI60-13.45351,1932,505.73823111308786
RGI60-13.45351,1933,-628.5125592469705
RGI60-13.45351,1934,439.9914397767787
RGI60-13.45351,1935,-757.1063335621893
RGI60-13.45351,1936,250.35348522080318
RGI60-13.45351,1937,566.5309228798068
RGI60-13.45351,1938,461.53839749461736
RGI60-13.45351,1939,98.20912871660192
RGI60-13.45351,1940,-254.7824890742604
RGI60-13.45351,1941,181.78907645319936
RGI60-13.45351,1942,2004.472733035831
RGI60-13.45351,1943,-904.0158313782937
RGI60-13.45351,1944,-830.0149505914059
RGI60-13.45351,1945,-1171.8569078230523
RGI60-13.45351,1946,976.605908084558
RGI60-13.45351,1947,240.81857236218917
RGI60-13.45351,1948,-628.5860006104114
RGI60-13.45351,1949,306.14195277535765
RGI60-13.45351,1950,-685.6260226550891
RGI60-13.45351,1951,-293.4194700464611
RGI60-13.45351,1952,40.2652086688417
RGI60-13.45351,1953,60.84656769448769
RGI60-13.45351,1954,650.2230415251205
RGI60-13.45351,1955,-357.70710538568903
RGI60-13.45351,1956,302.6220851034
RGI60-13.45351,1957,-172.2830732044903
RGI60-13.45351,1958,1015.614688937446
RGI60-13.45351,1959,659.9549931151155
RGI60-13.45351,1960,501.2846146437849
RGI60-13.45351,1961,298.54785135891683
RGI60-13.45351,1962,-992.5356224215576
RGI60-13.45351,1963,-124.24569047915033
RGI60-13.45351,1964,-101.70025203822455
RGI60-13.45351,1965,-782.0860393351603
RGI60-13.45351,1966,-329.723809344407
RGI60-13.45351,1967,-41.74964031925746
RGI60-13.45351,1968,-624.3644323401088
RGI60-13.45351,1969,472.30017275510795
RGI60-13.45351,1970,-48.369426328669014
RGI60-13.45351,1971,201.59242073816722
RGI60-13.45351,1972,359.9969101864983
RGI60-13.45351,1973,-556.5542211984391
RGI60-13.45351,1974,-1101.0401145215144
RGI60-13.45351,1975,-374.3495473716419
RGI60-13.45351,1976,339.56078481644164
RGI60-13.45351,1977,-761.3599561018534
RGI60-13.45351,1978,115.88152052078544
RGI60-13.45351,1979,851.9500795353891
RGI60-13.45351,1980,-18.80034193586438
RGI60-13.45351,1981,-165.58777476667842
RGI60-13.45351,1982,110.54886450339161
RGI60-13.45351,1983,7.845977921551729
RGI60-13.45351,1984,462.2066755137743
RGI60-13.45351,1985,-146.45863983415407
RGI60-13.45351,1986,129.19216987452506
RGI60-13.45351,1987,10.37874789588257
RGI60-13.45351,1988,795.2842963650186
RGI60-13.45351,1989,601.3314653251874
RGI60-13.45351,1990,-155.55210807180657
RGI60-13.45351,1991,-519.582075364568
RGI60-13.45351,1992,685.5490508744956
RGI60-13.45351,1993,881.5971064718889
RGI60-13.45351,1994,282.10338115850743
RGI60-13.45351,1995,-359.7452208132013
RGI60-13.45351,1996,113.74801099685759
RGI60-13.45351,1997,-543.1725640984126
RGI60-13.45351,1998,-519.9073323607548
RGI60-13.45351,1999,-169.5363874513368
RGI60-13.45351,2000,-17.381012991340235
RGI60-13.45351,2001,-951.0187163723591
RGI60-13.45351,2002,-484.82037368970856
RGI60-13.45351,2003,333.1890512452895
RGI60-13.45351,2004,-364.94976423977397
RGI60-13.45351,2005,-508.98101614795553
RGI60-13.45351,2006,-711.8273206631386
RGI60-13.45351,2007,-559.4663598044195
RGI60-13.45351,2008,-1159.234079155788
RGI60-13.45351,2009,273.78809006573283
RGI60-13.45351,2010,-433.6160977834742
RGI60-13.45351,2011,-793.8649768882299
RGI60-13.45351,2012,-771.4264816150987
RGI60-13.45351,2013,-21.907705770050384
RGI60-13.45351,2014,2.7786547611787316
RGI60-13.45351,2015,73.10848613751146
RGI60-13.45351,2016,-722.4952234252353
RGI60-13.45351,2017,-581.8661788551611
RGI60-13.45351,2018,-472.8195425171476
RGI60-13.45351,2019,-119.1894322908467
RGI60-13.45352,1901,342.18464338441635
RGI60-13.45352,1902,205.42751305001613
RGI60-13.45352,1903,584.9940391008934
RGI60-13.45352,1904,-634.4240664812115
RGI60-13.45352,1905,-312.10681129521123
RGI60-13.45352,1906,-699.7675693979083
RGI60-13.45352,1907,320.5442180614677
RGI60-13.45352,1908,-83.66662081776062
RGI60-13.45352,1909,-877.0832886869908
RGI60-13.45352,1910,-500.5711938375605
RGI60-13.45352,1911,437.0541349720475
RGI60-13.45352,1912,54.847933629260154
RGI60-13.45352,1913,472.19776035546346
RGI60-13.45352,1914,-62.96593889825663
RGI60-13.45352,1915,-1019.9521549269746
RGI60-13.45352,1916,-649.7849120385221
RGI60-13.45352,1917,-540.1201761182323
RGI60-13.45352,1918,-708.633491454228
RGI60-13.45352,1919,861.3527374615546
RGI60-13.45352,1920,-97.19905692412452
RGI60-13.45352,1921,-18.9891746796456
RGI60-13.45352,1922,-703.7301626314523
RGI60-13.45352,1923,-721.6681404955046
RGI60-13.45352,1924,-591.188196806267
RGI60-13.45352,1925,488.9984286419502
RGI60-13.45352,1926,356.38117467432204
RGI60-13.45352,1927,-104.13721600815306
RGI60-13.45352,1928,299.9794779939611
RGI60-13.45352,1929,236.82520265568348
RGI60-13.45352,1930,931.0929306270134
RGI60-13.45352,1931,-168.01446247962838
RGI60-13.45352,1932,346.9205750514407
RGI60-13.45352,1933,-656.0128590631818
RGI60-13.45352,1934,353.69421375115826
RGI60-13.45352,1935,-771.2715803261341
RGI60-13.45352,1936,176.37322183253588
RGI60-13.45352,1937,431.75878846913815
RGI60-13.45352,1938,316.15370732450396
RGI60-13.45352,1939,-43.678110910263094
RGI60-13.45352,1940,-330.5377028007242
RGI60-13.45352,1941,22.7149056982636
RGI60-13.45352,1942,1509.472169849813
RGI60-13.45352,1943,-878.8999370818811
RGI60-13.45352,1944,-818.663540224668
RGI60-13.45352,1945,-1114.2509566641174
RGI60-13.45352,1946,720.409270324123
RGI60-13.45352,1947,167.71706008269658
RGI60-13.45352,1948,-644.1350625684595
RGI60-13.45352,1949,139.28133976557865
RGI60-13.45352,1950,-683.7024915418846
RGI60-13.45352,1951,-298.5455541657818
RGI60-13.45352,1952,-112.29704529147384
RGI60-13.45352,1953,-35.29417335310527
RGI60-13.45352,1954,511.7362351231858
RGI60-13.45352,1955,-444.87741872400574
RGI60-13.45352,1956,119.68026669541364
RGI60-13.45352,1957,-232.13580133615588
RGI60-13.45352,1958,788.1510686181101
RGI60-13.45352,1959,571.7017475746583
RGI60-13.45352,1960,381.1236870436141
RGI60-13.45352,1961,221.36478035253924
RGI60-13.45352,1962,-980.3178031503163
RGI60-13.45352,1963,-164.98681813854196
RGI60-13.45352,1964,-180.62619101270124
RGI60-13.45352,1965,-750.8571289884327
RGI60-13.45352,1966,-405.5062804232362
RGI60-13.45352,1967,-90.7070682416597
RGI60-13.45352,1968,-612.33823132965
RGI60-13.45352,1969,321.3480716925953
RGI60-13.45352,1970,-77.94045910019783
RGI60-13.45352,1971,108.17109722147617
RGI60-13.45352,1972,306.09835553575783
RGI60-13.45352,1973,-569.0166637488367
RGI60-13.45352,1974,-1050.5733161948478
RGI60-13.45352,1975,-425.5626446789778
RGI60-13.45352,1976,226.67064986818767
RGI60-13.45352,1977,-758.8112905473164
RGI60-13.45352,1978,32.35422615844729
RGI60-13.45352,1979,637.6005716027996
RGI60-13.45352,1980,-122.07842896685266
RGI60-13.45352,1981,-216.7360006263304
RGI60-13.45352,1982,31.583375227022856
RGI60-13.45352,1983,-118.68098109752938
RGI60-13.45352,1984,305.8166251805142
RGI60-13.45352,1985,-205.83953071125885
RGI60-13.45352,1986,-25.299561785318993
RGI60-13.45352,1987,-168.3537483803475
RGI60-13.45352,1988,615.6926949079447
RGI60-13.45352,1989,407.63465687133055
RGI60-13.45352,1990,-211.61660702961967
RGI60-13.45352,1991,-512.0170225080429
RGI60-13.45352,1992,552.507732908766
RGI60-13.45352,1993,732.5745237182067
RGI60-13.45352,1994,104.79189715733746
RGI60-13.45352,1995,-406.4441387443141
RGI60-13.45352,1996,-8.722414867915735
RGI60-13.45352,1997,-554.9809715366475
RGI60-13.45352,1998,-626.5848351511967
RGI60-13.45352,1999,-286.4483656984117
RGI60-13.45352,2000,-206.63019298764672
RGI60-13.45352,2001,-981.476977303929
RGI60-13.45352,2002,-572.811452640797
RGI60-13.45352,2003,243.23264593668682
RGI60-13.45352,2004,-413.82856752310045
RGI60-13.45352,2005,-533.2140134978036
RGI60-13.45352,2006,-746.7711160359627
RGI60-13.45352,2007,-619.5184231749064
RGI60-13.45352,2008,-1134.084250168985
RGI60-13.45352,2009,123.37181865557868
RGI60-13.45352,2010,-501.09196846568346
RGI60-13.45352,2011,-836.4353465068006
RGI60-13.45352,2012,-828.1499090547521
RGI60-13.45352,2013,-132.3680827036945
RGI60-13.45352,2014,-128.46100110684662
RGI60-13.45352,2015,-116.50620531778014
RGI60-13.45352,2016,-759.6907564668799
RGI60-13.45352,2017,-662.4273297387341
RGI60-13.45352,2018,-603.4076114568453
RGI60-13.45352,2019,-267.7312604411308
RGI60-13.45353,1901,-181.05826809729317
RGI60-13.45353,1902,-389.36047398754073
RGI60-13.45353,1903,54.85299614552508
RGI60-13.45353,1904,-1109.523927851857
RGI60-13.45353,1905,-796.0824832554715
RGI60-13.45353,1906,-1163.7641693314304
RGI60-13.45353,1907,-189.5847342539302
RGI60-13.45353,1908,-551.2650357859603
RGI60-13.45353,1909,-1355.4016657177629
RGI60-13.45353,1910,-948.0418529735177
RGI60-13.45353,1911,-145.60683806772232
RGI60-13.45353,1912,-412.1163876036573
RGI60-13.45353,1913,-87.04637422316071
RGI60-13.45353,1914,-582.3117413857265
RGI60-13.45353,1915,-1446.8836139308744
RGI60-13.45353,1916,-1102.162254141502
RGI60-13.45353,1917,-992.218509831409
RGI60-13.45353,1918,-1158.5009266513434
RGI60-13.45353,1919,273.2900839526659
RGI60-13.45353,1920,-646.2939085905595
RGI60-13.45353,1921,-510.19570936878813
RGI60-13.45353,1922,-1118.1331474705553
RGI60-13.45353,1923,-1183.3570404915954
RGI60-13.45353,1924,-994.5144714962221
RGI60-13.45353,1925,43.127511748697174
RGI60-13.45353,1926,-142.52151069085664
RGI60-13.45353,1927,-505.6718014170511
RGI60-13.45353,1928,-256.05852534683265
RGI60-13.45353,1929,-275.18542581983013
RGI60-13.45353,1930,372.3936110887226
RGI60-13.45353,1931,-685.5187749160048
RGI60-13.45353,1932,-52.420413990440544
RGI60-13.45353,1933,-1085.0240615795383
RGI60-13.45353,1934,-221.77964660899295
RGI60-13.45353,1935,-1226.3496509568108
RGI60-13.45353,1936,-279.4787735600777
RGI60-13.45353,1937,-22.12294612709642
RGI60-13.45353,1938,-133.37435343747856
RGI60-13.45353,1939,-593.323264723551
RGI60-13.45353,1940,-891.4006138921219
RGI60-13.45353,1941,-547.300463680973
RGI60-13.45353,1942,728.5370530852813
RGI60-13.45353,1943,-1280.8172594968328
RGI60-13.45353,1944,-1266.6097656754116
RGI60-13.45353,1945,-1634.1122864707609
RGI60-13.45353,1946,246.6698093451241
RGI60-13.45353,1947,-288.7181056879447
RGI60-13.45353,1948,-1080.037259810084
RGI60-13.45353,1949,-432.34305373262066
RGI60-13.45353,1950,-1149.2633853832456
RGI60-13.45353,1951,-889.4499556153644
RGI60-13.45353,1952,-511.6448516694484
RGI60-13.45353,1953,-700.0285052466241
RGI60-13.45353,1954,53.26269744731478
RGI60-13.45353,1955,-944.959156010663
RGI60-13.45353,1956,-264.5529702629552
RGI60-13.45353,1957,-743.6914711008058
RGI60-13.45353,1958,375.0400166327293
RGI60-13.45353,1959,-93.01598098019115
RGI60-13.45353,1960,-51.430563646070894
RGI60-13.45353,1961,-293.7739737297495
RGI60-13.45353,1962,-1473.8480216799533
RGI60-13.45353,1963,-684.947377416103
RGI60-13.45353,1964,-658.0152397528253
RGI60-13.45353,1965,-1265.833846446165
RGI60-13.45353,1966,-996.8831496827744
RGI60-13.45353,1967,-569.8937236742406
RGI60-13.45353,1968,-1077.5191563637559
RGI60-13.45353,1969,-137.52308184251615
RGI60-13.45353,1970,-560.1543706309584
RGI60-13.45353,1971,-435.6074779717785
RGI60-13.45353,1972,-256.43307985182594
RGI60-13.45353,1973,-1023.0768047910591
RGI60-13.45353,1974,-1573.133884757682
RGI60-13.45353,1975,-886.978839908147
RGI60-13.45353,1976,-326.28318255415155
RGI60-13.45353,1977,-1288.1970206435376
RGI60-13.45353,1978,-486.0773225360349
RGI60-13.45353,1979,92.07314552163416
RGI60-13.45353,1980,-547.9580572865153
RGI60-13.45353,1981,-684.3160360219935
RGI60-13.45353,1982,-537.0357040766928
RGI60-13.45353,1983,-532.6059306581757
RGI60-13.45353,1984,-193.02604932333472
RGI60-13.45353,1985,-604.4375789421888
RGI60-13.45353,1986,-465.797693676342
RGI60-13.45353,1987,-542.278050486202
RGI60-13.45353,1988,45.160968791621244
RGI60-13.45353,1989,-83.1477235957011
RGI60-13.45353,1990,-709.2278663483302
RGI60-13.45353,1991,-1046.6381187853035
RGI60-13.45353,1992,7.867894517166946
RGI60-13.45353,1993,183.33841015734882
RGI60-13.45353,1994,-455.55828742537375
RGI60-13.45353,1995,-885.1759740627185
RGI60-13.45353,1996,-514.5067231301283
RGI60-13.45353,1997,-1088.4174597186989
RGI60-13.45353,1998,-1129.0087197134671
RGI60-13.45353,1999,-876.5897689539559
RGI60-13.45353,2000,-718.0560943541992
RGI60-13.45353,2001,-1465.4304547760685
RGI60-13.45353,2002,-1163.9317171141604
RGI60-13.45353,2003,-360.5836500007094
RGI60-13.45353,2004,-947.7650479504724
RGI60-13.45353,2005,-1120.546772641592
RGI60-13.45353,2006,-1245.253314726529
RGI60-13.45353,2007,-1111.5184144809423
RGI60-13.45353,2008,-1677.2011721895433
RGI60-13.45353,2009,-396.30149524690245
RGI60-13.45353,2010,-1028.672490498593
RGI60-13.45353,2011,-1299.7167198696213
RGI60-13.45353,2012,-1304.6693248332372
RGI60-13.45353,2013,-643.9421624038929
RGI60-13.45353,2014,-683.5783731110465
RGI60-13.45353,2015,-736.1670908735778
RGI60-13.45353,2016,-1355.7146435780078
RGI60-13.45353,2017,-1220.644622786339
RGI60-13.45353,2018,-1086.7122282055698
RGI60-13.45353,2019,-871.594210359004
RGI60-13.45354,1901,522.3980161428357
RGI60-13.45354,1902,460.84181251374235
RGI60-13.45354,1903,600.5047404164125
RGI60-13.45354,1904,-658.1566649975352
RGI60-13.45354,1905,-329.5406285148471
RGI60-13.45354,1906,-713.8056477446272
RGI60-13.45354,1907,587.3857913326707
RGI60-13.45354,1908,123.33742881163859
RGI60-13.45354,1909,-801.6764578143839
RGI60-13.45354,1910,-386.63803705554096
RGI60-13.45354,1911,427.1233098051009
RGI60-13.45354,1912,-68.24948421627381
RGI60-13.45354,1913,397.64277286040186
RGI60-13.45354,1914,-15.805153677852426
RGI60-13.45354,1915,-852.8997183930974
RGI60-13.45354,1916,-595.2480745360975
RGI60-13.45354,1917,-560.9433229082999
RGI60-13.45354,1918,-454.2410493467189
RGI60-13.45354,1919,1133.7469804178147
RGI60-13.45354,1920,106.37928442941096
RGI60-13.45354,1921,231.06378860053857
RGI60-13.45354,1922,-649.278661382123
RGI60-13.45354,1923,-419.6220103919012
RGI60-13.45354,1924,-356.2862890826939
RGI60-13.45354,1925,571.4059612261117
RGI60-13.45354,1926,322.4278483779227
RGI60-13.45354,1927,239.49592458784636
RGI60-13.45354,1928,457.882380423514
RGI60-13.45354,1929,225.28128479500015
RGI60-13.45354,1930,1110.2017816120956
RGI60-13.45354,1931,95.4376401480492
RGI60-13.45354,1932,528.2661766535563
RGI60-13.45354,1933,-412.4596460007667
RGI60-13.45354,1934,217.07194242941023
RGI60-13.45354,1935,-531.9680638849748
RGI60-13.45354,1936,153.7914936163773
RGI60-13.45354,1937,473.76480915869695
RGI60-13.45354,1938,423.5564798118656
RGI60-13.45354,1939,201.71731628936865
RGI60-13.45354,1940,-164.48236477823065
RGI60-13.45354,1941,292.90882586225905
RGI60-13.45354,1942,1949.9925084663803
RGI60-13.45354,1943,-633.7027207009827
RGI60-13.45354,1944,-596.3081039429386
RGI60-13.45354,1945,-867.7151340921345
RGI60-13.45354,1946,915.1996693891397
RGI60-13.45354,1947,171.47048330608172
RGI60-13.45354,1948,-395.3814100000788
RGI60-13.45354,1949,363.79017550498673
RGI60-13.45354,1950,-522.2920781205727
RGI60-13.45354,1951,-327.8817955272738
RGI60-13.45354,1952,230.61387410333515
RGI60-13.45354,1953,37.52239719164849
RGI60-13.45354,1954,489.9363768271525
RGI60-13.45354,1955,-151.79992367081837
RGI60-13.45354,1956,472.50130462742806
RGI60-13.45354,1957,-126.16335041427769
RGI60-13.45354,1958,931.1776354890269
RGI60-13.45354,1959,340.6034534345563
RGI60-13.45354,1960,394.49939803131383
RGI60-13.45354,1961,162.62070248585889
RGI60-13.45354,1962,-718.9020095972379
RGI60-13.45354,1963,-174.72369833493923
RGI60-13.45354,1964,-28.419039338758363
RGI60-13.45354,1965,-673.5933545334115
RGI60-13.45354,1966,-203.0522660145029
RGI60-13.45354,1967,-95.89104817417432
RGI60-13.45354,1968,-532.7418953994833
RGI60-13.45354,1969,421.8812070387523
RGI60-13.45354,1970,-74.97437935133338
RGI60-13.45354,1971,159.280652163173
RGI60-13.45354,1972,85.80189358341009
RGI60-13.45354,1973,-396.929078056279
RGI60-13.45354,1974,-846.2415833761316
RGI60-13.45354,1975,-253.25150461631557
RGI60-13.45354,1976,228.39419430745758
RGI60-13.45354,1977,-567.723246528044
RGI60-13.45354,1978,72.33211030060137
RGI60-13.45354,1979,754.2373933824342
RGI60-13.45354,1980,114.04158143137332
RGI60-13.45354,1981,-111.89783459886425
RGI60-13.45354,1982,7.977202363199242
RGI60-13.45354,1983,181.4124651086998
RGI60-13.45354,1984,446.00099193298354
RGI60-13.45354,1985,-31.042979133718394
RGI60-13.45354,1986,301.77908170890663
RGI60-13.45354,1987,315.4586352929947
RGI60-13.45354,1988,629.1939242856532
RGI60-13.45354,1989,609.3630901009797
RGI60-13.45354,1990,-104.90469232293758
RGI60-13.45354,1991,-506.6936280371744
RGI60-13.45354,1992,486.95194467193517
RGI60-13.45354,1993,605.4234689624809
RGI60-13.45354,1994,356.35001919722924
RGI60-13.45354,1995,-245.9226750312634
RGI60-13.45354,1996,159.34393014969572
RGI60-13.45354,1997,-480.52113561332936
RGI60-13.45354,1998,-233.07971149224528
RGI60-13.45354,1999,-63.5156193729498
RGI60-13.45354,2000,251.91745621855569
RGI60-13.45354,2001,-598.6780166490034
RGI60-13.45354,2002,-289.2411616258879
RGI60-13.45354,2003,137.8391169278227
RGI60-13.45354,2004,-264.23702008495906
RGI60-13.45354,2005,-455.46615675860556
RGI60-13.45354,2006,-467.832600406902
RGI60-13.45354,2007,-337.381958709144
RGI60-13.45354,2008,-809.0834009045788
RGI60-13.45354,2009,326.2762693990295
RGI60-13.45354,2010,-238.73704113690022
RGI60-13.45354,2011,-468.7108642826751
RGI60-13.45354,2012,-427.3307295320031
RGI60-13.45354,2013,56.78004861773204
RGI60-13.45354,2014,106.61723351522753
RGI60-13.45354,2015,228.17895491759396
RGI60-13.45354,2016,-466.44671719813635
RGI60-13.45354,2017,-323.41467971048047
RGI60-13.45354,2018,-118.97343920654752
RGI60-13.45354,2019,64.74692384162957
RGI60-13.45355,1901,501.86450727749633
RGI60-13.45355,1902,445.2840707436495
RGI60-13.45355,1903,568.7079867964865
RGI60-13.45355,1904,-675.3504278028468
RGI60-13.45355,1905,-351.0186364024902
RGI60-13.45355,1906,-725.5512350579215
RGI60-13.45355,1907,578.3942082188614
RGI60-13.45355,1908,119.16457151229241
RGI60-13.45355,1909,-816.0418612740153
RGI60-13.45355,1910,-391.28281158509054
RGI60-13.45355,1911,385.80095982831534
RGI60-13.45355,1912,-103.56335096776102
RGI60-13.45355,1913,341.4967626060454
RGI60-13.45355,1914,-41.72215477007653
RGI60-13.45355,1915,-838.2126294460244
RGI60-13.45355,1916,-603.5640584407528
RGI60-13.45355,1917,-575.8079390984507
RGI60-13.45355,1918,-452.40796681446136
RGI60-13.45355,1919,1103.1350887900974
RGI60-13.45355,1920,99.77156097225173
RGI60-13.45355,1921,221.30648687109309
RGI60-13.45355,1922,-652.0582365115772
RGI60-13.45355,1923,-414.2192333282272
RGI60-13.45355,1924,-351.37141753092686
RGI60-13.45355,1925,546.1274398547164
RGI60-13.45355,1926,286.04881502823594
RGI60-13.45355,1927,247.68107493111205
RGI60-13.45355,1928,429.8810322786992
RGI60-13.45355,1929,188.84609140290155
RGI60-13.45355,1930,1074.2083752782469
RGI60-13.45355,1931,101.92754173500254
RGI60-13.45355,1932,511.0437667773724
RGI60-13.45355,1933,-410.7040860167252
RGI60-13.45355,1934,166.10635269339528
RGI60-13.45355,1935,-516.3782269547883
RGI60-13.45355,1936,118.23380586218829
RGI60-13.45355,1937,440.3187523680683
RGI60-13.45355,1938,401.889611583078
RGI60-13.45355,1939,194.3173631067059
RGI60-13.45355,1940,-178.85116728036985
RGI60-13.45355,1941,302.73365024264496
RGI60-13.45355,1942,1932.982521929384
RGI60-13.45355,1943,-628.3168690406998
RGI60-13.45355,1944,-582.4475923478996
RGI60-13.45355,1945,-851.0542317039394
RGI60-13.45355,1946,885.5230618342633
RGI60-13.45355,1947,143.92643999504756
RGI60-13.45355,1948,-389.3007849432588
RGI60-13.45355,1949,347.7634369549434
RGI60-13.45355,1950,-526.6867578947636
RGI60-13.45355,1951,-359.445472058165
RGI60-13.45355,1952,240.96254067603329
RGI60-13.45355,1953,5.07778057039477
RGI60-13.45355,1954,455.73412573754064
RGI60-13.45355,1955,-135.29650710752082
RGI60-13.45355,1956,475.9292487100127
RGI60-13.45355,1957,-136.78869003992298
RGI60-13.45355,1958,907.6003233930269
RGI60-13.45355,1959,269.556762758062
RGI60-13.45355,1960,364.3626186324366
RGI60-13.45355,1961,125.8852800971772
RGI60-13.45355,1962,-712.0048323799629
RGI60-13.45355,1963,-210.5554198106854
RGI60-13.45355,1964,-33.915321861470275
RGI60-13.45355,1965,-685.192778142179
RGI60-13.45355,1966,-210.03753475600703
RGI60-13.45355,1967,-124.71648811545315
RGI60-13.45355,1968,-544.0064450393057
RGI60-13.45355,1969,390.0097172123958
RGI60-13.45355,1970,-79.54544717309531
RGI60-13.45355,1971,148.46834122122723
RGI60-13.45355,1972,23.238071738668207
RGI60-13.45355,1973,-393.6743128348061
RGI60-13.45355,1974,-836.9351356505978
RGI60-13.45355,1975,-265.1725190639742
RGI60-13.45355,1976,190.56582825663207
RGI60-13.45355,1977,-560.8098146425118
RGI60-13.45355,1978,39.022750908847925
RGI60-13.45355,1979,713.5244485095088
RGI60-13.45355,1980,116.26161396698305
RGI60-13.45355,1981,-118.54055483112286
RGI60-13.45355,1982,-34.83278756759497
RGI60-13.45355,1983,184.0847035390588
RGI60-13.45355,1984,414.7218910618342
RGI60-13.45355,1985,-33.529797767850795
RGI60-13.45355,1986,302.1189922211894
RGI60-13.45355,1987,333.088764242678
RGI60-13.45355,1988,582.3244013363288
RGI60-13.45355,1989,595.6362697253088
RGI60-13.45355,1990,-105.98660123019053
RGI60-13.45355,1991,-531.6716847205641
RGI60-13.45355,1992,445.7485502364189
RGI60-13.45355,1993,544.1319122336341
RGI60-13.45355,1994,341.55101582325614
RGI60-13.45355,1995,-247.36860729865
RGI60-13.45355,1996,143.7452272790518
RGI60-13.45355,1997,-499.62240051891104
RGI60-13.45355,1998,-217.65415204279358
RGI60-13.45355,1999,-82.48447101810937
RGI60-13.45355,2000,256.99194765447976
RGI60-13.45355,2001,-582.8325806664196
RGI60-13.45355,2002,-298.44578380404784
RGI60-13.45355,2003,92.30990558469733
RGI60-13.45355,2004,-271.30725301204666
RGI60-13.45355,2005,-478.1980972606093
RGI60-13.45355,2006,-465.7538027307928
RGI60-13.45355,2007,-320.68896925823486
RGI60-13.45355,2008,-795.0684482178885
RGI60-13.45355,2009,310.99065044079487
RGI60-13.45355,2010,-234.79205282936877
RGI60-13.45355,2011,-450.1232522500688
RGI60-13.45355,2012,-402.38847088113226
RGI60-13.45355,2013,50.1610890220626
RGI60-13.45355,2014,87.51174952652596
RGI60-13.45355,2015,219.47937832189203
RGI60-13.45355,2016,-449.30206580765037
RGI60-13.45355,2017,-315.84006873469247
RGI60-13.45355,2018,-97.08054678882
RGI60-13.45355,2019,51.198888923085164
RGI60-13.45356,1901,697.814365527879
RGI60-13.45356,1902,608.5643673590146
RGI60-13.45356,1903,950.4837979686769
RGI60-13.45356,1904,-490.63231396482956
RGI60-13.45356,1905,-115.58192089173893
RGI60-13.45356,1906,-572.1556392230817
RGI60-13.45356,1907,689.5255835111726
RGI60-13.45356,1908,179.44866738867648
RGI60-13.45356,1909,-730.0769738135917
RGI60-13.45356,1910,-321.6834960532016
RGI60-13.45356,1911,804.7231123392847
RGI60-13.45356,1912,263.19806098872294
RGI60-13.45356,1913,813.3717681507047
RGI60-13.45356,1914,210.2359545510843
RGI60-13.45356,1915,-911.6042404896151
RGI60-13.45356,1916,-504.0885262388842
RGI60-13.45356,1917,-415.37903968028104
RGI60-13.45356,1918,-520.1980320720929
RGI60-13.45356,1919,1365.5326326139038
RGI60-13.45356,1920,222.46611455823802
RGI60-13.45356,1921,287.72463314429734
RGI60-13.45356,1922,-589.9698726738585
RGI60-13.45356,1923,-516.6341546558691
RGI60-13.45356,1924,-419.0631355032332
RGI60-13.45356,1925,810.8295600207637
RGI60-13.45356,1926,654.1362135879012
RGI60-13.45356,1927,176.58317343754268
RGI60-13.45356,1928,670.5813778499188
RGI60-13.45356,1929,532.239670694278
RGI60-13.45356,1930,1390.9152585650088
RGI60-13.45356,1931,133.7261230940542
RGI60-13.45356,1932,637.8821117867755
RGI60-13.45356,1933,-475.3731470682352
RGI60-13.45356,1934,672.7730937159607
RGI60-13.45356,1935,-598.6888790240539
RGI60-13.45356,1936,417.3127385941144
RGI60-13.45356,1937,722.8079105108127
RGI60-13.45356,1938,613.1348503495367
RGI60-13.45356,1939,301.761177583876
RGI60-13.45356,1940,-38.25435640074311
RGI60-13.45356,1941,385.51345664423945
RGI60-13.45356,1942,2257.507587446566
RGI60-13.45356,1943,-746.7359634775013
RGI60-13.45356,1944,-656.910013227102
RGI60-13.45356,1945,-967.964800462999
RGI60-13.45356,1946,1123.647210530531
RGI60-13.45356,1947,414.74762653656904
RGI60-13.45356,1948,-459.943150964521
RGI60-13.45356,1949,517.0829041175641
RGI60-13.45356,1950,-511.04608132825416
RGI60-13.45356,1951,-55.31939754722761
RGI60-13.45356,1952,162.02059850106437
RGI60-13.45356,1953,318.0964508389899
RGI60-13.45356,1954,826.2985551526618
RGI60-13.45356,1955,-185.73410648809468
RGI60-13.45356,1956,428.2673480091824
RGI60-13.45356,1957,19.89425022074829
RGI60-13.45356,1958,1149.4026965923083
RGI60-13.45356,1959,919.9807212421981
RGI60-13.45356,1960,653.6665141877692
RGI60-13.45356,1961,504.123189885534
RGI60-13.45356,1962,-816.4998432170221
RGI60-13.45356,1963,81.91051635245505
RGI60-13.45356,1964,67.37384081917472
RGI60-13.45356,1965,-578.1795049020288
RGI60-13.45356,1966,-121.27886077344846
RGI60-13.45356,1967,132.69352445318464
RGI60-13.45356,1968,-446.96537436785934
RGI60-13.45356,1969,623.292930931108
RGI60-13.45356,1970,143.7894125293859
RGI60-13.45356,1971,411.8658281661875
RGI60-13.45356,1972,590.5977876840311
RGI60-13.45356,1973,-380.98382150613486
RGI60-13.45356,1974,-890.9388511386577
RGI60-13.45356,1975,-211.07688803331078
RGI60-13.45356,1976,547.159490491054
RGI60-13.45356,1977,-561.2747313412054
RGI60-13.45356,1978,316.05153175780765
RGI60-13.45356,1979,1035.6961556120784
RGI60-13.45356,1980,129.84789862974975
RGI60-13.45356,1981,6.252024489983308
RGI60-13.45356,1982,327.9292988445289
RGI60-13.45356,1983,145.41063141492623
RGI60-13.45356,1984,632.9924221750914
RGI60-13.45356,1985,-1.9620686487888812
RGI60-13.45356,1986,276.9540898062847
RGI60-13.45356,1987,126.48807166926866
RGI60-13.45356,1988,998.7115527269975
RGI60-13.45356,1989,764.7748185376136
RGI60-13.45356,1990,32.58810502790736
RGI60-13.45356,1991,-300.87782531093035
RGI60-13.45356,1992,893.2798682819437
RGI60-13.45356,1993,1090.2655065509655
RGI60-13.45356,1994,479.3018815029023
RGI60-13.45356,1995,-188.6349108724359
RGI60-13.45356,1996,290.04336765506315
RGI60-13.45356,1997,-339.1471206984474
RGI60-13.45356,1998,-357.2311334531828
RGI60-13.45356,1999,47.7044690004486
RGI60-13.45356,2000,146.66685447765806
RGI60-13.45356,2001,-786.6491324381277
RGI60-13.45356,2002,-259.09997742195503
RGI60-13.45356,2003,572.0593622349402
RGI60-13.45356,2004,-156.36247710962903
RGI60-13.45356,2005,-276.9531289947736
RGI60-13.45356,2006,-522.86912892424
RGI60-13.45356,2007,-389.17808552849266
RGI60-13.45356,2008,-955.7507818191832
RGI60-13.45356,2009,457.5636685060826
RGI60-13.45356,2010,-232.23851161289684
RGI60-13.45356,2011,-629.7922849352269
RGI60-13.45356,2012,-603.9699876083065
RGI60-13.45356,2013,156.51335403414205
RGI60-13.45356,2014,204.94445301971103
RGI60-13.45356,2015,292.2141802910311
RGI60-13.45356,2016,-510.1921217636515
RGI60-13.45356,2017,-380.1683189546728
RGI60-13.45356,2018,-323.84328395038386
RGI60-13.45356,2019,103.92756572973938
RGI60-13.45357,1901,-94.76976571643705
RGI60-13.45357,1902,-270.9143790190032
RGI60-13.45357,1903,103.39969568438606
RGI60-13.45357,1904,-1135.5917005998244
RGI60-13.45357,1905,-810.4539693195015
RGI60-13.45357,1906,-1189.447635732083
RGI60-13.45357,1907,-81.17453872928407
RGI60-13.45357,1908,-490.55895229229696
RGI60-13.45357,1909,-1373.4703366145884
RGI60-13.45357,1910,-936.7428734627363
RGI60-13.45357,1911,-103.18899875931506
RGI60-13.45357,1912,-451.54879312081897
RGI60-13.45357,1913,-75.91457472298906
RGI60-13.45357,1914,-562.1706250986293
RGI60-13.45357,1915,-1443.5385189582303
RGI60-13.45357,1916,-1113.7821200283133
RGI60-13.45357,1917,-1046.4721523583726
RGI60-13.45357,1918,-1108.1829602857433
RGI60-13.45357,1919,413.17881003918137
RGI60-13.45357,1920,-554.2552748572559
RGI60-13.45357,1921,-426.1800431417542
RGI60-13.45357,1922,-1136.3415598192714
RGI60-13.45357,1923,-1117.6655166830292
RGI60-13.45357,1924,-960.647679930414
RGI60-13.45357,1925,102.03147135584713
RGI60-13.45357,1926,-134.57016322492393
RGI60-13.45357,1927,-398.6031395871447
RGI60-13.45357,1928,-171.05223515982098
RGI60-13.45357,1929,-265.16787806077673
RGI60-13.45357,1930,484.45668364577443
RGI60-13.45357,1931,-584.0424267805727
RGI60-13.45357,1932,-0.4415228945650938
RGI60-13.45357,1933,-1044.8225904089136
RGI60-13.45357,1934,-223.385236092237
RGI60-13.45357,1935,-1184.9497127011286
RGI60-13.45357,1936,-289.4323003725966
RGI60-13.45357,1937,0.17596149373192743
RGI60-13.45357,1938,-88.54008631606084
RGI60-13.45357,1939,-506.5307580666766
RGI60-13.45357,1940,-826.1018427996889
RGI60-13.45357,1941,-417.31740762399994
RGI60-13.45357,1942,1011.9856358708083
RGI60-13.45357,1943,-1260.675460729598
RGI60-13.45357,1944,-1225.4540479447037
RGI60-13.45357,1945,-1626.2038280646893
RGI60-13.45357,1946,338.5880317548276
RGI60-13.45357,1947,-282.96171918405577
RGI60-13.45357,1948,-1036.8311280280561
RGI60-13.45357,1949,-331.65033186464325
RGI60-13.45357,1950,-1149.0776970982968
RGI60-13.45357,1951,-930.4919352246498
RGI60-13.45357,1952,-411.4921150811752
RGI60-13.45357,1953,-681.1362547244577
RGI60-13.45357,1954,93.34425624225766
RGI60-13.45357,1955,-846.6462417623516
RGI60-13.45357,1956,-142.03540608521192
RGI60-13.45357,1957,-700.1256578455105
RGI60-13.45357,1958,469.4065739797156
RGI60-13.45357,1959,-133.74720937600895
RGI60-13.45357,1960,-33.438829127803885
RGI60-13.45357,1961,-298.2501566213795
RGI60-13.45357,1962,-1464.1466715571944
RGI60-13.45357,1963,-684.5821033616901
RGI60-13.45357,1964,-608.529157374774
RGI60-13.45357,1965,-1284.759719301137
RGI60-13.45357,1966,-948.4541128434691
RGI60-13.45357,1967,-588.7590023699407
RGI60-13.45357,1968,-1087.997239416076
RGI60-13.45357,1969,-102.58745903055613
RGI60-13.45357,1970,-541.2600064283616
RGI60-13.45357,1971,-379.9327370938156
RGI60-13.45357,1972,-302.91045195233755
RGI60-13.45357,1973,-990.5217546160064
RGI60-13.45357,1974,-1563.1379063800525
RGI60-13.45357,1975,-865.6425243472037
RGI60-13.45357,1976,-298.69583607747654
RGI60-13.45357,1977,-1269.1833389153394
RGI60-13.45357,1978,-483.5381916779587
RGI60-13.45357,1979,166.43164632115682
RGI60-13.45357,1980,-487.75627388961817
RGI60-13.45357,1981,-648.6820301067959
RGI60-13.45357,1982,-518.0424892856561
RGI60-13.45357,1983,-451.52506936219055
RGI60-13.45357,1984,-134.5171020995392
RGI60-13.45357,1985,-569.119222292652
RGI60-13.45357,1986,-373.3299824089539
RGI60-13.45357,1987,-384.69882332895423
RGI60-13.45357,1988,85.84668570985725
RGI60-13.45357,1989,4.548440313839466
RGI60-13.45357,1990,-670.8619007720911
RGI60-13.45357,1991,-1050.7176247928305
RGI60-13.45357,1992,27.26821291465891
RGI60-13.45357,1993,182.23599470509305
RGI60-13.45357,1994,-348.64449664109196
RGI60-13.45357,1995,-852.9818330136154
RGI60-13.45357,1996,-445.87389872275014
RGI60-13.45357,1997,-1101.7394330901336
RGI60-13.45357,1998,-1026.5806523000924
RGI60-13.45357,1999,-807.7635601434023
RGI60-13.45357,2000,-618.8867681662177
RGI60-13.45357,2001,-1403.9943543517147
RGI60-13.45357,2002,-1067.6294936748789
RGI60-13.45357,2003,-348.50699088169677
RGI60-13.45357,2004,-900.8027806876407
RGI60-13.45357,2005,-1107.984633182056
RGI60-13.45357,2006,-1179.240370265943
RGI60-13.45357,2007,-1045.6182016737062
RGI60-13.45357,2008,-1639.8077423590562
RGI60-13.45357,2009,-314.95053940493045
RGI60-13.45357,2010,-945.418471768847
RGI60-13.45357,2011,-1216.298331954595
RGI60-13.45357,2012,-1217.4519644260183
RGI60-13.45357,2013,-578.6322329002082
RGI60-13.45357,2014,-593.693408108017
RGI60-13.45357,2015,-614.1577578508673
RGI60-13.45357,2016,-1284.044658272364
RGI60-13.45357,2017,-1137.7989160780796
RGI60-13.45357,2018,-946.9305569457633
RGI60-13.45357,2019,-783.7324582545465
RGI60-13.45358,1901,434.8521259284786
RGI60-13.45358,1902,310.98635550470686
RGI60-13.45358,1903,670.2420043295705
RGI60-13.45358,1904,-662.2220444483488
RGI60-13.45358,1905,-310.3028785310067
RGI60-13.45358,1906,-729.3605427086558
RGI60-13.45358,1907,424.9905294003791
RGI60-13.45358,1908,-26.671360601386098
RGI60-13.45358,1909,-904.1929524130344
RGI60-13.45358,1910,-496.3952136038889
RGI60-13.45358,1911,510.793887217357
RGI60-13.45358,1912,66.33177759769214
RGI60-13.45358,1913,545.4685696559042
RGI60-13.45358,1914,-26.721418189785023
RGI60-13.45358,1915,-1056.847955643464
RGI60-13.45358,1916,-666.7708931503703
RGI60-13.45358,1917,-565.0704173558718
RGI60-13.45358,1918,-698.8844001756377
RGI60-13.45358,1919,1023.2722162817167
RGI60-13.45358,1920,-35.497439126198955
RGI60-13.45358,1921,50.71950051131761
RGI60-13.45358,1922,-732.4863851503865
RGI60-13.45358,1923,-704.2280597406458
RGI60-13.45358,1924,-583.0575224534571
RGI60-13.45358,1925,575.4370057738806
RGI60-13.45358,1926,415.06893296158023
RGI60-13.45358,1927,-29.144214368909534
RGI60-13.45358,1928,388.6979027621415
RGI60-13.45358,1929,287.55194037174374
RGI60-13.45358,1930,1077.1954031818807
RGI60-13.45358,1931,-107.15611028239347
RGI60-13.45358,1932,424.3471474528951
RGI60-13.45358,1933,-647.7232509899452
RGI60-13.45358,1934,401.0061627565116
RGI60-13.45358,1935,-768.4282563774216
RGI60-13.45358,1936,215.8860161426123
RGI60-13.45358,1937,502.05547506304754
RGI60-13.45358,1938,388.6241986223925
RGI60-13.45358,1939,26.84850320076606
RGI60-13.45358,1940,-292.6051563095421
RGI60-13.45358,1941,100.82909370446329
RGI60-13.45358,1942,1759.219668075503
RGI60-13.45358,1943,-891.5903029693582
RGI60-13.45358,1944,-828.2526319683195
RGI60-13.45358,1945,-1146.4945226672078
RGI60-13.45358,1946,849.41819509848
RGI60-13.45358,1947,206.9070783331894
RGI60-13.45358,1948,-636.206839970895
RGI60-13.45358,1949,222.5318382399347
RGI60-13.45358,1950,-684.4102398955716
RGI60-13.45358,1951,-295.5373166936579
RGI60-13.45358,1952,-37.0474438609669
RGI60-13.45358,1953,14.215017022339847
RGI60-13.45358,1954,584.5997307119512
RGI60-13.45358,1955,-404.03753374619214
RGI60-13.45358,1956,211.26203171838242
RGI60-13.45358,1957,-200.34218618031036
RGI60-13.45358,1958,905.0520768731508
RGI60-13.45358,1959,624.0655578162899
RGI60-13.45358,1960,441.40642075726424
RGI60-13.45358,1961,261.6968513946063
RGI60-13.45358,1962,-992.0157405395432
RGI60-13.45358,1963,-143.19502054907528
RGI60-13.45358,1964,-141.92128201072705
RGI60-13.45358,1965,-766.765278593555
RGI60-13.45358,1966,-371.88742183375217
RGI60-13.45358,1967,-66.53605705749591
RGI60-13.45358,1968,-620.6705410136907
RGI60-13.45358,1969,393.88497284095354
RGI60-13.45358,1970,-64.30708340194275
RGI60-13.45358,1971,154.3184655373769
RGI60-13.45358,1972,338.7223393626527
RGI60-13.45358,1973,-564.6211687572819
RGI60-13.45358,1974,-1078.8561931945897
RGI60-13.45358,1975,-401.0057164813168
RGI60-13.45358,1976,284.3072950327971
RGI60-13.45358,1977,-764.7610704134729
RGI60-13.45358,1978,76.57110578019002
RGI60-13.45358,1979,748.5780624519904
RGI60-13.45358,1980,-72.63777583301514
RGI60-13.45358,1981,-191.36744609824726
RGI60-13.45358,1982,75.14955903393219
RGI60-13.45358,1983,-58.788086544502484
RGI60-13.45358,1984,387.40503853761186
RGI60-13.45358,1985,-178.22911429127745
RGI60-13.45358,1986,50.25383092480824
RGI60-13.45358,1987,-80.82569201011573
RGI60-13.45358,1988,709.4889352567088
RGI60-13.45358,1989,504.1456169558135
RGI60-13.45358,1990,-184.5544919590858
RGI60-13.45358,1991,-515.3641374008233
RGI60-13.45358,1992,618.3708190765135
RGI60-13.45358,1993,810.8117467146059
RGI60-13.45358,1994,192.14507545290067
RGI60-13.45358,1995,-384.290699321066
RGI60-13.45358,1996,47.81666478559062
RGI60-13.45358,1997,-549.5569571392194
RGI60-13.45358,1998,-583.0979428713514
RGI60-13.45358,1999,-225.72548979691092
RGI60-13.45358,2000,-112.84110973803388
RGI60-13.45358,2001,-969.6379692749927
RGI60-13.45358,2002,-530.3714543087663
RGI60-13.45358,2003,290.7257971227114
RGI60-13.45358,2004,-390.44399243100287
RGI60-13.45358,2005,-520.2586832695567
RGI60-13.45358,2006,-731.8861317960717
RGI60-13.45358,2007,-592.549083952205
RGI60-13.45358,2008,-1147.581708309435
RGI60-13.45358,2009,197.72501173983056
RGI60-13.45358,2010,-468.22426469707204
RGI60-13.45358,2011,-820.1404114685944
RGI60-13.45358,2012,-802.2278256846856
RGI60-13.45358,2013,-77.87122186158452
RGI60-13.45358,2014,-61.676216977851695
RGI60-13.45358,2015,-20.03564030313462
RGI60-13.45358,2016,-740.6420050222812
RGI60-13.45358,2017,-621.823886237367
RGI60-13.45358,2018,-543.8426063665929
RGI60-13.45358,2019,-190.3965971633281
RGI60-13.45359,1901,354.5225948993456
RGI60-13.45359,1902,257.55117060133296
RGI60-13.45359,1903,668.4886228974971
RGI60-13.45359,1904,-524.9699339717089
RGI60-13.45359,1905,-241.12539285032594
RGI60-13.45359,1906,-532.2829584694274
RGI60-13.45359,1907,278.04885391744466
RGI60-13.45359,1908,-67.40652632684645
RGI60-13.45359,1909,-961.7413826373253
RGI60-13.45359,1910,-448.6048380768674
RGI60-13.45359,1911,558.6693157227323
RGI60-13.45359,1912,222.26950636434026
RGI60-13.45359,1913,561.0201748387569
RGI60-13.45359,1914,-6.070204743687603
RGI60-13.45359,1915,-991.0703746362103
RGI60-13.45359,1916,-539.3160335167196
RGI60-13.45359,1917,-446.49466624096
RGI60-13.45359,1918,-753.4090661390002
RGI60-13.45359,1919,792.8045567148456
RGI60-13.45359,1920,-26.784133085515794
RGI60-13.45359,1921,-64.4300527427212
RGI60-13.45359,1922,-604.779491823898
RGI60-13.45359,1923,-845.8319388897544
RGI60-13.45359,1924,-791.5250744853556
RGI60-13.45359,1925,543.1411708171034
RGI60-13.45359,1926,437.8775314524215
RGI60-13.45359,1927,-261.49707582681975
RGI60-13.45359,1928,335.21910388808453
RGI60-13.45359,1929,321.13156390196303
RGI60-13.45359,1930,937.2711643501461
RGI60-13.45359,1931,-107.12529032220962
RGI60-13.45359,1932,188.13063923260125
RGI60-13.45359,1933,-743.1359566526608
RGI60-13.45359,1934,551.9856627246883
RGI60-13.45359,1935,-733.69924484531
RGI60-13.45359,1936,228.5507808304707
RGI60-13.45359,1937,432.49122930031604
RGI60-13.45359,1938,330.36643439078534
RGI60-13.45359,1939,-141.7697317542398
RGI60-13.45359,1940,-376.00277841103514
RGI60-13.45359,1941,101.73989869115982
RGI60-13.45359,1942,1512.364279038516
RGI60-13.45359,1943,-1112.3017995519428
RGI60-13.45359,1944,-834.6908135930587
RGI60-13.45359,1945,-1219.1147702971853
RGI60-13.45359,1946,630.7087159466901
RGI60-13.45359,1947,225.25262422578658
RGI60-13.45359,1948,-865.3523229818669
RGI60-13.45359,1949,57.53494568793225
RGI60-13.45359,1950,-743.3338873929088
RGI60-13.45359,1951,-245.72973088576188
RGI60-13.45359,1952,-244.86843196839925
RGI60-13.45359,1953,-24.01101910903107
RGI60-13.45359,1954,611.6158926358992
RGI60-13.45359,1955,-398.2714292735769
RGI60-13.45359,1956,-104.26193796270088
RGI60-13.45359,1957,-130.15155994949396
RGI60-13.45359,1958,767.0975311076079
RGI60-13.45359,1959,773.1116605637387
RGI60-13.45359,1960,461.79591720563377
RGI60-13.45359,1961,332.7008630452125
RGI60-13.45359,1962,-1109.0968124296703
RGI60-13.45359,1963,-88.69943085413023
RGI60-13.45359,1964,-122.03859337877212
RGI60-13.45359,1965,-772.4634391651588
RGI60-13.45359,1966,-392.16597655290576
RGI60-13.45359,1967,36.186705243722415
RGI60-13.45359,1968,-554.7226330246677
RGI60-13.45359,1969,307.988663527489
RGI60-13.45359,1970,96.89510923398032
RGI60-13.45359,1971,296.55029902157145
RGI60-13.45359,1972,521.2451014444506
RGI60-13.45359,1973,-597.5905181275633
RGI60-13.45359,1974,-1193.119176828435
RGI60-13.45359,1975,-489.74975710607146
RGI60-13.45359,1976,319.60806959661465
RGI60-13.45359,1977,-795.6496376434065
RGI60-13.45359,1978,-7.7890093107089085
RGI60-13.45359,1979,664.371698198881
RGI60-13.45359,1980,-235.09428554043777
RGI60-13.45359,1981,-72.00493103485142
RGI60-13.45359,1982,165.6033587354478
RGI60-13.45359,1983,-276.9652939699105
RGI60-13.45359,1984,267.80624848446337
RGI60-13.45359,1985,-278.8173287439652
RGI60-13.45359,1986,-243.58952297803555
RGI60-13.45359,1987,-412.27554172406076
RGI60-13.45359,1988,701.6185691384024
RGI60-13.45359,1989,386.35329328512825
RGI60-13.45359,1990,-73.95392607990298
RGI60-13.45359,1991,-448.59598812281615
RGI60-13.45359,1992,697.719245259453
RGI60-13.45359,1993,825.9100830037984
RGI60-13.45359,1994,87.27611610145377
RGI60-13.45359,1995,-333.2342164651109
RGI60-13.45359,1996,88.95297255113094
RGI60-13.45359,1997,-551.9489172631182
RGI60-13.45359,1998,-654.266505668214
RGI60-13.45359,1999,-406.9138376349357
RGI60-13.45359,2000,-616.5239508014755
RGI60-13.45359,2001,-1159.2081979589
RGI60-13.45359,2002,-731.9713610517028
RGI60-13.45359,2003,461.41692189276057
RGI60-13.45359,2004,-404.2445562578016
RGI60-13.45359,2005,-577.1358173846693
RGI60-13.45359,2006,-878.677867098259
RGI60-13.45359,2007,-568.9588570332868
RGI60-13.45359,2008,-1331.8069642128773
RGI60-13.45359,2009,111.77436027526059
RGI60-13.45359,2010,-586.1090585173375
RGI60-13.45359,2011,-956.5942970268709
RGI60-13.45359,2012,-980.3774428029828
RGI60-13.45359,2013,-87.24815382946258
RGI60-13.45359,2014,-189.0650360805697
RGI60-13.45359,2015,-323.61538400321797
RGI60-13.45359,2016,-752.0926014869074
RGI60-13.45359,2017,-858.6511392146467
RGI60-13.45359,2018,-738.8773996325525
RGI60-13.45359,2019,-570.0331977745312
RGI60-13.45360,1901,262.8794953248528
RGI60-13.45360,1902,136.46816287982986
RGI60-13.45360,1903,610.0256740008354
RGI60-13.45360,1904,-633.7862208007433
RGI60-13.45360,1905,-345.65725658744833
RGI60-13.45360,1906,-645.7757264957264
RGI60-13.45360,1907,172.92249184533722
RGI60-13.45360,1908,-178.96734930750333
RGI60-13.45360,1909,-1109.6542309652716
RGI60-13.45360,1910,-570.4545075274881
RGI60-13.45360,1911,506.1820834647212
RGI60-13.45360,1912,178.15381290574072
RGI60-13.45360,1913,503.75420751845877
RGI60-13.45360,1914,-99.3720539840188
RGI60-13.45360,1915,-1148.891184415695
RGI60-13.45360,1916,-652.7204082897846
RGI60-13.45360,1917,-555.9322295075519
RGI60-13.45360,1918,-897.4634392963937
RGI60-13.45360,1919,703.6229888095885
RGI60-13.45360,1920,-150.65354851278295
RGI60-13.45360,1921,-181.99740874385776
RGI60-13.45360,1922,-709.5292931162427
RGI60-13.45360,1923,-1001.547826730833
RGI60-13.45360,1924,-932.952248816422
RGI60-13.45360,1925,498.5913479173538
RGI60-13.45360,1926,386.8856418212124
RGI60-13.45360,1927,-385.68099937955645
RGI60-13.45360,1928,257.82205797305113
RGI60-13.45360,1929,269.64484351621553
RGI60-13.45360,1930,886.6868921923117
RGI60-13.45360,1931,-238.1080732435391
RGI60-13.45360,1932,114.59881168503298
RGI60-13.45360,1933,-882.2421087665828
RGI60-13.45360,1934,514.9154427734726
RGI60-13.45360,1935,-891.5763940662571
RGI60-13.45360,1936,177.51721033955852
RGI60-13.45360,1937,380.51622356109465
RGI60-13.45360,1938,270.373669564924
RGI60-13.45360,1939,-265.37210668569674
RGI60-13.45360,1940,-524.6482203569819
RGI60-13.45360,1941,-28.439778749418434
RGI60-13.45360,1942,1417.2041707271694
RGI60-13.45360,1943,-1273.4285864876288
RGI60-13.45360,1944,-988.1844534415121
RGI60-13.45360,1945,-1405.3219893181551
RGI60-13.45360,1946,570.5733889705076
RGI60-13.45360,1947,174.5891231293961
RGI60-13.45360,1948,-1013.0439888732252
RGI60-13.45360,1949,-57.49299432908593
RGI60-13.45360,1950,-871.9040837994844
RGI60-13.45360,1951,-347.2506779205874
RGI60-13.45360,1952,-369.350533624676
RGI60-13.45360,1953,-133.0352387193045
RGI60-13.45360,1954,575.5219077364075
RGI60-13.45360,1955,-550.4213082920746
RGI60-13.45360,1956,-199.23835053209078
RGI60-13.45360,1957,-235.33775193322896
RGI60-13.45360,1958,728.6581769678743
RGI60-13.45360,1959,742.4412633723462
RGI60-13.45360,1960,422.5408150175464
RGI60-13.45360,1961,290.20697837669525
RGI60-13.45360,1962,-1293.1317914796423
RGI60-13.45360,1963,-170.17961403264536
RGI60-13.45360,1964,-227.47844231783665
RGI60-13.45360,1965,-925.2761683276012
RGI60-13.45360,1966,-548.3176028520726
RGI60-13.45360,1967,-29.712156014582096
RGI60-13.45360,1968,-677.4159954661071
RGI60-13.45360,1969,240.68880032486507
RGI60-13.45360,1970,20.004038666054647
RGI60-13.45360,1971,224.62359189769677
RGI60-13.45360,1972,498.7685840798185
RGI60-13.45360,1973,-721.1199363584788
RGI60-13.45360,1974,-1377.992338748362
RGI60-13.45360,1975,-621.7114757162445
RGI60-13.45360,1976,238.48450112614253
RGI60-13.45360,1977,-958.6410298283951
RGI60-13.45360,1978,-87.83532933394953
RGI60-13.45360,1979,601.1438866982984
RGI60-13.45360,1980,-345.14557581339136
RGI60-13.45360,1981,-159.97918925711056
RGI60-13.45360,1982,77.7583066522398
RGI60-13.45360,1983,-393.41561040122536
RGI60-13.45360,1984,192.93958062904355
RGI60-13.45360,1985,-376.10332618902964
RGI60-13.45360,1986,-365.94095456161176
RGI60-13.45360,1987,-557.2583243379373
RGI60-13.45360,1988,650.9395068076653
RGI60-13.45360,1989,302.5839387835779
RGI60-13.45360,1990,-172.8811581454434
RGI60-13.45360,1991,-584.3518894964782
RGI60-13.45360,1992,661.2833718387102
RGI60-13.45360,1993,796.8724883022118
RGI60-13.45360,1994,-25.696770650414855
RGI60-13.45360,1995,-451.59732494226154
RGI60-13.45360,1996,-12.654283751042206
RGI60-13.45360,1997,-692.3476266729547
RGI60-13.45360,1998,-838.987021200722
RGI60-13.45360,1999,-570.680428599463
RGI60-13.45360,2000,-803.383497430701
RGI60-13.45360,2001,-1361.0193169174865
RGI60-13.45360,2002,-928.5866268592889
RGI60-13.45360,2003,387.53384324899406
RGI60-13.45360,2004,-546.2882334866953
RGI60-13.45360,2005,-738.6638666266986
RGI60-13.45360,2006,-1053.040307831297
RGI60-13.45360,2007,-736.6485822140852
RGI60-13.45360,2008,-1541.898589667732
RGI60-13.45360,2009,18.309893488337103
RGI60-13.45360,2010,-745.7216409171386
RGI60-13.45360,2011,-1139.8808275054319
RGI60-13.45360,2012,-1174.3047264510853
RGI60-13.45360,2013,-198.99578902340818
RGI60-13.45360,2014,-319.5589267591792
RGI60-13.45360,2015,-491.54718568706875
RGI60-13.45360,2016,-950.2251949700934
RGI60-13.45360,2017,-1049.3780110231337
RGI60-13.45360,2018,-926.3377861001541
RGI60-13.45360,2019,-738.3646272666712
RGI60-13.45361,1901,252.2232125436393
RGI60-13.45361,1902,158.4656083076112
RGI60-13.45361,1903,473.1350549798961
RGI60-13.45361,1904,-629.4601520031468
RGI60-13.45361,1905,-339.8747299332148
RGI60-13.45361,1906,-659.0574363960287
RGI60-13.45361,1907,235.86031924099686
RGI60-13.45361,1908,-118.83991064462681
RGI60-13.45361,1909,-888.2179952634051
RGI60-13.45361,1910,-494.70061075515656
RGI60-13.45361,1911,325.38616089475994
RGI60-13.45361,1912,-12.356749782367945
RGI60-13.45361,1913,350.58317250641795
RGI60-13.45361,1914,-125.81269426041345
RGI60-13.45361,1915,-959.8185701358777
RGI60-13.45361,1916,-623.8359106167381
RGI60-13.45361,1917,-544.9426393413526
RGI60-13.45361,1918,-691.8390571938407
RGI60-13.45361,1919,712.0539306230853
RGI60-13.45361,1920,-118.64060536457849
RGI60-13.45361,1921,-75.94596210312234
RGI60-13.45361,1922,-677.733256783231
RGI60-13.45361,1923,-724.3048515584643
RGI60-13.45361,1924,-635.5715952307162
RGI60-13.45361,1925,396.21304877069696
RGI60-13.45361,1926,253.9529871046649
RGI60-13.45361,1927,-147.94941099671797
RGI60-13.45361,1928,207.93501789276903
RGI60-13.45361,1929,137.9527697690828
RGI60-13.45361,1930,769.5889806953109
RGI60-13.45361,1931,-177.73880362971883
RGI60-13.45361,1932,218.8409020078045
RGI60-13.45361,1933,-660.6798174713131
RGI60-13.45361,1934,254.53939833026428
RGI60-13.45361,1935,-720.1374994753966
RGI60-13.45361,1936,76.44434502036349
RGI60-13.45361,1937,305.1231810987495
RGI60-13.45361,1938,227.7024864073171
RGI60-13.45361,1939,-123.15395888218308
RGI60-13.45361,1940,-376.9706378568409
RGI60-13.45361,1941,1.9875229255835865
RGI60-13.45361,1942,1324.259426039261
RGI60-13.45361,1943,-903.8454129316916
RGI60-13.45361,1944,-789.2646697420173
RGI60-13.45361,1945,-1104.5034316795454
RGI60-13.45361,1946,576.2494431500893
RGI60-13.45361,1947,76.33992484203223
RGI60-13.45361,1948,-691.8892776922892
RGI60-13.45361,1949,40.26524731536191
RGI60-13.45361,1950,-700.902217118749
RGI60-13.45361,1951,-377.34668732028854
RGI60-13.45361,1952,-148.02219194466366
RGI60-13.45361,1953,-147.98855160468398
RGI60-13.45361,1954,418.01712256869575
RGI60-13.45361,1955,-416.7069551104643
RGI60-13.45361,1956,30.247738502842704
RGI60-13.45361,1957,-249.53592159585588
RGI60-13.45361,1958,657.3953745630638
RGI60-13.45361,1959,404.7749826188602
RGI60-13.45361,1960,284.93311493189213
RGI60-13.45361,1961,122.03599168398037
RGI60-13.45361,1962,-974.1372194470767
RGI60-13.45361,1963,-220.21080918968585
RGI60-13.45361,1964,-206.93148122872162
RGI60-13.45361,1965,-766.6142105207487
RGI60-13.45361,1966,-429.2777467899203
RGI60-13.45361,1967,-137.87606739713678
RGI60-13.45361,1968,-611.6890461084399
RGI60-13.45361,1969,219.3087826021246
RGI60-13.45361,1970,-105.41402152916085
RGI60-13.45361,1971,70.9840043352277
RGI60-13.45361,1972,201.75643714719095
RGI60-13.45361,1973,-579.9976197682639
RGI60-13.45361,1974,-1051.4171169822976
RGI60-13.45361,1975,-457.81249845339335
RGI60-13.45361,1976,137.93230507903365
RGI60-13.45361,1977,-759.1446191075986
RGI60-13.45361,1978,-75.82563706586265
RGI60-13.45361,1979,496.8027196531181
RGI60-13.45361,1980,-185.30960007289903
RGI60-13.45361,1981,-227.50707193002856
RGI60-13.45361,1982,-28.83150661440227
RGI60-13.45361,1983,-183.7921706727389
RGI60-13.45361,1984,187.5630216661779
RGI60-13.45361,1985,-265.06459019832363
RGI60-13.45361,1986,-117.27520816613715
RGI60-13.45361,1987,-206.54098274393428
RGI60-13.45361,1988,478.7558519862001
RGI60-13.45361,1989,308.10957146622053
RGI60-13.45361,1990,-222.4111861779051
RGI60-13.45361,1991,-528.8610324413629
RGI60-13.45361,1992,432.4653740209388
RGI60-13.45361,1993,569.3988145125572
RGI60-13.45361,1994,37.5540257062368
RGI60-13.45361,1995,-406.87941183611133
RGI60-13.45361,1996,-36.684977627925846
RGI60-13.45361,1997,-577.7865969732308
RGI60-13.45361,1998,-578.250075546691
RGI60-13.45361,1999,-344.1774214615146
RGI60-13.45361,2000,-319.15730280816047
RGI60-13.45361,2001,-960.4816865911527
RGI60-13.45361,2002,-597.7279364359684
RGI60-13.45361,2003,170.43539386466048
RGI60-13.45361,2004,-433.7950004802992
RGI60-13.45361,2005,-572.1570513287702
RGI60-13.45361,2006,-751.9113116288494
RGI60-13.45361,2007,-570.1586584741558
RGI60-13.45361,2008,-1138.3762274357262
RGI60-13.45361,2009,41.033468597769314
RGI60-13.45361,2010,-522.7098253924621
RGI60-13.45361,2011,-809.296831739258
RGI60-13.45361,2012,-806.1403484729454
RGI60-13.45361,2013,-160.59007419582198
RGI60-13.45361,2014,-188.63269162290462
RGI60-13.45361,2015,-195.21239009190123
RGI60-13.45361,2016,-733.4849054669813
RGI60-13.45361,2017,-687.0162648961435
RGI60-13.45361,2018,-582.5392321892551
RGI60-13.45361,2019,-380.0811232116865
RGI60-13.45362,1901,596.7940053050972
RGI60-13.45362,1902,599.4497323826812
RGI60-13.45362,1903,847.5778984757936
RGI60-13.45362,1904,-203.57405785576768
RGI60-13.45362,1905,53.83913481819335
RGI60-13.45362,1906,-201.59358346099984
RGI60-13.45362,1907,545.2444736053501
RGI60-13.45362,1908,215.77311145822603
RGI60-13.45362,1909,-545.4850965569472
RGI60-13.45362,1910,-122.92830028375577
RGI60-13.45362,1911,763.8572775502796
RGI60-13.45362,1912,390.3217609297415
RGI60-13.45362,1913,743.0036334280384
RGI60-13.45362,1914,267.8301604011741
RGI60-13.45362,1915,-579.2005251270988
RGI60-13.45362,1916,-209.78585106636353
RGI60-13.45362,1917,-161.24007119547394
RGI60-13.45362,1918,-352.8039631094084
RGI60-13.45362,1919,1029.0953015707323
RGI60-13.45362,1920,314.2229517365606
RGI60-13.45362,1921,239.84867383249448
RGI60-13.45362,1922,-289.1191822344021
RGI60-13.45362,1923,-419.5531286200822
RGI60-13.45362,1924,-430.7859597386648
RGI60-13.45362,1925,701.275783754521
RGI60-13.45362,1926,611.859156752754
RGI60-13.45362,1927,62.469528066314346
RGI60-13.45362,1928,597.3960300974486
RGI60-13.45362,1929,525.5822790569638
RGI60-13.45362,1930,1097.198644446237
RGI60-13.45362,1931,230.13660593624178
RGI60-13.45362,1932,375.22449931286974
RGI60-13.45362,1933,-359.6955405426349
RGI60-13.45362,1934,736.0456538933062
RGI60-13.45362,1935,-327.85883781797486
RGI60-13.45362,1936,395.3820916113368
RGI60-13.45362,1937,572.1498479000018
RGI60-13.45362,1938,523.6648799902765
RGI60-13.45362,1939,218.20940539852867
RGI60-13.45362,1940,20.595763357559232
RGI60-13.45362,1941,453.3478938375123
RGI60-13.45362,1942,1796.9171005046012
RGI60-13.45362,1943,-701.3119058483044
RGI60-13.45362,1944,-430.4877881301499
RGI60-13.45362,1945,-738.7473373158398
RGI60-13.45362,1946,813.8868595252965
RGI60-13.45362,1947,395.814082558995
RGI60-13.45362,1948,-463.4401077485859
RGI60-13.45362,1949,397.310944422434
RGI60-13.45362,1950,-369.2555698715895
RGI60-13.45362,1951,62.62771044129032
RGI60-13.45362,1952,73.68444188005029
RGI60-13.45362,1953,313.90880016609754
RGI60-13.45362,1954,761.0021187720647
RGI60-13.45362,1955,-4.261410386985889
RGI60-13.45362,1956,188.567245635203
RGI60-13.45362,1957,173.76975169715763
RGI60-13.45362,1958,878.217419747118
RGI60-13.45362,1959,908.9745148100917
RGI60-13.45362,1960,585.8883954908714
RGI60-13.45362,1961,522.360915727099
RGI60-13.45362,1962,-643.0160338390333
RGI60-13.45362,1963,190.0916206532235
RGI60-13.45362,1964,169.69727960525944
RGI60-13.45362,1965,-378.7717370703526
RGI60-13.45362,1966,16.97544647015356
RGI60-13.45362,1967,260.2003575119617
RGI60-13.45362,1968,-225.46770348944952
RGI60-13.45362,1969,505.9279688307768
RGI60-13.45362,1970,326.6221832354044
RGI60-13.45362,1971,554.8670573987902
RGI60-13.45362,1972,674.4622444516061
RGI60-13.45362,1973,-235.48604558416702
RGI60-13.45362,1974,-691.1311758692657
RGI60-13.45362,1975,-149.8564185919497
RGI60-13.45362,1976,556.0123441992749
RGI60-13.45362,1977,-362.61295432679947
RGI60-13.45362,1978,253.31216893714904
RGI60-13.45362,1979,831.7477067370426
RGI60-13.45362,1980,53.65704176423049
RGI60-13.45362,1981,176.70463260464751
RGI60-13.45362,1982,431.2309787275635
RGI60-13.45362,1983,24.032232660014856
RGI60-13.45362,1984,476.5659594438858
RGI60-13.45362,1985,-26.919422587356667
RGI60-13.45362,1986,70.2832079681289
RGI60-13.45362,1987,-59.02546449938572
RGI60-13.45362,1988,866.5031986592945
RGI60-13.45362,1989,604.1994001035735
RGI60-13.45362,1990,207.8917747559621
RGI60-13.45362,1991,-95.39202529261435
RGI60-13.45362,1992,852.1302829405765
RGI60-13.45362,1993,942.1587571489752
RGI60-13.45362,1994,418.37218186524825
RGI60-13.45362,1995,-15.53378019416105
RGI60-13.45362,1996,375.0363719871004
RGI60-13.45362,1997,-173.32256573111442
RGI60-13.45362,1998,-186.6821885392212
RGI60-13.45362,1999,23.63107549345277
RGI60-13.45362,2000,-180.93444326628858
RGI60-13.45362,2001,-654.3450712705436
RGI60-13.45362,2002,-207.9398409411608
RGI60-13.45362,2003,690.454436206601
RGI60-13.45362,2004,-30.965732517989373
RGI60-13.45362,2005,-140.03047599464784
RGI60-13.45362,2006,-416.1248243692605
RGI60-13.45362,2007,-156.58608445857695
RGI60-13.45362,2008,-800.448111709425
RGI60-13.45362,2009,390.1155598408633
RGI60-13.45362,2010,-156.60323684954466
RGI60-13.45362,2011,-489.1603766436178
RGI60-13.45362,2012,-499.74841900026115
RGI60-13.45362,2013,237.1462116022256
RGI60-13.45362,2014,174.718591488007
RGI60-13.45362,2015,164.18411383320134
RGI60-13.45362,2016,-269.6337425772168
RGI60-13.45362,2017,-340.30682355883295
RGI60-13.45362,2018,-262.3007869018954
RGI60-13.45362,2019,-99.49094291165352
RGI60-13.45363,1901,361.20686336020066
RGI60-13.45363,1902,230.1016177033316
RGI60-13.45363,1903,588.4016193693922
RGI60-13.45363,1904,-769.9295550764197
RGI60-13.45363,1905,-410.08294526468376
RGI60-13.45363,1906,-835.2775401651986
RGI60-13.45363,1907,362.3698770435288
RGI60-13.45363,1908,-96.13926692361265
RGI60-13.45363,1909,-1007.2778299887051
RGI60-13.45363,1910,-579.6859566106692
RGI60-13.45363,1911,409.2105082968203
RGI60-13.45363,1912,-31.516942797151273
RGI60-13.45363,1913,443.16158433485526
RGI60-13.45363,1914,-120.14329233867672
RGI60-13.45363,1915,-1144.5965168533055
RGI60-13.45363,1916,-760.8517351148728
RGI60-13.45363,1917,-663.3365957488879
RGI60-13.45363,1918,-773.6377059331792
RGI60-13.45363,1919,964.4717393330488
RGI60-13.45363,1920,-122.20888510778478
RGI60-13.45363,1921,-16.79747018113904
RGI60-13.45363,1922,-821.0244685973915
RGI60-13.45363,1923,-778.3691465479131
RGI60-13.45363,1924,-650.1396874045478
RGI60-13.45363,1925,510.5372136267852
RGI60-13.45363,1926,326.4026070520001
RGI60-13.45363,1927,-73.54696309276237
RGI60-13.45363,1928,306.7237088830444
RGI60-13.45363,1929,196.2816328196157
RGI60-13.45363,1930,1011.2578297230318
RGI60-13.45363,1931,-185.33717670670532
RGI60-13.45363,1932,377.99119668702264
RGI60-13.45363,1933,-717.5665634775801
RGI60-13.45363,1934,284.81306812276785
RGI60-13.45363,1935,-846.9915137072245
RGI60-13.45363,1936,131.6709893437917
RGI60-13.45363,1937,431.48155129031414
RGI60-13.45363,1938,324.8401947876434
RGI60-13.45363,1939,-53.968141551771026
RGI60-13.45363,1940,-392.39903427235646
RGI60-13.45363,1941,17.707398099512382
RGI60-13.45363,1942,1687.9120688236444
RGI60-13.45363,1943,-965.5197909080416
RGI60-13.45363,1944,-911.0471524008876
RGI60-13.45363,1945,-1248.4618964749043
RGI60-13.45363,1946,799.9418292438783
RGI60-13.45363,1947,123.2612824555528
RGI60-13.45363,1948,-711.3341429636068
RGI60-13.45363,1949,139.14792888759885
RGI60-13.45363,1950,-772.721836848385
RGI60-13.45363,1951,-417.0868211409868
RGI60-13.45363,1952,-80.26191774682735
RGI60-13.45363,1953,-105.21381280941809
RGI60-13.45363,1954,507.78450775155784
RGI60-13.45363,1955,-481.2128760425228
RGI60-13.45363,1956,176.5601279906497
RGI60-13.45363,1957,-294.36422501760615
RGI60-13.45363,1958,859.4390814735206
RGI60-13.45363,1959,485.0108944251343
RGI60-13.45363,1960,371.67549546563714
RGI60-13.45363,1961,163.43678116609468
RGI60-13.45363,1962,-1078.6999427320443
RGI60-13.45363,1963,-245.648910930742
RGI60-13.45363,1964,-221.54978537640275
RGI60-13.45363,1965,-875.0762865046721
RGI60-13.45363,1966,-471.13343882813047
RGI60-13.45363,1967,-156.5913043284931
RGI60-13.45363,1968,-713.4181814811911
RGI60-13.45363,1969,329.71748462694325
RGI60-13.45363,1970,-159.6344487176348
RGI60-13.45363,1971,55.701658834941796
RGI60-13.45363,1972,218.31114418564553
RGI60-13.45363,1973,-648.1905766912024
RGI60-13.45363,1974,-1183.365660209671
RGI60-13.45363,1975,-478.3125561675475
RGI60-13.45363,1976,185.85297199997183
RGI60-13.45363,1977,-862.3252801210996
RGI60-13.45363,1978,-14.262124209972434
RGI60-13.45363,1979,671.715389846064
RGI60-13.45363,1980,-131.6750546312659
RGI60-13.45363,1981,-276.6325193723438
RGI60-13.45363,1982,-34.617683146564524
RGI60-13.45363,1983,-107.8255884866673
RGI60-13.45363,1984,313.55531171772344
RGI60-13.45363,1985,-241.33045462352894
RGI60-13.45363,1986,1.1408953065751808
RGI60-13.45363,1987,-108.47703880701047
RGI60-13.45363,1988,619.2824551937522
RGI60-13.45363,1989,442.614432665533
RGI60-13.45363,1990,-275.06507136104756
RGI60-13.45363,1991,-629.4102648771586
RGI60-13.45363,1992,524.0854028424528
RGI60-13.45363,1993,712.300602511005
RGI60-13.45363,1994,114.83144606581898
RGI60-13.45363,1995,-467.5881989489166
RGI60-13.45363,1996,-30.86261646441192
RGI60-13.45363,1997,-653.1489614706805
RGI60-13.45363,1998,-648.0480642605345
RGI60-13.45363,1999,-320.22993234423836
RGI60-13.45363,2000,-162.93478798833996
RGI60-13.45363,2001,-1045.0756996273897
RGI60-13.45363,2002,-629.1649307128855
RGI60-13.45363,2003,170.2667298372055
RGI60-13.45363,2004,-487.24997535425297
RGI60-13.45363,2005,-636.9791560337275
RGI60-13.45363,2006,-817.1480350673927
RGI60-13.45363,2007,-671.8853419838366
RGI60-13.45363,2008,-1246.9816924495258
RGI60-13.45363,2009,122.48261634267377
RGI60-13.45363,2010,-556.5284073119275
RGI60-13.45363,2011,-890.4757428225678
RGI60-13.45363,2012,-872.0568880001204
RGI60-13.45363,2013,-158.49686119466614
RGI60-13.45363,2014,-147.04207301409846
RGI60-13.45363,2015,-103.37214144320352
RGI60-13.45363,2016,-845.9999329530256
RGI60-13.45363,2017,-710.6758062456405
RGI60-13.45363,2018,-599.4245158276617
RGI60-13.45363,2019,-277.2573581496271
RGI60-13.45364,1901,-141.9234215892125
RGI60-13.45364,1902,-316.78970620672544
RGI60-13.45364,1903,89.9026242886206
RGI60-13.45364,1904,-1052.1385985083787
RGI60-13.45364,1905,-749.3203134193019
RGI60-13.45364,1906,-1091.5930347761346
RGI60-13.45364,1907,-150.30431252926968
RGI60-13.45364,1908,-506.5361559465356
RGI60-13.45364,1909,-1314.4684818382323
RGI60-13.45364,1910,-895.9077198727523
RGI60-13.45364,1911,-102.17734370363482
RGI60-13.45364,1912,-382.43107709647455
RGI60-13.45364,1913,-58.0426991715419
RGI60-13.45364,1914,-540.5095947479963
RGI60-13.45364,1915,-1379.0027403643442
RGI60-13.45364,1916,-1040.2862397084978
RGI60-13.45364,1917,-954.7249293824569
RGI60-13.45364,1918,-1101.4676328286216
RGI60-13.45364,1919,305.5487745419734
RGI60-13.45364,1920,-572.8203821113411
RGI60-13.45364,1921,-469.0285447491214
RGI60-13.45364,1922,-1064.0227633075315
RGI60-13.45364,1923,-1133.7854221459802
RGI60-13.45364,1924,-976.5614653943268
RGI60-13.45364,1925,72.99808521688136
RGI60-13.45364,1926,-116.21595141616307
RGI60-13.45364,1927,-471.02565325837963
RGI60-13.45364,1928,-210.9090737255873
RGI60-13.45364,1929,-248.08165686435504
RGI60-13.45364,1930,392.5593067249398
RGI60-13.45364,1931,-612.9378507368787
RGI60-13.45364,1932,-59.5254027006862
RGI60-13.45364,1933,-1044.2594269647848
RGI60-13.45364,1934,-176.9819682861619
RGI60-13.45364,1935,-1153.185953271657
RGI60-13.45364,1936,-267.21283837273916
RGI60-13.45364,1937,-17.38634535082272
RGI60-13.45364,1938,-109.17848101366599
RGI60-13.45364,1939,-551.8318600665488
RGI60-13.45364,1940,-837.6657083207105
RGI60-13.45364,1941,-461.7113759796861
RGI60-13.45364,1942,804.4705392535961
RGI60-13.45364,1943,-1260.4960070170632
RGI60-13.45364,1944,-1203.2782479184134
RGI60-13.45364,1945,-1584.581710723135
RGI60-13.45364,1946,253.413921666239
RGI60-13.45364,1947,-266.91656400595457
RGI60-13.45364,1948,-1057.5313979173459
RGI60-13.45364,1949,-391.16277013437394
RGI60-13.45364,1950,-1114.4003179385381
RGI60-13.45364,1951,-858.8162458592636
RGI60-13.45364,1952,-477.70120627502024
RGI60-13.45364,1953,-665.5768908943985
RGI60-13.45364,1954,89.59311858175127
RGI60-13.45364,1955,-861.7204246033264
RGI60-13.45364,1956,-248.76201461913882
RGI60-13.45364,1957,-678.955778000339
RGI60-13.45364,1958,389.1729017397092
RGI60-13.45364,1959,-73.55096752570033
RGI60-13.45364,1960,-33.891157740850645
RGI60-13.45364,1961,-264.7153374142085
RGI60-13.45364,1962,-1433.8857117091522
RGI60-13.45364,1963,-641.105788311836
RGI60-13.45364,1964,-606.1746054299131
RGI60-13.45364,1965,-1225.9544001785714
RGI60-13.45364,1966,-935.999663520365
RGI60-13.45364,1967,-533.1507089300716
RGI60-13.45364,1968,-1029.139179429289
RGI60-13.45364,1969,-123.0649479425019
RGI60-13.45364,1970,-500.4350681653695
RGI60-13.45364,1971,-363.8576932237198
RGI60-13.45364,1972,-222.08607373894975
RGI60-13.45364,1973,-975.3557579735666
RGI60-13.45364,1974,-1526.8432856720258
RGI60-13.45364,1975,-853.311590971264
RGI60-13.45364,1976,-286.9591595962502
RGI60-13.45364,1977,-1233.187094231676
RGI60-13.45364,1978,-470.76132459655196
RGI60-13.45364,1979,112.90572009158312
RGI60-13.45364,1980,-524.0044703551843
RGI60-13.45364,1981,-624.0903671911234
RGI60-13.45364,1982,-481.78630431938916
RGI60-13.45364,1983,-511.31785069619974
RGI60-13.45364,1984,-176.35932094064364
RGI60-13.45364,1985,-584.9486544570233
RGI60-13.45364,1986,-451.63238612574
RGI60-13.45364,1987,-504.7310168149268
RGI60-13.45364,1988,71.69046897638772
RGI60-13.45364,1989,-52.20804501352745
RGI60-13.45364,1990,-644.0010634445507
RGI60-13.45364,1991,-989.9362467256966
RGI60-13.45364,1992,39.31492098009151
RGI60-13.45364,1993,192.45955719155995
RGI60-13.45364,1994,-399.97589727504493
RGI60-13.45364,1995,-826.401933607208
RGI60-13.45364,1996,-454.2656281665793
RGI60-13.45364,1997,-1043.137127575009
RGI60-13.45364,1998,-1045.405687716199
RGI60-13.45364,1999,-826.2536389832139
RGI60-13.45364,2000,-719.067282187349
RGI60-13.45364,2001,-1414.9413172576133
RGI60-13.45364,2002,-1098.7394726407647
RGI60-13.45364,2003,-301.1165948821506
RGI60-13.45364,2004,-886.6813903773809
RGI60-13.45364,2005,-1071.7116585429098
RGI60-13.45364,2006,-1191.067440531548
RGI60-13.45364,2007,-1028.578299169173
RGI60-13.45364,2008,-1632.0588634638277
RGI60-13.45364,2009,-357.52019965950046
RGI60-13.45364,2010,-969.4619897225193
RGI60-13.45364,2011,-1236.276163653642
RGI60-13.45364,2012,-1243.2455598882223
RGI60-13.45364,2013,-585.9230749164516
RGI60-13.45364,2014,-631.5218970564115
RGI60-13.45364,2015,-685.9334284389624
RGI60-13.45364,2016,-1272.492461320073
RGI60-13.45364,2017,-1169.5821025042246
RGI60-13.45364,2018,-1016.8517037753193
RGI60-13.45364,2019,-851.2291000119442
RGI60-13.45365,1901,-381.7363233526323
RGI60-13.45365,1902,-627.0648927554988
RGI60-13.45365,1903,-128.81541436708207
RGI60-13.45365,1904,-1336.529461044083
RGI60-13.45365,1905,-1012.5184227354042
RGI60-13.45365,1906,-1391.821928100399
RGI60-13.45365,1907,-391.39551652213817
RGI60-13.45365,1908,-758.4785257623057
RGI60-13.45365,1909,-1606.7454227708636
RGI60-13.45365,1910,-1166.7620148536653
RGI60-13.45365,1911,-354.4400628300957
RGI60-13.45365,1912,-600.1274544539696
RGI60-13.45365,1913,-289.6625197509045
RGI60-13.45365,1914,-801.2913957955005
RGI60-13.45365,1915,-1685.791485624819
RGI60-13.45365,1916,-1329.0133533283195
RGI60-13.45365,1917,-1222.4738103363504
RGI60-13.45365,1918,-1394.80522556314
RGI60-13.45365,1919,67.05391093497953
RGI60-13.45365,1920,-875.4605640922429
RGI60-13.45365,1921,-723.3261243135477
RGI60-13.45365,1922,-1333.464166714119
RGI60-13.45365,1923,-1424.1813102512938
RGI60-13.45365,1924,-1206.8434783183404
RGI60-13.45365,1925,-117.51244248662013
RGI60-13.45365,1926,-331.8483613903298
RGI60-13.45365,1927,-691.0111520259848
RGI60-13.45365,1928,-469.8847838936842
RGI60-13.45365,1929,-475.53838597226235
RGI60-13.45365,1930,188.9079646295209
RGI60-13.45365,1931,-909.1497212268116
RGI60-13.45365,1932,-216.73616726179486
RGI60-13.45365,1933,-1311.7044400409052
RGI60-13.45365,1934,-428.1398158455786
RGI60-13.45365,1935,-1468.1672062533332
RGI60-13.45365,1936,-463.89012793187374
RGI60-13.45365,1937,-193.82772376053074
RGI60-13.45365,1938,-311.12899198202007
RGI60-13.45365,1939,-827.4004947088724
RGI60-13.45365,1940,-1137.6212650089692
RGI60-13.45365,1941,-774.0214610617387
RGI60-13.45365,1942,501.9407752694203
RGI60-13.45365,1943,-1509.4503133127878
RGI60-13.45365,1944,-1501.4160597589162
RGI60-13.45365,1945,-1924.6429955731921
RGI60-13.45365,1946,76.59560187545223
RGI60-13.45365,1947,-470.4390873198501
RGI60-13.45365,1948,-1304.0917355712563
RGI60-13.45365,1949,-659.5010223877421
RGI60-13.45365,1950,-1397.854399564259
RGI60-13.45365,1951,-1160.1730302660908
RGI60-13.45365,1952,-700.950254694578
RGI60-13.45365,1953,-981.33903300681
RGI60-13.45365,1954,-100.59737535235925
RGI60-13.45365,1955,-1177.9237337681188
RGI60-13.45365,1956,-426.85059437610823
RGI60-13.45365,1957,-965.2920791968844
RGI60-13.45365,1958,248.27101162957797
RGI60-13.45365,1959,-326.8737098867174
RGI60-13.45365,1960,-215.0664643402294
RGI60-13.45365,1961,-492.2181400131686
RGI60-13.45365,1962,-1756.1903702869517
RGI60-13.45365,1963,-908.2203932916909
RGI60-13.45365,1964,-868.3155191073133
RGI60-13.45365,1965,-1530.5736124108562
RGI60-13.45365,1966,-1273.8197488743679
RGI60-13.45365,1967,-784.0232800783983
RGI60-13.45365,1968,-1314.1929079040112
RGI60-13.45365,1969,-323.3928414985435
RGI60-13.45365,1970,-752.7901922377054
RGI60-13.45365,1971,-642.5354111295496
RGI60-13.45365,1972,-465.0115166365228
RGI60-13.45365,1973,-1246.5823519944397
RGI60-13.45365,1974,-1857.1916140353892
RGI60-13.45365,1975,-1114.9870006880242
RGI60-13.45365,1976,-537.5740301013933
RGI60-13.45365,1977,-1559.874143559478
RGI60-13.45365,1978,-708.3122666115844
RGI60-13.45365,1979,-101.58930082653387
RGI60-13.45365,1980,-742.57519701767
RGI60-13.45365,1981,-889.7800613886382
RGI60-13.45365,1982,-762.8781009802047
RGI60-13.45365,1983,-726.107263979644
RGI60-13.45365,1984,-389.30877834699504
RGI60-13.45365,1985,-791.5028220075343
RGI60-13.45365,1986,-664.8021702330192
RGI60-13.45365,1987,-717.464677386836
RGI60-13.45365,1988,-157.17127879459127
RGI60-13.45365,1989,-271.9951913857811
RGI60-13.45365,1990,-924.6712166598791
RGI60-13.45365,1991,-1290.34492186937
RGI60-13.45365,1992,-178.65025068823397
RGI60-13.45365,1993,1.044122001887253
RGI60-13.45365,1994,-684.9480733788002
RGI60-13.45365,1995,-1115.1460961724326
RGI60-13.45365,1996,-728.4712262485856
RGI60-13.45365,1997,-1353.8915265630744
RGI60-13.45365,1998,-1390.3703395654293
RGI60-13.45365,1999,-1142.2033557539357
RGI60-13.45365,2000,-975.2131087364547
RGI60-13.45365,2001,-1744.3591219963591
RGI60-13.45365,2002,-1439.9315645464314
RGI60-13.45365,2003,-582.0915522410891
RGI60-13.45365,2004,-1189.141476406673
RGI60-13.45365,2005,-1396.2011069378293
RGI60-13.45365,2006,-1498.783564254959
RGI60-13.45365,2007,-1361.2399380366858
RGI60-13.45365,2008,-1978.8848206006976
RGI60-13.45365,2009,-608.5939862501046
RGI60-13.45365,2010,-1273.9403060955442
RGI60-13.45365,2011,-1548.3017905203503
RGI60-13.45365,2012,-1561.7068640038212
RGI60-13.45365,2013,-867.2270919003342
RGI60-13.45365,2014,-922.8763203697215
RGI60-13.45365,2015,-1008.1489379595039
RGI60-13.45365,2016,-1649.4702224768039
RGI60-13.45365,2017,-1501.5042136664463
RGI60-13.45365,2018,-1334.3885152040423
RGI60-13.45365,2019,-1153.995497796156
RGI60-13.45366,1901,242.67244542793168
RGI60-13.45366,1902,90.24173468013669
RGI60-13.45366,1903,550.0507164525948
RGI60-13.45366,1904,-661.2601336225392
RGI60-13.45366,1905,-355.889757184833
RGI60-13.45366,1906,-692.5690228025924
RGI60-13.45366,1907,166.8462884041413
RGI60-13.45366,1908,-180.83355934122667
RGI60-13.45366,1909,-1059.7904752989837
RGI60-13.45366,1910,-567.0837377089239
RGI60-13.45366,1911,432.43417344302935
RGI60-13.45366,1912,138.40181097317017
RGI60-13.45366,1913,453.91642196627254
RGI60-13.45366,1914,-119.48353623507285
RGI60-13.45366,1915,-1144.9038670342545
RGI60-13.45366,1916,-689.6978014590272
RGI60-13.45366,1917,-571.0186553192871
RGI60-13.45366,1918,-883.7260349962926
RGI60-13.45366,1919,678.5214679313589
RGI60-13.45366,1920,-188.4232948755443
RGI60-13.45366,1921,-173.8537607804396
RGI60-13.45366,1922,-728.5071118309015
RGI60-13.45366,1923,-952.6072584651762
RGI60-13.45366,1924,-843.799118355741
RGI60-13.45366,1925,441.05749732348227
RGI60-13.45366,1926,338.5195194219038
RGI60-13.45366,1927,-343.6345459566748
RGI60-13.45366,1928,216.61639818053223
RGI60-13.45366,1929,243.58383013943916
RGI60-13.45366,1930,865.0700084706418
RGI60-13.45366,1931,-270.64079013882775
RGI60-13.45366,1932,146.1776372289932
RGI60-13.45366,1933,-829.95703850121
RGI60-13.45366,1934,422.1002368421491
RGI60-13.45366,1935,-892.8613051849077
RGI60-13.45366,1936,169.3348345314052
RGI60-13.45366,1937,377.1048439478945
RGI60-13.45366,1938,238.31338674024124
RGI60-13.45366,1939,-236.27826181570506
RGI60-13.45366,1940,-494.36246954825907
RGI60-13.45366,1941,-77.29449640084925
RGI60-13.45366,1942,1334.0095151698777
RGI60-13.45366,1943,-1162.1254429441037
RGI60-13.45366,1944,-971.6413019484486
RGI60-13.45366,1945,-1338.718098737529
RGI60-13.45366,1946,574.6965304833183
RGI60-13.45366,1947,136.1971878795827
RGI60-13.45366,1948,-902.8152196920018
RGI60-13.45366,1949,-33.87499523906729
RGI60-13.45366,1950,-845.5351728847155
RGI60-13.45366,1951,-368.5491315670914
RGI60-13.45366,1952,-337.02463354832986
RGI60-13.45366,1953,-134.02380710526978
RGI60-13.45366,1954,508.8995684356928
RGI60-13.45366,1955,-567.963013962914
RGI60-13.45366,1956,-126.90434696247024
RGI60-13.45366,1957,-281.35381775247794
RGI60-13.45366,1958,707.7130187708689
RGI60-13.45366,1959,675.8997143821186
RGI60-13.45366,1960,362.13958816140195
RGI60-13.45366,1961,244.41798030802775
RGI60-13.45366,1962,-1226.3427454882888
RGI60-13.45366,1963,-208.10974155300607
RGI60-13.45366,1964,-237.49940188778623
RGI60-13.45366,1965,-893.4054898635283
RGI60-13.45366,1966,-550.9481882286142
RGI60-13.45366,1967,-77.39260830524533
RGI60-13.45366,1968,-689.9277239165154
RGI60-13.45366,1969,236.73304436993357
RGI60-13.45366,1970,-33.29035087538387
RGI60-13.45366,1971,137.37522037861183
RGI60-13.45366,1972,397.3495861689107
RGI60-13.45366,1973,-690.3150314852548
RGI60-13.45366,1974,-1293.2821697112668
RGI60-13.45366,1975,-584.6805603321343
RGI60-13.45366,1976,207.7513735908477
RGI60-13.45366,1977,-931.8886936425406
RGI60-13.45366,1978,-71.81835651045941
RGI60-13.45366,1979,561.35111097099
RGI60-13.45366,1980,-314.48003647135556
RGI60-13.45366,1981,-229.39858363299462
RGI60-13.45366,1982,19.570369663372137
RGI60-13.45366,1983,-352.5037116696178
RGI60-13.45366,1984,189.27942346110407
RGI60-13.45366,1985,-356.46000459403683
RGI60-13.45366,1986,-304.8336983156712
RGI60-13.45366,1987,-497.21860388907214
RGI60-13.45366,1988,599.0339698688638
RGI60-13.45366,1989,278.0372010116525
RGI60-13.45366,1990,-235.94338194315702
RGI60-13.45366,1991,-591.9233561316883
RGI60-13.45366,1992,610.9444291609124
RGI60-13.45366,1993,757.8146074002047
RGI60-13.45366,1994,-52.20459568420433
RGI60-13.45366,1995,-483.23964649612446
RGI60-13.45366,1996,-60.941597216208415
RGI60-13.45366,1997,-683.2266591691174
RGI60-13.45366,1998,-846.7156313720849
RGI60-13.45366,1999,-529.827063682298
RGI60-13.45366,2000,-671.9809984293634
RGI60-13.45366,2001,-1287.8086547675039
RGI60-13.45366,2002,-856.0939358293385
RGI60-13.45366,2003,299.7817010340076
RGI60-13.45366,2004,-553.2860900506089
RGI60-13.45366,2005,-692.4942567250566
RGI60-13.45366,2006,-991.7377395960274
RGI60-13.45366,2007,-763.1100882195599
RGI60-13.45366,2008,-1426.5212650364685
RGI60-13.45366,2009,9.08046376852825
RGI60-13.45366,2010,-709.2033944218356
RGI60-13.45366,2011,-1092.990484215061
RGI60-13.45366,2012,-1115.9347397699332
RGI60-13.45366,2013,-219.19428303841508
RGI60-13.45366,2014,-320.03815576012244
RGI60-13.45366,2015,-410.7756194668235
RGI60-13.45366,2016,-927.9742295881321
RGI60-13.45366,2017,-957.464271755662
RGI60-13.45366,2018,-879.3667592233919
RGI60-13.45366,2019,-638.8871989092496
RGI60-13.45367,1901,-116.94679364232087
RGI60-13.45367,1902,-339.82076684647683
RGI60-13.45367,1903,164.88540703449905
RGI60-13.45367,1904,-1060.5073684036515
RGI60-13.45367,1905,-733.0907817336619
RGI60-13.45367,1906,-1114.7293507016955
RGI60-13.45367,1907,-151.84756780848025
RGI60-13.45367,1908,-517.1696051873148
RGI60-13.45367,1909,-1367.4217485615916
RGI60-13.45367,1910,-921.7169583858798
RGI60-13.45367,1911,-26.18837118342397
RGI60-13.45367,1912,-289.4169548571212
RGI60-13.45367,1913,39.39012779143759
RGI60-13.45367,1914,-516.7342717057566
RGI60-13.45367,1915,-1473.6588887051832
RGI60-13.45367,1916,-1072.2203377994895
RGI60-13.45367,1917,-935.9455128292115
RGI60-13.45367,1918,-1188.6367337741074
RGI60-13.45367,1919,338.2713566711968
RGI60-13.45367,1920,-604.8532758569761
RGI60-13.45367,1921,-490.9483799782292
RGI60-13.45367,1922,-1092.7525906150738
RGI60-13.45367,1923,-1228.3277684886932
RGI60-13.45367,1924,-1032.83453749116
RGI60-13.45367,1925,121.89637461581582
RGI60-13.45367,1926,-36.83628742275263
RGI60-13.45367,1927,-539.7599334123014
RGI60-13.45367,1928,-186.5242219188647
RGI60-13.45367,1929,-174.6795192355374
RGI60-13.45367,1930,480.8813324791183
RGI60-13.45367,1931,-662.618351974891
RGI60-13.45367,1932,-27.436468368047663
RGI60-13.45367,1933,-1111.5007633399216
RGI60-13.45367,1934,-75.87915938442183
RGI60-13.45367,1935,-1242.4543397284083
RGI60-13.45367,1936,-184.8481038282913
RGI60-13.45367,1937,70.79365948653752
RGI60-13.45367,1938,-69.37013843176425
RGI60-13.45367,1939,-577.2124572557035
RGI60-13.45367,1940,-872.5176163507945
RGI60-13.45367,1941,-507.44029399875564
RGI60-13.45367,1942,833.1486466859881
RGI60-13.45367,1943,-1341.7815285821214
RGI60-13.45367,1944,-1291.4623729585287
RGI60-13.45367,1945,-1670.8231626476736
RGI60-13.45367,1946,304.14973354280585
RGI60-13.45367,1947,-202.56922846450163
RGI60-13.45367,1948,-1117.4684605545397
RGI60-13.45367,1949,-396.16930711729816
RGI60-13.45367,1950,-1156.4954460656309
RGI60-13.45367,1951,-808.6348796757583
RGI60-13.45367,1952,-543.7323423693108
RGI60-13.45367,1953,-614.329966229074
RGI60-13.45367,1954,156.41726062734708
RGI60-13.45367,1955,-946.5906620641977
RGI60-13.45367,1956,-292.86043819584654
RGI60-13.45367,1957,-691.5623224340203
RGI60-13.45367,1958,451.3006049017193
RGI60-13.45367,1959,114.26821828998416
RGI60-13.45367,1960,39.49236247926348
RGI60-13.45367,1961,-181.9576229710674
RGI60-13.45367,1962,-1518.5468700964475
RGI60-13.45367,1963,-613.7619778552008
RGI60-13.45367,1964,-613.5602208862413
RGI60-13.45367,1965,-1254.067975226479
RGI60-13.45367,1966,-970.5914142296348
RGI60-13.45367,1967,-486.0854101148059
RGI60-13.45367,1968,-1053.3224710097334
RGI60-13.45367,1969,-71.86080139366535
RGI60-13.45367,1970,-463.6173458923513
RGI60-13.45367,1971,-338.56168583500624
RGI60-13.45367,1972,-96.25108332160953
RGI60-13.45367,1973,-1020.3141958555442
RGI60-13.45367,1974,-1608.7742235219557
RGI60-13.45367,1975,-882.2315556853684
RGI60-13.45367,1976,-224.05015741189172
RGI60-13.45367,1977,-1291.8637525248187
RGI60-13.45367,1978,-418.7076305018206
RGI60-13.45367,1979,187.4928516970358
RGI60-13.45367,1980,-548.3555424476326
RGI60-13.45367,1981,-628.9080047339049
RGI60-13.45367,1982,-439.15520146682087
RGI60-13.45367,1983,-554.2315869998579
RGI60-13.45367,1984,-130.90800203428108
RGI60-13.45367,1985,-594.6948393979071
RGI60-13.45367,1986,-491.57811210431464
RGI60-13.45367,1987,-625.5176767101217
RGI60-13.45367,1988,174.149287924304
RGI60-13.45367,1989,-31.09202468645675
RGI60-13.45367,1990,-652.2927918194162
RGI60-13.45367,1991,-1000.5630531071408
RGI60-13.45367,1992,154.75174890002705
RGI60-13.45367,1993,339.40165497716356
RGI60-13.45367,1994,-425.93316959248733
RGI60-13.45367,1995,-857.9087771474585
RGI60-13.45367,1996,-467.353169583044
RGI60-13.45367,1997,-1060.740446213332
RGI60-13.45367,1998,-1180.0445268984026
RGI60-13.45367,1999,-875.5891241192153
RGI60-13.45367,2000,-797.2778431880555
RGI60-13.45367,2001,-1546.5923515274787
RGI60-13.45367,2002,-1199.1584800098083
RGI60-13.45367,2003,-222.59296321643274
RGI60-13.45367,2004,-927.8658233262204
RGI60-13.45367,2005,-1093.5793126432488
RGI60-13.45367,2006,-1289.6501089074295
RGI60-13.45367,2007,-1129.261683772308
RGI60-13.45367,2008,-1736.1009648216113
RGI60-13.45367,2009,-353.79167742806516
RGI60-13.45367,2010,-1044.3046371274727
RGI60-13.45367,2011,-1366.9254621700934
RGI60-13.45367,2012,-1377.7535273791182
RGI60-13.45367,2013,-608.2569415690605
RGI60-13.45367,2014,-670.9289694403084
RGI60-13.45367,2015,-750.2936305400526
RGI60-13.45367,2016,-1358.141899226026
RGI60-13.45367,2017,-1266.8913412193488
RGI60-13.45367,2018,-1159.3576511898252
RGI60-13.45367,2019,-907.2747312980348
RGI60-13.45368,1901,164.5737682281591
RGI60-13.45368,1902,-9.157032553366374
RGI60-13.45368,1903,451.0501818823997
RGI60-13.45368,1904,-740.1056490635499
RGI60-13.45368,1905,-429.2737504273463
RGI60-13.45368,1906,-788.4332187525287
RGI60-13.45368,1907,112.6626614553663
RGI60-13.45368,1908,-244.2481893668936
RGI60-13.45368,1909,-1071.3576302315744
RGI60-13.45368,1910,-629.4821987500058
RGI60-13.45368,1911,305.28277895722425
RGI60-13.45368,1912,14.71003143624187
RGI60-13.45368,1913,350.72053440750926
RGI60-13.45368,1914,-208.14880283311896
RGI60-13.45368,1915,-1183.2030101399214
RGI60-13.45368,1916,-766.9750607194392
RGI60-13.45368,1917,-634.6040821014517
RGI60-13.45368,1918,-911.4340872200548
RGI60-13.45368,1919,612.57951551815
RGI60-13.45368,1920,-277.6439817638781
RGI60-13.45368,1921,-220.44013505808303
RGI60-13.45368,1922,-804.1426130534575
RGI60-13.45368,1923,-955.8583045975807
RGI60-13.45368,1924,-809.7663176920488
RGI60-13.45368,1925,357.4485399674293
RGI60-13.45368,1926,244.78235836110568
RGI60-13.45368,1927,-340.69320122817146
RGI60-13.45368,1928,121.12253099497033
RGI60-13.45368,1929,126.36127153415102
RGI60-13.45368,1930,761.9658147987441
RGI60-13.45368,1931,-353.6942700447922
RGI60-13.45368,1932,151.91643121221307
RGI60-13.45368,1933,-848.323493539627
RGI60-13.45368,1934,270.8063309184446
RGI60-13.45368,1935,-944.7033386283773
RGI60-13.45368,1936,82.71071909462954
RGI60-13.45368,1937,314.69382041452934
RGI60-13.45368,1938,170.9245109700182
RGI60-13.45368,1939,-281.8950719343779
RGI60-13.45368,1940,-545.8981228369229
RGI60-13.45368,1941,-175.9355547763227
RGI60-13.45368,1942,1195.8626105267208
RGI60-13.45368,1943,-1113.8099606626952
RGI60-13.45368,1944,-1004.1009425738687
RGI60-13.45368,1945,-1342.6238876524392
RGI60-13.45368,1946,522.0234089894225
RGI60-13.45368,1947,60.12653990950825
RGI60-13.45368,1948,-873.7674172703639
RGI60-13.45368,1949,-91.27494200120141
RGI60-13.45368,1950,-872.0798889433785
RGI60-13.45368,1951,-450.329091539781
RGI60-13.45368,1952,-341.28896108021416
RGI60-13.45368,1953,-227.69852595248784
RGI60-13.45368,1954,406.0420775651393
RGI60-13.45368,1955,-636.9714174460786
RGI60-13.45368,1956,-119.79700216000151
RGI60-13.45368,1957,-373.68851254945224
RGI60-13.45368,1958,644.1628786229886
RGI60-13.45368,1959,512.822582372833
RGI60-13.45368,1960,279.94381155222646
RGI60-13.45368,1961,124.73119867880234
RGI60-13.45368,1962,-1217.578333335538
RGI60-13.45368,1963,-296.8691200549699
RGI60-13.45368,1964,-317.7874582350252
RGI60-13.45368,1965,-930.3447797765269
RGI60-13.45368,1966,-614.6561951256297
RGI60-13.45368,1967,-184.63314867409136
RGI60-13.45368,1968,-751.2719703152658
RGI60-13.45368,1969,175.2963125232611
RGI60-13.45368,1970,-148.79839631623872
RGI60-13.45368,1971,-1.694257579390348
RGI60-13.45368,1972,248.07551713393062
RGI60-13.45368,1973,-736.8807425188452
RGI60-13.45368,1974,-1285.428063963718
RGI60-13.45368,1975,-612.0052777208429
RGI60-13.45368,1976,100.47820458882116
RGI60-13.45368,1977,-963.2315388310823
RGI60-13.45368,1978,-129.04282464971553
RGI60-13.45368,1979,469.8509437689027
RGI60-13.45368,1980,-322.7984240183823
RGI60-13.45368,1981,-329.5652739554842
RGI60-13.45368,1982,-94.21448517249176
RGI60-13.45368,1983,-345.916277303122
RGI60-13.45368,1984,132.27144190196495
RGI60-13.45368,1985,-371.7865633300208
RGI60-13.45368,1986,-283.642775368875
RGI60-13.45368,1987,-461.4286324478013
RGI60-13.45368,1988,487.5049195317448
RGI60-13.45368,1989,220.7775114901888
RGI60-13.45368,1990,-338.5368883226751
RGI60-13.45368,1991,-661.4870934787737
RGI60-13.45368,1992,476.182283871842
RGI60-13.45368,1993,640.909843025163
RGI60-13.45368,1994,-122.35342900641184
RGI60-13.45368,1995,-556.702228235664
RGI60-13.45368,1996,-165.84227841040072
RGI60-13.45368,1997,-733.6508365716304
RGI60-13.45368,1998,-883.8792804909145
RGI60-13.45368,1999,-555.6025839958965
RGI60-13.45368,2000,-581.2040760957622
RGI60-13.45368,2001,-1264.8557854963826
RGI60-13.45368,2002,-869.5800018187741
RGI60-13.45368,2003,149.26017896790327
RGI60-13.45368,2004,-608.1003804593669
RGI60-13.45368,2005,-739.9744258265058
RGI60-13.45368,2006,-997.8191127395012
RGI60-13.45368,2007,-824.8759241006353
RGI60-13.45368,2008,-1405.2931274579096
RGI60-13.45368,2009,-66.9728427555525
RGI60-13.45368,2010,-738.9575285223112
RGI60-13.45368,2011,-1092.910045142278
RGI60-13.45368,2012,-1103.9401218788055
RGI60-13.45368,2013,-304.41316206469475
RGI60-13.45368,2014,-367.44568893237323
RGI60-13.45368,2015,-430.6376381266504
RGI60-13.45368,2016,-982.6851750620373
RGI60-13.45368,2017,-953.0800016702657
RGI60-13.45368,2018,-885.6548773593238
RGI60-13.45368,2019,-610.8602634588041
RGI60-13.45369,1901,89.22925578503568
RGI60-13.45369,1902,-69.48887596734338
RGI60-13.45369,1903,299.6629579604385
RGI60-13.45369,1904,-985.1607567545416
RGI60-13.45369,1905,-642.6621742189085
RGI60-13.45369,1906,-1041.4713259998312
RGI60-13.45369,1907,100.74586052182386
RGI60-13.45369,1908,-325.10867465492504
RGI60-13.45369,1909,-1216.6824799338403
RGI60-13.45369,1910,-784.8281158454172
RGI60-13.45369,1911,100.05647712490396
RGI60-13.45369,1912,-276.113758230534
RGI60-13.45369,1913,135.08630654620706
RGI60-13.45369,1914,-379.85757245044516
RGI60-13.45369,1915,-1311.8558210192289
RGI60-13.45369,1916,-963.3105236266883
RGI60-13.45369,1917,-878.0049877485312
RGI60-13.45369,1918,-967.860471396058
RGI60-13.45369,1919,637.9385854870122
RGI60-13.45369,1920,-384.28704055575344
RGI60-13.45369,1921,-257.9741515515189
RGI60-13.45369,1922,-1001.5819499333069
RGI60-13.45369,1923,-976.4688469465899
RGI60-13.45369,1924,-826.1970264380283
RGI60-13.45369,1925,267.13719830549536
RGI60-13.45369,1926,57.12726344975904
RGI60-13.45369,1927,-262.7112122087735
RGI60-13.45369,1928,18.10882595220175
RGI60-13.45369,1929,-75.20742625616833
RGI60-13.45369,1930,694.3966867991049
RGI60-13.45369,1931,-425.13943419801626
RGI60-13.45369,1932,162.9442468215994
RGI60-13.45369,1933,-905.6205772036641
RGI60-13.45369,1934,-21.587691023985826
RGI60-13.45369,1935,-1039.532297959887
RGI60-13.45369,1936,-112.51052207514286
RGI60-13.45369,1937,180.0490674585986
RGI60-13.45369,1938,84.45676913900051
RGI60-13.45369,1939,-319.5671832071787
RGI60-13.45369,1940,-655.2517647713926
RGI60-13.45369,1941,-248.15569383351428
RGI60-13.45369,1942,1266.23013455305
RGI60-13.45369,1943,-1130.257140760058
RGI60-13.45369,1944,-1094.0332287982858
RGI60-13.45369,1945,-1458.5241747088821
RGI60-13.45369,1946,528.4454855409317
RGI60-13.45369,1947,-113.66832432422368
RGI60-13.45369,1948,-898.6080584645301
RGI60-13.45369,1949,-144.34524828913976
RGI60-13.45369,1950,-984.4572392727032
RGI60-13.45369,1951,-709.0913882123701
RGI60-13.45369,1952,-271.4426117476142
RGI60-13.45369,1953,-440.63910614411475
RGI60-13.45369,1954,258.67999895451237
RGI60-13.45369,1955,-699.819829210953
RGI60-13.45369,1956,-11.427279334316774
RGI60-13.45369,1957,-536.5264642364757
RGI60-13.45369,1958,625.185459046629
RGI60-13.45369,1959,115.9842173738843
RGI60-13.45369,1960,133.40144201844316
RGI60-13.45369,1961,-107.4850678841666
RGI60-13.45369,1962,-1291.802003758309
RGI60-13.45369,1963,-505.65190221230694
RGI60-13.45369,1964,-450.33588413423035
RGI60-13.45369,1965,-1110.6889334338043
RGI60-13.45369,1966,-749.173011653067
RGI60-13.45369,1967,-404.4715338698467
RGI60-13.45369,1968,-928.3252968461303
RGI60-13.45369,1969,79.65770096920544
RGI60-13.45369,1970,-388.8199026903562
RGI60-13.45369,1971,-208.8552553044407
RGI60-13.45369,1972,-89.60030605199255
RGI60-13.45369,1973,-847.5570989046911
RGI60-13.45369,1974,-1400.2611218013108
RGI60-13.45369,1975,-697.6470009876896
RGI60-13.45369,1976,-103.96763067366065
RGI60-13.45369,1977,-1094.2788371202296
RGI60-13.45369,1978,-284.6749237747802
RGI60-13.45369,1979,369.8165671855564
RGI60-13.45369,1980,-335.2932289085014
RGI60-13.45369,1981,-497.6897512445863
RGI60-13.45369,1982,-325.96257756422733
RGI60-13.45369,1983,-305.76862005419474
RGI60-13.45369,1984,48.46120058968473
RGI60-13.45369,1985,-430.15351167778755
RGI60-13.45369,1986,-213.85450942362615
RGI60-13.45369,1987,-272.0306536416651
RGI60-13.45369,1988,301.47605241231247
RGI60-13.45369,1989,185.1874833809466
RGI60-13.45369,1990,-507.9972951455169
RGI60-13.45369,1991,-879.905500881517
RGI60-13.45369,1992,226.7166256185721
RGI60-13.45369,1993,397.8471722628649
RGI60-13.45369,1994,-162.74421807565676
RGI60-13.45369,1995,-690.620353316012
RGI60-13.45369,1996,-278.14284628826124
RGI60-13.45369,1997,-908.8749844878223
RGI60-13.45369,1998,-865.7209798701177
RGI60-13.45369,1999,-604.034327708722
RGI60-13.45369,2000,-414.180181164623
RGI60-13.45369,2001,-1247.4279443329738
RGI60-13.45369,2002,-893.7571827514969
RGI60-13.45369,2003,-145.00413936645606
RGI60-13.45369,2004,-732.2001560065338
RGI60-13.45369,2005,-915.613302690983
RGI60-13.45369,2006,-1030.5539868385647
RGI60-13.45369,2007,-884.2756003943181
RGI60-13.45369,2008,-1469.6440360964696
RGI60-13.45369,2009,-138.09053908356978
RGI60-13.45369,2010,-789.4515235180854
RGI60-13.45369,2011,-1078.593298220751
RGI60-13.45369,2012,-1066.9497695464295
RGI60-13.45369,2013,-405.4539842109798
RGI60-13.45369,2014,-414.67408363296687
RGI60-13.45369,2015,-404.2489815245768
RGI60-13.45369,2016,-1102.490482775708
RGI60-13.45369,2017,-959.7057411998707
RGI60-13.45369,2018,-805.1408679774758
RGI60-13.45369,2019,-570.544198667184
RGI60-13.45370,1901,249.98449308511104
RGI60-13.45370,1902,124.42812340734322
RGI60-13.45370,1903,459.7596801887173
RGI60-13.45370,1904,-910.9709346330501
RGI60-13.45370,1905,-548.0949983976857
RGI60-13.45370,1906,-963.5901475181925
RGI60-13.45370,1907,267.9818029776729
RGI60-13.45370,1908,-197.75907975547034
RGI60-13.45370,1909,-1156.6185417178353
RGI60-13.45370,1910,-693.7614579278835
RGI60-13.45370,1911,258.13524989725033
RGI60-13.45370,1912,-186.54171074113037
RGI60-13.45370,1913,276.7572067534468
RGI60-13.45370,1914,-261.27863785426206
RGI60-13.45370,1915,-1243.3562820506784
RGI60-13.45370,1916,-883.4371034509207
RGI60-13.45370,1917,-811.1790581168958
RGI60-13.45370,1918,-872.6611887238472
RGI60-13.45370,1919,852.374568954222
RGI60-13.45370,1920,-224.31368814668352
RGI60-13.45370,1921,-117.8942707140526
RGI60-13.45370,1922,-937.3630998723762
RGI60-13.45370,1923,-880.1246598742549
RGI60-13.45370,1924,-757.0726032998238
RGI60-13.45370,1925,407.2082619202126
RGI60-13.45370,1926,182.85325072530497
RGI60-13.45370,1927,-137.99783103199073
RGI60-13.45370,1928,181.1019715417964
RGI60-13.45370,1929,45.416497214987935
RGI60-13.45370,1930,888.045983003662
RGI60-13.45370,1931,-270.3401944537972
RGI60-13.45370,1932,275.3633482757054
RGI60-13.45370,1933,-821.7692307954932
RGI60-13.45370,1934,116.65987357762663
RGI60-13.45370,1935,-939.1292744559443
RGI60-13.45370,1936,-16.995955837975895
RGI60-13.45370,1937,296.29975327050573
RGI60-13.45370,1938,212.5199351354865
RGI60-13.45370,1939,-171.80809067489622
RGI60-13.45370,1940,-523.5577952597596
RGI60-13.45370,1941,-59.648519528256955
RGI60-13.45370,1942,1606.7133953353152
RGI60-13.45370,1943,-1078.218271118495
RGI60-13.45370,1944,-1005.7326602493341
RGI60-13.45370,1945,-1384.2881698792637
RGI60-13.45370,1946,688.2583815135063
RGI60-13.45370,1947,-9.272394756097373
RGI60-13.45370,1948,-822.9527644797876
RGI60-13.45370,1949,18.50587893806431
RGI60-13.45370,1950,-910.1496862899226
RGI60-13.45370,1951,-609.297990314122
RGI60-13.45370,1952,-147.02624024952866
RGI60-13.45370,1953,-297.4668412614524
RGI60-13.45370,1954,395.72533573839837
RGI60-13.45370,1955,-556.0018294550889
RGI60-13.45370,1956,113.17551504044633
RGI60-13.45370,1957,-410.3240857079161
RGI60-13.45370,1958,777.0110120442423
RGI60-13.45370,1959,257.1756949734774
RGI60-13.45370,1960,247.4909825992771
RGI60-13.45370,1961,7.923502389921711
RGI60-13.45370,1962,-1216.140191657444
RGI60-13.45370,1963,-399.167672149357
RGI60-13.45370,1964,-329.5083927169516
RGI60-13.45370,1965,-1034.8044895808762
RGI60-13.45370,1966,-609.3193815116931
RGI60-13.45370,1967,-306.3724638565293
RGI60-13.45370,1968,-849.5462642294308
RGI60-13.45370,1969,203.4750924664588
RGI60-13.45370,1970,-270.41861870329416
RGI60-13.45370,1971,-54.234682556109924
RGI60-13.45370,1972,25.241439751431002
RGI60-13.45370,1973,-757.6770221166263
RGI60-13.45370,1974,-1324.732837336594
RGI60-13.45370,1975,-604.5894102892097
RGI60-13.45370,1976,35.361369447724094
RGI60-13.45370,1977,-994.7259840227163
RGI60-13.45370,1978,-177.8776338028914
RGI60-13.45370,1979,534.2518848175786
RGI60-13.45370,1980,-226.7258883689287
RGI60-13.45370,1981,-383.27742032128054
RGI60-13.45370,1982,-191.2361811338829
RGI60-13.45370,1983,-193.3115744301138
RGI60-13.45370,1984,181.07030074763912
RGI60-13.45370,1985,-342.62017233079104
RGI60-13.45370,1986,-92.13404116995069
RGI60-13.45370,1987,-138.77948021718458
RGI60-13.45370,1988,460.5304388858086
RGI60-13.45370,1989,341.6318738266725
RGI60-13.45370,1990,-382.68921107778203
RGI60-13.45370,1991,-781.5382423808504
RGI60-13.45370,1992,373.4413352352963
RGI60-13.45370,1993,537.497908047113
RGI60-13.45370,1994,7.253112229516423
RGI60-13.45370,1995,-581.0480542277194
RGI60-13.45370,1996,-130.7633642092066
RGI60-13.45370,1997,-814.7714329950286
RGI60-13.45370,1998,-718.6653135214674
RGI60-13.45370,1999,-460.8813942485182
RGI60-13.45370,2000,-283.87290227449364
RGI60-13.45370,2001,-1151.8461558209303
RGI60-13.45370,2002,-748.937800247961
RGI60-13.45370,2003,5.5334824702570335
RGI60-13.45370,2004,-608.6594935806128
RGI60-13.45370,2005,-804.1624755603908
RGI60-13.45370,2006,-925.9865260556539
RGI60-13.45370,2007,-753.9432043291768
RGI60-13.45370,2008,-1386.92443421624
RGI60-13.45370,2009,7.498800099681441
RGI60-13.45370,2010,-661.7111660890849
RGI60-13.45370,2011,-971.6152819884463
RGI60-13.45370,2012,-955.2581985188505
RGI60-13.45370,2013,-266.861619823799
RGI60-13.45370,2014,-265.5595393652711
RGI60-13.45370,2015,-229.28995827024065
RGI60-13.45370,2016,-961.8153028689572
RGI60-13.45370,2017,-833.206193294174
RGI60-13.45370,2018,-661.5987561895402
RGI60-13.45370,2019,-429.7832740761034
RGI60-13.45371,1901,164.1763866532504
RGI60-13.45371,1902,11.509775839444305
RGI60-13.45371,1903,407.16060332178654
RGI60-13.45371,1904,-717.9214541365856
RGI60-13.45371,1905,-421.20752698427486
RGI60-13.45371,1906,-771.1482898389119
RGI60-13.45371,1907,135.06490872509852
RGI60-13.45371,1908,-217.54588547603166
RGI60-13.45371,1909,-975.4150613306992
RGI60-13.45371,1910,-593.4756277681865
RGI60-13.45371,1911,254.3877374221475
RGI60-13.45371,1912,-49.6209497665141
RGI60-13.45371,1913,295.85159970449286
RGI60-13.45371,1914,-203.95199799810334
RGI60-13.45371,1915,-1087.7128593782593
RGI60-13.45371,1916,-730.3420156882081
RGI60-13.45371,1917,-615.4589541031276
RGI60-13.45371,1918,-812.08366804156
RGI60-13.45371,1919,614.5531192365958
RGI60-13.45371,1920,-253.70476714017153
RGI60-13.45371,1921,-174.8916225972201
RGI60-13.45371,1922,-768.5018938014927
RGI60-13.45371,1923,-838.5498288701821
RGI60-13.45371,1924,-701.7460689054961
RGI60-13.45371,1925,332.51926165428824
RGI60-13.45371,1926,201.84453114969867
RGI60-13.45371,1927,-249.78640959387377
RGI60-13.45371,1928,118.14608741434948
RGI60-13.45371,1929,89.33214284754052
RGI60-13.45371,1930,711.6056126136951
RGI60-13.45371,1931,-316.5265125049708
RGI60-13.45371,1932,188.98342278467786
RGI60-13.45371,1933,-755.000280773046
RGI60-13.45371,1934,194.99796209510288
RGI60-13.45371,1935,-862.6070538538347
RGI60-13.45371,1936,48.5977134596184
RGI60-13.45371,1937,280.1754926387121
RGI60-13.45371,1938,167.40952888086505
RGI60-13.45371,1939,-224.40635197031585
RGI60-13.45371,1940,-484.5871042566456
RGI60-13.45371,1941,-154.42366162728356
RGI60-13.45371,1942,1160.7785254375397
RGI60-13.45371,1943,-977.1004421115031
RGI60-13.45371,1944,-912.1580938321796
RGI60-13.45371,1945,-1217.7068117502145
RGI60-13.45371,1946,527.0857512811599
RGI60-13.45371,1947,33.490295157285026
RGI60-13.45371,1948,-763.3804236082814
RGI60-13.45371,1949,-53.142241319822894
RGI60-13.45371,1950,-786.6528690477229
RGI60-13.45371,1951,-440.33905877734304
RGI60-13.45371,1952,-250.63533570857112
RGI60-13.45371,1953,-222.32274990949853
RGI60-13.45371,1954,357.1015247080017
RGI60-13.45371,1955,-574.1221828884876
RGI60-13.45371,1956,-40.15344185177454
RGI60-13.45371,1957,-361.9419178183977
RGI60-13.45371,1958,612.1845026176608
RGI60-13.45371,1959,388.9709745790818
RGI60-13.45371,1960,246.8250547751273
RGI60-13.45371,1961,76.84996787105752
RGI60-13.45371,1962,-1081.262422498368
RGI60-13.45371,1963,-295.1209793868098
RGI60-13.45371,1964,-303.92387451295116
RGI60-13.45371,1965,-852.7841224000412
RGI60-13.45371,1966,-555.092233008924
RGI60-13.45371,1967,-202.90535214798282
RGI60-13.45371,1968,-702.9079966001591
RGI60-13.45371,1969,171.1648265766801
RGI60-13.45371,1970,-190.70515112216125
RGI60-13.45371,1971,-39.11518887812612
RGI60-13.45371,1972,161.1197917740454
RGI60-13.45371,1973,-674.9143429423476
RGI60-13.45371,1974,-1156.8209690078654
RGI60-13.45371,1975,-543.6830737606166
RGI60-13.45371,1976,68.6457429882317
RGI60-13.45371,1977,-873.9442623079947
RGI60-13.45371,1978,-120.80232430918726
RGI60-13.45371,1979,440.9683640578953
RGI60-13.45371,1980,-258.91054024713935
RGI60-13.45371,1981,-328.94882658269006
RGI60-13.45371,1982,-118.02521650463513
RGI60-13.45371,1983,-260.2349412283658
RGI60-13.45371,1984,135.41146778384638
RGI60-13.45371,1985,-321.5001936440871
RGI60-13.45371,1986,-188.80361074618276
RGI60-13.45371,1987,-325.05027064600756
RGI60-13.45371,1988,427.51043906188494
RGI60-13.45371,1989,228.42491737082727
RGI60-13.45371,1990,-334.22270702488356
RGI60-13.45371,1991,-626.9500781843369
RGI60-13.45371,1992,389.3513792421027
RGI60-13.45371,1993,554.0795879710272
RGI60-13.45371,1994,-81.18643989754956
RGI60-13.45371,1995,-519.1080781629917
RGI60-13.45371,1996,-151.21540102194848
RGI60-13.45371,1997,-674.1363447396542
RGI60-13.45371,1998,-759.2286053820015
RGI60-13.45371,1999,-467.0167361996679
RGI60-13.45371,2000,-404.6570428276121
RGI60-13.45371,2001,-1096.6649454416463
RGI60-13.45371,2002,-742.4053043304149
RGI60-13.45371,2003,85.18898205486549
RGI60-13.45371,2004,-551.7418809986548
RGI60-13.45371,2005,-672.5523982396168
RGI60-13.45371,2006,-873.99989313787
RGI60-13.45371,2007,-738.4866930831506
RGI60-13.45371,2008,-1254.653780673629
RGI60-13.45371,2009,-44.67173350184748
RGI60-13.45371,2010,-647.0918592885379
RGI60-13.45371,2011,-953.1018555106842
RGI60-13.45371,2012,-955.9658663166314
RGI60-13.45371,2013,-275.94232851527846
RGI60-13.45371,2014,-303.5308748599613
RGI60-13.45371,2015,-328.6698671051735
RGI60-13.45371,2016,-899.2346979600095
RGI60-13.45371,2017,-817.9908559026499
RGI60-13.45371,2018,-745.1021699119657
RGI60-13.45371,2019,-474.7249344495338
RGI60-13.45372,1901,-475.5731536852482
RGI60-13.45372,1902,-706.1735474905306
RGI60-13.45372,1903,-260.7529935099314
RGI60-13.45372,1904,-1406.8180609770197
RGI60-13.45372,1905,-1106.4897228169443
RGI60-13.45372,1906,-1457.0216960904543
RGI60-13.45372,1907,-480.5806477614378
RGI60-13.45372,1908,-841.7988557693512
RGI60-13.45372,1909,-1664.020550139996
RGI60-13.45372,1910,-1238.1884750784116
RGI60-13.45372,1911,-474.829822454444
RGI60-13.45372,1912,-733.490796540478
RGI60-13.45372,1913,-434.9508307611461
RGI60-13.45372,1914,-900.3400390399455
RGI60-13.45372,1915,-1725.5810069561262
RGI60-13.45372,1916,-1397.525708286546
RGI60-13.45372,1917,-1336.275810790311
RGI60-13.45372,1918,-1424.4028145713955
RGI60-13.45372,1919,-56.38266021655628
RGI60-13.45372,1920,-927.8092477376412
RGI60-13.45372,1921,-792.1878774109127
RGI60-13.45372,1922,-1389.995305388944
RGI60-13.45372,1923,-1450.7242424765757
RGI60-13.45372,1924,-1257.4847529805809
RGI60-13.45372,1925,-222.13976735856738
RGI60-13.45372,1926,-465.37227816282285
RGI60-13.45372,1927,-735.2098036146241
RGI60-13.45372,1928,-559.4018049009995
RGI60-13.45372,1929,-600.5929505864418
RGI60-13.45372,1930,57.81329149716684
RGI60-13.45372,1931,-952.8718944671865
RGI60-13.45372,1932,-328.05811946151914
RGI60-13.45372,1933,-1351.7114825755675
RGI60-13.45372,1934,-560.510123358774
RGI60-13.45372,1935,-1507.2620064420826
RGI60-13.45372,1936,-592.495567875066
RGI60-13.45372,1937,-327.12938106783287
RGI60-13.45372,1938,-421.3551208522442
RGI60-13.45372,1939,-907.0174468277285
RGI60-13.45372,1940,-1190.247391734313
RGI60-13.45372,1941,-813.8988937918119
RGI60-13.45372,1942,403.1966094906556
RGI60-13.45372,1943,-1548.1945897278772
RGI60-13.45372,1944,-1522.8058870664001
RGI60-13.45372,1945,-1984.3665051222874
RGI60-13.45372,1946,-45.73271049387287
RGI60-13.45372,1947,-588.9506395912601
RGI60-13.45372,1948,-1348.3148808414385
RGI60-13.45372,1949,-734.5675020796095
RGI60-13.45372,1950,-1475.2845575333906
RGI60-13.45372,1951,-1310.5742808695832
RGI60-13.45372,1952,-750.3128204872678
RGI60-13.45372,1953,-1126.7951781980978
RGI60-13.45372,1954,-207.39159278966676
RGI60-13.45372,1955,-1198.3837420346947
RGI60-13.45372,1956,-467.3260165541522
RGI60-13.45372,1957,-1032.1194012321587
RGI60-13.45372,1958,146.42955908413103
RGI60-13.45372,1959,-528.5662902267032
RGI60-13.45372,1960,-336.07096322958864
RGI60-13.45372,1961,-626.8561543154349
RGI60-13.45372,1962,-1827.2868334212249
RGI60-13.45372,1963,-1003.6142930749605
RGI60-13.45372,1964,-936.0953078151143
RGI60-13.45372,1965,-1614.8918993494074
RGI60-13.45372,1966,-1359.3482063937643
RGI60-13.45372,1967,-910.7262084137487
RGI60-13.45372,1968,-1393.0869313937262
RGI60-13.45372,1969,-444.7804070366109
RGI60-13.45372,1970,-833.1271605972094
RGI60-13.45372,1971,-720.7465288677175
RGI60-13.45372,1972,-629.4282815963048
RGI60-13.45372,1973,-1292.9149876205543
RGI60-13.45372,1974,-1907.7393929511375
RGI60-13.45372,1975,-1199.521580596901
RGI60-13.45372,1976,-656.4567658044504
RGI60-13.45372,1977,-1629.6369419215584
RGI60-13.45372,1978,-839.718715283683
RGI60-13.45372,1979,-229.08792882742617
RGI60-13.45372,1980,-821.4652102468544
RGI60-13.45372,1981,-956.5662469740015
RGI60-13.45372,1982,-868.7538907448372
RGI60-13.45372,1983,-784.8810508207401
RGI60-13.45372,1984,-496.6602318155555
RGI60-13.45372,1985,-861.1935411933356
RGI60-13.45372,1986,-739.2058716307743
RGI60-13.45372,1987,-717.9058161198926
RGI60-13.45372,1988,-308.9629898751748
RGI60-13.45372,1989,-371.4847894176371
RGI60-13.45372,1990,-1002.525766947743
RGI60-13.45372,1991,-1369.9850865760393
RGI60-13.45372,1992,-320.87088453077297
RGI60-13.45372,1993,-171.09882933781785
RGI60-13.45372,1994,-753.6930867776856
RGI60-13.45372,1995,-1187.8166487277879
RGI60-13.45372,1996,-800.4224228323916
RGI60-13.45372,1997,-1463.3478954598716
RGI60-13.45372,1998,-1416.8134778220112
RGI60-13.45372,1999,-1227.7845448028777
RGI60-13.45372,2000,-1077.4893264181635
RGI60-13.45372,2001,-1775.7628777452896
RGI60-13.45372,2002,-1467.3162433732966
RGI60-13.45372,2003,-707.9974387877032
RGI60-13.45372,2004,-1253.6951417823504
RGI60-13.45372,2005,-1481.5839761408126
RGI60-13.45372,2006,-1524.2944965883469
RGI60-13.45372,2007,-1409.4814149055835
RGI60-13.45372,2008,-2024.2381751222783
RGI60-13.45372,2009,-688.288056874305
RGI60-13.45372,2010,-1305.1040317079273
RGI60-13.45372,2011,-1562.3679288491808
RGI60-13.45372,2012,-1588.2919058573098
RGI60-13.45372,2013,-941.5843866107185
RGI60-13.45372,2014,-981.5195302665436
RGI60-13.45372,2015,-1078.8751458498743
RGI60-13.45372,2016,-1692.8489654252628
RGI60-13.45372,2017,-1548.764532469217
RGI60-13.45372,2018,-1329.9171149720505
RGI60-13.45372,2019,-1240.5793102538084
RGI60-13.45373,1901,-352.9667087211986
RGI60-13.45373,1902,-574.9496907739456
RGI60-13.45373,1903,-134.3670231900968
RGI60-13.45373,1904,-1284.3044995605158
RGI60-13.45373,1905,-977.8591356228703
RGI60-13.45373,1906,-1337.3084735886066
RGI60-13.45373,1907,-351.7047837817457
RGI60-13.45373,1908,-711.1359922381564
RGI60-13.45373,1909,-1526.1042017651912
RGI60-13.45373,1910,-1110.3797846609632
RGI60-13.45373,1911,-350.1497829149592
RGI60-13.45373,1912,-605.7611798017892
RGI60-13.45373,1913,-299.3763351919377
RGI60-13.45373,1914,-769.009848695458
RGI60-13.45373,1915,-1594.0519378946294
RGI60-13.45373,1916,-1270.8602192472886
RGI60-13.45373,1917,-1188.1864863570968
RGI60-13.45373,1918,-1303.5997790311471
RGI60-13.45373,1919,84.21817259609676
RGI60-13.45373,1920,-814.6603837967652
RGI60-13.45373,1921,-668.2977504324925
RGI60-13.45373,1922,-1275.2166856192903
RGI60-13.45373,1923,-1323.4391642277428
RGI60-13.45373,1924,-1127.7456990522653
RGI60-13.45373,1925,-114.36636132646515
RGI60-13.45373,1926,-336.06547213270846
RGI60-13.45373,1927,-621.7974800962712
RGI60-13.45373,1928,-438.0598424996789
RGI60-13.45373,1929,-470.37167863715416
RGI60-13.45373,1930,185.56266955897775
RGI60-13.45373,1931,-839.563877402681
RGI60-13.45373,1932,-199.79392651561201
RGI60-13.45373,1933,-1228.5445753898882
RGI60-13.45373,1934,-437.1255569576602
RGI60-13.45373,1935,-1379.4757402138318
RGI60-13.45373,1936,-462.75156813207917
RGI60-13.45373,1937,-197.78588158162555
RGI60-13.45373,1938,-298.6153938349304
RGI60-13.45373,1939,-765.8012970187241
RGI60-13.45373,1940,-1064.9987194048665
RGI60-13.45373,1941,-707.1743499722239
RGI60-13.45373,1942,528.7758900497807
RGI60-13.45373,1943,-1412.7696867432
RGI60-13.45373,1944,-1407.3509820935296
RGI60-13.45373,1945,-1815.1037436632462
RGI60-13.45373,1946,81.6240096598668
RGI60-13.45373,1947,-462.93586728027634
RGI60-13.45373,1948,-1216.1814738215808
RGI60-13.45373,1949,-606.2447632180756
RGI60-13.45373,1950,-1325.7799326924758
RGI60-13.45373,1951,-1129.8169893445606
RGI60-13.45373,1952,-633.785229214934
RGI60-13.45373,1953,-944.1470587919341
RGI60-13.45373,1954,-107.43006048782773
RGI60-13.45373,1955,-1090.4045913542784
RGI60-13.45373,1956,-366.6950975279161
RGI60-13.45373,1957,-914.2457159022487
RGI60-13.45373,1958,243.57145752034577
RGI60-13.45373,1959,-363.3107363048735
RGI60-13.45373,1960,-220.14622900059325
RGI60-13.45373,1961,-492.06562033090535
RGI60-13.45373,1962,-1655.8809459787424
RGI60-13.45373,1963,-876.53878474317
RGI60-13.45373,1964,-819.6935351221708
RGI60-13.45373,1965,-1460.502029151848
RGI60-13.45373,1966,-1202.3623975115731
RGI60-13.45373,1967,-768.4251672469981
RGI60-13.45373,1968,-1255.9960216167344
RGI60-13.45373,1969,-313.91785669774333
RGI60-13.45373,1970,-727.6577115029434
RGI60-13.45373,1971,-614.4780011788813
RGI60-13.45373,1972,-487.9197441305764
RGI60-13.45373,1973,-1173.7122855206696
RGI60-13.45373,1974,-1751.5664363186634
RGI60-13.45373,1975,-1054.0321352649762
RGI60-13.45373,1976,-524.485238223154
RGI60-13.45373,1977,-1474.5253637880703
RGI60-13.45373,1978,-686.7220865943898
RGI60-13.45373,1979,-97.3762851349416
RGI60-13.45373,1980,-689.8832695059705
RGI60-13.45373,1981,-845.4271201316344
RGI60-13.45373,1982,-739.584301450756
RGI60-13.45373,1983,-664.0341783911033
RGI60-13.45373,1984,-366.8191356505941
RGI60-13.45373,1985,-743.8553117007294
RGI60-13.45373,1986,-601.9198134759222
RGI60-13.45373,1987,-621.8087952342389
RGI60-13.45373,1988,-166.4569975477809
RGI60-13.45373,1989,-247.2724564999341
RGI60-13.45373,1990,-878.6934272094508
RGI60-13.45373,1991,-1235.160724641788
RGI60-13.45373,1992,-195.69359242279185
RGI60-13.45373,1993,-33.30635722415908
RGI60-13.45373,1994,-627.9234691223492
RGI60-13.45373,1995,-1056.2037308349993
RGI60-13.45373,1996,-684.1515460132913
RGI60-13.45373,1997,-1296.896354009472
RGI60-13.45373,1998,-1284.5629145497724
RGI60-13.45373,1999,-1066.565939068549
RGI60-13.45373,2000,-886.3810601233196
RGI60-13.45373,2001,-1622.9494344359648
RGI60-13.45373,2002,-1332.815487877538
RGI60-13.45373,2003,-578.7024599251072
RGI60-13.45373,2004,-1119.9164559713445
RGI60-13.45373,2005,-1327.9747229977283
RGI60-13.45373,2006,-1394.575197920102
RGI60-13.45373,2007,-1272.454196974219
RGI60-13.45373,2008,-1853.5635095146124
RGI60-13.45373,2009,-564.8660310356605
RGI60-13.45373,2010,-1181.9825811372866
RGI60-13.45373,2011,-1432.7974600303123
RGI60-13.45373,2012,-1443.7305027895313
RGI60-13.45373,2013,-814.0137209502572
RGI60-13.45373,2014,-854.3569548933606
RGI60-13.45373,2015,-922.7488067647791
RGI60-13.45373,2016,-1543.6735992223503
RGI60-13.45373,2017,-1393.4122025822562
RGI60-13.45373,2018,-1213.854895472482
RGI60-13.45373,2019,-1065.2307193817953
RGI60-13.45374,1901,36.12152106194926
RGI60-13.45374,1902,-135.4117209843473
RGI60-13.45374,1903,225.80149190920528
RGI60-13.45374,1904,-1186.5509946445527
RGI60-13.45374,1905,-813.6847072949953
RGI60-13.45374,1906,-1249.1246690410878
RGI60-13.45374,1907,73.61581398752526
RGI60-13.45374,1908,-407.66744037830017
RGI60-13.45374,1909,-1415.1982666637655
RGI60-13.45374,1910,-934.0336447770327
RGI60-13.45374,1911,-5.6819706301703885
RGI60-13.45374,1912,-435.63889013402223
RGI60-13.45374,1913,16.264859339675542
RGI60-13.45374,1914,-513.1398753539052
RGI60-13.45374,1915,-1495.5789325583562
RGI60-13.45374,1916,-1145.604778953229
RGI60-13.45374,1917,-1076.194599629542
RGI60-13.45374,1918,-1094.6021451818576
RGI60-13.45374,1919,652.5297522644952
RGI60-13.45374,1920,-480.68054768561757
RGI60-13.45374,1921,-322.24841703196114
RGI60-13.45374,1922,-1178.3034035802668
RGI60-13.45374,1923,-1090.0497369616394
RGI60-13.45374,1924,-927.2358412715679
RGI60-13.45374,1925,222.11423977409953
RGI60-13.45374,1926,-48.12490252627682
RGI60-13.45374,1927,-285.0799892208976
RGI60-13.45374,1928,-50.21617018665
RGI60-13.45374,1929,-192.27883942491286
RGI60-13.45374,1930,695.6334535717482
RGI60-13.45374,1931,-506.4751822613958
RGI60-13.45374,1932,144.38248157463778
RGI60-13.45374,1933,-1025.308755057145
RGI60-13.45374,1934,-173.75876031576425
RGI60-13.45374,1935,-1182.6643038914817
RGI60-13.45374,1936,-226.81705823086028
RGI60-13.45374,1937,114.11242977966192
RGI60-13.45374,1938,25.234152790582108
RGI60-13.45374,1939,-398.06128296102065
RGI60-13.45374,1940,-790.1122929605397
RGI60-13.45374,1941,-313.4599899486251
RGI60-13.45374,1942,1359.972405851062
RGI60-13.45374,1943,-1260.3076925848127
RGI60-13.45374,1944,-1237.4453174921503
RGI60-13.45374,1945,-1649.4879548322117
RGI60-13.45374,1946,527.6460459014896
RGI60-13.45374,1947,-216.25753147559107
RGI60-13.45374,1948,-1007.6031972625852
RGI60-13.45374,1949,-211.4979453366671
RGI60-13.45374,1950,-1143.996547772041
RGI60-13.45374,1951,-911.9192621572533
RGI60-13.45374,1952,-299.9432291790457
RGI60-13.45374,1953,-603.2436246703667
RGI60-13.45374,1954,189.95319888940884
RGI60-13.45374,1955,-797.288690803209
RGI60-13.45374,1956,4.186877253110844
RGI60-13.45374,1957,-665.7151715612332
RGI60-13.45374,1958,641.4168810724844
RGI60-13.45374,1959,-66.4484878084815
RGI60-13.45374,1960,57.257429004230715
RGI60-13.45374,1961,-238.4875129908901
RGI60-13.45374,1962,-1465.2244314440084
RGI60-13.45374,1963,-664.0483431978686
RGI60-13.45374,1964,-556.2566515499238
RGI60-13.45374,1965,-1315.941172108952
RGI60-13.45374,1966,-898.5021183697891
RGI60-13.45374,1967,-553.4518653825653
RGI60-13.45374,1968,-1103.0189446176548
RGI60-13.45374,1969,13.118088037366379
RGI60-13.45374,1970,-520.8946615036048
RGI60-13.45374,1971,-324.6154444910668
RGI60-13.45374,1972,-270.78084298833886
RGI60-13.45374,1973,-979.5841522005556
RGI60-13.45374,1974,-1593.8947587219457
RGI60-13.45374,1975,-826.3026307258124
RGI60-13.45374,1976,-230.07543511424592
RGI60-13.45374,1977,-1266.0735185391193
RGI60-13.45374,1978,-408.46868421477166
RGI60-13.45374,1979,323.26477355057193
RGI60-13.45374,1980,-395.96341128867107
RGI60-13.45374,1981,-617.3090128200654
RGI60-13.45374,1982,-480.2590214503722
RGI60-13.45374,1983,-344.06297910446915
RGI60-13.45374,1984,-12.354077244450338
RGI60-13.45374,1985,-508.0671968867585
RGI60-13.45374,1986,-240.13733396478398
RGI60-13.45374,1987,-247.89851439512336
RGI60-13.45374,1988,220.00383544186488
RGI60-13.45374,1989,157.36317558804456
RGI60-13.45374,1990,-635.9699905063821
RGI60-13.45374,1991,-1079.6698757876447
RGI60-13.45374,1992,122.70112138893154
RGI60-13.45374,1993,290.3897291689327
RGI60-13.45374,1994,-225.82558200046165
RGI60-13.45374,1995,-820.9553373876404
RGI60-13.45374,1996,-372.888109091249
RGI60-13.45374,1997,-1099.0124214833827
RGI60-13.45374,1998,-963.6464446066409
RGI60-13.45374,1999,-728.5360185378884
RGI60-13.45374,2000,-449.8813104049462
RGI60-13.45374,2001,-1381.3535884264604
RGI60-13.45374,2002,-1028.569127612322
RGI60-13.45374,2003,-312.45134369329526
RGI60-13.45374,2004,-875.976631890975
RGI60-13.45374,2005,-1111.705783742311
RGI60-13.45374,2006,-1163.4960178719616
RGI60-13.45374,2007,-1010.7349707928953
RGI60-13.45374,2008,-1644.3334755632966
RGI60-13.45374,2009,-204.21678920665587
RGI60-13.45374,2010,-904.3945111329369
RGI60-13.45374,2011,-1189.4000920073092
RGI60-13.45374,2012,-1172.4695566103367
RGI60-13.45374,2013,-507.11260320279524
RGI60-13.45374,2014,-503.6376530274941
RGI60-13.45374,2015,-479.70345297101574
RGI60-13.45374,2016,-1260.6660992031268
RGI60-13.45374,2017,-1085.3508806249915
RGI60-13.45374,2018,-862.9554283641885
RGI60-13.45374,2019,-663.5906836506978
RGI60-13.45375,1901,-3.0713295628780526
RGI60-13.45375,1902,-166.56373123170607
RGI60-13.45375,1903,170.2919862530066
RGI60-13.45375,1904,-1187.9487470470988
RGI60-13.45375,1905,-840.0669469379435
RGI60-13.45375,1906,-1249.8961471562357
RGI60-13.45375,1907,3.470401593187511
RGI60-13.45375,1908,-470.36292885893084
RGI60-13.45375,1909,-1428.6325711198915
RGI60-13.45375,1910,-971.0632302688606
RGI60-13.45375,1911,-9.058349337622408
RGI60-13.45375,1912,-474.7658739771656
RGI60-13.45375,1913,-23.359072507359443
RGI60-13.45375,1914,-542.6748807915712
RGI60-13.45375,1915,-1529.8916894633307
RGI60-13.45375,1916,-1167.139778407509
RGI60-13.45375,1917,-1129.082789495932
RGI60-13.45375,1918,-1115.480745569727
RGI60-13.45375,1919,549.7884408102668
RGI60-13.45375,1920,-468.78459435087666
RGI60-13.45375,1921,-361.2505848359816
RGI60-13.45375,1922,-1189.6366946714436
RGI60-13.45375,1923,-1123.7753023267685
RGI60-13.45375,1924,-984.7574738881059
RGI60-13.45375,1925,174.48332374905087
RGI60-13.45375,1926,-101.27992088589842
RGI60-13.45375,1927,-357.1396712766547
RGI60-13.45375,1928,-65.61379295676832
RGI60-13.45375,1929,-231.3545921637256
RGI60-13.45375,1930,639.5945448028959
RGI60-13.45375,1931,-514.2651142840242
RGI60-13.45375,1932,45.5434224127084
RGI60-13.45375,1933,-1054.7284551533853
RGI60-13.45375,1934,-161.84740128784975
RGI60-13.45375,1935,-1217.6760980682163
RGI60-13.45375,1936,-278.53729625437524
RGI60-13.45375,1937,39.72203558896872
RGI60-13.45375,1938,-44.29009910066096
RGI60-13.45375,1939,-445.76512178861003
RGI60-13.45375,1940,-768.4005513142613
RGI60-13.45375,1941,-297.138415882926
RGI60-13.45375,1942,1344.208730476614
RGI60-13.45375,1943,-1316.8444572840224
RGI60-13.45375,1944,-1240.5485965983517
RGI60-13.45375,1945,-1700.4897764697791
RGI60-13.45375,1946,447.06649387610213
RGI60-13.45375,1947,-267.7061742070493
RGI60-13.45375,1948,-1051.5420889656061
RGI60-13.45375,1949,-223.92921762316857
RGI60-13.45375,1950,-1198.4365179788795
RGI60-13.45375,1951,-977.6828318169253
RGI60-13.45375,1952,-372.85715764352494
RGI60-13.45375,1953,-655.7138042360582
RGI60-13.45375,1954,164.89443564851481
RGI60-13.45375,1955,-790.9319291886669
RGI60-13.45375,1956,-52.07817692355327
RGI60-13.45375,1957,-671.9990567143245
RGI60-13.45375,1958,584.2292730261958
RGI60-13.45375,1959,-87.66211416997879
RGI60-13.45375,1960,10.025358742183977
RGI60-13.45375,1961,-286.65545518284824
RGI60-13.45375,1962,-1535.0022197290375
RGI60-13.45375,1963,-671.7802980904429
RGI60-13.45375,1964,-571.9630376367305
RGI60-13.45375,1965,-1336.7656104625546
RGI60-13.45375,1966,-933.5569713149083
RGI60-13.45375,1967,-613.8672591085244
RGI60-13.45375,1968,-1129.4721753202489
RGI60-13.45375,1969,-60.41683137766908
RGI60-13.45375,1970,-509.4256274078538
RGI60-13.45375,1971,-304.6677279131203
RGI60-13.45375,1972,-292.82368782499015
RGI60-13.45375,1973,-992.5816429117175
RGI60-13.45375,1974,-1612.3935466472903
RGI60-13.45375,1975,-892.9185063052632
RGI60-13.45375,1976,-252.80979902600976
RGI60-13.45375,1977,-1304.9029574968874
RGI60-13.45375,1978,-473.6027855845324
RGI60-13.45375,1979,274.9409691370972
RGI60-13.45375,1980,-478.5830313694433
RGI60-13.45375,1981,-627.4761495927313
RGI60-13.45375,1982,-480.51601125216735
RGI60-13.45375,1983,-405.39402899939887
RGI60-13.45375,1984,-61.441157817573284
RGI60-13.45375,1985,-551.8046239580232
RGI60-13.45375,1986,-341.72601236287306
RGI60-13.45375,1987,-301.4143654111073
RGI60-13.45375,1988,166.91099218570946
RGI60-13.45375,1989,83.25932124725759
RGI60-13.45375,1990,-661.1003122855541
RGI60-13.45375,1991,-1075.1103417159434
RGI60-13.45375,1992,100.64372529992592
RGI60-13.45375,1993,242.93295107117197
RGI60-13.45375,1994,-250.43518240322152
RGI60-13.45375,1995,-859.6388379437581
RGI60-13.45375,1996,-390.3376009562514
RGI60-13.45375,1997,-1158.4816200726834
RGI60-13.45375,1998,-1002.4029457892393
RGI60-13.45375,1999,-784.9874523448747
RGI60-13.45375,2000,-614.2138652612456
RGI60-13.45375,2001,-1433.5785057476196
RGI60-13.45375,2002,-1020.7985205502313
RGI60-13.45375,2003,-295.8609737210104
RGI60-13.45375,2004,-893.2117787442344
RGI60-13.45375,2005,-1116.2549796591727
RGI60-13.45375,2006,-1176.526349702976
RGI60-13.45375,2007,-1063.0913393084647
RGI60-13.45375,2008,-1693.6164988044977
RGI60-13.45375,2009,-235.6863272381006
RGI60-13.45375,2010,-903.5537369394807
RGI60-13.45375,2011,-1227.18105712833
RGI60-13.45375,2012,-1233.332593562727
RGI60-13.45375,2013,-541.4869860732271
RGI60-13.45375,2014,-518.7847175575232
RGI60-13.45375,2015,-536.070230589137
RGI60-13.45375,2016,-1268.5296261035926
RGI60-13.45375,2017,-1128.3729362063766
RGI60-13.45375,2018,-876.8143486577994
RGI60-13.45375,2019,-735.0346284442622
RGI60-13.45376,1901,-189.57186429612926
RGI60-13.45376,1902,-367.62434035619617
RGI60-13.45376,1903,-36.00398295602583
RGI60-13.45376,1904,-1350.8185464443457
RGI60-13.45376,1905,-1027.2062786184906
RGI60-13.45376,1906,-1414.7285982501908
RGI60-13.45376,1907,-186.39591113895457
RGI60-13.45376,1908,-649.9433534247423
RGI60-13.45376,1909,-1607.1361023247869
RGI60-13.45376,1910,-1144.2729921054124
RGI60-13.45376,1911,-216.3060202113447
RGI60-13.45376,1912,-674.1102844168365
RGI60-13.45376,1913,-247.68450781708393
RGI60-13.45376,1914,-741.8683116668917
RGI60-13.45376,1915,-1686.3550120546874
RGI60-13.45376,1916,-1337.6269733906845
RGI60-13.45376,1917,-1324.54426516449
RGI60-13.45376,1918,-1265.0048832935586
RGI60-13.45376,1919,314.25175474251455
RGI60-13.45376,1920,-635.4158940764645
RGI60-13.45376,1921,-536.3087116477794
RGI60-13.45376,1922,-1341.1622072935884
RGI60-13.45376,1923,-1272.2483145951053
RGI60-13.45376,1924,-1134.615950068008
RGI60-13.45376,1925,5.866651884069869
RGI60-13.45376,1926,-309.86286773319813
RGI60-13.45376,1927,-499.6726559935719
RGI60-13.45376,1928,-253.2078057159315
RGI60-13.45376,1929,-439.20993707837596
RGI60-13.45376,1930,426.1608564814752
RGI60-13.45376,1931,-671.2200918802611
RGI60-13.45376,1932,-135.22445333692178
RGI60-13.45376,1933,-1208.6767555550373
RGI60-13.45376,1934,-369.9676117014961
RGI60-13.45376,1935,-1377.9376923251857
RGI60-13.45376,1936,-476.84672930791425
RGI60-13.45376,1937,-155.94723132429166
RGI60-13.45376,1938,-230.23896261352417
RGI60-13.45376,1939,-644.713414565842
RGI60-13.45376,1940,-939.8690335983699
RGI60-13.45376,1941,-456.1635525011546
RGI60-13.45376,1942,1124.090919800495
RGI60-13.45376,1943,-1464.9267473522814
RGI60-13.45376,1944,-1379.6996159537891
RGI60-13.45376,1945,-1892.7739734352992
RGI60-13.45376,1946,242.65752288433248
RGI60-13.45376,1947,-451.25304462716
RGI60-13.45376,1948,-1202.8221385210352
RGI60-13.45376,1949,-412.786692910571
RGI60-13.45376,1950,-1384.7587987655545
RGI60-13.45376,1951,-1228.1794802332379
RGI60-13.45376,1952,-522.9860005845305
RGI60-13.45376,1953,-919.9062827612769
RGI60-13.45376,1954,-1.769337006981544
RGI60-13.45376,1955,-936.922748117975
RGI60-13.45376,1956,-183.41440907322993
RGI60-13.45376,1957,-839.8550639854556
RGI60-13.45376,1958,425.7662942491045
RGI60-13.45376,1959,-352.7480420912337
RGI60-13.45376,1960,-167.8424054623349
RGI60-13.45376,1961,-496.4864015778757
RGI60-13.45376,1962,-1736.6351992362852
RGI60-13.45376,1963,-860.9015931028098
RGI60-13.45376,1964,-739.1977465155425
RGI60-13.45376,1965,-1532.3533041409876
RGI60-13.45376,1966,-1148.6861063956956
RGI60-13.45376,1967,-824.8118858807165
RGI60-13.45376,1968,-1309.4921903405072
RGI60-13.45376,1969,-263.68323521120976
RGI60-13.45376,1970,-664.4033668199334
RGI60-13.45376,1971,-471.34726668247015
RGI60-13.45376,1972,-524.9980672990421
RGI60-13.45376,1973,-1146.5945346053002
RGI60-13.45376,1974,-1793.5909624652948
RGI60-13.45376,1975,-1088.183442206616
RGI60-13.45376,1976,-459.613858760866
RGI60-13.45376,1977,-1501.6094143659475
RGI60-13.45376,1978,-695.5738525959217
RGI60-13.45376,1979,63.98416326661625
RGI60-13.45376,1980,-646.9911057139859
RGI60-13.45376,1981,-782.6016812398138
RGI60-13.45376,1982,-680.0548350625662
RGI60-13.45376,1983,-560.9891708548585
RGI60-13.45376,1984,-253.3185372915655
RGI60-13.45376,1985,-701.932145002895
RGI60-13.45376,1986,-516.319975529115
RGI60-13.45376,1987,-411.8195828609554
RGI60-13.45376,1988,-58.444527280848355
RGI60-13.45376,1989,-105.17622715689677
RGI60-13.45376,1990,-832.8707669595407
RGI60-13.45376,1991,-1259.1490863409142
RGI60-13.45376,1992,-111.99074107254823
RGI60-13.45376,1993,9.640096443891277
RGI60-13.45376,1994,-435.84590155652637
RGI60-13.45376,1995,-1035.9305329130682
RGI60-13.45376,1996,-561.8164982769573
RGI60-13.45376,1997,-1379.8523157729264
RGI60-13.45376,1998,-1174.2813893315952
RGI60-13.45376,1999,-1006.4173317975433
RGI60-13.45376,2000,-853.8883635695611
RGI60-13.45376,2001,-1606.5527952594146
RGI60-13.45376,2002,-1194.3013754130106
RGI60-13.45376,2003,-504.4417211980884
RGI60-13.45376,2004,-1070.4353399115578
RGI60-13.45376,2005,-1321.9473729584156
RGI60-13.45376,2006,-1332.548616547785
RGI60-13.45376,2007,-1241.2819375189201
RGI60-13.45376,2008,-1885.883145034912
RGI60-13.45376,2009,-416.83547086704135
RGI60-13.45376,2010,-1059.2921102305336
RGI60-13.45376,2011,-1375.920352340042
RGI60-13.45376,2012,-1401.5232768301987
RGI60-13.45376,2013,-726.7794928800258
RGI60-13.45376,2014,-696.8347094654175
RGI60-13.45376,2015,-756.7330487221393
RGI60-13.45376,2016,-1457.2447105294184
RGI60-13.45376,2017,-1318.4580484382263
RGI60-13.45376,2018,-1018.4851579881031
RGI60-13.45376,2019,-966.6129542972022
RGI60-13.45377,1901,520.515118030353
RGI60-13.45377,1902,430.8157059819711
RGI60-13.45377,1903,770.3767301699268
RGI60-13.45377,1904,-489.31866556667245
RGI60-13.45377,1905,-161.8723594070682
RGI60-13.45377,1906,-545.7614618417801
RGI60-13.45377,1907,498.48916286081237
RGI60-13.45377,1908,73.53350294824607
RGI60-13.45377,1909,-754.7478186023602
RGI60-13.45377,1910,-353.746926550878
RGI60-13.45377,1911,632.7834620927995
RGI60-13.45377,1912,200.46338306599614
RGI60-13.45377,1913,651.1724801875898
RGI60-13.45377,1914,102.11325516718406
RGI60-13.45377,1915,-887.907158349854
RGI60-13.45377,1916,-504.5469665525006
RGI60-13.45377,1917,-411.89964050766446
RGI60-13.45377,1918,-568.2680168121734
RGI60-13.45377,1919,1071.364705261213
RGI60-13.45377,1920,105.32803511237402
RGI60-13.45377,1921,142.2206155466816
RGI60-13.45377,1922,-575.2673826163789
RGI60-13.45377,1923,-585.6396528642272
RGI60-13.45377,1924,-494.92386485125144
RGI60-13.45377,1925,643.9274476132814
RGI60-13.45377,1926,514.4897644167646
RGI60-13.45377,1927,28.61322444081499
RGI60-13.45377,1928,490.464920040189
RGI60-13.45377,1929,398.92504987424206
RGI60-13.45377,1930,1125.6181152837378
RGI60-13.45377,1931,23.912708825931478
RGI60-13.45377,1932,451.3416894745005
RGI60-13.45377,1933,-529.3176421260068
RGI60-13.45377,1934,545.7506748394743
RGI60-13.45377,1935,-613.3420847307643
RGI60-13.45377,1936,305.9089020918473
RGI60-13.45377,1937,563.8191114324926
RGI60-13.45377,1938,461.0420665167135
RGI60-13.45377,1939,131.01643918396505
RGI60-13.45377,1940,-147.77839579862572
RGI60-13.45377,1941,243.3319989306427
RGI60-13.45377,1942,1830.5858475304246
RGI60-13.45377,1943,-795.2470044699877
RGI60-13.45377,1944,-678.5330862025918
RGI60-13.45377,1945,-983.3617386869803
RGI60-13.45377,1946,877.9387747108061
RGI60-13.45377,1947,300.15059020231763
RGI60-13.45377,1948,-538.4052569909688
RGI60-13.45377,1949,325.8991220806662
RGI60-13.45377,1950,-558.8084121511591
RGI60-13.45377,1951,-139.26890916964464
RGI60-13.45377,1952,22.4125288666776
RGI60-13.45377,1953,160.47493672126038
RGI60-13.45377,1954,673.4490225725838
RGI60-13.45377,1955,-257.20149578047324
RGI60-13.45377,1956,240.33263108943038
RGI60-13.45377,1957,-56.47292293243424
RGI60-13.45377,1958,931.2945681061973
RGI60-13.45377,1959,766.3294597687816
RGI60-13.45377,1960,517.7513581024218
RGI60-13.45377,1961,381.05266248094495
RGI60-13.45377,1962,-849.3376606084598
RGI60-13.45377,1963,-3.8584765825621674
RGI60-13.45377,1964,-16.542362726683923
RGI60-13.45377,1965,-607.0722752298554
RGI60-13.45377,1966,-212.72615454403225
RGI60-13.45377,1967,60.623249261211264
RGI60-13.45377,1968,-470.5307171139761
RGI60-13.45377,1969,465.59584161858254
RGI60-13.45377,1970,89.20094389578517
RGI60-13.45377,1971,309.4083679717671
RGI60-13.45377,1972,482.06435846034253
RGI60-13.45377,1973,-431.58668784539356
RGI60-13.45377,1974,-913.0659175059775
RGI60-13.45377,1975,-291.6031766377024
RGI60-13.45377,1976,411.9208716942849
RGI60-13.45377,1977,-602.687828503654
RGI60-13.45377,1978,176.12264977300754
RGI60-13.45377,1979,813.8400728745031
RGI60-13.45377,1980,2.695926333161632
RGI60-13.45377,1981,-56.511504648693275
RGI60-13.45377,1982,223.26487447080075
RGI60-13.45377,1983,1.4802827668012342
RGI60-13.45377,1984,453.66512038024405
RGI60-13.45377,1985,-98.37261240957446
RGI60-13.45377,1986,98.08766347003495
RGI60-13.45377,1987,-48.28925681945762
RGI60-13.45377,1988,803.0543498752784
RGI60-13.45377,1989,572.5128258902895
RGI60-13.45377,1990,-36.96692496964523
RGI60-13.45377,1991,-343.7024814861197
RGI60-13.45377,1992,736.6457844228918
RGI60-13.45377,1993,903.0009539800027
RGI60-13.45377,1994,298.87401347816285
RGI60-13.45377,1995,-246.47786766879156
RGI60-13.45377,1996,174.05398246968844
RGI60-13.45377,1997,-394.82848440736564
RGI60-13.45377,1998,-440.2621983254998
RGI60-13.45377,1999,-102.53560216490592
RGI60-13.45377,2000,-80.00560640679505
RGI60-13.45377,2001,-844.2933754776959
RGI60-13.45377,2002,-380.4357967276717
RGI60-13.45377,2003,459.2366689187482
RGI60-13.45377,2004,-240.77855368495173
RGI60-13.45377,2005,-350.7582960792824
RGI60-13.45377,2006,-596.260480187005
RGI60-13.45377,2007,-441.6041205129794
RGI60-13.45377,2008,-997.2337580103527
RGI60-13.45377,2009,293.3200506047796
RGI60-13.45377,2010,-331.2823772450806
RGI60-13.45377,2011,-690.9528162692962
RGI60-13.45377,2012,-680.0106902698491
RGI60-13.45377,2013,47.63531260515154
RGI60-13.45377,2014,49.946444355430145
RGI60-13.45377,2015,90.85253429776391
RGI60-13.45377,2016,-562.5478234152026
RGI60-13.45377,2017,-488.8391576262099
RGI60-13.45377,2018,-431.44618411928474
RGI60-13.45377,2019,-104.54197475022877
RGI60-13.45378,1901,481.3663871690795
RGI60-13.45378,1902,430.0257200340832
RGI60-13.45378,1903,531.8324050569582
RGI60-13.45378,1904,-691.7560540978353
RGI60-13.45378,1905,-375.1484678522238
RGI60-13.45378,1906,-736.5704095706814
RGI60-13.45378,1907,568.2878045303762
RGI60-13.45378,1908,114.34116197517534
RGI60-13.45378,1909,-830.9279208095505
RGI60-13.45378,1910,-397.080636946358
RGI60-13.45378,1911,341.8253467418661
RGI60-13.45378,1912,-141.66639518294906
RGI60-13.45378,1913,288.0889501231744
RGI60-13.45378,1914,-70.2547890387398
RGI60-13.45378,1915,-825.9744209071657
RGI60-13.45378,1916,-612.5851251538234
RGI60-13.45378,1917,-589.2107837627818
RGI60-13.45378,1918,-446.19682154603044
RGI60-13.45378,1919,1068.7754498186835
RGI60-13.45378,1920,92.06684189183986
RGI60-13.45378,1921,212.78349845794324
RGI60-13.45378,1922,-655.6745227520602
RGI60-13.45378,1923,-404.7751469695736
RGI60-13.45378,1924,-345.0445954960822
RGI60-13.45378,1925,521.0820418819995
RGI60-13.45378,1926,245.65017474039658
RGI60-13.45378,1927,256.9159555112905
RGI60-13.45378,1928,402.7782052790877
RGI60-13.45378,1929,149.58683515606302
RGI60-13.45378,1930,1037.7865980534089
RGI60-13.45378,1931,106.24525333633726
RGI60-13.45378,1932,494.16418842998877
RGI60-13.45378,1933,-406.2418755817375
RGI60-13.45378,1934,114.06208107886926
RGI60-13.45378,1935,-501.798993155291
RGI60-13.45378,1936,82.83558477470409
RGI60-13.45378,1937,407.67474522596586
RGI60-13.45378,1938,379.7138513966418
RGI60-13.45378,1939,182.70252972967987
RGI60-13.45378,1940,-193.78622082709572
RGI60-13.45378,1941,307.0181823829487
RGI60-13.45378,1942,1908.6789605283727
RGI60-13.45378,1943,-619.5390240748324
RGI60-13.45378,1944,-569.2449920485981
RGI60-13.45378,1945,-834.2545468637402
RGI60-13.45378,1946,853.0696951161575
RGI60-13.45378,1947,117.30535986701437
RGI60-13.45378,1948,-381.533358834124
RGI60-13.45378,1949,329.9517442666754
RGI60-13.45378,1950,-529.2381634304598
RGI60-13.45378,1951,-392.2360034567173
RGI60-13.45378,1952,249.13654410143317
RGI60-13.45378,1953,-30.902884446115745
RGI60-13.45378,1954,418.9054412760362
RGI60-13.45378,1955,-120.8688452503105
RGI60-13.45378,1956,479.0191594542313
RGI60-13.45378,1957,-147.47024955838833
RGI60-13.45378,1958,880.6528015756803
RGI60-13.45378,1959,200.0740211485453
RGI60-13.45378,1960,333.6230122684258
RGI60-13.45378,1961,85.19451413002172
RGI60-13.45378,1962,-701.7067857596146
RGI60-13.45378,1963,-244.71819336895882
RGI60-13.45378,1964,-40.69659958427798
RGI60-13.45378,1965,-696.7521957843926
RGI60-13.45378,1966,-216.8427713892932
RGI60-13.45378,1967,-153.12004959729222
RGI60-13.45378,1968,-553.9173557865134
RGI60-13.45378,1969,358.46700000821517
RGI60-13.45378,1970,-89.425502854902
RGI60-13.45378,1971,132.3933115489204
RGI60-13.45378,1972,-39.69657845401945
RGI60-13.45378,1973,-391.4483423178081
RGI60-13.45378,1974,-826.5913581169067
RGI60-13.45378,1975,-276.62869536861916
RGI60-13.45378,1976,151.4910162592887
RGI60-13.45378,1977,-554.6901686744048
RGI60-13.45378,1978,4.768005993589065
RGI60-13.45378,1979,674.1286885217507
RGI60-13.45378,1980,116.92496912340397
RGI60-13.45378,1981,-125.37721677031976
RGI60-13.45378,1982,-73.84410215056171
RGI60-13.45378,1983,188.50422238561092
RGI60-13.45378,1984,386.38063155378865
RGI60-13.45378,1985,-34.579281465907705
RGI60-13.45378,1986,303.52444525702555
RGI60-13.45378,1987,353.1108796424606
RGI60-13.45378,1988,537.1202339420615
RGI60-13.45378,1989,579.292454359654
RGI60-13.45378,1990,-112.33304614750226
RGI60-13.45378,1991,-557.3369545090444
RGI60-13.45378,1992,400.4192448587837
RGI60-13.45378,1993,481.3415962573229
RGI60-13.45378,1994,325.92650587058483
RGI60-13.45378,1995,-248.8571365597029
RGI60-13.45378,1996,129.21214583758677
RGI60-13.45378,1997,-518.4117053081403
RGI60-13.45378,1998,-201.30077149328474
RGI60-13.45378,1999,-103.18759809713197
RGI60-13.45378,2000,260.4624623029275
RGI60-13.45378,2001,-562.7624552824527
RGI60-13.45378,2002,-306.1631699759397
RGI60-13.45378,2003,43.213840486617826
RGI60-13.45378,2004,-281.9212618459694
RGI60-13.45378,2005,-500.2650358254164
RGI60-13.45378,2006,-461.3465334064441
RGI60-13.45378,2007,-307.4753027218299
RGI60-13.45378,2008,-777.4869451903932
RGI60-13.45378,2009,295.09628156677167
RGI60-13.45378,2010,-231.05718737228625
RGI60-13.45378,2011,-429.89968739819807
RGI60-13.45378,2012,-379.01197030836306
RGI60-13.45378,2013,40.64077446664677
RGI60-13.45378,2014,73.43208592370905
RGI60-13.45378,2015,207.77110961897483
RGI60-13.45378,2016,-433.1606373065656
RGI60-13.45378,2017,-308.1000984450854
RGI60-13.45378,2018,-72.34408592772712
RGI60-13.45378,2019,37.200033872775045
RGI60-13.45379,1901,479.801948526378
RGI60-13.45379,1902,385.23781753998804
RGI60-13.45379,1903,684.1884281237222
RGI60-13.45379,1904,-722.7381288641441
RGI60-13.45379,1905,-359.0618760182303
RGI60-13.45379,1906,-789.2367930087971
RGI60-13.45379,1907,490.6807606786211
RGI60-13.45379,1908,-2.967022586349732
RGI60-13.45379,1909,-961.1397703247616
RGI60-13.45379,1910,-515.6815709901692
RGI60-13.45379,1911,510.8436515363302
RGI60-13.45379,1912,-4.362640985902105
RGI60-13.45379,1913,508.1766111907901
RGI60-13.45379,1914,-43.4711190544675
RGI60-13.45379,1915,-1080.57072047404
RGI60-13.45379,1916,-708.1230476049421
RGI60-13.45379,1917,-644.9009393788641
RGI60-13.45379,1918,-679.5738956354369
RGI60-13.45379,1919,1115.2392687254226
RGI60-13.45379,1920,16.16928552458038
RGI60-13.45379,1921,99.20651790885813
RGI60-13.45379,1922,-775.4572474764594
RGI60-13.45379,1923,-676.2414011392259
RGI60-13.45379,1924,-582.5347812787726
RGI60-13.45379,1925,601.7778892985909
RGI60-13.45379,1926,384.00024151949145
RGI60-13.45379,1927,45.192408414903596
RGI60-13.45379,1928,432.88088007498567
RGI60-13.45379,1929,262.2473089319217
RGI60-13.45379,1930,1144.216104069791
RGI60-13.45379,1931,-45.734042646555366
RGI60-13.45379,1932,450.4784984871353
RGI60-13.45379,1933,-635.2997574810785
RGI60-13.45379,1934,358.94209157892516
RGI60-13.45379,1935,-756.5939816136283
RGI60-13.45379,1936,170.08769452387736
RGI60-13.45379,1937,487.30889093465765
RGI60-13.45379,1938,402.16521664696023
RGI60-13.45379,1939,72.32786403200765
RGI60-13.45379,1940,-269.3669374168627
RGI60-13.45379,1941,189.73412174496588
RGI60-13.45379,1942,1986.824881231897
RGI60-13.45379,1943,-908.5651739371916
RGI60-13.45379,1944,-818.6149169878908
RGI60-13.45379,1945,-1176.8085846068582
RGI60-13.45379,1946,909.1132221558524
RGI60-13.45379,1947,176.05431421048806
RGI60-13.45379,1948,-632.4597355630592
RGI60-13.45379,1949,281.49713792102443
RGI60-13.45379,1950,-718.6265726292011
RGI60-13.45379,1951,-376.41624127267835
RGI60-13.45379,1952,32.98315802020543
RGI60-13.45379,1953,-15.26372416478543
RGI60-13.45379,1954,591.918904753331
RGI60-13.45379,1955,-342.3029730365233
RGI60-13.45379,1956,302.39959679148313
RGI60-13.45379,1957,-198.37965881055857
RGI60-13.45379,1958,965.8287343902155
RGI60-13.45379,1959,529.7530672104663
RGI60-13.45379,1960,432.23995525249165
RGI60-13.45379,1961,219.5290367577181
RGI60-13.45379,1962,-1011.7822465122065
RGI60-13.45379,1963,-180.90135498776917
RGI60-13.45379,1964,-127.90958385592174
RGI60-13.45379,1965,-820.4808941556903
RGI60-13.45379,1966,-360.7702270087662
RGI60-13.45379,1967,-116.69308048474778
RGI60-13.45379,1968,-660.0540947572582
RGI60-13.45379,1969,400.6780935043679
RGI60-13.45379,1970,-77.32767609656517
RGI60-13.45379,1971,174.64954400240427
RGI60-13.45379,1972,250.74625217965234
RGI60-13.45379,1973,-565.8794489596313
RGI60-13.45379,1974,-1105.714296227891
RGI60-13.45379,1975,-414.4266135862883
RGI60-13.45379,1976,272.42950413939985
RGI60-13.45379,1977,-780.1813605835107
RGI60-13.45379,1978,40.61826741935918
RGI60-13.45379,1979,779.7254070894154
RGI60-13.45379,1980,-43.33255568300666
RGI60-13.45379,1981,-190.792988813194
RGI60-13.45379,1982,48.60396437846463
RGI60-13.45379,1983,-5.685766536679655
RGI60-13.45379,1984,403.48211379880684
RGI60-13.45379,1985,-170.52982956983192
RGI60-13.45379,1986,107.533570491178
RGI60-13.45379,1987,44.031595667674644
RGI60-13.45379,1988,707.949448650202
RGI60-13.45379,1989,555.4621055362229
RGI60-13.45379,1990,-180.41844032758635
RGI60-13.45379,1991,-558.9243487934164
RGI60-13.45379,1992,603.0494090198459
RGI60-13.45379,1993,770.1954957770026
RGI60-13.45379,1994,258.80487086731495
RGI60-13.45379,1995,-385.9915282415017
RGI60-13.45379,1996,87.5299248089276
RGI60-13.45379,1997,-598.0710298685406
RGI60-13.45379,1998,-504.44416339241985
RGI60-13.45379,1999,-205.55119579037336
RGI60-13.45379,2000,-53.62423672592265
RGI60-13.45379,2001,-942.5528920702013
RGI60-13.45379,2002,-478.8473201210034
RGI60-13.45379,2003,261.90970223269755
RGI60-13.45379,2004,-382.576049035987
RGI60-13.45379,2005,-548.8316360022752
RGI60-13.45379,2006,-704.1222010736715
RGI60-13.45379,2007,-559.2023334385933
RGI60-13.45379,2008,-1158.5723386745353
RGI60-13.45379,2009,241.68640763691164
RGI60-13.45379,2010,-425.49040983134825
RGI60-13.45379,2011,-770.6747927843949
RGI60-13.45379,2012,-752.9396390811116
RGI60-13.45379,2013,-49.89212734197065
RGI60-13.45379,2014,-15.955219996443686
RGI60-13.45379,2015,51.67572294412747
RGI60-13.45379,2016,-718.9235930871366
RGI60-13.45379,2017,-583.9761740412303
RGI60-13.45379,2018,-438.04031205705087
RGI60-13.45379,2019,-153.05055745087407
RGI60-13.45380,1901,624.1797703298288
RGI60-13.45380,1902,531.6155882532966
RGI60-13.45380,1903,798.150981356799
RGI60-13.45380,1904,-575.4477496496539
RGI60-13.45380,1905,-210.85638977585864
RGI60-13.45380,1906,-658.3648242685207
RGI60-13.45380,1907,633.8363473114758
RGI60-13.45380,1908,153.1723191570346
RGI60-13.45380,1909,-743.7716680703286
RGI60-13.45380,1910,-354.97017204805735
RGI60-13.45380,1911,638.45052579897
RGI60-13.45380,1912,125.81610697764786
RGI60-13.45380,1913,641.8438325856944
RGI60-13.45380,1914,122.24707349310044
RGI60-13.45380,1915,-902.7631748141664
RGI60-13.45380,1916,-549.5922597696491
RGI60-13.45380,1917,-473.9019646214225
RGI60-13.45380,1918,-484.7073878737263
RGI60-13.45380,1919,1279.2701319922837
RGI60-13.45380,1920,142.94366535999444
RGI60-13.45380,1921,274.35369401926494
RGI60-13.45380,1922,-622.3986532681766
RGI60-13.45380,1923,-468.53737446978033
RGI60-13.45380,1924,-382.51128412838614
RGI60-13.45380,1925,706.5142340715284
RGI60-13.45380,1926,511.6783537334087
RGI60-13.45380,1927,200.2914771101427
RGI60-13.45380,1928,584.8049468925324
RGI60-13.45380,1929,416.45792312652196
RGI60-13.45380,1930,1288.0283965887547
RGI60-13.45380,1931,80.68597822103816
RGI60-13.45380,1932,624.2001522414446
RGI60-13.45380,1933,-431.2221022880278
RGI60-13.45380,1934,474.0939074212103
RGI60-13.45380,1935,-592.9436131946238
RGI60-13.45380,1936,327.4477164121397
RGI60-13.45380,1937,635.5240421061595
RGI60-13.45380,1938,545.8184627484775
RGI60-13.45380,1939,260.34436143364746
RGI60-13.45380,1940,-96.28575711497564
RGI60-13.45380,1941,287.4902152651231
RGI60-13.45380,1942,2084.5435274384195
RGI60-13.45380,1943,-679.1995081248016
RGI60-13.45380,1944,-651.4670113496314
RGI60-13.45380,1945,-931.5970225009706
RGI60-13.45380,1946,1079.0628881136097
RGI60-13.45380,1947,308.40390715562233
RGI60-13.45380,1948,-429.54748183551794
RGI60-13.45380,1949,457.31256117627424
RGI60-13.45380,1950,-502.1970828576005
RGI60-13.45380,1951,-158.10923844869424
RGI60-13.45380,1952,197.91893419611168
RGI60-13.45380,1953,215.71016121153357
RGI60-13.45380,1954,673.9016127818704
RGI60-13.45380,1955,-213.45116824906995
RGI60-13.45380,1956,458.902942347228
RGI60-13.45380,1957,-72.54312912508895
RGI60-13.45380,1958,1065.808259263164
RGI60-13.45380,1959,683.8542050765082
RGI60-13.45380,1960,559.1668375550607
RGI60-13.45380,1961,363.0579806450137
RGI60-13.45380,1962,-750.6098187400781
RGI60-13.45380,1963,-18.561060327025665
RGI60-13.45380,1964,10.341205925138532
RGI60-13.45380,1965,-605.7195797593421
RGI60-13.45380,1966,-156.3564074673197
RGI60-13.45380,1967,47.33264671516565
RGI60-13.45380,1968,-478.90101651482144
RGI60-13.45380,1969,573.7552616556995
RGI60-13.45380,1970,1.5246254747577994
RGI60-13.45380,1971,260.3797603206598
RGI60-13.45380,1972,383.55825441915357
RGI60-13.45380,1973,-400.9767870377856
RGI60-13.45380,1974,-878.4094747520711
RGI60-13.45380,1975,-202.51395743690793
RGI60-13.45380,1976,421.3889783319406
RGI60-13.45380,1977,-573.6259607029875
RGI60-13.45380,1978,238.26503514095427
RGI60-13.45380,1979,946.7831711578586
RGI60-13.45380,1980,127.56492680137558
RGI60-13.45380,1981,-69.97445386021701
RGI60-13.45380,1982,186.58645193525868
RGI60-13.45380,1983,177.79246349245673
RGI60-13.45380,1984,578.2345994564881
RGI60-13.45380,1985,-8.0332714045957
RGI60-13.45380,1986,311.66353022765577
RGI60-13.45380,1987,215.46149242035972
RGI60-13.45380,1988,853.082899734392
RGI60-13.45380,1989,696.6938882490665
RGI60-13.45380,1990,-57.504915501277104
RGI60-13.45380,1991,-391.03698771363
RGI60-13.45380,1992,721.8776885244224
RGI60-13.45380,1993,914.7076328634271
RGI60-13.45380,1994,428.5001847279184
RGI60-13.45380,1995,-231.822158754976
RGI60-13.45380,1996,235.78314365312787
RGI60-13.45380,1997,-389.5689789518514
RGI60-13.45380,1998,-306.0697076328555
RGI60-13.45380,1999,16.46101950002596
RGI60-13.45380,2000,250.921249105678
RGI60-13.45380,2001,-689.3701296124535
RGI60-13.45380,2002,-267.7013124120967
RGI60-13.45380,2003,373.04285945232056
RGI60-13.45380,2004,-214.0538238648873
RGI60-13.45380,2005,-348.62574994399836
RGI60-13.45380,2006,-494.8832438580183
RGI60-13.45380,2007,-395.84249919491936
RGI60-13.45380,2008,-891.7770663115012
RGI60-13.45380,2009,409.39203532168625
RGI60-13.45380,2010,-248.28367128824533
RGI60-13.45380,2011,-562.939575266173
RGI60-13.45380,2012,-538.1975555152454
RGI60-13.45380,2013,103.15417286072953
RGI60-13.45380,2014,168.28985264358448
RGI60-13.45380,2015,266.7827027301231
RGI60-13.45380,2016,-538.9830996867263
RGI60-13.45380,2017,-359.76258602720935
RGI60-13.45380,2018,-240.38833542497326
RGI60-13.45380,2019,126.04799352407632
RGI60-13.45381,1901,-346.380302537357
RGI60-13.45381,1902,-555.3126669488205
RGI60-13.45381,1903,-197.2370390261754
RGI60-13.45381,1904,-1543.7810604951485
RGI60-13.45381,1905,-1207.3582397437058
RGI60-13.45381,1906,-1608.0709752959908
RGI60-13.45381,1907,-309.40715563020905
RGI60-13.45381,1908,-772.1002729268073
RGI60-13.45381,1909,-1797.173540952556
RGI60-13.45381,1910,-1290.242068891313
RGI60-13.45381,1911,-440.1735494258174
RGI60-13.45381,1912,-849.0466915330786
RGI60-13.45381,1913,-458.1791278432088
RGI60-13.45381,1914,-925.143216450993
RGI60-13.45381,1915,-1815.8019756872911
RGI60-13.45381,1916,-1505.6470250855957
RGI60-13.45381,1917,-1487.20173333922
RGI60-13.45381,1918,-1412.1603345961873
RGI60-13.45381,1919,176.69783704944274
RGI60-13.45381,1920,-834.1085833588533
RGI60-13.45381,1921,-679.7865480235546
RGI60-13.45381,1922,-1502.0552192447306
RGI60-13.45381,1923,-1405.8372542361817
RGI60-13.45381,1924,-1238.1893510775922
RGI60-13.45381,1925,-124.8397845716671
RGI60-13.45381,1926,-482.8876244405274
RGI60-13.45381,1927,-571.3398284203423
RGI60-13.45381,1928,-443.54953509125755
RGI60-13.45381,1929,-619.6884153936327
RGI60-13.45381,1930,268.85336166334963
RGI60-13.45381,1931,-833.1926759383146
RGI60-13.45381,1932,-214.55892142863155
RGI60-13.45381,1933,-1344.3242755836527
RGI60-13.45381,1934,-614.7848683647704
RGI60-13.45381,1935,-1520.156455442937
RGI60-13.45381,1936,-632.3489826491967
RGI60-13.45381,1937,-285.7142691924113
RGI60-13.45381,1938,-355.0089919037665
RGI60-13.45381,1939,-799.8452425303776
RGI60-13.45381,1940,-1150.2739015906989
RGI60-13.45381,1941,-646.5002909034365
RGI60-13.45381,1942,916.6656843009547
RGI60-13.45381,1943,-1570.9054890509083
RGI60-13.45381,1944,-1534.197512304548
RGI60-13.45381,1945,-2047.2361358644775
RGI60-13.45381,1946,129.55653970882133
RGI60-13.45381,1947,-597.0095760649407
RGI60-13.45381,1948,-1321.306289181411
RGI60-13.45381,1949,-596.2351525143853
RGI60-13.45381,1950,-1533.5576372262267
RGI60-13.45381,1951,-1434.3667187500812
RGI60-13.45381,1952,-596.566550882191
RGI60-13.45381,1953,-1142.9299298100855
RGI60-13.45381,1954,-161.41464665805648
RGI60-13.45381,1955,-1104.7637636367494
RGI60-13.45381,1956,-255.64570571091886
RGI60-13.45381,1957,-1025.7872551633575
RGI60-13.45381,1958,330.2953189524403
RGI60-13.45381,1959,-623.9747588109651
RGI60-13.45381,1960,-306.54128495806634
RGI60-13.45381,1961,-672.3434888053577
RGI60-13.45381,1962,-1877.4690669876236
RGI60-13.45381,1963,-1071.2951159622744
RGI60-13.45381,1964,-903.0306600311034
RGI60-13.45381,1965,-1723.2509247059027
RGI60-13.45381,1966,-1344.4303906761145
RGI60-13.45381,1967,-990.4062996401267
RGI60-13.45381,1968,-1481.6076862110633
RGI60-13.45381,1969,-396.5652520750723
RGI60-13.45381,1970,-849.7488340044296
RGI60-13.45381,1971,-677.5070573185258
RGI60-13.45381,1972,-763.8916505296485
RGI60-13.45381,1973,-1303.116976318745
RGI60-13.45381,1974,-1974.9218362144918
RGI60-13.45381,1975,-1219.888201237478
RGI60-13.45381,1976,-655.9867934190679
RGI60-13.45381,1977,-1673.133644440189
RGI60-13.45381,1978,-867.7854646161045
RGI60-13.45381,1979,-102.22397844220477
RGI60-13.45381,1980,-733.2077442290835
RGI60-13.45381,1981,-947.5350978060036
RGI60-13.45381,1982,-907.4070184522714
RGI60-13.45381,1983,-655.6945955349784
RGI60-13.45381,1984,-404.75090595846115
RGI60-13.45381,1985,-815.4059506950291
RGI60-13.45381,1986,-586.0516235967276
RGI60-13.45381,1987,-462.1078420961936
RGI60-13.45381,1988,-247.38027328822835
RGI60-13.45381,1989,-228.56188891268312
RGI60-13.45381,1990,-992.0269622600663
RGI60-13.45381,1991,-1468.8421136887446
RGI60-13.45381,1992,-311.4876115564495
RGI60-13.45381,1993,-185.09280782280615
RGI60-13.45381,1994,-612.5375033640561
RGI60-13.45381,1995,-1192.2314761920654
RGI60-13.45381,1996,-727.2167817116774
RGI60-13.45381,1997,-1560.6521069571147
RGI60-13.45381,1998,-1317.4812142094188
RGI60-13.45381,1999,-1184.9957690888286
RGI60-13.45381,2000,-912.5186646905996
RGI60-13.45381,2001,-1739.4761317236678
RGI60-13.45381,2002,-1396.3811244391782
RGI60-13.45381,2003,-751.7587330879124
RGI60-13.45381,2004,-1246.5035124136894
RGI60-13.45381,2005,-1546.5280391749072
RGI60-13.45381,2006,-1491.5071219973502
RGI60-13.45381,2007,-1376.1679024666596
RGI60-13.45381,2008,-2043.2536212195869
RGI60-13.45381,2009,-576.26401573173
RGI60-13.45381,2010,-1232.204380626472
RGI60-13.45381,2011,-1495.0353346566224
RGI60-13.45381,2012,-1510.2692475444205
RGI60-13.45381,2013,-886.1835397994382
RGI60-13.45381,2014,-882.8694421535769
RGI60-13.45381,2015,-933.8423245532293
RGI60-13.45381,2016,-1660.0750818937768
RGI60-13.45381,2017,-1478.485722724788
RGI60-13.45381,2018,-1153.914394515071
RGI60-13.45381,2019,-1132.7616645873422
RGI60-13.45382,1901,-6.845504559643752
RGI60-13.45382,1902,-178.71708268817179
RGI60-13.45382,1903,210.38580757139295
RGI60-13.45382,1904,-913.2929050578559
RGI60-13.45382,1905,-615.3061595932422
RGI60-13.45382,1906,-967.8467680388002
RGI60-13.45382,1907,-17.468097150696398
RGI60-13.45382,1908,-378.87314300270276
RGI60-13.45382,1909,-1149.287236527439
RGI60-13.45382,1910,-767.8285506331034
RGI60-13.45382,1911,39.790406813004125
RGI60-13.45382,1912,-260.3840232473964
RGI60-13.45382,1913,82.98994835076795
RGI60-13.45382,1914,-399.3071783595917
RGI60-13.45382,1915,-1249.4525018570664
RGI60-13.45382,1916,-915.028789059733
RGI60-13.45382,1917,-820.3229445704729
RGI60-13.45382,1918,-961.2775151979387
RGI60-13.45382,1919,444.350999237746
RGI60-13.45382,1920,-435.2997521928611
RGI60-13.45382,1921,-330.28176003688435
RGI60-13.45382,1922,-941.6800436728139
RGI60-13.45382,1923,-978.1979755767148
RGI60-13.45382,1924,-824.0148673438063
RGI60-13.45382,1925,176.88524332229824
RGI60-13.45382,1926,9.61832274614135
RGI60-13.45382,1927,-351.884974167937
RGI60-13.45382,1928,-67.63319407893557
RGI60-13.45382,1929,-112.59805988381854
RGI60-13.45382,1930,530.705479059457
RGI60-13.45382,1931,-481.25863631664987
RGI60-13.45382,1932,63.96273868430682
RGI60-13.45382,1933,-901.103366462822
RGI60-13.45382,1934,-39.33903821393226
RGI60-13.45382,1935,-1024.9192874270361
RGI60-13.45382,1936,-135.51421954658377
RGI60-13.45382,1937,112.28570781377694
RGI60-13.45382,1938,6.028477445601798
RGI60-13.45382,1939,-393.4793668607589
RGI60-13.45382,1940,-669.7361398187944
RGI60-13.45382,1941,-328.6582309765103
RGI60-13.45382,1942,960.6818950547731
RGI60-13.45382,1943,-1096.8744128711944
RGI60-13.45382,1944,-1062.9788265954628
RGI60-13.45382,1945,-1398.983348902383
RGI60-13.45382,1946,375.84633926585104
RGI60-13.45382,1947,-140.51303475235068
RGI60-13.45382,1948,-891.5789537239034
RGI60-13.45382,1949,-229.57109128196916
RGI60-13.45382,1950,-958.3778601874105
RGI60-13.45382,1951,-681.9178974777777
RGI60-13.45382,1952,-360.83577532073195
RGI60-13.45382,1953,-470.7164866151313
RGI60-13.45382,1954,189.88213202178915
RGI60-13.45382,1955,-731.9872198655318
RGI60-13.45382,1956,-126.08152888446459
RGI60-13.45382,1957,-545.478714134702
RGI60-13.45382,1958,487.15151474474067
RGI60-13.45382,1959,104.10840251496224
RGI60-13.45382,1960,76.08134474858987
RGI60-13.45382,1961,-130.44603379354365
RGI60-13.45382,1962,-1260.0660251398344
RGI60-13.45382,1963,-496.608643570311
RGI60-13.45382,1964,-476.0470066884593
RGI60-13.45382,1965,-1055.5878076413053
RGI60-13.45382,1966,-767.894464260662
RGI60-13.45382,1967,-407.15278404098547
RGI60-13.45382,1968,-889.8063709095884
RGI60-13.45382,1969,1.2083888565878462
RGI60-13.45382,1970,-381.42499348260776
RGI60-13.45382,1971,-241.36713282927587
RGI60-13.45382,1972,-85.22476015358812
RGI60-13.45382,1973,-832.1771913101308
RGI60-13.45382,1974,-1339.4142566077971
RGI60-13.45382,1975,-708.5276271745881
RGI60-13.45382,1976,-143.86581401681346
RGI60-13.45382,1977,-1066.9814514099828
RGI60-13.45382,1978,-314.499592069173
RGI60-13.45382,1979,254.90402256802514
RGI60-13.45382,1980,-392.6073475477343
RGI60-13.45382,1981,-503.9497562909508
RGI60-13.45382,1982,-336.8866455454321
RGI60-13.45382,1983,-379.27794192639874
RGI60-13.45382,1984,-30.875815664191066
RGI60-13.45382,1985,-455.1108125843869
RGI60-13.45382,1986,-308.2712040358868
RGI60-13.45382,1987,-386.9056087283961
RGI60-13.45382,1988,214.65445441007122
RGI60-13.45382,1989,72.82808753511239
RGI60-13.45382,1990,-520.5873595511708
RGI60-13.45382,1991,-835.1842173335747
RGI60-13.45382,1992,168.8926372822196
RGI60-13.45382,1993,331.3315487130377
RGI60-13.45382,1994,-254.07577793861088
RGI60-13.45382,1995,-695.7683982710022
RGI60-13.45382,1996,-333.08421224275094
RGI60-13.45382,1997,-883.7496885042287
RGI60-13.45382,1998,-915.7579649540426
RGI60-13.45382,1999,-653.2868991816854
RGI60-13.45382,2000,-535.3580923545826
RGI60-13.45382,2001,-1245.1478430663492
RGI60-13.45382,2002,-917.0675366376504
RGI60-13.45382,2003,-160.29610408180287
RGI60-13.45382,2004,-735.5243653161036
RGI60-13.45382,2005,-890.2022216432422
RGI60-13.45382,2006,-1026.7650284141844
RGI60-13.45382,2007,-903.9886917895326
RGI60-13.45382,2008,-1427.23436151193
RGI60-13.45382,2009,-214.16228343648424
RGI60-13.45382,2010,-807.5817751762229
RGI60-13.45382,2011,-1087.4583892648086
RGI60-13.45382,2012,-1089.5516361104173
RGI60-13.45382,2013,-452.8957334500557
RGI60-13.45382,2014,-473.3160266885962
RGI60-13.45382,2015,-503.8383906446378
RGI60-13.45382,2016,-1096.072561887986
RGI60-13.45382,2017,-985.4230669590777
RGI60-13.45382,2018,-870.465208377577
RGI60-13.45382,2019,-645.6506831887789
RGI60-13.45383,1901,541.7405968579825
RGI60-13.45383,1902,443.5366414528175
RGI60-13.45383,1903,739.6034892976966
RGI60-13.45383,1904,-666.6191267046672
RGI60-13.45383,1905,-294.90745218232087
RGI60-13.45383,1906,-738.9204899038538
RGI60-13.45383,1907,564.232867368532
RGI60-13.45383,1908,64.54444699016871
RGI60-13.45383,1909,-866.6477635164356
RGI60-13.45383,1910,-448.4827986902707
RGI60-13.45383,1911,568.5086056783272
RGI60-13.45383,1912,57.00321795829755
RGI60-13.45383,1913,579.4230723038055
RGI60-13.45383,1914,29.250405038343605
RGI60-13.45383,1915,-1010.177045553295
RGI60-13.45383,1916,-645.7818453625176
RGI60-13.45383,1917,-570.7806335252443
RGI60-13.45383,1918,-606.3387546627526
RGI60-13.45383,1919,1205.787216395985
RGI60-13.45383,1920,61.014971210077434
RGI60-13.45383,1921,171.42078396527305
RGI60-13.45383,1922,-715.95249811175
RGI60-13.45383,1923,-594.9202708097488
RGI60-13.45383,1924,-489.628870396666
RGI60-13.45383,1925,652.1329515858356
RGI60-13.45383,1926,457.4291720178569
RGI60-13.45383,1927,116.64083259741032
RGI60-13.45383,1928,493.8473247254489
RGI60-13.45383,1929,334.554260937745
RGI60-13.45383,1930,1212.0203286752635
RGI60-13.45383,1931,2.4702832946422233
RGI60-13.45383,1932,541.7025057544643
RGI60-13.45383,1933,-554.92290675445
RGI60-13.45383,1934,406.66110958004214
RGI60-13.45383,1935,-691.4711768797696
RGI60-13.45383,1936,246.40319395223273
RGI60-13.45383,1937,565.5819918226106
RGI60-13.45383,1938,472.6727163070552
RGI60-13.45383,1939,158.31404539589826
RGI60-13.45383,1940,-209.74398808021286
RGI60-13.45383,1941,225.32671020249708
RGI60-13.45383,1942,2022.4274743807107
RGI60-13.45383,1943,-805.9802965038475
RGI60-13.45383,1944,-754.3783700772116
RGI60-13.45383,1945,-1069.8901177714458
RGI60-13.45383,1946,987.272085882146
RGI60-13.45383,1947,245.60797539102956
RGI60-13.45383,1948,-541.2859904205905
RGI60-13.45383,1949,351.3665029692863
RGI60-13.45383,1950,-621.6279128513538
RGI60-13.45383,1951,-269.6410354197345
RGI60-13.45383,1952,105.95040187580132
RGI60-13.45383,1953,91.78202963929684
RGI60-13.45383,1954,631.5344059349773
RGI60-13.45383,1955,-296.4036466836197
RGI60-13.45383,1956,374.6875077592863
RGI60-13.45383,1957,-144.8785307731851
RGI60-13.45383,1958,1015.0989227569364
RGI60-13.45383,1959,601.6612183088666
RGI60-13.45383,1960,489.73943301829985
RGI60-13.45383,1961,292.1019105516741
RGI60-13.45383,1962,-903.5764959972867
RGI60-13.45383,1963,-112.41841610030183
RGI60-13.45383,1964,-70.08000329605304
RGI60-13.45383,1965,-735.969676269454
RGI60-13.45383,1966,-280.3988025378507
RGI60-13.45383,1967,-39.57135882101214
RGI60-13.45383,1968,-586.7771058191239
RGI60-13.45383,1969,481.74540054766595
RGI60-13.45383,1970,-45.77556730957341
RGI60-13.45383,1971,203.55229934294925
RGI60-13.45383,1972,316.4997045442521
RGI60-13.45383,1973,-496.27357293653745
RGI60-13.45383,1974,-1012.2713761277945
RGI60-13.45383,1975,-321.1478066988539
RGI60-13.45383,1976,331.0743616681382
RGI60-13.45383,1977,-692.6437513660504
RGI60-13.45383,1978,140.08265701503242
RGI60-13.45383,1979,851.9377492425409
RGI60-13.45383,1980,38.398481685967084
RGI60-13.45383,1981,-141.69518302657875
RGI60-13.45383,1982,102.55238734328951
RGI60-13.45383,1983,76.45318313210862
RGI60-13.45383,1984,482.6231811639076
RGI60-13.45383,1985,-96.74757067267085
RGI60-13.45383,1986,204.678945055963
RGI60-13.45383,1987,114.08866702710158
RGI60-13.45383,1988,777.1515169328519
RGI60-13.45383,1989,628.8044872523385
RGI60-13.45383,1990,-130.0754139379291
RGI60-13.45383,1991,-498.69217513330136
RGI60-13.45383,1992,656.4045829463709
RGI60-13.45383,1993,838.5561470697842
RGI60-13.45383,1994,329.037810476157
RGI60-13.45383,1995,-317.99300736097024
RGI60-13.45383,1996,138.52781502832153
RGI60-13.45383,1997,-505.7538405378563
RGI60-13.45383,1998,-431.714702210714
RGI60-13.45383,1999,-108.09953652142279
RGI60-13.45383,2000,97.34874213120922
RGI60-13.45383,2001,-841.6192601446894
RGI60-13.45383,2002,-406.69274176068956
RGI60-13.45383,2003,297.8146578556693
RGI60-13.45383,2004,-317.7388506598178
RGI60-13.45383,2005,-473.510230861939
RGI60-13.45383,2006,-626.0397045717353
RGI60-13.45383,2007,-489.49624725545783
RGI60-13.45383,2008,-1044.134233209616
RGI60-13.45383,2009,311.7078310215783
RGI60-13.45383,2010,-360.5818303232902
RGI60-13.45383,2011,-692.1849257597786
RGI60-13.45383,2012,-659.8782911754314
RGI60-13.45383,2013,15.037930873447468
RGI60-13.45383,2014,58.37247873314868
RGI60-13.45383,2015,151.73260296542284
RGI60-13.45383,2016,-644.016847365903
RGI60-13.45383,2017,-490.1102479794124
RGI60-13.45383,2018,-368.23896778585487
RGI60-13.45383,2019,-23.771864726869968
RGI60-13.45384,1901,-300.0790568838838
RGI60-13.45384,1902,-434.73203855493335
RGI60-13.45384,1903,-316.7687358521704
RGI60-13.45384,1904,-1456.451741612283
RGI60-13.45384,1905,-1204.9342464588958
RGI60-13.45384,1906,-1506.95302847313
RGI60-13.45384,1907,-301.28451800615204
RGI60-13.45384,1908,-742.9222901009022
RGI60-13.45384,1909,-1649.6166871272349
RGI60-13.45384,1910,-1232.6783875530264
RGI60-13.45384,1911,-376.60629734911674
RGI60-13.45384,1912,-938.3680190949415
RGI60-13.45384,1913,-534.8566120135149
RGI60-13.45384,1914,-891.2592635228364
RGI60-13.45384,1915,-1694.5786671783658
RGI60-13.45384,1916,-1422.1064765902693
RGI60-13.45384,1917,-1497.4137421952794
RGI60-13.45384,1918,-1221.1437223098578
RGI60-13.45384,1919,54.47497601987865
RGI60-13.45384,1920,-614.5462934784566
RGI60-13.45384,1921,-571.0662419235501
RGI60-13.45384,1922,-1390.9075358806406
RGI60-13.45384,1923,-1224.1661509665716
RGI60-13.45384,1924,-1143.4078058992104
RGI60-13.45384,1925,-166.3744703873359
RGI60-13.45384,1926,-565.5835792699885
RGI60-13.45384,1927,-526.5936010291518
RGI60-13.45384,1928,-328.14539273954324
RGI60-13.45384,1929,-645.1021715542049
RGI60-13.45384,1930,257.44904159939534
RGI60-13.45384,1931,-639.1265203036243
RGI60-13.45384,1932,-299.7483820819531
RGI60-13.45384,1933,-1177.1690420768873
RGI60-13.45384,1934,-579.8182265807991
RGI60-13.45384,1935,-1363.011737242009
RGI60-13.45384,1936,-691.0168216005361
RGI60-13.45384,1937,-392.68542910143816
RGI60-13.45384,1938,-419.5306727037431
RGI60-13.45384,1939,-701.4098930207866
RGI60-13.45384,1940,-919.3446912636965
RGI60-13.45384,1941,-391.5301832821625
RGI60-13.45384,1942,1094.873701885724
RGI60-13.45384,1943,-1457.15060455392
RGI60-13.45384,1944,-1307.5009030923218
RGI60-13.45384,1945,-1858.1661664121991
RGI60-13.45384,1946,53.095076065581544
RGI60-13.45384,1947,-637.4448985469586
RGI60-13.45384,1948,-1180.0067468415068
RGI60-13.45384,1949,-430.1091558488873
RGI60-13.45384,1950,-1436.9353634786717
RGI60-13.45384,1951,-1453.6937201165213
RGI60-13.45384,1952,-553.3755561935629
RGI60-13.45384,1953,-1095.5250255587655
RGI60-13.45384,1954,-201.39955536330788
RGI60-13.45384,1955,-847.1838283114248
RGI60-13.45384,1956,-161.96630651941905
RGI60-13.45384,1957,-892.8560821606465
RGI60-13.45384,1958,267.2679713487003
RGI60-13.45384,1959,-690.2639141559499
RGI60-13.45384,1960,-367.8284059558151
RGI60-13.45384,1961,-745.9882707136568
RGI60-13.45384,1962,-1746.6968354131618
RGI60-13.45384,1963,-992.8864680691644
RGI60-13.45384,1964,-775.6182497446524
RGI60-13.45384,1965,-1597.8152056460779
RGI60-13.45384,1966,-1207.8443990483674
RGI60-13.45384,1967,-1039.9491008515422
RGI60-13.45384,1968,-1365.0067492083058
RGI60-13.45384,1969,-467.43199187038147
RGI60-13.45384,1970,-731.679402371711
RGI60-13.45384,1971,-531.3888655680302
RGI60-13.45384,1972,-829.2681749075323
RGI60-13.45384,1973,-1129.7639313072573
RGI60-13.45384,1974,-1742.1051765359784
RGI60-13.45384,1975,-1193.4664017441596
RGI60-13.45384,1976,-665.0614308081458
RGI60-13.45384,1977,-1530.3801045975763
RGI60-13.45384,1978,-881.7140743666521
RGI60-13.45384,1979,-118.44385390418408
RGI60-13.45384,1980,-741.3756065837547
RGI60-13.45384,1981,-829.4680235581307
RGI60-13.45384,1982,-845.4814963966796
RGI60-13.45384,1983,-570.3125344082152
RGI60-13.45384,1984,-386.61027462522
RGI60-13.45384,1985,-726.0158501018811
RGI60-13.45384,1986,-615.6226755473165
RGI60-13.45384,1987,-293.43150799832057
RGI60-13.45384,1988,-300.09833612950956
RGI60-13.45384,1989,-272.4968155563854
RGI60-13.45384,1990,-913.0700981855185
RGI60-13.45384,1991,-1368.2873306884912
RGI60-13.45384,1992,-342.2634428017172
RGI60-13.45384,1993,-336.0324241018726
RGI60-13.45384,1994,-461.3437886336655
RGI60-13.45384,1995,-1090.5181206464006
RGI60-13.45384,1996,-618.5401910058084
RGI60-13.45384,1997,-1530.1817769050576
RGI60-13.45384,1998,-1089.3965248339168
RGI60-13.45384,1999,-1109.250800627969
RGI60-13.45384,2000,-1001.6097969383766
RGI60-13.45384,2001,-1515.9039447919174
RGI60-13.45384,2002,-1148.6828963387118
RGI60-13.45384,2003,-714.1809239679155
RGI60-13.45384,2004,-1122.9283731223422
RGI60-13.45384,2005,-1401.945381092056
RGI60-13.45384,2006,-1275.4731053196065
RGI60-13.45384,2007,-1251.9997240815583
RGI60-13.45384,2008,-1825.4311283605214
RGI60-13.45384,2009,-474.3382121103582
RGI60-13.45384,2010,-997.4800173398665
RGI60-13.45384,2011,-1290.4697392082514
RGI60-13.45384,2012,-1329.2676734906527
RGI60-13.45384,2013,-795.301014000479
RGI60-13.45384,2014,-706.5449548510912
RGI60-13.45384,2015,-804.5866316995198
RGI60-13.45384,2016,-1376.3269142165273
RGI60-13.45384,2017,-1292.265015537991
RGI60-13.45384,2018,-831.2358917972248
RGI60-13.45384,2019,-1012.0286617350387
RGI60-13.45385,1901,23.000749086267483
RGI60-13.45385,1902,-129.62931265928566
RGI60-13.45385,1903,145.6837953727634
RGI60-13.45385,1904,-1222.5636455809574
RGI60-13.45385,1905,-870.1585960771579
RGI60-13.45385,1906,-1279.8000140230995
RGI60-13.45385,1907,83.81172130009021
RGI60-13.45385,1908,-397.4035258851955
RGI60-13.45385,1909,-1434.188423697692
RGI60-13.45385,1910,-938.2689496157396
RGI60-13.45385,1911,-86.9038767074963
RGI60-13.45385,1912,-537.2793949615893
RGI60-13.45385,1913,-100.20647741265932
RGI60-13.45385,1914,-564.9133023239461
RGI60-13.45385,1915,-1458.4079552862138
RGI60-13.45385,1916,-1163.154394752776
RGI60-13.45385,1917,-1127.7017940336757
RGI60-13.45385,1918,-1047.5946912519823
RGI60-13.45385,1919,614.5318099192673
RGI60-13.45385,1920,-461.0848845974909
RGI60-13.45385,1921,-304.47593366828494
RGI60-13.45385,1922,-1186.8951798661883
RGI60-13.45385,1923,-1027.6485555771762
RGI60-13.45385,1924,-891.6349488621656
RGI60-13.45385,1925,179.13379965990134
RGI60-13.45385,1926,-142.0679476197247
RGI60-13.45385,1927,-226.26314878428025
RGI60-13.45385,1928,-72.13428094625323
RGI60-13.45385,1929,-273.71754377154576
RGI60-13.45385,1930,651.9976803820706
RGI60-13.45385,1931,-458.84309897830434
RGI60-13.45385,1932,117.94301220699283
RGI60-13.45385,1933,-986.2362578233902
RGI60-13.45385,1934,-286.8433850201349
RGI60-13.45385,1935,-1137.1289171631308
RGI60-13.45385,1936,-306.10540165069506
RGI60-13.45385,1937,46.186350286146094
RGI60-13.45385,1938,-18.554116407893883
RGI60-13.45385,1939,-389.0329335819964
RGI60-13.45385,1940,-776.8015531975674
RGI60-13.45385,1941,-267.12032327968603
RGI60-13.45385,1942,1393.900748505125
RGI60-13.45385,1943,-1214.2479431224967
RGI60-13.45385,1944,-1184.5308670443685
RGI60-13.45385,1945,-1599.2374909578732
RGI60-13.45385,1946,487.69393760306735
RGI60-13.45385,1947,-276.8484571559492
RGI60-13.45385,1948,-962.2484071819855
RGI60-13.45385,1949,-206.8575557031852
RGI60-13.45385,1950,-1139.2764876841272
RGI60-13.45385,1951,-995.9899450719396
RGI60-13.45385,1952,-243.365324221218
RGI60-13.45385,1953,-666.9980818492943
RGI60-13.45385,1954,114.22972981145651
RGI60-13.45385,1955,-731.1504625152126
RGI60-13.45385,1956,59.54243674575019
RGI60-13.45385,1957,-672.9877259127792
RGI60-13.45385,1958,610.4194291816938
RGI60-13.45385,1959,-230.9944839895236
RGI60-13.45385,1960,-7.35637142062571
RGI60-13.45385,1961,-331.0862957162593
RGI60-13.45385,1962,-1428.6118066488043
RGI60-13.45385,1963,-727.3990813653253
RGI60-13.45385,1964,-553.0766697244776
RGI60-13.45385,1965,-1329.4909862605386
RGI60-13.45385,1966,-893.1633644143907
RGI60-13.45385,1967,-626.1948113980529
RGI60-13.45385,1968,-1119.3425301000766
RGI60-13.45385,1969,-44.523596267250085
RGI60-13.45385,1970,-549.246104357307
RGI60-13.45385,1971,-346.9667827278267
RGI60-13.45385,1972,-424.7528710708269
RGI60-13.45385,1973,-956.4310910719366
RGI60-13.45385,1974,-1555.4348846060657
RGI60-13.45385,1975,-833.4642929561197
RGI60-13.45385,1976,-299.61703895302924
RGI60-13.45385,1977,-1247.4923101903971
RGI60-13.45385,1978,-481.72623218631446
RGI60-13.45385,1979,269.20740515763003
RGI60-13.45385,1980,-376.90332798999503
RGI60-13.45385,1981,-618.3068668646972
RGI60-13.45385,1982,-550.5545682113959
RGI60-13.45385,1983,-305.53437748986215
RGI60-13.45385,1984,-44.628727184365644
RGI60-13.45385,1985,-497.09185995495056
RGI60-13.45385,1986,-206.1181337316451
RGI60-13.45385,1987,-134.80701847233075
RGI60-13.45385,1988,129.4225162571094
RGI60-13.45385,1989,139.34256025039375
RGI60-13.45385,1990,-639.3252277337448
RGI60-13.45385,1991,-1114.593846102818
RGI60-13.45385,1992,20.944807773910306
RGI60-13.45385,1993,152.11886812769123
RGI60-13.45385,1994,-215.42180898980783
RGI60-13.45385,1995,-815.0322727598515
RGI60-13.45385,1996,-370.5711452275159
RGI60-13.45385,1997,-1137.7433799500839
RGI60-13.45385,1998,-887.0073144537633
RGI60-13.45385,1999,-735.521994370851
RGI60-13.45385,2000,-408.19581123063665
RGI60-13.45385,2001,-1297.4416692679606
RGI60-13.45385,2002,-980.0642553580817
RGI60-13.45385,2003,-405.30958909912005
RGI60-13.45385,2004,-869.2648297296029
RGI60-13.45385,2005,-1135.3472113051355
RGI60-13.45385,2006,-1106.0115963849512
RGI60-13.45385,2007,-960.8515006348573
RGI60-13.45385,2008,-1573.3560332953375
RGI60-13.45385,2009,-205.27949794162862
RGI60-13.45385,2010,-852.5500040424635
RGI60-13.45385,2011,-1100.2213478026124
RGI60-13.45385,2012,-1081.308390081029
RGI60-13.45385,2013,-503.23917413629556
RGI60-13.45385,2014,-490.36324151057335
RGI60-13.45385,2015,-456.1919195021186
RGI60-13.45385,2016,-1196.7366409685915
RGI60-13.45385,2017,-1024.0091185797128
RGI60-13.45385,2018,-744.4846498274565
RGI60-13.45385,2019,-645.7735193018423
RGI60-13.45386,1901,216.00030907755678
RGI60-13.45386,1902,76.26147143038689
RGI60-13.45386,1903,392.0042757654942
RGI60-13.45386,1904,-1022.2244961332669
RGI60-13.45386,1905,-654.792225391534
RGI60-13.45386,1906,-1088.5151713227817
RGI60-13.45386,1907,248.00168210000757
RGI60-13.45386,1908,-243.9973396065189
RGI60-13.45386,1909,-1248.1524754026955
RGI60-13.45386,1910,-776.8772650101898
RGI60-13.45386,1911,183.59454188318097
RGI60-13.45386,1912,-293.7336530480971
RGI60-13.45386,1913,187.0421963234888
RGI60-13.45386,1914,-340.6732338422619
RGI60-13.45386,1915,-1337.3075549938237
RGI60-13.45386,1916,-987.2575394897466
RGI60-13.45386,1917,-927.6359680348304
RGI60-13.45386,1918,-923.7434210422464
RGI60-13.45386,1919,841.1493769325964
RGI60-13.45386,1920,-280.24514084508303
RGI60-13.45386,1921,-146.92966907723888
RGI60-13.45386,1922,-1031.8365580038646
RGI60-13.45386,1923,-913.3615267214965
RGI60-13.45386,1924,-783.5297873872814
RGI60-13.45386,1925,368.7197425444504
RGI60-13.45386,1926,102.05110161771896
RGI60-13.45386,1927,-136.08478343943875
RGI60-13.45386,1928,143.05867252038988
RGI60-13.45386,1929,-29.84279406554271
RGI60-13.45386,1930,879.2368888078752
RGI60-13.45386,1931,-313.6673924382011
RGI60-13.45386,1932,268.16639853540744
RGI60-13.45386,1933,-864.814915018207
RGI60-13.45386,1934,9.989189926447349
RGI60-13.45386,1935,-1013.3732893449849
RGI60-13.45386,1936,-85.38294534039804
RGI60-13.45386,1937,253.37268979120657
RGI60-13.45386,1938,169.26792495657654
RGI60-13.45386,1939,-206.75389156234382
RGI60-13.45386,1940,-581.2657027944308
RGI60-13.45386,1941,-104.26176817375215
RGI60-13.45386,1942,1638.8374514848367
RGI60-13.45386,1943,-1113.0042575240072
RGI60-13.45386,1944,-1067.859931157811
RGI60-13.45386,1945,-1460.6008660472937
RGI60-13.45386,1946,684.0864611951426
RGI60-13.45386,1947,-73.94699836021309
RGI60-13.45386,1948,-849.3781774144769
RGI60-13.45386,1949,-8.75674209219983
RGI60-13.45386,1950,-979.1055933540152
RGI60-13.45386,1951,-725.7755156570696
RGI60-13.45386,1952,-150.22714939795725
RGI60-13.45386,1953,-384.02665856162923
RGI60-13.45386,1954,334.070484558957
RGI60-13.45386,1955,-606.7306455731026
RGI60-13.45386,1956,145.9167348968674
RGI60-13.45386,1957,-486.8971244196584
RGI60-13.45386,1958,775.5963230122358
RGI60-13.45386,1959,135.2224919391851
RGI60-13.45386,1960,195.75416242712592
RGI60-13.45386,1961,-79.74807077220808
RGI60-13.45386,1962,-1283.5665016488438
RGI60-13.45386,1963,-489.94928873461043
RGI60-13.45386,1964,-387.88021876727515
RGI60-13.45386,1965,-1129.9768404159515
RGI60-13.45386,1966,-688.9449794366573
RGI60-13.45386,1967,-401.24899713882803
RGI60-13.45386,1968,-939.5190557519009
RGI60-13.45386,1969,158.93363112054317
RGI60-13.45386,1970,-358.5475269772221
RGI60-13.45386,1971,-136.0966649645278
RGI60-13.45386,1972,-102.34864084943644
RGI60-13.45386,1973,-815.878598762148
RGI60-13.45386,1974,-1401.0382462904422
RGI60-13.45386,1975,-666.3404315358723
RGI60-13.45386,1976,-45.776009379048176
RGI60-13.45386,1977,-1077.7520024156188
RGI60-13.45386,1978,-245.92614172670895
RGI60-13.45386,1979,503.90509618623435
RGI60-13.45386,1980,-250.1184595739784
RGI60-13.45386,1981,-452.405298558271
RGI60-13.45386,1982,-288.5304349835582
RGI60-13.45386,1983,-195.542594237567
RGI60-13.45386,1984,154.6660779718956
RGI60-13.45386,1985,-370.41461912798826
RGI60-13.45386,1986,-86.73967058500433
RGI60-13.45386,1987,-96.78238129680877
RGI60-13.45386,1988,400.21098206949455
RGI60-13.45386,1989,317.0594917691435
RGI60-13.45386,1990,-462.38099598184897
RGI60-13.45386,1991,-888.6999426005048
RGI60-13.45386,1992,291.7750073972871
RGI60-13.45386,1993,454.6577183557231
RGI60-13.45386,1994,-26.535863052060904
RGI60-13.45386,1995,-653.1996418647575
RGI60-13.45386,1996,-190.78130431116654
RGI60-13.45386,1997,-917.4531476711993
RGI60-13.45386,1998,-770.4851756386364
RGI60-13.45386,1999,-521.9191397115571
RGI60-13.45386,2000,-272.53221317033643
RGI60-13.45386,2001,-1191.4618565234018
RGI60-13.45386,2002,-801.1671196939105
RGI60-13.45386,2003,-109.12189351618287
RGI60-13.45386,2004,-683.5177167702191
RGI60-13.45386,2005,-899.5663276280785
RGI60-13.45386,2006,-971.5484571358551
RGI60-13.45386,2007,-830.0802164706456
RGI60-13.45386,2008,-1440.8549451749068
RGI60-13.45386,2009,-22.2829624492796
RGI60-13.45386,2010,-704.8344399816746
RGI60-13.45386,2011,-1007.5041557483504
RGI60-13.45386,2012,-989.4838233822471
RGI60-13.45386,2013,-326.36928052832286
RGI60-13.45386,2014,-303.92034370802384
RGI60-13.45386,2015,-259.63201063412953
RGI60-13.45386,2016,-1038.7895048384257
RGI60-13.45386,2017,-874.1506259259706
RGI60-13.45386,2018,-665.6389625304099
RGI60-13.45386,2019,-449.5431441896282
RGI60-13.45387,1901,136.75092377389646
RGI60-13.45387,1902,241.90362474831133
RGI60-13.45387,1903,334.8907683967352
RGI60-13.45387,1904,-876.209780275783
RGI60-13.45387,1905,-586.5927371217662
RGI60-13.45387,1906,-995.8264169623275
RGI60-13.45387,1907,277.8833879597043
RGI60-13.45387,1908,-138.54755586086256
RGI60-13.45387,1909,-1135.6953464781154
RGI60-13.45387,1910,-679.105974693253
RGI60-13.45387,1911,331.6579159907241
RGI60-13.45387,1912,-235.30143878691845
RGI60-13.45387,1913,248.0006021924391
RGI60-13.45387,1914,-170.44140808180188
RGI60-13.45387,1915,-1151.2889146590326
RGI60-13.45387,1916,-800.8796131252799
RGI60-13.45387,1917,-753.8772778242168
RGI60-13.45387,1918,-762.3878077275143
RGI60-13.45387,1919,947.6365470178888
RGI60-13.45387,1920,-147.14394760019948
RGI60-13.45387,1921,-115.85697757715477
RGI60-13.45387,1922,-896.2696380348672
RGI60-13.45387,1923,-718.2400288018215
RGI60-13.45387,1924,-623.7919708831848
RGI60-13.45387,1925,473.66780059361673
RGI60-13.45387,1926,208.6041763790015
RGI60-13.45387,1927,-17.684229491124036
RGI60-13.45387,1928,203.49185543667008
RGI60-13.45387,1929,168.1465704964546
RGI60-13.45387,1930,822.7255362200574
RGI60-13.45387,1931,-56.397155848989186
RGI60-13.45387,1932,166.4461496076834
RGI60-13.45387,1933,-689.1358247700963
RGI60-13.45387,1934,32.37563477591196
RGI60-13.45387,1935,-737.3162014580639
RGI60-13.45387,1936,-48.59563349273287
RGI60-13.45387,1937,277.9598732273886
RGI60-13.45387,1938,269.07136285905705
RGI60-13.45387,1939,-118.49685738597881
RGI60-13.45387,1940,-335.666447213986
RGI60-13.45387,1941,1.1744730318726695
RGI60-13.45387,1942,1878.9263377797804
RGI60-13.45387,1943,-891.2551226366119
RGI60-13.45387,1944,-818.2315277459335
RGI60-13.45387,1945,-1182.485641099656
RGI60-13.45387,1946,636.3939683131005
RGI60-13.45387,1947,-55.40193041897878
RGI60-13.45387,1948,-672.1450176303658
RGI60-13.45387,1949,163.2471699261156
RGI60-13.45387,1950,-835.6281497557725
RGI60-13.45387,1951,-513.8893647004375
RGI60-13.45387,1952,38.273324687735666
RGI60-13.45387,1953,91.63123084161285
RGI60-13.45387,1954,361.86721961618343
RGI60-13.45387,1955,-348.23261447275854
RGI60-13.45387,1956,186.4795205638057
RGI60-13.45387,1957,-302.7530491831701
RGI60-13.45387,1958,934.7251666378809
RGI60-13.45387,1959,475.07049200378765
RGI60-13.45387,1960,361.1352183109524
RGI60-13.45387,1961,-5.03489020901648
RGI60-13.45387,1962,-1029.4032992671887
RGI60-13.45387,1963,-351.23727743421824
RGI60-13.45387,1964,-155.37190403380163
RGI60-13.45387,1965,-899.4177591619275
RGI60-13.45387,1966,-463.99137351535865
RGI60-13.45387,1967,-346.6547257921061
RGI60-13.45387,1968,-717.9625825702271
RGI60-13.45387,1969,62.701608411227824
RGI60-13.45387,1970,-173.44112937130083
RGI60-13.45387,1971,-26.330895715822354
RGI60-13.45387,1972,33.63417636661097
RGI60-13.45387,1973,-568.5126243358604
RGI60-13.45387,1974,-1239.5949755611914
RGI60-13.45387,1975,-507.70948739259916
RGI60-13.45387,1976,172.76194066174966
RGI60-13.45387,1977,-791.4205072743232
RGI60-13.45387,1978,-53.915503035268486
RGI60-13.45387,1979,624.1435064992253
RGI60-13.45387,1980,-24.049632736765403
RGI60-13.45387,1981,-175.5623625964553
RGI60-13.45387,1982,-153.468191694462
RGI60-13.45387,1983,55.98856753807796
RGI60-13.45387,1984,422.2014690679025
RGI60-13.45387,1985,-38.39801361630855
RGI60-13.45387,1986,63.35393053297899
RGI60-13.45387,1987,230.44460545169753
RGI60-13.45387,1988,581.4983516122875
RGI60-13.45387,1989,339.4790569613058
RGI60-13.45387,1990,-125.7130094295634
RGI60-13.45387,1991,-618.0587891482842
RGI60-13.45387,1992,495.9705639030284
RGI60-13.45387,1993,532.5241228520543
RGI60-13.45387,1994,87.42225807520133
RGI60-13.45387,1995,-397.291862160831
RGI60-13.45387,1996,94.14817054245847
RGI60-13.45387,1997,-690.8894003319364
RGI60-13.45387,1998,-316.7230414242885
RGI60-13.45387,1999,-345.3953619302727
RGI60-13.45387,2000,-69.05703659724036
RGI60-13.45387,2001,-828.4596868377913
RGI60-13.45387,2002,-448.96651660828593
RGI60-13.45387,2003,159.5320887713365
RGI60-13.45387,2004,-299.274678040027
RGI60-13.45387,2005,-546.0335621177013
RGI60-13.45387,2006,-586.5760576706629
RGI60-13.45387,2007,-405.54861065480577
RGI60-13.45387,2008,-1081.890014477146
RGI60-13.45387,2009,236.81367325187384
RGI60-13.45387,2010,-391.0719504243974
RGI60-13.45387,2011,-655.3845255035956
RGI60-13.45387,2012,-581.4974785723149
RGI60-13.45387,2013,-122.46223414175873
RGI60-13.45387,2014,-151.88670158043934
RGI60-13.45387,2015,-21.710507644094815
RGI60-13.45387,2016,-631.4732597052645
RGI60-13.45387,2017,-479.63397610859926
RGI60-13.45387,2018,-294.3115149351215
RGI60-13.45387,2019,-283.10745040396864
RGI60-13.45388,1901,-52.35165867524786
RGI60-13.45388,1902,-2.066102592637074
RGI60-13.45388,1903,180.41888576722835
RGI60-13.45388,1904,-1113.7445559763642
RGI60-13.45388,1905,-798.0527591529599
RGI60-13.45388,1906,-1237.5061850739503
RGI60-13.45388,1907,79.27589587386811
RGI60-13.45388,1908,-344.7585035549609
RGI60-13.45388,1909,-1396.8306165266065
RGI60-13.45388,1910,-905.3814989240303
RGI60-13.45388,1911,147.8008461087114
RGI60-13.45388,1912,-393.4889134079607
RGI60-13.45388,1913,81.9081386742955
RGI60-13.45388,1914,-366.2832159404499
RGI60-13.45388,1915,-1407.4396315068352
RGI60-13.45388,1916,-1024.2158751980917
RGI60-13.45388,1917,-955.2270628172706
RGI60-13.45388,1918,-1013.446859739443
RGI60-13.45388,1919,781.0195447867917
RGI60-13.45388,1920,-389.1467194527113
RGI60-13.45388,1921,-326.6741367650586
RGI60-13.45388,1922,-1113.100509814239
RGI60-13.45388,1923,-973.6936188601773
RGI60-13.45388,1924,-840.2834853742492
RGI60-13.45388,1925,346.1028115222268
RGI60-13.45388,1926,59.785643284320194
RGI60-13.45388,1927,-205.67140523106818
RGI60-13.45388,1928,6.550075347832792
RGI60-13.45388,1929,8.597859960104598
RGI60-13.45388,1930,673.2165544575704
RGI60-13.45388,1931,-294.91227063666327
RGI60-13.45388,1932,48.85319127956515
RGI60-13.45388,1933,-916.6688149401099
RGI60-13.45388,1934,-144.61536040823216
RGI60-13.45388,1935,-999.4239897095794
RGI60-13.45388,1936,-195.80983978344167
RGI60-13.45388,1937,143.0717041438001
RGI60-13.45388,1938,131.27992889498205
RGI60-13.45388,1939,-351.13292407903447
RGI60-13.45388,1940,-592.6887295509556
RGI60-13.45388,1941,-253.3825729183596
RGI60-13.45388,1942,1654.692621285897
RGI60-13.45388,1943,-1117.6652735356934
RGI60-13.45388,1944,-1072.775782593976
RGI60-13.45388,1945,-1489.133237100773
RGI60-13.45388,1946,510.2674012249129
RGI60-13.45388,1947,-210.77139240930342
RGI60-13.45388,1948,-903.7797058216366
RGI60-13.45388,1949,-60.70252417961698
RGI60-13.45388,1950,-1076.8983954716582
RGI60-13.45388,1951,-752.877049292957
RGI60-13.45388,1952,-144.3981312399595
RGI60-13.45388,1953,-146.0424071322611
RGI60-13.45388,1954,235.90077576695097
RGI60-13.45388,1955,-610.8921657345782
RGI60-13.45388,1956,25.67788351294685
RGI60-13.45388,1957,-528.9256217019722
RGI60-13.45388,1958,838.312229369492
RGI60-13.45388,1959,319.80457757943697
RGI60-13.45388,1960,239.75043832344895
RGI60-13.45388,1961,-166.29676455124516
RGI60-13.45388,1962,-1319.6337531278623
RGI60-13.45388,1963,-557.1223626053353
RGI60-13.45388,1964,-371.86590442905305
RGI60-13.45388,1965,-1158.8807660068642
RGI60-13.45388,1966,-729.3436353718027
RGI60-13.45388,1967,-527.4101794013421
RGI60-13.45388,1968,-948.1692971633835
RGI60-13.45388,1969,-84.09541232387407
RGI60-13.45388,1970,-367.3179573870745
RGI60-13.45388,1971,-235.23969902147687
RGI60-13.45388,1972,-133.15316041948023
RGI60-13.45388,1973,-800.1625074864434
RGI60-13.45388,1974,-1541.7497632388963
RGI60-13.45388,1975,-724.8899350612594
RGI60-13.45388,1976,-9.514058611552118
RGI60-13.45388,1977,-1060.8763647326273
RGI60-13.45388,1978,-238.54675564025405
RGI60-13.45388,1979,468.1317998204071
RGI60-13.45388,1980,-204.63279538483977
RGI60-13.45388,1981,-381.9180312622587
RGI60-13.45388,1982,-360.7255993159185
RGI60-13.45388,1983,-122.01415949080886
RGI60-13.45388,1984,257.54573157433975
RGI60-13.45388,1985,-206.27523391132524
RGI60-13.45388,1986,-117.15878202533126
RGI60-13.45388,1987,36.925311208081126
RGI60-13.45388,1988,421.47197801316554
RGI60-13.45388,1989,180.27948883208
RGI60-13.45388,1990,-344.41433169696904
RGI60-13.45388,1991,-855.0344797245351
RGI60-13.45388,1992,345.05549585635265
RGI60-13.45388,1993,410.08655985750795
RGI60-13.45388,1994,-132.86340695713028
RGI60-13.45388,1995,-623.7295782217467
RGI60-13.45388,1996,-107.87817775370385
RGI60-13.45388,1997,-933.3144379957771
RGI60-13.45388,1998,-586.0312566449365
RGI60-13.45388,1999,-614.3151876531387
RGI60-13.45388,2000,-291.49237446172447
RGI60-13.45388,2001,-1112.0626210138173
RGI60-13.45388,2002,-746.0818326377621
RGI60-13.45388,2003,-53.02309942145832
RGI60-13.45388,2004,-547.3062010172408
RGI60-13.45388,2005,-811.8387549709938
RGI60-13.45388,2006,-852.9343079020831
RGI60-13.45388,2007,-677.2627490283605
RGI60-13.45388,2008,-1395.0916906463865
RGI60-13.45388,2009,39.633836901334085
RGI60-13.45388,2010,-655.0636568773559
RGI60-13.45388,2011,-932.078756471518
RGI60-13.45388,2012,-863.107310624731
RGI60-13.45388,2013,-344.4273142601614
RGI60-13.45388,2014,-386.01065680032036
RGI60-13.45388,2015,-286.5897430552338
RGI60-13.45388,2016,-943.5370820597778
RGI60-13.45388,2017,-769.4746074332365
RGI60-13.45388,2018,-568.3564232340703
RGI60-13.45388,2019,-539.8946549851058
RGI60-13.45389,1901,241.76251237365744
RGI60-13.45389,1902,319.56556406314104
RGI60-13.45389,1903,493.82332490482656
RGI60-13.45389,1904,-792.0197253877747
RGI60-13.45389,1905,-466.7188502404212
RGI60-13.45389,1906,-933.3292784757656
RGI60-13.45389,1907,367.62916065706094
RGI60-13.45389,1908,-65.6043105421786
RGI60-13.45389,1909,-1059.3003595589562
RGI60-13.45389,1910,-616.0646498647953
RGI60-13.45389,1911,479.68707088667884
RGI60-13.45389,1912,-82.60144268839119
RGI60-13.45389,1913,429.06306161802183
RGI60-13.45389,1914,-31.81236322930266
RGI60-13.45389,1915,-1125.152196171171
RGI60-13.45389,1916,-724.575292433302
RGI60-13.45389,1917,-620.7890508146183
RGI60-13.45389,1918,-725.2521028439955
RGI60-13.45389,1919,1095.6761256267637
RGI60-13.45389,1920,-86.80461968441305
RGI60-13.45389,1921,-46.359865743132865
RGI60-13.45389,1922,-831.44985582549
RGI60-13.45389,1923,-688.58062433533
RGI60-13.45389,1924,-572.903142306243
RGI60-13.45389,1925,582.8760984075143
RGI60-13.45389,1926,365.63883169212323
RGI60-13.45389,1927,23.18120596740527
RGI60-13.45389,1928,326.2808874772824
RGI60-13.45389,1929,328.53373563359844
RGI60-13.45389,1930,959.254782227996
RGI60-13.45389,1931,-20.91261457376251
RGI60-13.45389,1932,289.7623717347187
RGI60-13.45389,1933,-636.7158046755643
RGI60-13.45389,1934,202.20858296696343
RGI60-13.45389,1935,-723.5705779684407
RGI60-13.45389,1936,96.32850727433238
RGI60-13.45389,1937,422.7783018728265
RGI60-13.45389,1938,398.4742455456164
RGI60-13.45389,1939,-38.625368638076075
RGI60-13.45389,1940,-247.6269404264265
RGI60-13.45389,1941,30.934924524052118
RGI60-13.45389,1942,1998.2589007631639
RGI60-13.45389,1943,-847.4891389320044
RGI60-13.45389,1944,-795.2537404244107
RGI60-13.45389,1945,-1140.7161745612395
RGI60-13.45389,1946,781.1601417232871
RGI60-13.45389,1947,65.09316188138105
RGI60-13.45389,1948,-629.8256821574355
RGI60-13.45389,1949,258.140314234223
RGI60-13.45389,1950,-756.1310141291177
RGI60-13.45389,1951,-360.6300848406634
RGI60-13.45389,1952,85.55163441952377
RGI60-13.45389,1953,266.3431471626899
RGI60-13.45389,1954,491.1117644126351
RGI60-13.45389,1955,-339.05810087042477
RGI60-13.45389,1956,221.09857600725655
RGI60-13.45389,1957,-231.83822080218104
RGI60-13.45389,1958,1052.6955405545234
RGI60-13.45389,1959,741.5909714289722
RGI60-13.45389,1960,509.765086764191
RGI60-13.45389,1961,145.9424492196412
RGI60-13.45389,1962,-961.910979891815
RGI60-13.45389,1963,-207.2540504146548
RGI60-13.45389,1964,-85.67702710651487
RGI60-13.45389,1965,-780.5727762231471
RGI60-13.45389,1966,-367.92691062715323
RGI60-13.45389,1967,-204.9369637226482
RGI60-13.45389,1968,-633.8662799183529
RGI60-13.45389,1969,205.23526175616612
RGI60-13.45389,1970,-75.76764414025229
RGI60-13.45389,1971,55.56478457183261
RGI60-13.45389,1972,221.79636314691967
RGI60-13.45389,1973,-506.77864863581334
RGI60-13.45389,1974,-1187.3462998534283
RGI60-13.45389,1975,-413.10573131766364
RGI60-13.45389,1976,316.20409012010066
RGI60-13.45389,1977,-723.5989492055021
RGI60-13.45389,1978,97.04762706116766
RGI60-13.45389,1979,783.828749828733
RGI60-13.45389,1980,57.88124743108302
RGI60-13.45389,1981,-98.84973652719873
RGI60-13.45389,1982,-25.488068790947374
RGI60-13.45389,1983,127.56413881555115
RGI60-13.45389,1984,577.1248027150707
RGI60-13.45389,1985,52.0887091342767
RGI60-13.45389,1986,140.68372995541654
RGI60-13.45389,1987,224.19386245539334
RGI60-13.45389,1988,778.8018188298433
RGI60-13.45389,1989,455.3373724450097
RGI60-13.45389,1990,-48.224536503977276
RGI60-13.45389,1991,-498.72352245655657
RGI60-13.45389,1992,670.0395578446553
RGI60-13.45389,1993,744.4884759419599
RGI60-13.45389,1994,164.87921110277242
RGI60-13.45389,1995,-338.37765801374246
RGI60-13.45389,1996,191.03222031206886
RGI60-13.45389,1997,-591.465314523355
RGI60-13.45389,1998,-299.83776228902576
RGI60-13.45389,1999,-278.2668139301167
RGI60-13.45389,2000,22.19395202296913
RGI60-13.45389,2001,-804.0784340226396
RGI60-13.45389,2002,-393.2136352448921
RGI60-13.45389,2003,330.7069336358754
RGI60-13.45389,2004,-236.15408601905025
RGI60-13.45389,2005,-430.9817707645643
RGI60-13.45389,2006,-552.9983344284061
RGI60-13.45389,2007,-391.5899106831727
RGI60-13.45389,2008,-1038.8409046512468
RGI60-13.45389,2009,342.3698131944271
RGI60-13.45389,2010,-356.0637654468736
RGI60-13.45389,2011,-646.0403248433843
RGI60-13.45389,2012,-582.6700211239408
RGI60-13.45389,2013,-45.50127388430166
RGI60-13.45389,2014,-81.34212903189064
RGI60-13.45389,2015,69.23878668735156
RGI60-13.45389,2016,-599.6744495899666
RGI60-13.45389,2017,-438.4179379242202
RGI60-13.45389,2018,-297.6849899309762
RGI60-13.45389,2019,-199.25751795111088
RGI60-13.45390,1901,-250.5059423295473
RGI60-13.45390,1902,-274.68455393170035
RGI60-13.45390,1903,-4.8833960183161125
RGI60-13.45390,1904,-1127.6092642664335
RGI60-13.45390,1905,-844.8748696920085
RGI60-13.45390,1906,-1225.4233458065862
RGI60-13.45390,1907,-162.63664459653052
RGI60-13.45390,1908,-499.9670902218355
RGI60-13.45390,1909,-1399.0636524441322
RGI60-13.45390,1910,-960.7525810259237
RGI60-13.45390,1911,-67.12200345845295
RGI60-13.45390,1912,-453.8837902519191
RGI60-13.45390,1913,-78.43762157503129
RGI60-13.45390,1914,-497.3795139254105
RGI60-13.45390,1915,-1409.8229050790144
RGI60-13.45390,1916,-1052.191953334441
RGI60-13.45390,1917,-960.0914966865334
RGI60-13.45390,1918,-1100.0941187119852
RGI60-13.45390,1919,430.9194064178107
RGI60-13.45390,1920,-572.9323853976372
RGI60-13.45390,1921,-505.4753591338287
RGI60-13.45390,1922,-1118.1410423242023
RGI60-13.45390,1923,-1080.7851542351755
RGI60-13.45390,1924,-921.730591736989
RGI60-13.45390,1925,141.3891598450407
RGI60-13.45390,1926,-88.11551412634743
RGI60-13.45390,1927,-389.0777840814921
RGI60-13.45390,1928,-206.32581594792669
RGI60-13.45390,1929,-157.2323778016456
RGI60-13.45390,1930,375.7104121334119
RGI60-13.45390,1931,-499.8681337395687
RGI60-13.45390,1932,-106.31281091872255
RGI60-13.45390,1933,-994.5879467499881
RGI60-13.45390,1934,-270.6817276657735
RGI60-13.45390,1935,-1088.301387271988
RGI60-13.45390,1936,-301.36981385708464
RGI60-13.45390,1937,-18.554316401844915
RGI60-13.45390,1938,-51.48154378315272
RGI60-13.45390,1939,-546.6247706511512
RGI60-13.45390,1940,-753.7585962872442
RGI60-13.45390,1941,-482.52370667670124
RGI60-13.45390,1942,1063.0942505500725
RGI60-13.45390,1943,-1154.773897301582
RGI60-13.45390,1944,-1145.3160316002982
RGI60-13.45390,1945,-1533.0620035673724
RGI60-13.45390,1946,254.02560784260015
RGI60-13.45390,1947,-315.4819562795134
RGI60-13.45390,1948,-988.8841639580771
RGI60-13.45390,1949,-305.3410481469607
RGI60-13.45390,1950,-1132.666530205837
RGI60-13.45390,1951,-840.6209551128401
RGI60-13.45390,1952,-336.24268756513453
RGI60-13.45390,1953,-375.8651813018439
RGI60-13.45390,1954,76.41997677480282
RGI60-13.45390,1955,-782.6170691158579
RGI60-13.45390,1956,-184.1948741204995
RGI60-13.45390,1957,-653.6481240568172
RGI60-13.45390,1958,563.5845098384166
RGI60-13.45390,1959,128.16177115056132
RGI60-13.45390,1960,68.47506044224134
RGI60-13.45390,1961,-287.5816477442415
RGI60-13.45390,1962,-1393.3870875267523
RGI60-13.45390,1963,-649.4203141432744
RGI60-13.45390,1964,-531.8011331811405
RGI60-13.45390,1965,-1203.646887101828
RGI60-13.45390,1966,-877.259714088856
RGI60-13.45390,1967,-599.6617343260405
RGI60-13.45390,1968,-1004.0520821031155
RGI60-13.45390,1969,-230.87638436472676
RGI60-13.45390,1970,-475.95337981822195
RGI60-13.45390,1971,-399.11406786874045
RGI60-13.45390,1972,-244.3349167448909
RGI60-13.45390,1973,-895.4483427042045
RGI60-13.45390,1974,-1573.8397741286974
RGI60-13.45390,1975,-823.5273185574681
RGI60-13.45390,1976,-195.16536197022714
RGI60-13.45390,1977,-1148.5488891277585
RGI60-13.45390,1978,-378.3143679063769
RGI60-13.45390,1979,207.42241560071133
RGI60-13.45390,1980,-374.4108217706349
RGI60-13.45390,1981,-514.3736886049345
RGI60-13.45390,1982,-491.45062407613284
RGI60-13.45390,1983,-320.92520649478627
RGI60-13.45390,1984,32.53512734848513
RGI60-13.45390,1985,-361.142794478615
RGI60-13.45390,1986,-323.6398380919492
RGI60-13.45390,1987,-230.933474201098
RGI60-13.45390,1988,188.38581147893788
RGI60-13.45390,1989,-30.949026204794638
RGI60-13.45390,1990,-496.1555056717632
RGI60-13.45390,1991,-922.6745923294343
RGI60-13.45390,1992,137.94323119604056
RGI60-13.45390,1993,220.76822622627455
RGI60-13.45390,1994,-360.69171578761836
RGI60-13.45390,1995,-733.6358318013949
RGI60-13.45390,1996,-312.22263107155624
RGI60-13.45390,1997,-1000.5806383463167
RGI60-13.45390,1998,-794.1710385603851
RGI60-13.45390,1999,-789.712857476925
RGI60-13.45390,2000,-527.340844561349
RGI60-13.45390,2001,-1226.6706455233918
RGI60-13.45390,2002,-942.6576928917283
RGI60-13.45390,2003,-230.7645477332415
RGI60-13.45390,2004,-714.1588055487252
RGI60-13.45390,2005,-925.4287216815816
RGI60-13.45390,2006,-997.3280681692314
RGI60-13.45390,2007,-842.7120294584633
RGI60-13.45390,2008,-1471.0950019755924
RGI60-13.45390,2009,-193.11379814626594
RGI60-13.45390,2010,-827.6582353835148
RGI60-13.45390,2011,-1076.0975910000247
RGI60-13.45390,2012,-1021.6276692266135
RGI60-13.45390,2013,-512.140386631963
RGI60-13.45390,2014,-578.5296454277882
RGI60-13.45390,2015,-535.3366640495699
RGI60-13.45390,2016,-1088.2246120067352
RGI60-13.45390,2017,-948.8632306374043
RGI60-13.45390,2018,-792.2614975734177
RGI60-13.45390,2019,-739.9903123734059
RGI60-13.45399,1901,512.6141786179938
RGI60-13.45399,1902,488.4434359929718
RGI60-13.45399,1903,747.0988244856
RGI60-13.45399,1904,-303.49923480596397
RGI60-13.45399,1905,-36.430262684183305
RGI60-13.45399,1906,-310.3711726866163
RGI60-13.45399,1907,477.4526167370239
RGI60-13.45399,1908,140.63121617532425
RGI60-13.45399,1909,-605.4178115917517
RGI60-13.45399,1910,-204.87414233906802
RGI60-13.45399,1911,640.3285676060335
RGI60-13.45399,1912,277.21848682996995
RGI60-13.45399,1913,644.041459414233
RGI60-13.45399,1914,169.42166712886785
RGI60-13.45399,1915,-653.0008088478215
RGI60-13.45399,1916,-306.2429725376867
RGI60-13.45399,1917,-240.39656278784966
RGI60-13.45399,1918,-418.87450633888835
RGI60-13.45399,1919,952.002786673782
RGI60-13.45399,1920,210.01636413074957
RGI60-13.45399,1921,172.9286848819321
RGI60-13.45399,1922,-383.36795900531945
RGI60-13.45399,1923,-471.8386339897666
RGI60-13.45399,1924,-449.5923774352558
RGI60-13.45399,1925,617.635651869931
RGI60-13.45399,1926,519.332615397581
RGI60-13.45399,1927,28.34750535300618
RGI60-13.45399,1928,492.7261664982094
RGI60-13.45399,1929,413.8649104262815
RGI60-13.45399,1930,1002.8161875233286
RGI60-13.45399,1931,133.45241333613413
RGI60-13.45399,1932,354.71842399208873
RGI60-13.45399,1933,-418.0600496226971
RGI60-13.45399,1934,594.7316197996456
RGI60-13.45399,1935,-409.44741896870676
RGI60-13.45399,1936,312.19526773965157
RGI60-13.45399,1937,508.6496837161988
RGI60-13.45399,1938,448.0450651791019
RGI60-13.45399,1939,141.61798233519394
RGI60-13.45399,1940,-66.39422462423491
RGI60-13.45399,1941,340.77957089480446
RGI60-13.45399,1942,1658.050451587728
RGI60-13.45399,1943,-711.2776994493618
RGI60-13.45399,1944,-500.8593569184768
RGI60-13.45399,1945,-794.5411539510334
RGI60-13.45399,1946,751.4719127775579
RGI60-13.45399,1947,316.9078964395451
RGI60-13.45399,1948,-491.3472465184898
RGI60-13.45399,1949,310.9299244294566
RGI60-13.45399,1950,-434.2290069547339
RGI60-13.45399,1951,-37.65739950568789
RGI60-13.45399,1952,36.3685188282821
RGI60-13.45399,1953,200.06872015793866
RGI60-13.45399,1954,661.2569632015361
RGI60-13.45399,1955,-96.26596052550278
RGI60-13.45399,1956,155.74003167968718
RGI60-13.45399,1957,71.27734204075922
RGI60-13.45399,1958,816.601247537469
RGI60-13.45399,1959,767.1663669009764
RGI60-13.45399,1960,507.9290067826661
RGI60-13.45399,1961,407.4268728348912
RGI60-13.45399,1962,-690.2434474164911
RGI60-13.45399,1963,86.85275553058692
RGI60-13.45399,1964,78.03232723071557
RGI60-13.45399,1965,-452.9698315444614
RGI60-13.45399,1966,-79.7271751072313
RGI60-13.45399,1967,154.95099660309006
RGI60-13.45399,1968,-310.0499478755881
RGI60-13.45399,1969,435.2280867733725
RGI60-13.45399,1970,210.89124431645095
RGI60-13.45399,1971,416.15378326949667
RGI60-13.45399,1972,538.3800864375361
RGI60-13.45399,1973,-311.8629964915028
RGI60-13.45399,1974,-748.7284037509073
RGI60-13.45399,1975,-207.5096214592276
RGI60-13.45399,1976,445.53254951713205
RGI60-13.45399,1977,-438.3335679033221
RGI60-13.45399,1978,175.46381774777194
RGI60-13.45399,1979,743.5016949344437
RGI60-13.45399,1980,11.240621601994414
RGI60-13.45399,1981,76.28784824329577
RGI60-13.45399,1982,314.09855731196893
RGI60-13.45399,1983,-7.838133367453991
RGI60-13.45399,1984,410.35217939507174
RGI60-13.45399,1985,-70.42536291043005
RGI60-13.45399,1986,46.52668928147015
RGI60-13.45399,1987,-68.01870071652812
RGI60-13.45399,1988,760.0215903333885
RGI60-13.45399,1989,535.4091900241456
RGI60-13.45399,1990,99.2723345466963
RGI60-13.45399,1991,-187.0180247412683
RGI60-13.45399,1992,727.7158357109076
RGI60-13.45399,1993,836.2371192215264
RGI60-13.45399,1994,326.46474151282916
RGI60-13.45399,1995,-103.99415866271593
RGI60-13.45399,1996,269.998107465931
RGI60-13.45399,1997,-256.5811742541211
RGI60-13.45399,1998,-261.2743545453654
RGI60-13.45399,1999,-43.534726140663295
RGI60-13.45399,2000,-162.11222866705276
RGI60-13.45399,2001,-691.3874477559916
RGI60-13.45399,2002,-279.5820799014478
RGI60-13.45399,2003,546.8338130985514
RGI60-13.45399,2004,-115.32495419991331
RGI60-13.45399,2005,-231.7524044493332
RGI60-13.45399,2006,-474.8250938300323
RGI60-13.45399,2007,-239.53995520112392
RGI60-13.45399,2008,-842.7455294569199
RGI60-13.45399,2009,300.60183661751034
RGI60-13.45399,2010,-231.28793181458832
RGI60-13.45399,2011,-540.7738724494858
RGI60-13.45399,2012,-540.8348393315413
RGI60-13.45399,2013,137.82010528843355
RGI60-13.45399,2014,97.8491938502915
RGI60-13.45399,2015,89.7698062031575
RGI60-13.45399,2016,-354.87806426652185
RGI60-13.45399,2017,-400.03507212839526
RGI60-13.45399,2018,-318.3789916035632
RGI60-13.45399,2019,-137.416290002056
RGI60-13.45413,1901,768.4403976603661
RGI60-13.45413,1902,704.75504044002
RGI60-13.45413,1903,1006.2087438536465
RGI60-13.45413,1904,-389.0660747041156
RGI60-13.45413,1905,-28.03488196844641
RGI60-13.45413,1906,-474.49264361023097
RGI60-13.45413,1907,772.9259181921532
RGI60-13.45413,1908,262.511880901782
RGI60-13.45413,1909,-599.0350119367941
RGI60-13.45413,1910,-219.00726263213224
RGI60-13.45413,1911,878.8282220462775
RGI60-13.45413,1912,322.18076098641114
RGI60-13.45413,1913,869.3703370755613
RGI60-13.45413,1914,303.8242968409852
RGI60-13.45413,1915,-779.7350065094764
RGI60-13.45413,1916,-397.86523581409847
RGI60-13.45413,1917,-328.3731476905731
RGI60-13.45413,1918,-391.1550719396729
RGI60-13.45413,1919,1442.7606680645777
RGI60-13.45413,1920,325.97576984361285
RGI60-13.45413,1921,387.0463843531313
RGI60-13.45413,1922,-484.8840255738866
RGI60-13.45413,1923,-382.0836882305724
RGI60-13.45413,1924,-301.30836605275164
RGI60-13.45413,1925,862.1058509270116
RGI60-13.45413,1926,712.8116073122301
RGI60-13.45413,1927,276.81280738316906
RGI60-13.45413,1928,757.8191902416031
RGI60-13.45413,1929,606.2471487332782
RGI60-13.45413,1930,1445.2049526344765
RGI60-13.45413,1931,238.75288998658698
RGI60-13.45413,1932,705.1306589571738
RGI60-13.45413,1933,-350.5502255419091
RGI60-13.45413,1934,736.269168140299
RGI60-13.45413,1935,-476.098695418209
RGI60-13.45413,1936,476.0441463925103
RGI60-13.45413,1937,773.0027677465723
RGI60-13.45413,1938,670.7632455345924
RGI60-13.45413,1939,420.16472367514615
RGI60-13.45413,1940,83.66520722655562
RGI60-13.45413,1941,491.400169996518
RGI60-13.45413,1942,2344.1203757923618
RGI60-13.45413,1943,-618.0441120032912
RGI60-13.45413,1944,-527.4699710820412
RGI60-13.45413,1945,-813.6218124083916
RGI60-13.45413,1946,1184.5292838433334
RGI60-13.45413,1947,475.42822296420667
RGI60-13.45413,1948,-339.01986047427334
RGI60-13.45413,1949,625.7883174294011
RGI60-13.45413,1950,-390.4181439859202
RGI60-13.45413,1951,51.813988848871276
RGI60-13.45413,1952,260.17014251053644
RGI60-13.45413,1953,437.2609053983356
RGI60-13.45413,1954,870.5502564052307
RGI60-13.45413,1955,-68.69016704655537
RGI60-13.45413,1956,519.2779079215312
RGI60-13.45413,1957,116.54053928649296
RGI60-13.45413,1958,1186.2040115665723
RGI60-13.45413,1959,965.9676017562738
RGI60-13.45413,1960,700.7547602523259
RGI60-13.45413,1961,575.7269847365276
RGI60-13.45413,1962,-668.9082298356634
RGI60-13.45413,1963,173.64799049874415
RGI60-13.45413,1964,158.79881709838574
RGI60-13.45413,1965,-452.8417165723589
RGI60-13.45413,1966,7.087431496396418
RGI60-13.45413,1967,208.9051497462467
RGI60-13.45413,1968,-337.2869457617051
RGI60-13.45413,1969,695.6665049635761
RGI60-13.45413,1970,215.24099973549886
RGI60-13.45413,1971,491.3334339489199
RGI60-13.45413,1972,645.0975936505687
RGI60-13.45413,1973,-265.45668611857417
RGI60-13.45413,1974,-739.007915781903
RGI60-13.45413,1975,-104.35035511865023
RGI60-13.45413,1976,621.704427897523
RGI60-13.45413,1977,-428.7015204171963
RGI60-13.45413,1978,404.908998677282
RGI60-13.45413,1979,1098.581796388004
RGI60-13.45413,1980,225.36771470201282
RGI60-13.45413,1981,93.79307034237273
RGI60-13.45413,1982,408.0181412715351
RGI60-13.45413,1983,244.40817839760504
RGI60-13.45413,1984,705.1496014691455
RGI60-13.45413,1985,86.13312470710646
RGI60-13.45413,1986,379.4627135967726
RGI60-13.45413,1987,240.4493727395709
RGI60-13.45413,1988,1056.021148570408
RGI60-13.45413,1989,840.8317042397051
RGI60-13.45413,1990,125.89547962662488
RGI60-13.45413,1991,-189.13946274400988
RGI60-13.45413,1992,945.6211514939754
RGI60-13.45413,1993,1129.4223608088746
RGI60-13.45413,1994,587.1675815050131
RGI60-13.45413,1995,-86.04570719064336
RGI60-13.45413,1996,385.26897902162324
RGI60-13.45413,1997,-219.9128150815595
RGI60-13.45413,1998,-208.68230644917728
RGI60-13.45413,1999,174.75137702594662
RGI60-13.45413,2000,286.06778594648256
RGI60-13.45413,2001,-629.5804123652337
RGI60-13.45413,2002,-105.0784829568819
RGI60-13.45413,2003,644.3995083001406
RGI60-13.45413,2004,-37.59517447722046
RGI60-13.45413,2005,-148.0053556279641
RGI60-13.45413,2006,-379.05275202992294
RGI60-13.45413,2007,-261.65076231836787
RGI60-13.45413,2008,-792.6262779748533
RGI60-13.45413,2009,553.4926818279548
RGI60-13.45413,2010,-99.75561836622309
RGI60-13.45413,2011,-481.21379634254924
RGI60-13.45413,2012,-453.2947011303667
RGI60-13.45413,2013,256.2074204157034
RGI60-13.45413,2014,321.7410439617814
RGI60-13.45413,2015,431.1836654119758
RGI60-13.45413,2016,-370.2204791141147
RGI60-13.45413,2017,-227.00450579776057
RGI60-13.45413,2018,-178.21835880418246
RGI60-13.45413,2019,254.2045714415707
RGI60-13.45414,1901,-258.9475231570288
RGI60-13.45414,1902,-458.3919487381965
RGI60-13.45414,1903,-74.8971850178433
RGI60-13.45414,1904,-1298.4590676432501
RGI60-13.45414,1905,-986.74585772521
RGI60-13.45414,1906,-1359.644654237626
RGI60-13.45414,1907,-249.24125501299207
RGI60-13.45414,1908,-658.4283879271925
RGI60-13.45414,1909,-1544.1016465086984
RGI60-13.45414,1910,-1104.0887314103566
RGI60-13.45414,1911,-284.1487227333676
RGI60-13.45414,1912,-631.8163243377293
RGI60-13.45414,1913,-272.2054872425734
RGI60-13.45414,1914,-741.2661247301661
RGI60-13.45414,1915,-1605.6141966279033
RGI60-13.45414,1916,-1284.3126944613525
RGI60-13.45414,1917,-1236.9752571002928
RGI60-13.45414,1918,-1255.7814184895376
RGI60-13.45414,1919,216.87855065009495
RGI60-13.45414,1920,-713.9072640159051
RGI60-13.45414,1921,-583.0336888363026
RGI60-13.45414,1922,-1289.8287412237873
RGI60-13.45414,1923,-1262.3622925521518
RGI60-13.45414,1924,-1099.4135784421908
RGI60-13.45414,1925,-45.686612105775225
RGI60-13.45414,1926,-318.548001093144
RGI60-13.45414,1927,-529.5645664920777
RGI60-13.45414,1928,-336.8352600009963
RGI60-13.45414,1929,-446.84511359824967
RGI60-13.45414,1930,310.44298830245515
RGI60-13.45414,1931,-736.3185517772846
RGI60-13.45414,1932,-148.6926313624127
RGI60-13.45414,1933,-1191.8792767372172
RGI60-13.45414,1934,-408.3632277358251
RGI60-13.45414,1935,-1351.4792677583478
RGI60-13.45414,1936,-461.5801666816925
RGI60-13.45414,1937,-166.2520409627361
RGI60-13.45414,1938,-250.85833867157007
RGI60-13.45414,1939,-683.8682516488547
RGI60-13.45414,1940,-985.57732394553
RGI60-13.45414,1941,-570.6100399026252
RGI60-13.45414,1942,829.6097506379323
RGI60-13.45414,1943,-1401.359126504357
RGI60-13.45414,1944,-1368.058732547033
RGI60-13.45414,1945,-1817.2778566768352
RGI60-13.45414,1946,174.21447095788596
RGI60-13.45414,1947,-446.26647033358034
RGI60-13.45414,1948,-1177.479539146441
RGI60-13.45414,1949,-494.94497226381964
RGI60-13.45414,1950,-1328.2345983501602
RGI60-13.45414,1951,-1161.124073244534
RGI60-13.45414,1952,-548.0302480385662
RGI60-13.45414,1953,-915.5261216252034
RGI60-13.45414,1954,-53.84254525930087
RGI60-13.45414,1955,-994.7783993289181
RGI60-13.45414,1956,-253.82133768227186
RGI60-13.45414,1957,-862.8625678584415
RGI60-13.45414,1958,341.5051990046027
RGI60-13.45414,1959,-364.3989025406219
RGI60-13.45414,1960,-187.23675288151207
RGI60-13.45414,1961,-483.8369942072788
RGI60-13.45414,1962,-1658.9400172864528
RGI60-13.45414,1963,-859.4243536442509
RGI60-13.45414,1964,-766.1236727371634
RGI60-13.45414,1965,-1472.1130741298455
RGI60-13.45414,1966,-1151.5541065398465
RGI60-13.45414,1967,-783.8737733105272
RGI60-13.45414,1968,-1263.8188720642536
RGI60-13.45414,1969,-275.6280335648559
RGI60-13.45414,1970,-691.6041477893854
RGI60-13.45414,1971,-539.0367944386786
RGI60-13.45414,1972,-511.17379918931823
RGI60-13.45414,1973,-1139.9362857748506
RGI60-13.45414,1974,-1741.4431202164908
RGI60-13.45414,1975,-1044.1599703995055
RGI60-13.45414,1976,-480.9949598171894
RGI60-13.45414,1977,-1459.0384422694594
RGI60-13.45414,1978,-679.0403050366803
RGI60-13.45414,1979,-8.335777037468006
RGI60-13.45414,1980,-639.0754037430393
RGI60-13.45414,1981,-799.8549621961907
RGI60-13.45414,1982,-702.2539828551536
RGI60-13.45414,1983,-587.9763886376811
RGI60-13.45414,1984,-297.43255766885943
RGI60-13.45414,1985,-704.399103066839
RGI60-13.45414,1986,-522.3979550521425
RGI60-13.45414,1987,-481.65940241606125
RGI60-13.45414,1988,-108.18739286614716
RGI60-13.45414,1989,-159.66312387704977
RGI60-13.45414,1990,-837.8815355131073
RGI60-13.45414,1991,-1227.6357745915022
RGI60-13.45414,1992,-154.7491712390921
RGI60-13.45414,1993,-11.336128770861233
RGI60-13.45414,1994,-515.1840998832946
RGI60-13.45414,1995,-1026.6364375890014
RGI60-13.45414,1996,-606.2198145746972
RGI60-13.45414,1997,-1313.7718957221944
RGI60-13.45414,1998,-1198.572279609435
RGI60-13.45414,1999,-1010.3603674817454
RGI60-13.45414,2000,-821.3976325230343
RGI60-13.45414,2001,-1574.3871008380158
RGI60-13.45414,2002,-1232.6944905215016
RGI60-13.45414,2003,-540.3927983844476
RGI60-13.45414,2004,-1070.5746741873672
RGI60-13.45414,2005,-1303.8478429958293
RGI60-13.45414,2006,-1330.6154419815268
RGI60-13.45414,2007,-1227.0672042366327
RGI60-13.45414,2008,-1827.0620229083922
RGI60-13.45414,2009,-475.08363858640973
RGI60-13.45414,2010,-1094.6220131348584
RGI60-13.45414,2011,-1364.1457671535893
RGI60-13.45414,2012,-1383.1354473553347
RGI60-13.45414,2013,-752.5506298978229
RGI60-13.45414,2014,-756.4512122641197
RGI60-13.45414,2015,-813.2697669794064
RGI60-13.45414,2016,-1475.3834466299684
RGI60-13.45414,2017,-1319.5052930585368
RGI60-13.45414,2018,-1085.763169267596
RGI60-13.45414,2019,-984.0504070956144
RGI60-13.45416,1901,362.14350548198064
RGI60-13.45416,1902,328.2808354704116
RGI60-13.45416,1903,452.63846430724
RGI60-13.45416,1904,-797.6916005282701
RGI60-13.45416,1905,-470.02262167731953
RGI60-13.45416,1906,-810.5702204115531
RGI60-13.45416,1907,354.1473471697862
RGI60-13.45416,1908,-107.76188235763229
RGI60-13.45416,1909,-1003.4665574691292
RGI60-13.45416,1910,-583.5591179022982
RGI60-13.45416,1911,369.28087504673664
RGI60-13.45416,1912,-212.69564947445232
RGI60-13.45416,1913,294.1396258726048
RGI60-13.45416,1914,-173.66090675114023
RGI60-13.45416,1915,-1084.8711296181025
RGI60-13.45416,1916,-761.1365677945738
RGI60-13.45416,1917,-771.7014803758238
RGI60-13.45416,1918,-673.1905336735415
RGI60-13.45416,1919,867.6634669636534
RGI60-13.45416,1920,39.16264992216867
RGI60-13.45416,1921,38.261143814423356
RGI60-13.45416,1922,-814.524959127343
RGI60-13.45416,1923,-701.4827649928887
RGI60-13.45416,1924,-670.8294875652205
RGI60-13.45416,1925,425.8869285985205
RGI60-13.45416,1926,180.01063064593748
RGI60-13.45416,1927,-53.14813362356993
RGI60-13.45416,1928,326.5043783376896
RGI60-13.45416,1929,68.75473492531316
RGI60-13.45416,1930,949.1406613897618
RGI60-13.45416,1931,-33.99253561558211
RGI60-13.45416,1932,238.71749824661455
RGI60-13.45416,1933,-656.3566962247822
RGI60-13.45416,1934,203.47454604092445
RGI60-13.45416,1935,-746.7412342641716
RGI60-13.45416,1936,-32.55825103802288
RGI60-13.45416,1937,245.8691942540536
RGI60-13.45416,1938,212.62239687762582
RGI60-13.45416,1939,-39.16429898670558
RGI60-13.45416,1940,-274.2141136576814
RGI60-13.45416,1941,247.8625314030902
RGI60-13.45416,1942,1890.8115317189843
RGI60-13.45416,1943,-977.5933250292378
RGI60-13.45416,1944,-779.8777575230846
RGI60-13.45416,1945,-1213.0269874742162
RGI60-13.45416,1946,688.1542311210022
RGI60-13.45416,1947,-13.23938541219248
RGI60-13.45416,1948,-702.9977537532519
RGI60-13.45416,1949,213.62426888910878
RGI60-13.45416,1950,-823.1109275204454
RGI60-13.45416,1951,-597.1488155945821
RGI60-13.45416,1952,-53.12884114118056
RGI60-13.45416,1953,-220.399986461052
RGI60-13.45416,1954,424.0296637088015
RGI60-13.45416,1955,-260.8702993420861
RGI60-13.45416,1956,200.6158226291211
RGI60-13.45416,1957,-236.7426007826314
RGI60-13.45416,1958,783.8253811979218
RGI60-13.45416,1959,246.1314380846861
RGI60-13.45416,1960,228.01641697512994
RGI60-13.45416,1961,-11.504326682484722
RGI60-13.45416,1962,-1087.2257257871422
RGI60-13.45416,1963,-291.7398854934961
RGI60-13.45416,1964,-169.65000677563435
RGI60-13.45416,1965,-898.6813483002272
RGI60-13.45416,1966,-416.97558430381497
RGI60-13.45416,1967,-307.132309983877
RGI60-13.45416,1968,-727.7061807046146
RGI60-13.45416,1969,205.29377501174866
RGI60-13.45416,1970,-119.5984955966229
RGI60-13.45416,1971,137.96320412501987
RGI60-13.45416,1972,14.260204691072095
RGI60-13.45416,1973,-587.8370460852775
RGI60-13.45416,1974,-1120.453534391689
RGI60-13.45416,1975,-529.022280909803
RGI60-13.45416,1976,102.38874002341349
RGI60-13.45416,1977,-829.4472706574351
RGI60-13.45416,1978,-169.5499692073123
RGI60-13.45416,1979,581.3410233046021
RGI60-13.45416,1980,-200.83352901655383
RGI60-13.45416,1981,-242.68639808862795
RGI60-13.45416,1982,-70.53010951487403
RGI60-13.45416,1983,-97.08508737139236
RGI60-13.45416,1984,227.7763639155429
RGI60-13.45416,1985,-261.2779063909882
RGI60-13.45416,1986,-83.00508781176214
RGI60-13.45416,1987,52.82289894563157
RGI60-13.45416,1988,470.2468565462201
RGI60-13.45416,1989,371.9752086414245
RGI60-13.45416,1990,-258.7771933445476
RGI60-13.45416,1991,-626.0196583563999
RGI60-13.45416,1992,414.09411090014527
RGI60-13.45416,1993,479.6316080126903
RGI60-13.45416,1994,207.36278666870967
RGI60-13.45416,1995,-453.0046175632554
RGI60-13.45416,1996,45.89944814490949
RGI60-13.45416,1997,-746.0131539051424
RGI60-13.45416,1998,-421.73810005138415
RGI60-13.45416,1999,-312.4937609714733
RGI60-13.45416,2000,-296.0979952997143
RGI60-13.45416,2001,-928.2367175581892
RGI60-13.45416,2002,-454.2681432870009
RGI60-13.45416,2003,116.58385974023611
RGI60-13.45416,2004,-436.2469785971336
RGI60-13.45416,2005,-628.6300898838509
RGI60-13.45416,2006,-703.7746008859204
RGI60-13.45416,2007,-549.6954228130487
RGI60-13.45416,2008,-1186.8487336487733
RGI60-13.45416,2009,132.08101542411
RGI60-13.45416,2010,-414.78113983318275
RGI60-13.45416,2011,-743.1017036669118
RGI60-13.45416,2012,-747.7350461427825
RGI60-13.45416,2013,-122.24061376036887
RGI60-13.45416,2014,-59.65224673011036
RGI60-13.45416,2015,-43.112641559808196
RGI60-13.45416,2016,-635.1104916911821
RGI60-13.45416,2017,-634.5054482898717
RGI60-13.45416,2018,-327.4389221533478
RGI60-13.45416,2019,-291.1879393631499
RGI60-13.45417,1901,388.8335689300356
RGI60-13.45417,1902,286.81346090432663
RGI60-13.45417,1903,506.28490116200317
RGI60-13.45417,1904,-838.1856268697641
RGI60-13.45417,1905,-477.161912941463
RGI60-13.45417,1906,-895.5182217367204
RGI60-13.45417,1907,448.72942902967577
RGI60-13.45417,1908,-31.24487926381034
RGI60-13.45417,1909,-996.1690930117041
RGI60-13.45417,1910,-559.6058985966918
RGI60-13.45417,1911,307.3958668547142
RGI60-13.45417,1912,-167.81566680183255
RGI60-13.45417,1913,311.9526692213576
RGI60-13.45417,1914,-159.72363820762024
RGI60-13.45417,1915,-1076.2215629439404
RGI60-13.45417,1916,-774.6206681457381
RGI60-13.45417,1917,-716.9283926052195
RGI60-13.45417,1918,-663.8545600559422
RGI60-13.45417,1919,1032.4682580904728
RGI60-13.45417,1920,-86.34356446649623
RGI60-13.45417,1921,68.94185220505035
RGI60-13.45417,1922,-825.5135090135026
RGI60-13.45417,1923,-640.3424079430554
RGI60-13.45417,1924,-535.6085458745389
RGI60-13.45417,1925,480.16056464817297
RGI60-13.45417,1926,237.89521950821094
RGI60-13.45417,1927,78.18239008749379
RGI60-13.45417,1928,312.32065673403304
RGI60-13.45417,1929,117.82947378283157
RGI60-13.45417,1930,1020.0807443429694
RGI60-13.45417,1931,-103.70353369895602
RGI60-13.45417,1932,443.4546330774736
RGI60-13.45417,1933,-608.2863214122533
RGI60-13.45417,1934,107.30475883117765
RGI60-13.45417,1935,-748.9915979123513
RGI60-13.45417,1936,62.448172724369336
RGI60-13.45417,1937,396.23299620144854
RGI60-13.45417,1938,327.00395039970783
RGI60-13.45417,1939,22.41220844553655
RGI60-13.45417,1940,-372.9434142832675
RGI60-13.45417,1941,87.1299045738858
RGI60-13.45417,1942,1780.34332050459
RGI60-13.45417,1943,-834.0180394270869
RGI60-13.45417,1944,-818.9376385280749
RGI60-13.45417,1945,-1128.61776918378
RGI60-13.45417,1946,835.7294202472895
RGI60-13.45417,1947,67.47600715001509
RGI60-13.45417,1948,-593.6025362022033
RGI60-13.45417,1949,188.4142359559305
RGI60-13.45417,1950,-714.0262197712144
RGI60-13.45417,1951,-493.57139582442846
RGI60-13.45417,1952,73.94265276225347
RGI60-13.45417,1953,-143.57636299980757
RGI60-13.45417,1954,411.72564178263
RGI60-13.45417,1955,-372.631853232804
RGI60-13.45417,1956,337.59536780905927
RGI60-13.45417,1957,-300.88795092228503
RGI60-13.45417,1958,869.331990239661
RGI60-13.45417,1959,243.8416619448822
RGI60-13.45417,1960,311.95377471302635
RGI60-13.45417,1961,57.05872903801287
RGI60-13.45417,1962,-955.3211362795163
RGI60-13.45417,1963,-319.7883238401012
RGI60-13.45417,1964,-193.08975739343805
RGI60-13.45417,1965,-881.9786839256519
RGI60-13.45417,1966,-419.5183967128203
RGI60-13.45417,1967,-219.93807478970595
RGI60-13.45417,1968,-715.5705165684707
RGI60-13.45417,1969,328.9190865345224
RGI60-13.45417,1970,-228.925740785074
RGI60-13.45417,1971,-3.788947989992425
RGI60-13.45417,1972,-0.5749251528169628
RGI60-13.45417,1973,-589.9400006630176
RGI60-13.45417,1974,-1101.0921637195572
RGI60-13.45417,1975,-417.9677618867394
RGI60-13.45417,1976,98.92470569473232
RGI60-13.45417,1977,-795.7111837698886
RGI60-13.45417,1978,-51.144561051926175
RGI60-13.45417,1979,653.1926873632838
RGI60-13.45417,1980,-36.17685611796867
RGI60-13.45417,1981,-276.8174753097464
RGI60-13.45417,1982,-138.68438789016156
RGI60-13.45417,1983,27.6985046676127
RGI60-13.45417,1984,328.5713400609492
RGI60-13.45417,1985,-175.18890151968208
RGI60-13.45417,1986,149.6522601256412
RGI60-13.45417,1987,137.16316154714508
RGI60-13.45417,1988,530.5919681666865
RGI60-13.45417,1989,493.16262852216397
RGI60-13.45417,1990,-280.01333767786406
RGI60-13.45417,1991,-698.0198348808543
RGI60-13.45417,1992,393.15158130939176
RGI60-13.45417,1993,545.6096609064468
RGI60-13.45417,1994,183.72531178690022
RGI60-13.45417,1995,-429.0693101498431
RGI60-13.45417,1996,-5.7509241627005485
RGI60-13.45417,1997,-670.6361434931741
RGI60-13.45417,1998,-470.5873876220171
RGI60-13.45417,1999,-258.5392079218416
RGI60-13.45417,2000,69.72194504147188
RGI60-13.45417,2001,-851.8766759889284
RGI60-13.45417,2002,-537.4480934720751
RGI60-13.45417,2003,-1.8934396956323396
RGI60-13.45417,2004,-467.0561046094001
RGI60-13.45417,2005,-669.6518587814523
RGI60-13.45417,2006,-701.5763629692348
RGI60-13.45417,2007,-556.8198630703899
RGI60-13.45417,2008,-1084.3269423565118
RGI60-13.45417,2009,171.0278951127704
RGI60-13.45417,2010,-464.5406275876883
RGI60-13.45417,2011,-712.0568882678718
RGI60-13.45417,2012,-671.8894275342553
RGI60-13.45417,2013,-113.81873463516503
RGI60-13.45417,2014,-81.11066529845488
RGI60-13.45417,2015,20.88739969904179
RGI60-13.45417,2016,-732.5119969417923
RGI60-13.45417,2017,-571.3082738376943
RGI60-13.45417,2018,-364.1324570103616
RGI60-13.45417,2019,-143.61882779638805
RGI60-13.45513,1901,174.31823945010566
RGI60-13.45513,1902,63.75499735758324
RGI60-13.45513,1903,430.3362200988433
RGI60-13.45513,1904,-710.8360926329036
RGI60-13.45513,1905,-412.8434859873062
RGI60-13.45513,1906,-726.683291526822
RGI60-13.45513,1907,142.65372552974532
RGI60-13.45513,1908,-207.1949164103853
RGI60-13.45513,1909,-1027.5823514347242
RGI60-13.45513,1910,-584.9427633780708
RGI60-13.45513,1911,271.0999010767369
RGI60-13.45513,1912,-47.18253839999022
RGI60-13.45513,1913,303.24157812544513
RGI60-13.45513,1914,-202.94257580106097
RGI60-13.45513,1915,-1067.7562320881998
RGI60-13.45513,1916,-702.7404510319402
RGI60-13.45513,1917,-608.2490536661057
RGI60-13.45513,1918,-821.53511226396
RGI60-13.45513,1919,622.5023712350242
RGI60-13.45513,1920,-212.36110513969828
RGI60-13.45513,1921,-178.13423975937044
RGI60-13.45513,1922,-757.4521545903528
RGI60-13.45513,1923,-883.2511395608007
RGI60-13.45513,1924,-783.8598980846497
RGI60-13.45513,1925,348.63521237594057
RGI60-13.45513,1926,208.61252211711732
RGI60-13.45513,1927,-275.40209716826206
RGI60-13.45513,1928,119.37631973722998
RGI60-13.45513,1929,76.96848053283834
RGI60-13.45513,1930,700.8173333245088
RGI60-13.45513,1931,-271.9265344585726
RGI60-13.45513,1932,132.15733818109254
RGI60-13.45513,1933,-795.8681665337484
RGI60-13.45513,1934,220.95065957853484
RGI60-13.45513,1935,-830.8442988509104
RGI60-13.45513,1936,19.412126238744037
RGI60-13.45513,1937,247.4078655986044
RGI60-13.45513,1938,164.52543840103118
RGI60-13.45513,1939,-256.8481183375421
RGI60-13.45513,1940,-508.5875059945352
RGI60-13.45513,1941,-86.89418585873972
RGI60-13.45513,1942,1228.1892586253978
RGI60-13.45513,1943,-1072.1321833193342
RGI60-13.45513,1944,-911.5286923610813
RGI60-13.45513,1945,-1269.0986448737558
RGI60-13.45513,1946,494.8208933875553
RGI60-13.45513,1947,22.504091627531356
RGI60-13.45513,1948,-862.8768147851188
RGI60-13.45513,1949,-85.55660984613853
RGI60-13.45513,1950,-832.4721562411619
RGI60-13.45513,1951,-470.43023640505646
RGI60-13.45513,1952,-266.7432743329862
RGI60-13.45513,1953,-268.67800828328
RGI60-13.45513,1954,384.7012774792019
RGI60-13.45513,1955,-522.5016400825755
RGI60-13.45513,1956,-113.7744880357111
RGI60-13.45513,1957,-328.5148954348501
RGI60-13.45513,1958,608.2618207253541
RGI60-13.45513,1959,372.8517361514837
RGI60-13.45513,1960,246.02444479030277
RGI60-13.45513,1961,69.8628410016496
RGI60-13.45513,1962,-1139.3003502569766
RGI60-13.45513,1963,-300.33343610577026
RGI60-13.45513,1964,-292.35699019289694
RGI60-13.45513,1965,-890.6613523282418
RGI60-13.45513,1966,-546.4114568079466
RGI60-13.45513,1967,-197.9842556172339
RGI60-13.45513,1968,-708.0144355680957
RGI60-13.45513,1969,150.96038741553934
RGI60-13.45513,1970,-149.54101704047497
RGI60-13.45513,1971,21.23806201565518
RGI60-13.45513,1972,174.05831600488432
RGI60-13.45513,1973,-702.035270193968
RGI60-13.45513,1974,-1231.0167475619237
RGI60-13.45513,1975,-575.220473645489
RGI60-13.45513,1976,75.16811094522778
RGI60-13.45513,1977,-893.4839442090095
RGI60-13.45513,1978,-177.59080066924002
RGI60-13.45513,1979,432.37488494413753
RGI60-13.45513,1980,-296.87070281050006
RGI60-13.45513,1981,-290.3590224500207
RGI60-13.45513,1982,-94.27254448730878
RGI60-13.45513,1983,-305.32538562286044
RGI60-13.45513,1984,98.3300567843888
RGI60-13.45513,1985,-360.5120549228401
RGI60-13.45513,1986,-258.4843279566373
RGI60-13.45513,1987,-350.51709386464654
RGI60-13.45513,1988,423.6399102891574
RGI60-13.45513,1989,232.62100621734757
RGI60-13.45513,1990,-290.3322396591505
RGI60-13.45513,1991,-621.3259121241146
RGI60-13.45513,1992,396.71856238931275
RGI60-13.45513,1993,537.901794308992
RGI60-13.45513,1994,-66.95985513511692
RGI60-13.45513,1995,-497.51257703705136
RGI60-13.45513,1996,-99.93513556488212
RGI60-13.45513,1997,-693.9971153933358
RGI60-13.45513,1998,-701.0142638253703
RGI60-13.45513,1999,-490.92395971324385
RGI60-13.45513,2000,-518.5047740027001
RGI60-13.45513,2001,-1136.2080640506038
RGI60-13.45513,2002,-771.7062591271389
RGI60-13.45513,2003,131.55014846233294
RGI60-13.45513,2004,-542.4178610856127
RGI60-13.45513,2005,-707.8199341609828
RGI60-13.45513,2006,-913.8866874830285
RGI60-13.45513,2007,-670.2694812861859
RGI60-13.45513,2008,-1340.41129158647
RGI60-13.45513,2009,-56.90968352165471
RGI60-13.45513,2010,-666.9897164706454
RGI60-13.45513,2011,-964.5254646483451
RGI60-13.45513,2012,-972.4441568440259
RGI60-13.45513,2013,-254.51796030863522
RGI60-13.45513,2014,-310.4334104836941
RGI60-13.45513,2015,-387.1901841395403
RGI60-13.45513,2016,-872.3849684287652
RGI60-13.45513,2017,-884.6291203988545
RGI60-13.45513,2018,-745.5657633363566
RGI60-13.45513,2019,-582.7353670991273
RGI60-13.45514,1901,529.6691091894122
RGI60-13.45514,1902,506.64127444844354
RGI60-13.45514,1903,833.3940555835367
RGI60-13.45514,1904,-338.4661809936453
RGI60-13.45514,1905,-73.31813684873467
RGI60-13.45514,1906,-298.95516786393557
RGI60-13.45514,1907,463.2689485307003
RGI60-13.45514,1908,119.82531972487044
RGI60-13.45514,1909,-846.3703192994996
RGI60-13.45514,1910,-271.2013981230136
RGI60-13.45514,1911,723.5192497899942
RGI60-13.45514,1912,340.7118267649441
RGI60-13.45514,1913,706.9559173923562
RGI60-13.45514,1914,178.11416018873558
RGI60-13.45514,1915,-733.8748921175376
RGI60-13.45514,1916,-316.28287479810894
RGI60-13.45514,1917,-245.06492117414
RGI60-13.45514,1918,-575.0863905444941
RGI60-13.45514,1919,979.8327701574339
RGI60-13.45514,1920,207.2492175585565
RGI60-13.45514,1921,113.180329424268
RGI60-13.45514,1922,-417.7391211180813
RGI60-13.45514,1923,-724.6214082883737
RGI60-13.45514,1924,-728.0139641917278
RGI60-13.45514,1925,682.2708022611998
RGI60-13.45514,1926,575.503081273587
RGI60-13.45514,1927,-144.56926665215087
RGI60-13.45514,1928,480.79981661829834
RGI60-13.45514,1929,433.6716254241633
RGI60-13.45514,1930,1042.3053969735163
RGI60-13.45514,1931,152.4703145012524
RGI60-13.45514,1932,249.30787985753662
RGI60-13.45514,1933,-624.1520701513269
RGI60-13.45514,1934,707.0674954929283
RGI60-13.45514,1935,-466.12091763319154
RGI60-13.45514,1936,319.8382411959128
RGI60-13.45514,1937,517.5774413264128
RGI60-13.45514,1938,457.4524431098416
RGI60-13.45514,1939,-16.36157570310095
RGI60-13.45514,1940,-243.3356231338838
RGI60-13.45514,1941,394.19334187479603
RGI60-13.45514,1942,1768.9830188527633
RGI60-13.45514,1943,-1068.3174497228833
RGI60-13.45514,1944,-615.6846275297899
RGI60-13.45514,1945,-1035.8461914464153
RGI60-13.45514,1946,713.802473635216
RGI60-13.45514,1947,350.5626213325888
RGI60-13.45514,1948,-855.3257990702784
RGI60-13.45514,1949,165.76018364687292
RGI60-13.45514,1950,-609.3085246219147
RGI60-13.45514,1951,-91.66841227484353
RGI60-13.45514,1952,-99.51237642797187
RGI60-13.45514,1953,94.14746445114157
RGI60-13.45514,1954,744.8202351163452
RGI60-13.45514,1955,-115.53202891347686
RGI60-13.45514,1956,-123.37462548447536
RGI60-13.45514,1957,98.0692692349994
RGI60-13.45514,1958,857.8856516456359
RGI60-13.45514,1959,876.855711008654
RGI60-13.45514,1960,578.0457140775696
RGI60-13.45514,1961,456.2233170403687
RGI60-13.45514,1962,-964.8728950650857
RGI60-13.45514,1963,49.47416082297821
RGI60-13.45514,1964,61.25665825102275
RGI60-13.45514,1965,-620.3051334646485
RGI60-13.45514,1966,-144.71771557439018
RGI60-13.45514,1967,187.75174868798604
RGI60-13.45514,1968,-371.81154706853675
RGI60-13.45514,1969,413.7237878525065
RGI60-13.45514,1970,294.605269821548
RGI60-13.45514,1971,521.779304010363
RGI60-13.45514,1972,649.1710466611922
RGI60-13.45514,1973,-477.0167956349479
RGI60-13.45514,1974,-1100.8884219828747
RGI60-13.45514,1975,-347.19604213629265
RGI60-13.45514,1976,484.4460102787033
RGI60-13.45514,1977,-580.226809298953
RGI60-13.45514,1978,48.80385301481883
RGI60-13.45514,1979,808.4909251585678
RGI60-13.45514,1980,-107.16406367328642
RGI60-13.45514,1981,143.64159927143035
RGI60-13.45514,1982,354.6229897000404
RGI60-13.45514,1983,-152.50120205109837
RGI60-13.45514,1984,373.5149838845424
RGI60-13.45514,1985,-148.39378726120353
RGI60-13.45514,1986,-171.89274864868466
RGI60-13.45514,1987,-273.97670275636807
RGI60-13.45514,1988,833.6954559095947
RGI60-13.45514,1989,563.8498576649719
RGI60-13.45514,1990,163.70208662158169
RGI60-13.45514,1991,-264.7383468466827
RGI60-13.45514,1992,813.8730403299392
RGI60-13.45514,1993,914.3966771089666
RGI60-13.45514,1994,299.3099109809377
RGI60-13.45514,1995,-104.57770150572078
RGI60-13.45514,1996,321.7645831846949
RGI60-13.45514,1997,-374.16326997425466
RGI60-13.45514,1998,-333.82365964378937
RGI60-13.45514,1999,-240.96030862869907
RGI60-13.45514,2000,-548.4540883370614
RGI60-13.45514,2001,-957.2199176416773
RGI60-13.45514,2002,-589.43696345306
RGI60-13.45514,2003,668.7690788083121
RGI60-13.45514,2004,-198.31032785884318
RGI60-13.45514,2005,-432.61079122791404
RGI60-13.45514,2006,-738.4619711003644
RGI60-13.45514,2007,-252.00715456316237
RGI60-13.45514,2008,-1201.8968544092909
RGI60-13.45514,2009,270.00269197439275
RGI60-13.45514,2010,-411.48208637136565
RGI60-13.45514,2011,-747.6751546667911
RGI60-13.45514,2012,-764.8402573851398
RGI60-13.45514,2013,115.14670420704394
RGI60-13.45514,2014,4.597541052078529
RGI60-13.45514,2015,-279.5696148927836
RGI60-13.45514,2016,-483.93738027819273
RGI60-13.45514,2017,-779.4377897943205
RGI60-13.45514,2018,-511.5327179618931
RGI60-13.45514,2019,-523.6429460999527
RGI60-13.45515,1901,590.2152314843095
RGI60-13.45515,1902,598.2633322790591
RGI60-13.45515,1903,848.3061448628831
RGI60-13.45515,1904,-238.9378550942661
RGI60-13.45515,1905,24.518518566538052
RGI60-13.45515,1906,-211.80512832236496
RGI60-13.45515,1907,539.1357050581717
RGI60-13.45515,1908,205.65131879176982
RGI60-13.45515,1909,-629.0616574065498
RGI60-13.45515,1910,-153.7276101772623
RGI60-13.45515,1911,734.1979315176666
RGI60-13.45515,1912,344.1258813764245
RGI60-13.45515,1913,725.8321790775617
RGI60-13.45515,1914,238.13553804858506
RGI60-13.45515,1915,-584.3477801153728
RGI60-13.45515,1916,-220.75021315490233
RGI60-13.45515,1917,-158.77881236633647
RGI60-13.45515,1918,-393.97308403334193
RGI60-13.45515,1919,1030.3580897017303
RGI60-13.45515,1920,304.7838749877586
RGI60-13.45515,1921,222.54344220625904
RGI60-13.45515,1922,-322.5340132714753
RGI60-13.45515,1923,-495.36880691527415
RGI60-13.45515,1924,-510.68931709317746
RGI60-13.45515,1925,695.18530074368
RGI60-13.45515,1926,593.3168960148744
RGI60-13.45515,1927,20.388607550414633
RGI60-13.45515,1928,551.2738181752828
RGI60-13.45515,1929,461.518968197281
RGI60-13.45515,1930,1056.3314417707186
RGI60-13.45515,1931,238.05929666506543
RGI60-13.45515,1932,349.6367461035016
RGI60-13.45515,1933,-434.36144496266553
RGI60-13.45515,1934,701.8490161760164
RGI60-13.45515,1935,-330.73847534584036
RGI60-13.45515,1936,346.2434436159852
RGI60-13.45515,1937,541.833743667255
RGI60-13.45515,1938,504.5545459464836
RGI60-13.45515,1939,143.66793529254065
RGI60-13.45515,1940,-47.53656608329373
RGI60-13.45515,1941,467.18193146856754
RGI60-13.45515,1942,1802.1438479371025
RGI60-13.45515,1943,-795.9533998401149
RGI60-13.45515,1944,-457.98241191801657
RGI60-13.45515,1945,-800.0740185793716
RGI60-13.45515,1946,772.6464636014523
RGI60-13.45515,1947,372.9785118925196
RGI60-13.45515,1948,-589.4770534621833
RGI60-13.45515,1949,318.3563434591624
RGI60-13.45515,1950,-439.9823361315403
RGI60-13.45515,1951,15.522525753552092
RGI60-13.45515,1952,48.38648639264564
RGI60-13.45515,1953,225.32036586295885
RGI60-13.45515,1954,747.1128377958702
RGI60-13.45515,1955,1.1500225108368534
RGI60-13.45515,1956,73.8123358731989
RGI60-13.45515,1957,162.8077801648456
RGI60-13.45515,1958,865.9997469196194
RGI60-13.45515,1959,856.7098842387686
RGI60-13.45515,1960,587.2297971542846
RGI60-13.45515,1961,465.9776874104686
RGI60-13.45515,1962,-702.5177320775603
RGI60-13.45515,1963,137.83084875743347
RGI60-13.45515,1964,138.13164429112817
RGI60-13.45515,1965,-427.97875159263293
RGI60-13.45515,1966,0.8879344986442246
RGI60-13.45515,1967,228.29499499878693
RGI60-13.45515,1968,-250.1227228195664
RGI60-13.45515,1969,475.3806374081297
RGI60-13.45515,1970,316.28536761242714
RGI60-13.45515,1971,541.6111770305638
RGI60-13.45515,1972,635.1176518444632
RGI60-13.45515,1973,-314.3312458893236
RGI60-13.45515,1974,-802.3969724925502
RGI60-13.45515,1975,-195.1261833891241
RGI60-13.45515,1976,523.7806975478401
RGI60-13.45515,1977,-405.22770025833904
RGI60-13.45515,1978,165.18968086897615
RGI60-13.45515,1979,827.9630367338992
RGI60-13.45515,1980,16.152310626904274
RGI60-13.45515,1981,187.51324338147677
RGI60-13.45515,1982,410.2809313640003
RGI60-13.45515,1983,-12.22468669686617
RGI60-13.45515,1984,438.20009147038127
RGI60-13.45515,1985,-52.75318463410579
RGI60-13.45515,1986,13.520161539611534
RGI60-13.45515,1987,-79.7068148750052
RGI60-13.45515,1988,840.9188679935137
RGI60-13.45515,1989,610.2909010779407
RGI60-13.45515,1990,214.2350670264822
RGI60-13.45515,1991,-119.35156913730778
RGI60-13.45515,1992,805.1431723303835
RGI60-13.45515,1993,904.2011600322671
RGI60-13.45515,1994,399.09915040643824
RGI60-13.45515,1995,-20.142082600787184
RGI60-13.45515,1996,389.4691988217285
RGI60-13.45515,1997,-216.6694097336405
RGI60-13.45515,1998,-151.78794388573587
RGI60-13.45515,1999,-26.047435282468346
RGI60-13.45515,2000,-242.17689145305312
RGI60-13.45515,2001,-697.1611341046996
RGI60-13.45515,2002,-294.21850993407554
RGI60-13.45515,2003,684.2705280293816
RGI60-13.45515,2004,-48.92556850563872
RGI60-13.45515,2005,-221.3851513581371
RGI60-13.45515,2006,-491.7631572382273
RGI60-13.45515,2007,-111.45887152204345
RGI60-13.45515,2008,-903.6596092973477
RGI60-13.45515,2009,349.05143622558944
RGI60-13.45515,2010,-217.7695613334122
RGI60-13.45515,2011,-520.6775036963372
RGI60-13.45515,2012,-530.7501852706276
RGI60-13.45515,2013,208.02000012668498
RGI60-13.45515,2014,141.5621324798058
RGI60-13.45515,2015,24.983396497100834
RGI60-13.45515,2016,-279.25065686498414
RGI60-13.45515,2017,-464.21016624426073
RGI60-13.45515,2018,-294.41893409687856
RGI60-13.45515,2019,-226.06159243884127
RGI60-13.45517,1901,88.43815332484965
RGI60-13.45517,1902,-61.20100442703298
RGI60-13.45517,1903,341.6933879201305
RGI60-13.45517,1904,-816.3845515739403
RGI60-13.45517,1905,-508.1252258646361
RGI60-13.45517,1906,-849.9021519795697
RGI60-13.45517,1907,60.15613529175128
RGI60-13.45517,1908,-294.4283795923543
RGI60-13.45517,1909,-1102.4583595691745
RGI60-13.45517,1910,-680.1853658009965
RGI60-13.45517,1911,167.56973388412672
RGI60-13.45517,1912,-133.04930448207972
RGI60-13.45517,1913,215.74566222924707
RGI60-13.45517,1914,-295.87706080962687
RGI60-13.45517,1915,-1174.8086713051166
RGI60-13.45517,1916,-810.5459347924829
RGI60-13.45517,1917,-693.128584722922
RGI60-13.45517,1918,-908.9005560526177
RGI60-13.45517,1919,542.8627448206786
RGI60-13.45517,1920,-336.4826755502953
RGI60-13.45517,1921,-258.575468921881
RGI60-13.45517,1922,-853.2528515490608
RGI60-13.45517,1923,-957.8682428907114
RGI60-13.45517,1924,-822.9469315828113
RGI60-13.45517,1925,279.13229483485566
RGI60-13.45517,1926,129.88151352470723
RGI60-13.45517,1927,-329.2031061532056
RGI60-13.45517,1928,26.881415455143628
RGI60-13.45517,1929,-2.292663560632294
RGI60-13.45517,1930,630.3082105129561
RGI60-13.45517,1931,-392.9286602767233
RGI60-13.45517,1932,113.05774711053931
RGI60-13.45517,1933,-864.3829451289988
RGI60-13.45517,1934,111.6806052268525
RGI60-13.45517,1935,-944.215646492677
RGI60-13.45517,1936,-39.6986651785475
RGI60-13.45517,1937,198.36675754736325
RGI60-13.45517,1938,101.89247463671464
RGI60-13.45517,1939,-338.56029140105335
RGI60-13.45517,1940,-606.1367195583063
RGI60-13.45517,1941,-227.10967913679164
RGI60-13.45517,1942,1086.1239306911796
RGI60-13.45517,1943,-1109.1157647695143
RGI60-13.45517,1944,-1011.1288666706524
RGI60-13.45517,1945,-1357.0486878042752
RGI60-13.45517,1946,455.9193827028781
RGI60-13.45517,1947,-46.2501231422915
RGI60-13.45517,1948,-904.7687815400977
RGI60-13.45517,1949,-168.6768305361909
RGI60-13.45517,1950,-898.2237242514063
RGI60-13.45517,1951,-558.8714937732676
RGI60-13.45517,1952,-320.92648348916316
RGI60-13.45517,1953,-363.250374182096
RGI60-13.45517,1954,301.2799043525949
RGI60-13.45517,1955,-650.649421285577
RGI60-13.45517,1956,-141.78216318441423
RGI60-13.45517,1957,-444.4464616348073
RGI60-13.45517,1958,557.9877479884406
RGI60-13.45517,1959,275.28971050562734
RGI60-13.45517,1960,185.61295417457734
RGI60-13.45517,1961,-14.316970880590453
RGI60-13.45517,1962,-1209.2396331124896
RGI60-13.45517,1963,-392.58646461601796
RGI60-13.45517,1964,-390.41192698016533
RGI60-13.45517,1965,-971.6309785355554
RGI60-13.45517,1966,-659.2383457645884
RGI60-13.45517,1967,-283.75757603427024
RGI60-13.45517,1968,-798.4511403217039
RGI60-13.45517,1969,95.71282615681686
RGI60-13.45517,1970,-266.2462527411573
RGI60-13.45517,1971,-109.47370123059007
RGI60-13.45517,1972,74.63004130180873
RGI60-13.45517,1973,-784.9854005008485
RGI60-13.45517,1974,-1307.5802194696153
RGI60-13.45517,1975,-644.2802916205445
RGI60-13.45517,1976,-21.434770277707333
RGI60-13.45517,1977,-990.7083390604637
RGI60-13.45517,1978,-235.1873636083707
RGI60-13.45517,1979,361.19559046685976
RGI60-13.45517,1980,-350.3982139616656
RGI60-13.45517,1981,-400.30296506052554
RGI60-13.45517,1982,-207.7175286241055
RGI60-13.45517,1983,-349.6576906365006
RGI60-13.45517,1984,40.19795336066044
RGI60-13.45517,1985,-410.95583721024724
RGI60-13.45517,1986,-292.970689166664
RGI60-13.45517,1987,-400.2143048256687
RGI60-13.45517,1988,339.9467458428219
RGI60-13.45517,1989,158.53066298683072
RGI60-13.45517,1990,-408.6853213988918
RGI60-13.45517,1991,-731.1885809401153
RGI60-13.45517,1992,304.0219335750285
RGI60-13.45517,1993,469.2606050596312
RGI60-13.45517,1994,-167.26862425573208
RGI60-13.45517,1995,-601.3869750378683
RGI60-13.45517,1996,-210.72130819403947
RGI60-13.45517,1997,-783.0436005299423
RGI60-13.45517,1998,-821.7003816146164
RGI60-13.45517,1999,-584.3282530292328
RGI60-13.45517,2000,-531.5011295674107
RGI60-13.45517,2001,-1209.8452232724105
RGI60-13.45517,2002,-872.3209990690996
RGI60-13.45517,2003,2.2218538794034877
RGI60-13.45517,2004,-650.7667879213445
RGI60-13.45517,2005,-802.6356851907103
RGI60-13.45517,2006,-997.6234841579461
RGI60-13.45517,2007,-798.8110706763166
RGI60-13.45517,2008,-1417.8777534665273
RGI60-13.45517,2009,-139.29037046450463
RGI60-13.45517,2010,-763.5505874777131
RGI60-13.45517,2011,-1056.0893893549785
RGI60-13.45517,2012,-1063.2256668372215
RGI60-13.45517,2013,-358.9189915223328
RGI60-13.45517,2014,-404.3621498143647
RGI60-13.45517,2015,-468.552012771799
RGI60-13.45517,2016,-1009.2127280584474
RGI60-13.45517,2017,-961.3548733359396
RGI60-13.45517,2018,-841.7248555763708
RGI60-13.45517,2019,-628.5580953439772
RGI60-13.45522,1901,212.59621519984088
RGI60-13.45522,1902,79.13871638363752
RGI60-13.45522,1903,492.1812337538205
RGI60-13.45522,1904,-678.341485983215
RGI60-13.45522,1905,-376.73996741512764
RGI60-13.45522,1906,-707.5966771095336
RGI60-13.45522,1907,166.73597287725156
RGI60-13.45522,1908,-188.35402369012303
RGI60-13.45522,1909,-1012.9841384465008
RGI60-13.45522,1910,-569.5647257216782
RGI60-13.45522,1911,342.87250257327173
RGI60-13.45522,1912,26.589004415238815
RGI60-13.45522,1913,377.62676342593215
RGI60-13.45522,1914,-160.37464505198625
RGI60-13.45522,1915,-1084.2540301875092
RGI60-13.45522,1916,-687.915438593242
RGI60-13.45522,1917,-572.4470072893818
RGI60-13.45522,1918,-827.7688332966991
RGI60-13.45522,1919,662.3510468897863
RGI60-13.45522,1920,-196.14350319710266
RGI60-13.45522,1921,-162.62679681518227
RGI60-13.45522,1922,-738.9643125310171
RGI60-13.45522,1923,-886.2182187875048
RGI60-13.45522,1924,-774.4539603897534
RGI60-13.45522,1925,395.6987900510261
RGI60-13.45522,1926,274.17755514909993
RGI60-13.45522,1927,-282.371429005028
RGI60-13.45522,1928,168.15164447345134
RGI60-13.45522,1929,146.13758822447195
RGI60-13.45522,1930,770.1196649335768
RGI60-13.45522,1931,-266.12757225579327
RGI60-13.45522,1932,171.49729652090306
RGI60-13.45522,1933,-792.7863280933163
RGI60-13.45522,1934,305.87908504996057
RGI60-13.45522,1935,-846.4549010145474
RGI60-13.45522,1936,88.5569047547356
RGI60-13.45522,1937,314.76945996661794
RGI60-13.45522,1938,209.8798837135757
RGI60-13.45522,1939,-231.4781924334431
RGI60-13.45522,1940,-483.58249372152915
RGI60-13.45522,1941,-81.73948543976265
RGI60-13.45522,1942,1272.8972512316982
RGI60-13.45522,1943,-1071.4864775269107
RGI60-13.45522,1944,-920.2793315205088
RGI60-13.45522,1945,-1266.5690855154533
RGI60-13.45522,1946,542.6224411067185
RGI60-13.45522,1947,83.48716694912322
RGI60-13.45522,1948,-847.7807966323544
RGI60-13.45522,1949,-49.41734096008633
RGI60-13.45522,1950,-811.449869386159
RGI60-13.45522,1951,-401.91451530654984
RGI60-13.45522,1952,-274.6645986852811
RGI60-13.45522,1953,-194.89881457674204
RGI60-13.45522,1954,439.14117627192087
RGI60-13.45522,1955,-536.6539953055466
RGI60-13.45522,1956,-100.61411256667868
RGI60-13.45522,1957,-302.9012003046702
RGI60-13.45522,1958,655.1293611890793
RGI60-13.45522,1959,504.16067098735755
RGI60-13.45522,1960,310.64412003312225
RGI60-13.45522,1961,144.01552568662993
RGI60-13.45522,1962,-1136.814758401618
RGI60-13.45522,1963,-249.2162761836689
RGI60-13.45522,1964,-266.8588492032244
RGI60-13.45522,1965,-863.0841051604409
RGI60-13.45522,1966,-527.2287223628886
RGI60-13.45522,1967,-141.79110692082116
RGI60-13.45522,1968,-682.3973566266139
RGI60-13.45522,1969,200.28118751509618
RGI60-13.45522,1970,-104.59902910845751
RGI60-13.45522,1971,65.87026446012906
RGI60-13.45522,1972,272.33513487731307
RGI60-13.45522,1973,-684.8433437708767
RGI60-13.45522,1974,-1218.5035930790827
RGI60-13.45522,1975,-559.3375079540132
RGI60-13.45522,1976,134.91888512361118
RGI60-13.45522,1977,-882.7427929378936
RGI60-13.45522,1978,-115.26260957934905
RGI60-13.45522,1979,498.0735147138868
RGI60-13.45522,1980,-278.87694334094857
RGI60-13.45522,1981,-258.43223020953593
RGI60-13.45522,1982,-39.1684689796902
RGI60-13.45522,1983,-296.8811109357763
RGI60-13.45522,1984,153.96284381012936
RGI60-13.45522,1985,-334.9895566107743
RGI60-13.45522,1986,-243.83500579567735
RGI60-13.45522,1987,-386.93740062182127
RGI60-13.45522,1988,503.6248243389804
RGI60-13.45522,1989,267.98197175816665
RGI60-13.45522,1990,-261.92121248152284
RGI60-13.45522,1991,-592.245046018251
RGI60-13.45522,1992,480.5951234293781
RGI60-13.45522,1993,636.3308225111318
RGI60-13.45522,1994,-48.513957015703376
RGI60-13.45522,1995,-479.98243081927257
RGI60-13.45522,1996,-82.18395556510401
RGI60-13.45522,1997,-664.7638512515081
RGI60-13.45522,1998,-745.1144140930238
RGI60-13.45522,1999,-483.0364703324947
RGI60-13.45522,2000,-525.1967118302474
RGI60-13.45522,2001,-1163.3942385765504
RGI60-13.45522,2002,-779.0955734424924
RGI60-13.45522,2003,203.8894056889176
RGI60-13.45522,2004,-528.4917151495208
RGI60-13.45522,2005,-677.9462069539226
RGI60-13.45522,2006,-919.3428518891591
RGI60-13.45522,2007,-696.8855556026313
RGI60-13.45522,2008,-1341.6354530317333
RGI60-13.45522,2009,-20.88129375189235
RGI60-13.45522,2010,-664.4711332327821
RGI60-13.45522,2011,-994.2634891255186
RGI60-13.45522,2012,-1005.7768033004346
RGI60-13.45522,2013,-235.00815478095163
RGI60-13.45522,2014,-295.57532521750244
RGI60-13.45522,2015,-370.5556893037249
RGI60-13.45522,2016,-879.4638175037444
RGI60-13.45522,2017,-881.5923324481422
RGI60-13.45522,2018,-782.8779895267626
RGI60-13.45522,2019,-561.4350710212034
RGI60-13.45523,1901,139.0295870405972
RGI60-13.45523,1902,-5.145276501068364
RGI60-13.45523,1903,364.28106444664036
RGI60-13.45523,1904,-755.1315338593603
RGI60-13.45523,1905,-457.9953652420748
RGI60-13.45523,1906,-804.1419815575057
RGI60-13.45523,1907,122.33199882783066
RGI60-13.45523,1908,-235.10149676623118
RGI60-13.45523,1909,-995.9126730816181
RGI60-13.45523,1910,-617.2856821235902
RGI60-13.45523,1911,206.32720364366904
RGI60-13.45523,1912,-105.27953835922335
RGI60-13.45523,1913,247.10855254008055
RGI60-13.45523,1914,-239.68594343068088
RGI60-13.45523,1915,-1099.1200986479091
RGI60-13.45523,1916,-757.0911841628094
RGI60-13.45523,1917,-655.3744300274781
RGI60-13.45523,1918,-818.4532031099619
RGI60-13.45523,1919,598.6683508085915
RGI60-13.45523,1920,-274.63308693153914
RGI60-13.45523,1921,-189.46915061162372
RGI60-13.45523,1922,-795.4298970437643
RGI60-13.45523,1923,-840.7944849069444
RGI60-13.45523,1924,-708.0709944903543
RGI60-13.45523,1925,304.48602660867334
RGI60-13.45523,1926,160.12169992706498
RGI60-13.45523,1927,-242.13055068455404
RGI60-13.45523,1928,88.19973786180054
RGI60-13.45523,1929,43.79366309721158
RGI60-13.45523,1930,676.4402673088252
RGI60-13.45523,1931,-329.9252380546544
RGI60-13.45523,1932,171.9127735969911
RGI60-13.45523,1933,-764.9905492744202
RGI60-13.45523,1934,134.3271552988557
RGI60-13.45523,1935,-869.156788718072
RGI60-13.45523,1936,4.937512195284487
RGI60-13.45523,1937,242.2150095880054
RGI60-13.45523,1938,140.27548965379228
RGI60-13.45523,1939,-240.29510471182095
RGI60-13.45523,1940,-509.42705358649124
RGI60-13.45523,1941,-169.75967083596376
RGI60-13.45523,1942,1140.6911894047582
RGI60-13.45523,1943,-978.8678231031288
RGI60-13.45523,1944,-921.3511633538874
RGI60-13.45523,1945,-1231.2658495519422
RGI60-13.45523,1946,504.5433342218723
RGI60-13.45523,1947,-5.13614982104739
RGI60-13.45523,1948,-770.2500246235961
RGI60-13.45523,1949,-76.7749442689958
RGI60-13.45523,1950,-803.9693480495972
RGI60-13.45523,1951,-489.2514337984895
RGI60-13.45523,1952,-245.57457686449632
RGI60-13.45523,1953,-270.42957904853506
RGI60-13.45523,1954,321.0525615233701
RGI60-13.45523,1955,-580.5277824223087
RGI60-13.45523,1956,-33.972147247708854
RGI60-13.45523,1957,-389.00999459535984
RGI60-13.45523,1958,589.5219340265338
RGI60-13.45523,1959,303.2902901275048
RGI60-13.45523,1960,206.9882232243628
RGI60-13.45523,1961,27.418095035300258
RGI60-13.45523,1962,-1092.3593085106081
RGI60-13.45523,1963,-334.61100544926296
RGI60-13.45523,1964,-328.84846799301636
RGI60-13.45523,1965,-884.4060587331435
RGI60-13.45523,1966,-581.3368572246446
RGI60-13.45523,1967,-243.02088323903234
RGI60-13.45523,1968,-729.9877124302168
RGI60-13.45523,1969,140.2310837964977
RGI60-13.45523,1970,-232.9381141549758
RGI60-13.45523,1971,-78.90954518747918
RGI60-13.45523,1972,94.80425710938121
RGI60-13.45523,1973,-692.1082329741962
RGI60-13.45523,1974,-1173.849966132113
RGI60-13.45523,1975,-560.4295410377729
RGI60-13.45523,1976,21.82500025607543
RGI60-13.45523,1977,-894.726365456971
RGI60-13.45523,1978,-156.97862543150686
RGI60-13.45523,1979,403.63546741476256
RGI60-13.45523,1980,-269.98756022038503
RGI60-13.45523,1981,-357.26533953772434
RGI60-13.45523,1982,-163.14631040875327
RGI60-13.45523,1983,-264.0320989205704
RGI60-13.45523,1984,106.12921219000013
RGI60-13.45523,1985,-339.11211172690594
RGI60-13.45523,1986,-191.04031660239806
RGI60-13.45523,1987,-300.03965399061974
RGI60-13.45523,1988,379.148611232478
RGI60-13.45523,1989,208.43101658073314
RGI60-13.45523,1990,-363.34224567647175
RGI60-13.45523,1991,-665.2308621498746
RGI60-13.45523,1992,330.5767709517164
RGI60-13.45523,1993,491.3156288516427
RGI60-13.45523,1994,-97.44309014358296
RGI60-13.45523,1995,-538.691804748238
RGI60-13.45523,1996,-176.73683310911505
RGI60-13.45523,1997,-702.5519866855406
RGI60-13.45523,1998,-751.2723209718977
RGI60-13.45523,1999,-480.6740622507102
RGI60-13.45523,2000,-393.9493064206739
RGI60-13.45523,2001,-1090.4794596046513
RGI60-13.45523,2002,-750.3618457661431
RGI60-13.45523,2003,25.372212428710178
RGI60-13.45523,2004,-574.620167260512
RGI60-13.45523,2005,-705.8641893387777
RGI60-13.45523,2006,-879.3960332196765
RGI60-13.45523,2007,-739.6761454130129
RGI60-13.45523,2008,-1261.4000372283615
RGI60-13.45523,2009,-68.11110781058619
RGI60-13.45523,2010,-657.9858845287227
RGI60-13.45523,2011,-946.7566766256509
RGI60-13.45523,2012,-944.5326479282851
RGI60-13.45523,2013,-295.5565141329725
RGI60-13.45523,2014,-318.72285149300905
RGI60-13.45523,2015,-331.8303021688095
RGI60-13.45523,2016,-912.2256876516068
RGI60-13.45523,2017,-820.3355391056314
RGI60-13.45523,2018,-730.3972292494357
RGI60-13.45523,2019,-481.1705874821909
RGI60-13.45526,1901,141.02646275831097
RGI60-13.45526,1902,-7.479941166296348
RGI60-13.45526,1903,362.38192265139
RGI60-13.45526,1904,-865.7959447484641
RGI60-13.45526,1905,-536.5683404372658
RGI60-13.45526,1906,-919.4266481223166
RGI60-13.45526,1907,139.08249923287883
RGI60-13.45526,1908,-259.7778496277467
RGI60-13.45526,1909,-1093.8135853346455
RGI60-13.45526,1910,-688.1145568740058
RGI60-13.45526,1911,174.14582542900538
RGI60-13.45526,1912,-180.94175784722083
RGI60-13.45526,1913,211.94906639080327
RGI60-13.45526,1914,-289.50264189681207
RGI60-13.45526,1915,-1193.8108000700645
RGI60-13.45526,1916,-849.2321270589964
RGI60-13.45526,1917,-749.3769369441204
RGI60-13.45526,1918,-873.9163526050177
RGI60-13.45526,1919,662.5087861662598
RGI60-13.45526,1920,-311.0668899440486
RGI60-13.45526,1921,-194.937408825399
RGI60-13.45526,1922,-891.4369328765956
RGI60-13.45526,1923,-891.8374367232556
RGI60-13.45526,1924,-750.0690692937595
RGI60-13.45526,1925,309.7747960609566
RGI60-13.45526,1926,128.75784310391774
RGI60-13.45526,1927,-227.12780040476326
RGI60-13.45526,1928,77.87867665980409
RGI60-13.45526,1929,3.2763218377337053
RGI60-13.45526,1930,717.7311837614363
RGI60-13.45526,1931,-360.60944232754207
RGI60-13.45526,1932,206.12483608379102
RGI60-13.45526,1933,-816.8201053440002
RGI60-13.45526,1934,71.26778183924128
RGI60-13.45526,1935,-940.6320633053255
RGI60-13.45526,1936,-37.837083932757025
RGI60-13.45526,1937,233.20985111605177
RGI60-13.45526,1938,141.46813847137915
RGI60-13.45526,1939,-253.77557874578545
RGI60-13.45526,1940,-565.1405803784138
RGI60-13.45526,1941,-189.69991401863078
RGI60-13.45526,1942,1254.2321155410286
RGI60-13.45526,1943,-1039.527527321027
RGI60-13.45526,1944,-996.6835932685024
RGI60-13.45526,1945,-1330.8719587894755
RGI60-13.45526,1946,557.8296150807607
RGI60-13.45526,1947,-43.88983387741855
RGI60-13.45526,1948,-823.9678369906346
RGI60-13.45526,1949,-83.04714939274466
RGI60-13.45526,1950,-878.5656372150016
RGI60-13.45526,1951,-578.2001011156073
RGI60-13.45526,1952,-229.70606808849183
RGI60-13.45526,1953,-331.6108627191201
RGI60-13.45526,1954,309.08342604862787
RGI60-13.45526,1955,-624.6746583964859
RGI60-13.45526,1956,0.29219114825707304
RGI60-13.45526,1957,-452.2427882033643
RGI60-13.45526,1958,634.9562624907314
RGI60-13.45526,1959,223.58444323491446
RGI60-13.45526,1960,195.48419030223266
RGI60-13.45526,1961,-24.93056260997492
RGI60-13.45526,1962,-1166.2057220690235
RGI60-13.45526,1963,-404.8683729002704
RGI60-13.45526,1964,-376.34046008711397
RGI60-13.45526,1965,-981.0146990467503
RGI60-13.45526,1966,-637.4859122852637
RGI60-13.45526,1967,-307.180530447882
RGI60-13.45526,1968,-815.6926661549849
RGI60-13.45526,1969,142.92515698776393
RGI60-13.45526,1970,-306.1226550393614
RGI60-13.45526,1971,-131.49880146456215
RGI60-13.45526,1972,15.198503615469177
RGI60-13.45526,1973,-760.6285765111127
RGI60-13.45526,1974,-1274.0658012809968
RGI60-13.45526,1975,-606.2163165384925
RGI60-13.45526,1976,-19.94547612866064
RGI60-13.45526,1977,-974.8891198579615
RGI60-13.45526,1978,-199.05189304090825
RGI60-13.45526,1979,419.7982675738152
RGI60-13.45526,1980,-277.24378126227083
RGI60-13.45526,1981,-416.6871894444111
RGI60-13.45526,1982,-229.76910577679254
RGI60-13.45526,1983,-253.7184768051935
RGI60-13.45526,1984,102.17478345063293
RGI60-13.45526,1985,-364.31660001040507
RGI60-13.45526,1986,-168.38453813349054
RGI60-13.45526,1987,-252.28709039559365
RGI60-13.45526,1988,365.42135179682634
RGI60-13.45526,1989,228.34060136153462
RGI60-13.45526,1990,-422.9358645742848
RGI60-13.45526,1991,-759.0082387941532
RGI60-13.45526,1992,299.16380987075087
RGI60-13.45526,1993,471.20524480473483
RGI60-13.45526,1994,-98.71762791929471
RGI60-13.45526,1995,-600.7213440461954
RGI60-13.45526,1996,-197.6947744618751
RGI60-13.45526,1997,-786.7347651259252
RGI60-13.45526,1998,-769.8472376593963
RGI60-13.45526,1999,-511.88624473941974
RGI60-13.45526,2000,-349.1983390891633
RGI60-13.45526,2001,-1140.6682218381286
RGI60-13.45526,2002,-795.3818159998119
RGI60-13.45526,2003,-44.998184846880214
RGI60-13.45526,2004,-633.914915460818
RGI60-13.45526,2005,-794.1522221800502
RGI60-13.45526,2006,-936.1419756937031
RGI60-13.45526,2007,-787.6369919618925
RGI60-13.45526,2008,-1352.9788880574245
RGI60-13.45526,2009,-77.82424643077552
RGI60-13.45526,2010,-706.151685698672
RGI60-13.45526,2011,-989.8468768850216
RGI60-13.45526,2012,-982.8603588365658
RGI60-13.45526,2013,-331.18468849277286
RGI60-13.45526,2014,-339.36842716059977
RGI60-13.45526,2015,-339.48321074409444
RGI60-13.45526,2016,-993.6842944345454
RGI60-13.45526,2017,-870.8825676321792
RGI60-13.45526,2018,-740.3896896513606
RGI60-13.45526,2019,-489.2523989055382
RGI60-13.48115,1901,487.9682868538535
RGI60-13.48115,1902,452.3585963268803
RGI60-13.48115,1903,766.6911855524697
RGI60-13.48115,1904,-344.75481980649363
RGI60-13.48115,1905,-77.23852234342795
RGI60-13.48115,1906,-344.1649489419737
RGI60-13.48115,1907,428.72463330418185
RGI60-13.48115,1908,89.54361232310018
RGI60-13.48115,1909,-724.7786662723962
RGI60-13.48115,1910,-267.6723608461419
RGI60-13.48115,1911,671.558206690261
RGI60-13.48115,1912,304.6585201889715
RGI60-13.48115,1913,659.2103678785203
RGI60-13.48115,1914,142.87358228803268
RGI60-13.48115,1915,-752.4191336707751
RGI60-13.48115,1916,-350.7869374551614
RGI60-13.48115,1917,-284.7138532317759
RGI60-13.48115,1918,-522.5194459407967
RGI60-13.48115,1919,925.9851548311559
RGI60-13.48115,1920,166.83396590264164
RGI60-13.48115,1921,106.54109230850658
RGI60-13.48115,1922,-426.079489706623
RGI60-13.48115,1923,-602.6066900653303
RGI60-13.48115,1924,-588.4051652956651
RGI60-13.48115,1925,631.6053363932285
RGI60-13.48115,1926,534.6949652010547
RGI60-13.48115,1927,-75.38365933415413
RGI60-13.48115,1928,481.8048887512135
RGI60-13.48115,1929,426.1922264821127
RGI60-13.48115,1930,1015.0700263637415
RGI60-13.48115,1931,83.92367840248185
RGI60-13.48115,1932,295.6457634400017
RGI60-13.48115,1933,-529.8875616383725
RGI60-13.48115,1934,651.6621125924905
RGI60-13.48115,1935,-501.2692280215583
RGI60-13.48115,1936,311.819009855567
RGI60-13.48115,1937,502.5503797002084
RGI60-13.48115,1938,439.9434504864757
RGI60-13.48115,1939,59.27194626713861
RGI60-13.48115,1940,-158.78537096152866
RGI60-13.48115,1941,302.21123298494
RGI60-13.48115,1942,1672.00963647535
RGI60-13.48115,1943,-878.5869532895877
RGI60-13.48115,1944,-603.5675291169428
RGI60-13.48115,1945,-945.8856492940081
RGI60-13.48115,1946,727.7239705451061
RGI60-13.48115,1947,319.22995676103847
RGI60-13.48115,1948,-643.159570222038
RGI60-13.48115,1949,243.25717144964167
RGI60-13.48115,1950,-529.7744875528065
RGI60-13.48115,1951,-73.04817175750131
RGI60-13.48115,1952,-61.045767389393696
RGI60-13.48115,1953,158.47604063485392
RGI60-13.48115,1954,693.5570010010185
RGI60-13.48115,1955,-172.40758054197553
RGI60-13.48115,1956,58.43842978370743
RGI60-13.48115,1957,42.27746070648139
RGI60-13.48115,1958,823.9755861344017
RGI60-13.48115,1959,832.0478458851844
RGI60-13.48115,1960,531.052103035022
RGI60-13.48115,1961,432.09427356620864
RGI60-13.48115,1962,-843.4996528020584
RGI60-13.48115,1963,67.80617062801306
RGI60-13.48115,1964,36.88362835588771
RGI60-13.48115,1965,-553.5637600472279
RGI60-13.48115,1966,-159.7632428778844
RGI60-13.48115,1967,157.41051049308282
RGI60-13.48115,1968,-369.35113605558405
RGI60-13.48115,1969,414.1554355108063
RGI60-13.48115,1970,219.89790176185682
RGI60-13.48115,1971,442.19847013055215
RGI60-13.48115,1972,603.1064077649829
RGI60-13.48115,1973,-396.0832236651969
RGI60-13.48115,1974,-909.9105505783593
RGI60-13.48115,1975,-300.2298107751848
RGI60-13.48115,1976,443.2503707946052
RGI60-13.48115,1977,-549.4871875881778
RGI60-13.48115,1978,133.05991322348203
RGI60-13.48115,1979,752.1871431466244
RGI60-13.48115,1980,-71.10019961874643
RGI60-13.48115,1981,70.35025110962263
RGI60-13.48115,1982,311.59459012800346
RGI60-13.48115,1983,-104.69727432797602
RGI60-13.48115,1984,380.8592481233547
RGI60-13.48115,1985,-136.78620286332912
RGI60-13.48115,1986,-65.67198919147019
RGI60-13.48115,1987,-203.59204472223033
RGI60-13.48115,1988,785.206858642102
RGI60-13.48115,1989,510.1342723608854
RGI60-13.48115,1990,87.39314711047486
RGI60-13.48115,1991,-252.62011990460982
RGI60-13.48115,1992,769.5210041166063
RGI60-13.48115,1993,878.4123282879233
RGI60-13.48115,1994,276.9755006998539
RGI60-13.48115,1995,-151.9032371694399
RGI60-13.48115,1996,250.4819642860501
RGI60-13.48115,1997,-339.139886113978
RGI60-13.48115,1998,-377.3963560055878
RGI60-13.48115,1999,-163.5437196713335
RGI60-13.48115,2000,-364.6132862305715
RGI60-13.48115,2001,-866.319597830305
RGI60-13.48115,2002,-435.95688372643315
RGI60-13.48115,2003,583.7337166862069
RGI60-13.48115,2004,-190.6461878995711
RGI60-13.48115,2005,-338.14939503591415
RGI60-13.48115,2006,-616.9039529820095
RGI60-13.48115,2007,-324.8873892522892
RGI60-13.48115,2008,-1034.9961195183548
RGI60-13.48115,2009,264.4429052420058
RGI60-13.48115,2010,-343.007762460059
RGI60-13.48115,2011,-685.944504597477
RGI60-13.48115,2012,-700.9079042526033
RGI60-13.48115,2013,96.02134908114421
RGI60-13.48115,2014,18.844855719219094
RGI60-13.48115,2015,-50.30991871714486
RGI60-13.48115,2016,-476.7791862227606
RGI60-13.48115,2017,-567.6420347839713
RGI60-13.48115,2018,-465.056320316818
RGI60-13.48115,2019,-302.9223829023232
RGI60-13.48128,1901,22.10724801013907
RGI60-13.48128,1902,21.84396375501801
RGI60-13.48128,1903,415.49236592871176
RGI60-13.48128,1904,-739.5645724890863
RGI60-13.48128,1905,-500.10851059905247
RGI60-13.48128,1906,-796.2682229163194
RGI60-13.48128,1907,10.365217469535377
RGI60-13.48128,1908,-247.89390999667472
RGI60-13.48128,1909,-1306.375540874204
RGI60-13.48128,1910,-676.9795417741259
RGI60-13.48128,1911,359.9289962142575
RGI60-13.48128,1912,2.41148727621067
RGI60-13.48128,1913,371.06265407129314
RGI60-13.48128,1914,-130.13714436073136
RGI60-13.48128,1915,-1171.0340565093786
RGI60-13.48128,1916,-671.113540423752
RGI60-13.48128,1917,-548.2666905035783
RGI60-13.48128,1918,-960.3175330083559
RGI60-13.48128,1919,666.447807427097
RGI60-13.48128,1920,-224.47241631268534
RGI60-13.48128,1921,-339.21738542959616
RGI60-13.48128,1922,-799.4392020693872
RGI60-13.48128,1923,-1053.1051648971534
RGI60-13.48128,1924,-943.046543357847
RGI60-13.48128,1925,436.8087434625113
RGI60-13.48128,1926,286.23325414611776
RGI60-13.48128,1927,-382.660489632637
RGI60-13.48128,1928,111.50011255621105
RGI60-13.48128,1929,181.88824119189047
RGI60-13.48128,1930,634.9928663831147
RGI60-13.48128,1931,-184.27748273596166
RGI60-13.48128,1932,-72.51971754998702
RGI60-13.48128,1933,-863.3451535406141
RGI60-13.48128,1934,296.0127052752536
RGI60-13.48128,1935,-833.7680839967669
RGI60-13.48128,1936,-7.820470960173353
RGI60-13.48128,1937,249.15445079615745
RGI60-13.48128,1938,161.96548151650103
RGI60-13.48128,1939,-408.5994497074515
RGI60-13.48128,1940,-543.4749797691201
RGI60-13.48128,1941,-148.01996307261481
RGI60-13.48128,1942,1437.3008438230468
RGI60-13.48128,1943,-1192.4374166907635
RGI60-13.48128,1944,-959.9113801523432
RGI60-13.48128,1945,-1389.0207535988852
RGI60-13.48128,1946,377.77844658154663
RGI60-13.48128,1947,39.1285624082986
RGI60-13.48128,1948,-1035.6494231429915
RGI60-13.48128,1949,-138.93963075005266
RGI60-13.48128,1950,-1002.6039649257482
RGI60-13.48128,1951,-466.13086385378193
RGI60-13.48128,1952,-283.76141512836006
RGI60-13.48128,1953,-112.28803137518436
RGI60-13.48128,1954,452.74009098812803
RGI60-13.48128,1955,-525.6217493719865
RGI60-13.48128,1956,-329.8518963332565
RGI60-13.48128,1957,-278.3633977008729
RGI60-13.48128,1958,756.4627612554567
RGI60-13.48128,1959,694.4716163698132
RGI60-13.48128,1960,426.3769709599396
RGI60-13.48128,1961,130.3142921050888
RGI60-13.48128,1962,-1361.9187033392045
RGI60-13.48128,1963,-301.2861462108617
RGI60-13.48128,1964,-250.6527535850758
RGI60-13.48128,1965,-946.4557989140025
RGI60-13.48128,1966,-547.7239852164832
RGI60-13.48128,1967,-210.59135440296944
RGI60-13.48128,1968,-693.9699829019397
RGI60-13.48128,1969,-46.783505177655144
RGI60-13.48128,1970,11.33648280858064
RGI60-13.48128,1971,70.91932477473833
RGI60-13.48128,1972,323.78322326661345
RGI60-13.48128,1973,-726.3026553461204
RGI60-13.48128,1974,-1544.5678728844825
RGI60-13.48128,1975,-698.0623331801136
RGI60-13.48128,1976,183.7402101109021
RGI60-13.48128,1977,-939.3040235231574
RGI60-13.48128,1978,-187.85210928902654
RGI60-13.48128,1979,581.6475314551565
RGI60-13.48128,1980,-238.76488708693816
RGI60-13.48128,1981,-67.39905884187867
RGI60-13.48128,1982,-49.19519849462604
RGI60-13.48128,1983,-266.1078549537376
RGI60-13.48128,1984,334.24268055654136
RGI60-13.48128,1985,-185.426325901534
RGI60-13.48128,1986,-345.8441907276063
RGI60-13.48128,1987,-361.6082626616953
RGI60-13.48128,1988,640.7711049047056
RGI60-13.48128,1989,257.3126843094117
RGI60-13.48128,1990,-17.549702320605114
RGI60-13.48128,1991,-580.8804565052393
RGI60-13.48128,1992,603.8506671440729
RGI60-13.48128,1993,634.0576649159997
RGI60-13.48128,1994,-94.35761304113474
RGI60-13.48128,1995,-343.826884211919
RGI60-13.48128,1996,63.071266053371176
RGI60-13.48128,1997,-708.6133953716507
RGI60-13.48128,1998,-563.866786137285
RGI60-13.48128,1999,-650.4469641608065
RGI60-13.48128,2000,-765.2015614555212
RGI60-13.48128,2001,-1191.4858487358185
RGI60-13.48128,2002,-934.238356463213
RGI60-13.48128,2003,417.19979975312896
RGI60-13.48128,2004,-467.4867810383564
RGI60-13.48128,2005,-673.0644770564096
RGI60-13.48128,2006,-939.5389896979199
RGI60-13.48128,2007,-562.1175550625566
RGI60-13.48128,2008,-1427.055822752299
RGI60-13.48128,2009,78.08699418980088
RGI60-13.48128,2010,-672.1677204894158
RGI60-13.48128,2011,-984.0772864909235
RGI60-13.48128,2012,-983.4325604559947
RGI60-13.48128,2013,-192.57838683531602
RGI60-13.48128,2014,-375.4452555728845
RGI60-13.48128,2015,-567.6925131128495
RGI60-13.48128,2016,-814.994637128938
RGI60-13.48128,2017,-965.4480298542587
RGI60-13.48128,2018,-741.8812517799158
RGI60-13.48128,2019,-821.379759960362
RGI60-13.48129,1901,-6.642680593861903
RGI60-13.48129,1902,-36.988115971409016
RGI60-13.48129,1903,329.31932268238074
RGI60-13.48129,1904,-770.9943763411525
RGI60-13.48129,1905,-493.6908534745382
RGI60-13.48129,1906,-850.3802711007029
RGI60-13.48129,1907,15.584355564828448
RGI60-13.48129,1908,-261.1421156779983
RGI60-13.48129,1909,-1175.8117590069105
RGI60-13.48129,1910,-674.1048815893714
RGI60-13.48129,1911,297.0688754715872
RGI60-13.48129,1912,-18.256419454272105
RGI60-13.48129,1913,329.62648516730746
RGI60-13.48129,1914,-173.7640428105839
RGI60-13.48129,1915,-1199.8874900989485
RGI60-13.48129,1916,-729.6137585928572
RGI60-13.48129,1917,-590.8079680107738
RGI60-13.48129,1918,-927.1327471311683
RGI60-13.48129,1919,604.8351265830305
RGI60-13.48129,1920,-293.15530611312397
RGI60-13.48129,1921,-326.71065457903137
RGI60-13.48129,1922,-818.1682494427073
RGI60-13.48129,1923,-959.4012799400637
RGI60-13.48129,1924,-819.5820689724861
RGI60-13.48129,1925,365.00801810522086
RGI60-13.48129,1926,253.02179787208817
RGI60-13.48129,1927,-333.9400003544021
RGI60-13.48129,1928,99.26821651370594
RGI60-13.48129,1929,188.24571403017768
RGI60-13.48129,1930,632.2543463331796
RGI60-13.48129,1931,-269.63572932982044
RGI60-13.48129,1932,-23.305994139009087
RGI60-13.48129,1933,-802.1232393306794
RGI60-13.48129,1934,209.46785757390273
RGI60-13.48129,1935,-879.1203245855637
RGI60-13.48129,1936,13.586709939747536
RGI60-13.48129,1937,266.7340799512654
RGI60-13.48129,1938,154.867467409387
RGI60-13.48129,1939,-351.67231261663096
RGI60-13.48129,1940,-499.85442874436876
RGI60-13.48129,1941,-242.50096561984975
RGI60-13.48129,1942,1308.6934537607005
RGI60-13.48129,1943,-1046.4516720736813
RGI60-13.48129,1944,-961.458717715544
RGI60-13.48129,1945,-1310.204146597405
RGI60-13.48129,1946,397.3634627217302
RGI60-13.48129,1947,17.531795532342432
RGI60-13.48129,1948,-866.3632374226461
RGI60-13.48129,1949,-93.76790661216532
RGI60-13.48129,1950,-932.3333072193295
RGI60-13.48129,1951,-451.0058589812208
RGI60-13.48129,1952,-273.25731327134054
RGI60-13.48129,1953,-46.291648871408015
RGI60-13.48129,1954,385.74368866679123
RGI60-13.48129,1955,-582.8915619585607
RGI60-13.48129,1956,-179.26740172967854
RGI60-13.48129,1957,-335.34334890499406
RGI60-13.48129,1958,722.9809778480073
RGI60-13.48129,1959,666.8468535118859
RGI60-13.48129,1960,354.7838538129648
RGI60-13.48129,1961,105.31924524618341
RGI60-13.48129,1962,-1241.6736201790743
RGI60-13.48129,1963,-285.96459007985214
RGI60-13.48129,1964,-268.0338045571486
RGI60-13.48129,1965,-906.7859258710545
RGI60-13.48129,1966,-596.3710925167095
RGI60-13.48129,1967,-238.20072778507742
RGI60-13.48129,1968,-729.7717595292384
RGI60-13.48129,1969,-9.891643747911049
RGI60-13.48129,1970,-70.53451769535661
RGI60-13.48129,1971,-33.998033970859545
RGI60-13.48129,1972,249.4933247596548
RGI60-13.48129,1973,-669.3384398194399
RGI60-13.48129,1974,-1397.9783610554127
RGI60-13.48129,1975,-628.1534900215613
RGI60-13.48129,1976,146.44074764413998
RGI60-13.48129,1977,-929.6512754582657
RGI60-13.48129,1978,-98.75278716185699
RGI60-13.48129,1979,509.89574412978226
RGI60-13.48129,1980,-232.80395457647464
RGI60-13.48129,1981,-167.01612792112024
RGI60-13.48129,1982,-104.8668200098184
RGI60-13.48129,1983,-249.3632764086347
RGI60-13.48129,1984,314.4894407881188
RGI60-13.48129,1985,-203.23398895481048
RGI60-13.48129,1986,-280.83260198263235
RGI60-13.48129,1987,-313.17702341083753
RGI60-13.48129,1988,590.2613793790256
RGI60-13.48129,1989,189.96131416225955
RGI60-13.48129,1990,-134.39160438805723
RGI60-13.48129,1991,-571.9492247179608
RGI60-13.48129,1992,567.3919263797104
RGI60-13.48129,1993,608.7102987518967
RGI60-13.48129,1994,-140.50927390520067
RGI60-13.48129,1995,-434.27738129659673
RGI60-13.48129,1996,-23.3866290148557
RGI60-13.48129,1997,-723.9418786983573
RGI60-13.48129,1998,-654.3199311753384
RGI60-13.48129,1999,-594.1620329492415
RGI60-13.48129,2000,-608.0982710058297
RGI60-13.48129,2001,-1140.1754282449908
RGI60-13.48129,2002,-815.3509256738695
RGI60-13.48129,2003,282.8926192336743
RGI60-13.48129,2004,-493.69438261705227
RGI60-13.48129,2005,-628.3147598310488
RGI60-13.48129,2006,-875.081681296709
RGI60-13.48129,2007,-652.786579942237
RGI60-13.48129,2008,-1298.1792218073983
RGI60-13.48129,2009,49.604407485113455
RGI60-13.48129,2010,-662.2148765231466
RGI60-13.48129,2011,-967.9278027576206
RGI60-13.48129,2012,-941.7045326224071
RGI60-13.48129,2013,-228.37897702357816
RGI60-13.48129,2014,-382.29581278000694
RGI60-13.48129,2015,-405.5973250944761
RGI60-13.48129,2016,-822.7815235869131
RGI60-13.48129,2017,-833.3433773295304
RGI60-13.48129,2018,-725.3262271285435
RGI60-13.48129,2019,-659.2453214534338
RGI60-13.48143,1901,-139.4549777316739
RGI60-13.48143,1902,-166.65703679868935
RGI60-13.48143,1903,178.89851665642362
RGI60-13.48143,1904,-910.3186710209757
RGI60-13.48143,1905,-643.5713745445738
RGI60-13.48143,1906,-984.991331141438
RGI60-13.48143,1907,-105.90533427091262
RGI60-13.48143,1908,-389.138586355565
RGI60-13.48143,1909,-1284.201650338205
RGI60-13.48143,1910,-799.4702050801529
RGI60-13.48143,1911,116.44706764301627
RGI60-13.48143,1912,-209.815175290311
RGI60-13.48143,1913,140.4742590771639
RGI60-13.48143,1914,-325.6949471778192
RGI60-13.48143,1915,-1277.7781447967445
RGI60-13.48143,1916,-853.5367726936627
RGI60-13.48143,1917,-727.0399201353418
RGI60-13.48143,1918,-1013.2220204673145
RGI60-13.48143,1919,480.767570243015
RGI60-13.48143,1920,-424.7736316728974
RGI60-13.48143,1921,-436.10166931967564
RGI60-13.48143,1922,-939.7321739573104
RGI60-13.48143,1923,-1041.7679052967535
RGI60-13.48143,1924,-897.9353959957571
RGI60-13.48143,1925,250.38383193713233
RGI60-13.48143,1926,92.01030672442333
RGI60-13.48143,1927,-392.8480882419512
RGI60-13.48143,1928,-63.65234515312164
RGI60-13.48143,1929,8.427668942750632
RGI60-13.48143,1930,464.49187642929064
RGI60-13.48143,1931,-387.0041652510593
RGI60-13.48143,1932,-86.18270995766802
RGI60-13.48143,1933,-905.3977574315065
RGI60-13.48143,1934,4.631103110498072
RGI60-13.48143,1935,-971.077551275453
RGI60-13.48143,1936,-146.62955078665672
RGI60-13.48143,1937,107.1607358947084
RGI60-13.48143,1938,41.93953115939463
RGI60-13.48143,1939,-477.242453336444
RGI60-13.48143,1940,-630.9225554450662
RGI60-13.48143,1941,-365.55192102447825
RGI60-13.48143,1942,1125.6964189247599
RGI60-13.48143,1943,-1121.5907117992826
RGI60-13.48143,1944,-1050.5723943648693
RGI60-13.48143,1945,-1424.318592147725
RGI60-13.48143,1946,291.3471938787935
RGI60-13.48143,1947,-141.7100096133668
RGI60-13.48143,1948,-964.2522943284916
RGI60-13.48143,1949,-233.6452854697265
RGI60-13.48143,1950,-1032.1619701321
RGI60-13.48143,1951,-628.5155656750946
RGI60-13.48143,1952,-329.1434076788951
RGI60-13.48143,1953,-240.72329364103058
RGI60-13.48143,1954,241.7616205555539
RGI60-13.48143,1955,-684.4960998427234
RGI60-13.48143,1956,-247.8915249299606
RGI60-13.48143,1957,-479.6727950989618
RGI60-13.48143,1958,608.4708947301808
RGI60-13.48143,1959,411.8443801792915
RGI60-13.48143,1960,225.23326737790683
RGI60-13.48143,1961,-80.69973245118607
RGI60-13.48143,1962,-1328.7024415430203
RGI60-13.48143,1963,-451.2522219395824
RGI60-13.48143,1964,-404.86548378528045
RGI60-13.48143,1965,-1029.3836796704202
RGI60-13.48143,1966,-719.427281166197
RGI60-13.48143,1967,-392.9583141380596
RGI60-13.48143,1968,-840.4577721695159
RGI60-13.48143,1969,-133.2443400431201
RGI60-13.48143,1970,-247.64130717992282
RGI60-13.48143,1971,-197.62772979789503
RGI60-13.48143,1972,39.13122161190833
RGI60-13.48143,1973,-790.2550828856414
RGI60-13.48143,1974,-1488.8602920959604
RGI60-13.48143,1975,-737.8660247479268
RGI60-13.48143,1976,-22.865593381477495
RGI60-13.48143,1977,-1028.95553790549
RGI60-13.48143,1978,-258.2576086227475
RGI60-13.48143,1979,346.33887046876885
RGI60-13.48143,1980,-323.19771380603356
RGI60-13.48143,1981,-316.008294204799
RGI60-13.48143,1982,-274.394807943875
RGI60-13.48143,1983,-314.5403758409423
RGI60-13.48143,1984,157.71225803456977
RGI60-13.48143,1985,-294.2038709726401
RGI60-13.48143,1986,-342.6376967004126
RGI60-13.48143,1987,-332.8429819178529
RGI60-13.48143,1988,386.32521181444156
RGI60-13.48143,1989,73.9783433980379
RGI60-13.48143,1990,-289.56499513088204
RGI60-13.48143,1991,-718.5948272591515
RGI60-13.48143,1992,352.8880460670994
RGI60-13.48143,1993,415.1185370598672
RGI60-13.48143,1994,-264.56188608908366
RGI60-13.48143,1995,-562.0302193843644
RGI60-13.48143,1996,-155.21462770018795
RGI60-13.48143,1997,-839.4177949565927
RGI60-13.48143,1998,-720.6084453352872
RGI60-13.48143,1999,-706.535030042566
RGI60-13.48143,2000,-628.152126613422
RGI60-13.48143,2001,-1193.8664657495262
RGI60-13.48143,2002,-906.8420163948507
RGI60-13.48143,2003,72.6225885273151
RGI60-13.48143,2004,-603.9978038663949
RGI60-13.48143,2005,-767.3051659565687
RGI60-13.48143,2006,-955.5459027962878
RGI60-13.48143,2007,-735.6439512622669
RGI60-13.48143,2008,-1404.1858507857733
RGI60-13.48143,2009,-92.14438577052964
RGI60-13.48143,2010,-761.2888682456569
RGI60-13.48143,2011,-1033.7053867488746
RGI60-13.48143,2012,-1007.032934801258
RGI60-13.48143,2013,-369.32580592180796
RGI60-13.48143,2014,-494.87508692844585
RGI60-13.48143,2015,-522.683112085501
RGI60-13.48143,2016,-945.6490460093386
RGI60-13.48143,2017,-923.260788825119
RGI60-13.48143,2018,-791.8716214375979
RGI60-13.48143,2019,-751.2462683281173
