RGI_ID,Calibration_Method,MB_Geodetic,Temp_Bias,Prcp_Fac,melt_f,reference_period,Calibration_Success,MB_Model
RGI60-13.00002,geodetic_temp_bias,27.099999999999998,-3.3422205071135127,4.040397917612786,17.0,2000-01-01_2020-01-01,True,
RGI60-13.00003,geodetic_temp_bias,163.1,-3.824809525609513,5.679203926494199,5.0,2000-01-01_2020-01-01,True,
RGI60-13.00004,geodetic_temp_bias,-35.9,-3.824809525609513,4.040397917612786,5.038676576098631,2000-01-01_2020-01-01,True,
RGI60-13.00005,geodetic_temp_bias,-75.6,-3.824809525609513,4.040397917612786,5.208305384892844,2000-01-01_2020-01-01,True,
RGI60-13.00006,geodetic_temp_bias,-18.4,-3.824809525609513,4.191023682548434,5.0,2000-01-01_2020-01-01,True,
RGI60-13.00007,geodetic_temp_bias,141.7,-3.824809525609513,4.040397917612786,9.82311302075073,2000-01-01_2020-01-01,True,
RGI60-13.00008,geodetic_temp_bias,35.3,-3.6374047789750104,4.040397917612786,17.0,2000-01-01_2020-01-01,True,
RGI60-13.00009,geodetic_temp_bias,120.3,-3.824809525609513,4.040397917612786,6.452608026897244,2000-01-01_2020-01-01,True,
RGI60-13.00010,geodetic_temp_bias,48.599999999999994,-3.3744539631831767,4.040397917612786,17.0,2000-01-01_2020-01-01,True,
RGI60-13.00011,geodetic_temp_bias,45.1,-3.1757809345682797,4.040397917612786,17.0,2000-01-01_2020-01-01,True,
RGI60-13.00012,geodetic_temp_bias,209.4,-3.2375583456907,5.729109871640026,5.0,2000-01-01_2020-01-01,True,
RGI60-13.00013,geodetic_temp_bias,38.199999999999996,-2.763482410988054,4.472878519253057,17.0,2000-01-01_2020-01-01,True,
RGI60-13.00014,geodetic_temp_bias,14.0,-3.2375583456907,5.795644804959541,5.0,2000-01-01_2020-01-01,True,
RGI60-13.00015,geodetic_temp_bias,183.7,-3.2375583456907,4.472878519253057,5.011883558092624,2000-01-01_2020-01-01,True,
RGI60-13.00016,geodetic_temp_bias,47.9,-1.8427159082411693,4.472878519253057,17.0,2000-01-01_2020-01-01,True,
RGI60-13.00017,geodetic_temp_bias,131.39999999999998,-3.2375583456907,4.472878519253057,7.490827386782379,2000-01-01_2020-01-01,True,
RGI60-13.00018,geodetic_temp_bias,-81.0,-1.7264987949320953,4.472878519253057,17.0,2000-01-01_2020-01-01,True,
RGI60-13.00019,geodetic_temp_bias,73.7,-2.562376462543912,4.472878519253057,17.0,2000-01-01_2020-01-01,True,
RGI60-13.00020,geodetic_temp_bias,77.2,-3.2375583456907,5.835823319654677,5.0,2000-01-01_2020-01-01,True,
RGI60-13.00021,geodetic_temp_bias,131.6,-3.2375583456907,4.472878519253057,10.490359408624936,2000-01-01_2020-01-01,True,
RGI60-13.00022,geodetic_temp_bias,313.59999999999997,-3.2375583456907,6.579826128217541,5.0,2000-01-01_2020-01-01,True,
RGI60-13.00023,geodetic_temp_bias,-1.9,-3.2375583456907,4.654803872921452,5.0,2000-01-01_2020-01-01,True,
RGI60-13.00024,geodetic_temp_bias,-46.0,-3.2375583456907,4.472878519253057,6.547013256077121,2000-01-01_2020-01-01,True,
RGI60-13.00025,geodetic_temp_bias,155.0,-3.178813575753287,4.472878519253057,17.0,2000-01-01_2020-01-01,True,
RGI60-13.00026,geodetic_temp_bias,130.0,-3.2375583456907,4.554430415338585,5.0,2000-01-01_2020-01-01,True,
RGI60-13.00027,geodetic_temp_bias,-120.39999999999999,-1.131630187868452,4.472878519253057,17.0,2000-01-01_2020-01-01,True,
RGI60-13.00028,geodetic_temp_bias,124.8,-2.8973326092462015,4.472878519253057,17.0,2000-01-01_2020-01-01,True,
RGI60-13.00029,geodetic_temp_bias,139.9,-3.2375583456907,4.472878519253057,11.75546475443134,2000-01-01_2020-01-01,True,
RGI60-13.00030,geodetic_temp_bias,104.7,-2.176866383775915,4.472878519253057,17.0,2000-01-01_2020-01-01,True,
RGI60-13.00031,geodetic_temp_bias,65.10000000000001,-2.95158495205909,4.472878519253057,17.0,2000-01-01_2020-01-01,True,
RGI60-13.00032,geodetic_temp_bias,-13.4,-3.2375583456907,6.709317778879584,4.454449376481451,2000-01-01_2020-01-01,True,
RGI60-13.00033,geodetic_temp_bias,173.4,-3.2375583456907,6.709317778879584,4.964867392558111,2000-01-01_2020-01-01,True,
RGI60-13.00034,geodetic_temp_bias,-73.2,-3.2375583456907,4.472878519253057,12.989828803942,2000-01-01_2020-01-01,True,
RGI60-13.00035,geodetic_temp_bias,140.1,-3.2375583456907,6.709317778879584,4.395593940653838,2000-01-01_2020-01-01,True,
RGI60-13.00036,geodetic_temp_bias,-52.3,-3.2375583456907,4.472878519253057,7.247507268608917,2000-01-01_2020-01-01,True,
RGI60-13.00037,geodetic_temp_bias,35.9,-3.2375583456907,6.709317778879584,4.844293665022949,2000-01-01_2020-01-01,True,
RGI60-13.00038,geodetic_temp_bias,127.7,-3.2375583456907,6.709317778879584,3.0830896443366242,2000-01-01_2020-01-01,True,
RGI60-13.00039,geodetic_temp_bias,-5.6,-3.2375583456907,4.472878519253057,6.152468018182495,2000-01-01_2020-01-01,True,
RGI60-13.00040,geodetic_temp_bias,217.9,-3.2375583456907,6.709317778879584,4.275507161068191,2000-01-01_2020-01-01,True,
RGI60-13.00041,geodetic_temp_bias,117.8,-3.2375583456907,6.709317778879584,4.492977537328663,2000-01-01_2020-01-01,True,
RGI60-13.00042,geodetic_temp_bias,125.6,-3.2375583456907,6.709317778879584,4.72988845545433,2000-01-01_2020-01-01,True,
RGI60-13.00043,geodetic_temp_bias,198.0,-3.2375583456907,6.709317778879584,4.793180270742322,2000-01-01_2020-01-01,True,
RGI60-13.00044,geodetic_temp_bias,61.9,-3.2375583456907,6.709317778879584,4.859975743647224,2000-01-01_2020-01-01,True,
RGI60-13.00045,geodetic_temp_bias,-96.19999999999999,-3.2375583456907,4.472878519253057,7.72951214812681,2000-01-01_2020-01-01,True,
RGI60-13.00046,geodetic_temp_bias,11.0,-3.2375583456907,5.480827165168236,5.0,2000-01-01_2020-01-01,True,
RGI60-13.00047,geodetic_temp_bias,76.0,-3.2375583456907,6.709317778879584,4.635849643338864,2000-01-01_2020-01-01,True,
RGI60-13.00048,geodetic_temp_bias,139.6,-3.2375583456907,6.709317778879584,4.058908911065895,2000-01-01_2020-01-01,True,
RGI60-13.00049,geodetic_temp_bias,148.10000000000002,-3.2375583456907,6.709317778879584,4.605948443456111,2000-01-01_2020-01-01,True,
RGI60-13.00050,geodetic_temp_bias,125.1,-3.2375583456907,6.709317778879584,3.1638188894875077,2000-01-01_2020-01-01,True,
RGI60-13.00051,geodetic_temp_bias,116.2,-3.2375583456907,5.618725235166488,5.0,2000-01-01_2020-01-01,True,
RGI60-13.00052,geodetic_temp_bias,120.1,-3.2375583456907,6.709317778879584,4.416958590102236,2000-01-01_2020-01-01,True,
RGI60-13.00053,geodetic_temp_bias,212.4,-3.2375583456907,6.709317778879584,2.208421355009167,2000-01-01_2020-01-01,True,
RGI60-13.00054,geodetic_temp_bias,50.0,-3.2375583456907,6.709317778879584,4.422925922755068,2000-01-01_2020-01-01,True,
RGI60-13.00055,geodetic_temp_bias,109.7,-3.2375583456907,6.709317778879584,4.141577062085676,2000-01-01_2020-01-01,True,
RGI60-13.00056,geodetic_temp_bias,92.8,-3.2375583456907,6.709317778879584,3.607606886465664,2000-01-01_2020-01-01,True,
RGI60-13.00057,geodetic_temp_bias,-1.1,-3.2375583456907,6.709317778879584,3.9403131856724007,2000-01-01_2020-01-01,True,
RGI60-13.00058,geodetic_temp_bias,-37.1,-3.2375583456907,5.447837219411452,5.0,2000-01-01_2020-01-01,True,
RGI60-13.00059,geodetic_temp_bias,-7.7,-3.2375583456907,4.472878519253057,5.413940718235882,2000-01-01_2020-01-01,True,
RGI60-13.00060,geodetic_temp_bias,59.1,-3.2375583456907,5.210309405971587,5.0,2000-01-01_2020-01-01,True,
RGI60-13.00061,geodetic_temp_bias,116.9,-3.2375583456907,6.501711083721501,5.0,2000-01-01_2020-01-01,True,
RGI60-13.00062,geodetic_temp_bias,49.7,-3.2375583456907,5.354348151292975,5.0,2000-01-01_2020-01-01,True,
RGI60-13.00063,geodetic_temp_bias,-13.700000000000001,-3.2375583456907,5.897156971178462,5.0,2000-01-01_2020-01-01,True,
RGI60-13.00064,geodetic_temp_bias,93.60000000000001,-3.2375583456907,6.709317778879584,4.959314441113885,2000-01-01_2020-01-01,True,
RGI60-13.00065,geodetic_temp_bias,-22.0,-3.161144363166163,4.472878519253057,17.0,2000-01-01_2020-01-01,True,
RGI60-13.00066,geodetic_temp_bias,98.0,-3.2375583456907,6.448062270999576,5.0,2000-01-01_2020-01-01,True,
RGI60-13.00067,geodetic_temp_bias,56.2,-3.2375583456907,4.992594307539513,5.0,2000-01-01_2020-01-01,True,
RGI60-13.00068,geodetic_temp_bias,273.5,-3.2375583456907,6.709317778879584,2.5316512393986343,2000-01-01_2020-01-01,True,
RGI60-13.00069,geodetic_temp_bias,136.4,-3.2375583456907,6.287990701873008,5.0,2000-01-01_2020-01-01,True,
RGI60-13.00070,geodetic_temp_bias,-185.9,-3.1258210063039247,4.472878519253057,17.0,2000-01-01_2020-01-01,True,
RGI60-13.00071,geodetic_temp_bias,124.8,-3.2375583456907,6.709317778879584,4.233398067941547,2000-01-01_2020-01-01,True,
RGI60-13.00072,geodetic_temp_bias,81.10000000000001,-3.2375583456907,6.709317778879584,4.209127692963682,2000-01-01_2020-01-01,True,
RGI60-13.00073,geodetic_temp_bias,-34.9,-3.2375583456907,4.472878519253057,11.930598016109027,2000-01-01_2020-01-01,True,
RGI60-13.00074,geodetic_temp_bias,-176.4,-3.2375583456907,4.472878519253057,14.099144351295802,2000-01-01_2020-01-01,True,
RGI60-13.00075,geodetic_temp_bias,-25.9,-3.2375583456907,4.472878519253057,5.100297930744855,2000-01-01_2020-01-01,True,
RGI60-13.00076,geodetic_temp_bias,25.5,-3.2375583456907,4.472878519253057,6.987574332673848,2000-01-01_2020-01-01,True,
RGI60-13.00077,geodetic_temp_bias,107.1,-3.2375583456907,6.709317778879584,4.413058670755263,2000-01-01_2020-01-01,True,
RGI60-13.00078,geodetic_temp_bias,23.599999999999998,-3.2375583456907,4.472878519253057,8.387331669321131,2000-01-01_2020-01-01,True,
RGI60-13.00079,geodetic_temp_bias,-48.4,-3.2375583456907,4.472878519253057,8.115551295232006,2000-01-01_2020-01-01,True,
RGI60-13.00080,geodetic_temp_bias,184.29999999999998,-3.2375583456907,5.841530219536425,5.0,2000-01-01_2020-01-01,True,
RGI60-13.00081,geodetic_temp_bias,45.8,-3.2375583456907,6.13222869749235,5.0,2000-01-01_2020-01-01,True,
RGI60-13.00082,geodetic_temp_bias,-71.2,-3.2375583456907,4.472878519253057,10.867316604101852,2000-01-01_2020-01-01,True,
RGI60-13.00083,geodetic_temp_bias,45.900000000000006,-3.2375583456907,4.694788387035848,5.0,2000-01-01_2020-01-01,True,
RGI60-13.00084,geodetic_temp_bias,87.6,-3.2375583456907,6.709317778879584,4.129912499953861,2000-01-01_2020-01-01,True,
RGI60-13.00085,geodetic_temp_bias,33.5,-3.2375583456907,6.0347634630500195,5.0,2000-01-01_2020-01-01,True,
RGI60-13.00086,geodetic_temp_bias,129.3,-3.2375583456907,6.709317778879584,4.205803197687482,2000-01-01_2020-01-01,True,
RGI60-13.00087,geodetic_temp_bias,-11.1,-3.2375583456907,4.472878519253057,13.765410142964434,2000-01-01_2020-01-01,True,
RGI60-13.00088,geodetic_temp_bias,33.8,-3.2375583456907,4.472878519253057,5.480719585160812,2000-01-01_2020-01-01,True,
RGI60-13.00089,geodetic_temp_bias,91.7,-3.2375583456907,5.122181095933835,5.0,2000-01-01_2020-01-01,True,
RGI60-13.00090,geodetic_temp_bias,268.7,-3.2375583456907,6.709317778879584,2.25480793356656,2000-01-01_2020-01-01,True,
RGI60-13.00091,geodetic_temp_bias,99.5,-3.2375583456907,5.563894851142664,5.0,2000-01-01_2020-01-01,True,
RGI60-13.00092,geodetic_temp_bias,307.09999999999997,-3.2375583456907,6.231950963880406,5.0,2000-01-01_2020-01-01,True,
RGI60-13.00093,geodetic_temp_bias,66.0,-3.2375583456907,5.865610346167825,5.0,2000-01-01_2020-01-01,True,
RGI60-13.00094,geodetic_temp_bias,32.4,-3.2375583456907,4.856044292923539,5.0,2000-01-01_2020-01-01,True,
RGI60-13.00095,geodetic_temp_bias,142.4,-3.2375583456907,6.043872256406475,5.0,2000-01-01_2020-01-01,True,
RGI60-13.00096,geodetic_temp_bias,86.0,-3.2375583456907,4.472878519253057,5.6762216738227,2000-01-01_2020-01-01,True,
RGI60-13.00097,geodetic_temp_bias,-25.8,-3.2375583456907,4.472878519253057,7.345724696728222,2000-01-01_2020-01-01,True,
RGI60-13.00098,geodetic_temp_bias,122.30000000000001,-3.2375583456907,6.362884802116364,5.0,2000-01-01_2020-01-01,True,
RGI60-13.00099,geodetic_temp_bias,31.9,-3.2375583456907,5.055941795051689,5.0,2000-01-01_2020-01-01,True,
RGI60-13.00100,geodetic_temp_bias,110.5,-3.2375583456907,6.709317778879584,3.1236278319251385,2000-01-01_2020-01-01,True,
RGI60-13.00101,geodetic_temp_bias,99.1,-3.2375583456907,6.709317778879584,3.4557148318075486,2000-01-01_2020-01-01,True,
RGI60-13.00102,geodetic_temp_bias,152.29999999999998,-3.2375583456907,6.709317778879584,3.2424727528551314,2000-01-01_2020-01-01,True,
RGI60-13.00103,geodetic_temp_bias,19.5,-3.2375583456907,6.709317778879584,3.8898746755684406,2000-01-01_2020-01-01,True,
RGI60-13.00104,geodetic_temp_bias,90.89999999999999,-3.2375583456907,4.472878519253057,6.408870176887125,2000-01-01_2020-01-01,True,
RGI60-13.00105,geodetic_temp_bias,252.3,-3.2375583456907,6.709317778879584,3.6313792431280696,2000-01-01_2020-01-01,True,
RGI60-13.00106,geodetic_temp_bias,78.3,-3.2375583456907,5.349095106466526,5.0,2000-01-01_2020-01-01,True,
RGI60-13.00107,geodetic_temp_bias,-54.6,-3.2375583456907,6.709317778879584,4.787912779895277,2000-01-01_2020-01-01,True,
RGI60-13.00108,geodetic_temp_bias,144.4,-3.2375583456907,6.709317778879584,3.2955006310148094,2000-01-01_2020-01-01,True,
RGI60-13.00109,geodetic_temp_bias,164.1,-3.2375583456907,6.709317778879584,3.8330208515377753,2000-01-01_2020-01-01,True,
RGI60-13.00110,geodetic_temp_bias,137.1,-3.2375583456907,6.709317778879584,4.585870427428054,2000-01-01_2020-01-01,True,
RGI60-13.00111,geodetic_temp_bias,89.7,-3.2375583456907,6.709317778879584,4.689980310103916,2000-01-01_2020-01-01,True,
RGI60-13.00112,geodetic_temp_bias,1.2,-3.2375583456907,5.211543059315002,5.0,2000-01-01_2020-01-01,True,
RGI60-13.00113,geodetic_temp_bias,62.300000000000004,-3.2375583456907,5.717335572711775,5.0,2000-01-01_2020-01-01,True,
RGI60-13.00114,geodetic_temp_bias,213.29999999999998,-3.2375583456907,5.907498682751883,5.0,2000-01-01_2020-01-01,True,
RGI60-13.00115,geodetic_temp_bias,6.7,-3.2375583456907,4.516686094033092,5.0,2000-01-01_2020-01-01,True,
RGI60-13.00116,geodetic_temp_bias,196.3,-3.2375583456907,5.6686244031353095,5.0,2000-01-01_2020-01-01,True,
RGI60-13.00117,geodetic_temp_bias,148.0,-3.2375583456907,6.709317778879584,4.049861242538415,2000-01-01_2020-01-01,True,
RGI60-13.00118,geodetic_temp_bias,130.8,-3.824809525609513,6.060596876419179,3.271019755891047,2000-01-01_2020-01-01,True,
RGI60-13.00119,geodetic_temp_bias,68.6,-3.824809525609513,5.26643340707688,5.0,2000-01-01_2020-01-01,True,
RGI60-13.00120,geodetic_temp_bias,65.8,-3.824809525609513,4.040397917612786,5.219035900676873,2000-01-01_2020-01-01,True,
RGI60-13.00121,geodetic_temp_bias,87.4,-3.824809525609513,4.040397917612786,5.074775515114391,2000-01-01_2020-01-01,True,
RGI60-13.00122,geodetic_temp_bias,139.2,-3.824809525609513,6.060596876419179,4.165180186686605,2000-01-01_2020-01-01,True,
RGI60-13.00123,geodetic_temp_bias,95.4,-3.824809525609513,4.953221342467759,5.0,2000-01-01_2020-01-01,True,
RGI60-13.00124,geodetic_temp_bias,59.2,-3.824809525609513,4.040397917612786,12.302103054751747,2000-01-01_2020-01-01,True,
RGI60-13.00125,geodetic_temp_bias,54.0,-3.824809525609513,4.040397917612786,15.044349916629187,2000-01-01_2020-01-01,True,
RGI60-13.00126,geodetic_temp_bias,185.20000000000002,-3.824809525609513,5.0509960246422105,5.0,2000-01-01_2020-01-01,True,
RGI60-13.00127,geodetic_temp_bias,-23.5,-3.824809525609513,4.040397917612786,13.9268393586929,2000-01-01_2020-01-01,True,
RGI60-13.00128,geodetic_temp_bias,85.3,-3.824809525609513,4.727148831624885,5.0,2000-01-01_2020-01-01,True,
RGI60-13.00129,geodetic_temp_bias,172.6,-3.824809525609513,5.4145782235153455,5.0,2000-01-01_2020-01-01,True,
RGI60-13.00130,geodetic_temp_bias,153.6,-3.824809525609513,4.040397917612786,5.1379716084944285,2000-01-01_2020-01-01,True,
RGI60-13.00131,geodetic_temp_bias,156.4,-3.824809525609513,4.040397917612786,5.199855427895422,2000-01-01_2020-01-01,True,
RGI60-13.00132,geodetic_temp_bias,116.4,-3.824809525609513,5.520112851974917,5.0,2000-01-01_2020-01-01,True,
RGI60-13.00133,geodetic_temp_bias,106.5,-3.824809525609513,4.818869572316186,5.0,2000-01-01_2020-01-01,True,
RGI60-13.00134,geodetic_temp_bias,44.699999999999996,-3.824809525609513,5.803660787742302,5.0,2000-01-01_2020-01-01,True,
RGI60-13.00135,geodetic_temp_bias,25.0,-3.824809525609513,4.040397917612786,8.461285877353308,2000-01-01_2020-01-01,True,
RGI60-13.00136,geodetic_temp_bias,123.2,-3.824809525609513,5.974432256047748,5.0,2000-01-01_2020-01-01,True,
RGI60-13.00137,geodetic_temp_bias,46.800000000000004,-3.5583952235654595,4.040397917612786,17.0,2000-01-01_2020-01-01,True,
RGI60-13.00138,geodetic_temp_bias,37.900000000000006,-3.824809525609513,4.040397917612786,14.411086681364418,2000-01-01_2020-01-01,True,
RGI60-13.00139,geodetic_temp_bias,-13.700000000000001,-3.824809525609513,4.576494148624906,5.0,2000-01-01_2020-01-01,True,
RGI60-13.00140,geodetic_temp_bias,-39.199999999999996,-3.8874234751023526,4.114736811173682,5.909041207388438,2000-01-01_2020-01-01,True,
RGI60-13.00141,geodetic_temp_bias,-86.0,-3.8874234751023526,5.188754610701608,5.0,2000-01-01_2020-01-01,True,
RGI60-13.00142,geodetic_temp_bias,-50.1,-3.8874234751023526,6.172105216760523,4.6703986964835,2000-01-01_2020-01-01,True,
RGI60-13.00143,geodetic_temp_bias,-82.0,-3.8874234751023526,4.114736811173682,6.4008295306514515,2000-01-01_2020-01-01,True,
RGI60-13.00144,geodetic_temp_bias,45.699999999999996,-3.8874234751023526,5.1221297142203515,5.0,2000-01-01_2020-01-01,True,
RGI60-13.00145,geodetic_temp_bias,-19.8,-3.8874234751023526,4.152583036802309,5.0,2000-01-01_2020-01-01,True,
RGI60-13.00146,geodetic_temp_bias,49.3,-3.8874234751023526,5.679241373370181,5.0,2000-01-01_2020-01-01,True,
RGI60-13.00147,geodetic_temp_bias,28.2,-3.8874234751023526,4.114736811173682,5.049354807641439,2000-01-01_2020-01-01,True,
RGI60-13.00148,geodetic_temp_bias,35.7,-3.8874234751023526,6.172105216760523,4.054228905582223,2000-01-01_2020-01-01,True,
RGI60-13.00149,geodetic_temp_bias,41.4,-3.8874234751023526,5.025243238265443,5.0,2000-01-01_2020-01-01,True,
RGI60-13.00150,geodetic_temp_bias,-43.8,-3.8874234751023526,4.266706945376728,5.0,2000-01-01_2020-01-01,True,
RGI60-13.00151,geodetic_temp_bias,29.9,-3.8874234751023526,4.114736811173682,7.459499227406607,2000-01-01_2020-01-01,True,
RGI60-13.00152,geodetic_temp_bias,38.4,-3.8874234751023526,4.114736811173682,5.216007032619801,2000-01-01_2020-01-01,True,
RGI60-13.00153,geodetic_temp_bias,48.4,-3.8874234751023526,4.403750576981769,5.0,2000-01-01_2020-01-01,True,
RGI60-13.00154,geodetic_temp_bias,6.8999999999999995,-3.8874234751023526,4.923448340269919,5.0,2000-01-01_2020-01-01,True,
RGI60-13.00155,geodetic_temp_bias,-12.3,-3.8874234751023526,4.1359928251006695,5.0,2000-01-01_2020-01-01,True,
RGI60-13.00156,geodetic_temp_bias,21.2,-3.8874234751023526,4.31586067566909,5.0,2000-01-01_2020-01-01,True,
RGI60-13.00157,geodetic_temp_bias,412.3,-3.8874234751023526,6.172105216760523,3.072091838564929,2000-01-01_2020-01-01,True,
RGI60-13.00158,geodetic_temp_bias,27.799999999999997,-3.8874234751023526,6.172105216760523,4.217818687451768,2000-01-01_2020-01-01,True,
RGI60-13.00159,geodetic_temp_bias,26.4,-3.8874234751023526,4.114736811173682,5.032683222291712,2000-01-01_2020-01-01,True,
RGI60-13.00160,geodetic_temp_bias,40.099999999999994,-2.5029158897185053,6.429290685647844,3.468343333896926,2000-01-01_2020-01-01,True,
RGI60-13.00161,geodetic_temp_bias,97.8,-2.5029158897185053,4.713534417601307,5.0,2000-01-01_2020-01-01,True,
RGI60-13.00162,geodetic_temp_bias,-102.3,-2.5029158897185053,4.286193790431897,5.380616568476375,2000-01-01_2020-01-01,True,
RGI60-13.00163,geodetic_temp_bias,-29.9,-2.5029158897185053,5.628897602902631,5.0,2000-01-01_2020-01-01,True,
RGI60-13.00164,geodetic_temp_bias,138.3,-2.5029158897185053,6.429290685647844,4.032479674270869,2000-01-01_2020-01-01,True,
RGI60-13.00165,geodetic_temp_bias,324.90000000000003,-2.5029158897185053,6.429290685647844,3.171002962353466,2000-01-01_2020-01-01,True,
RGI60-13.00166,geodetic_temp_bias,-21.0,-2.5029158897185053,4.739402112268934,5.0,2000-01-01_2020-01-01,True,
RGI60-13.00167,geodetic_temp_bias,-28.6,-2.5029158897185053,5.237235472284076,5.0,2000-01-01_2020-01-01,True,
RGI60-13.00168,geodetic_temp_bias,-35.2,-2.5029158897185053,5.50328658585912,5.0,2000-01-01_2020-01-01,True,
RGI60-13.00169,geodetic_temp_bias,-2.0,-2.5029158897185053,5.901363880197877,5.0,2000-01-01_2020-01-01,True,
RGI60-13.00170,geodetic_temp_bias,-46.699999999999996,-2.5029158897185053,5.699097506268355,5.0,2000-01-01_2020-01-01,True,
RGI60-13.00171,geodetic_temp_bias,6.8,-2.5029158897185053,4.678001922883517,5.0,2000-01-01_2020-01-01,True,
RGI60-13.00172,geodetic_temp_bias,-17.6,-2.5029158897185053,6.429290685647844,4.7760585905335216,2000-01-01_2020-01-01,True,
RGI60-13.00173,geodetic_temp_bias,54.1,-5.418591016825316,5.899357103818499,3.5114107448303584,2000-01-01_2020-01-01,True,
RGI60-13.00174,geodetic_temp_bias,-192.89999999999998,-5.419391494733296,4.197624834374419,17.0,2000-01-01_2020-01-01,True,
RGI60-13.00175,geodetic_temp_bias,-109.7,-5.418591016825316,3.9329047358789992,5.147499582120392,2000-01-01_2020-01-01,True,
RGI60-13.00176,geodetic_temp_bias,13.299999999999999,-5.730861295470049,5.192753028327898,5.0,2000-01-01_2020-01-01,True,
RGI60-13.00177,geodetic_temp_bias,33.0,-5.730861295470049,6.2964372515616285,4.69786120337835,2000-01-01_2020-01-01,True,
RGI60-13.00178,geodetic_temp_bias,-63.6,-5.730861295470049,4.197624834374419,5.6549904062263305,2000-01-01_2020-01-01,True,
RGI60-13.00179,geodetic_temp_bias,-20.400000000000002,-5.730861295470049,4.197624834374419,5.380391944795569,2000-01-01_2020-01-01,True,
RGI60-13.00180,geodetic_temp_bias,52.0,-5.730861295470049,6.2964372515616285,4.4141947248646805,2000-01-01_2020-01-01,True,
RGI60-13.00181,geodetic_temp_bias,-153.0,-5.418591016825316,3.9629210525481406,5.0,2000-01-01_2020-01-01,True,
RGI60-13.00182,geodetic_temp_bias,-143.0,-5.418591016825316,5.899357103818499,4.835313911629315,2000-01-01_2020-01-01,True,
RGI60-13.00183,geodetic_temp_bias,-165.5,-5.418591016825316,4.523439213135179,5.0,2000-01-01_2020-01-01,True,
RGI60-13.00184,geodetic_temp_bias,-16.5,-5.730861295470049,4.197624834374419,5.343708735038483,2000-01-01_2020-01-01,True,
RGI60-13.00185,geodetic_temp_bias,338.4,-5.730861295470049,6.2964372515616285,3.9752088339719536,2000-01-01_2020-01-01,True,
RGI60-13.00186,geodetic_temp_bias,48.099999999999994,-5.730861295470049,5.128023892522979,5.0,2000-01-01_2020-01-01,True,
RGI60-13.00187,geodetic_temp_bias,-80.5,-5.730861295470049,4.5335695210291735,5.0,2000-01-01_2020-01-01,True,
RGI60-13.00190,geodetic_temp_bias,-111.9,-5.730861295470049,4.197624834374419,5.138719057956636,2000-01-01_2020-01-01,True,
RGI60-13.00191,geodetic_temp_bias,-183.79999999999998,-5.730861295470049,5.200444991599787,5.0,2000-01-01_2020-01-01,True,
RGI60-13.00192,geodetic_temp_bias,-47.6,-5.730861295470049,4.428802732984938,5.0,2000-01-01_2020-01-01,True,
RGI60-13.00266,geodetic_temp_bias,-107.0,-2.5029158897185053,6.429290685647844,4.105467258567142,2000-01-01_2020-01-01,True,
RGI60-13.00267,geodetic_temp_bias,79.5,-2.9747510696545936,4.877113947254263,8.472960066088461,2000-01-01_2020-01-01,True,
RGI60-13.00268,geodetic_temp_bias,-35.8,-2.9747510696545936,5.249125433474153,5.0,2000-01-01_2020-01-01,True,
RGI60-13.00269,geodetic_temp_bias,-29.6,-2.9747510696545936,5.111942270787183,5.0,2000-01-01_2020-01-01,True,
RGI60-13.00270,geodetic_temp_bias,-387.6,-2.9747510696545936,4.877113947254263,11.264613160699959,2000-01-01_2020-01-01,True,
RGI60-13.00271,geodetic_temp_bias,-42.5,-2.9747510696545936,4.877113947254263,8.246123728015666,2000-01-01_2020-01-01,True,
RGI60-13.00272,geodetic_temp_bias,-48.099999999999994,-2.9747510696545936,5.862991738150648,5.0,2000-01-01_2020-01-01,True,
RGI60-13.00273,geodetic_temp_bias,1.1,-2.9747510696545936,4.877113947254263,5.192023252473698,2000-01-01_2020-01-01,True,
RGI60-13.00274,geodetic_temp_bias,-120.80000000000001,-2.9747510696545936,5.591252834056224,5.0,2000-01-01_2020-01-01,True,
RGI60-13.00275,geodetic_temp_bias,5.7,-2.9747510696545936,7.315670920881394,4.237616229469724,2000-01-01_2020-01-01,True,
RGI60-13.00276,geodetic_temp_bias,-89.2,-2.9747510696545936,4.886939661370121,5.0,2000-01-01_2020-01-01,True,
RGI60-13.00277,geodetic_temp_bias,48.4,-2.9747510696545936,4.877113947254263,6.3983188310486545,2000-01-01_2020-01-01,True,
RGI60-13.00278,geodetic_temp_bias,-121.80000000000001,-2.9747510696545936,4.877113947254263,5.327717839935829,2000-01-01_2020-01-01,True,
RGI60-13.00279,geodetic_temp_bias,125.3,-2.9747510696545936,6.148025217621782,5.0,2000-01-01_2020-01-01,True,
RGI60-13.00280,geodetic_temp_bias,40.800000000000004,-2.9747510696545936,6.94305937190396,5.0,2000-01-01_2020-01-01,True,
RGI60-13.00281,geodetic_temp_bias,135.3,-2.491010155340022,4.877113947254263,17.0,2000-01-01_2020-01-01,True,
RGI60-13.00282,geodetic_temp_bias,-27.799999999999997,-2.9747510696545936,5.700112819607117,5.0,2000-01-01_2020-01-01,True,
RGI60-13.00283,geodetic_temp_bias,263.40000000000003,-2.9747510696545936,7.315670920881394,3.4125015715307594,2000-01-01_2020-01-01,True,
RGI60-13.00284,geodetic_temp_bias,-19.599999999999998,-2.9747510696545936,7.315670920881394,4.318204989864665,2000-01-01_2020-01-01,True,
RGI60-13.00285,geodetic_temp_bias,16.0,-2.9747510696545936,5.237440291363732,5.0,2000-01-01_2020-01-01,True,
RGI60-13.00286,geodetic_temp_bias,74.5,-2.5029158897185053,4.961861898933286,5.0,2000-01-01_2020-01-01,True,
RGI60-13.00287,geodetic_temp_bias,119.8,-2.5029158897185053,4.286193790431897,6.973472755311795,2000-01-01_2020-01-01,True,
RGI60-13.00288,geodetic_temp_bias,51.5,-2.5029158897185053,4.286193790431897,8.520591149654932,2000-01-01_2020-01-01,True,
RGI60-13.00289,geodetic_temp_bias,-15.0,-2.5029158897185053,4.286193790431897,7.1273575219018666,2000-01-01_2020-01-01,True,
RGI60-13.00290,geodetic_temp_bias,40.9,-2.5029158897185053,4.286193790431897,13.69091386944229,2000-01-01_2020-01-01,True,
RGI60-13.00291,geodetic_temp_bias,-72.5,-2.5029158897185053,5.769517562420214,5.0,2000-01-01_2020-01-01,True,
RGI60-13.00292,geodetic_temp_bias,12.3,-2.5029158897185053,6.429290685647844,4.432663141675132,2000-01-01_2020-01-01,True,
RGI60-13.00293,geodetic_temp_bias,14.4,-2.5029158897185053,4.286193790431897,6.785091777500391,2000-01-01_2020-01-01,True,
RGI60-13.00294,geodetic_temp_bias,62.0,-2.5029158897185053,6.429290685647844,4.646845566626224,2000-01-01_2020-01-01,True,
RGI60-13.00295,geodetic_temp_bias,-61.400000000000006,-2.5029158897185053,4.286193790431897,6.256739931074228,2000-01-01_2020-01-01,True,
RGI60-13.00296,geodetic_temp_bias,8.1,-2.5029158897185053,4.286193790431897,5.8842120240212585,2000-01-01_2020-01-01,True,
RGI60-13.00297,geodetic_temp_bias,10.1,-2.5029158897185053,4.286193790431897,5.297959013906241,2000-01-01_2020-01-01,True,
RGI60-13.00298,geodetic_temp_bias,43.7,-2.5029158897185053,4.97177647491923,5.0,2000-01-01_2020-01-01,True,
RGI60-13.00299,geodetic_temp_bias,-11.299999999999999,-2.5029158897185053,6.429290685647844,4.2815514623457425,2000-01-01_2020-01-01,True,
RGI60-13.00300,geodetic_temp_bias,-3.0,-2.5029158897185053,6.046697171755025,5.0,2000-01-01_2020-01-01,True,
RGI60-13.00301,geodetic_temp_bias,30.3,-2.5029158897185053,6.429290685647844,4.00374694566488,2000-01-01_2020-01-01,True,
RGI60-13.00302,geodetic_temp_bias,-54.4,-2.5029158897185053,6.429290685647844,4.798516329251452,2000-01-01_2020-01-01,True,
RGI60-13.00303,geodetic_temp_bias,16.2,-2.5029158897185053,6.429290685647844,3.0001847012048577,2000-01-01_2020-01-01,True,
RGI60-13.00304,geodetic_temp_bias,27.099999999999998,-2.5029158897185053,6.429290685647844,3.887463839565333,2000-01-01_2020-01-01,True,
RGI60-13.00305,geodetic_temp_bias,119.4,-2.5029158897185053,6.429290685647844,4.532212321641042,2000-01-01_2020-01-01,True,
RGI60-13.00306,geodetic_temp_bias,-20.5,-2.5029158897185053,4.286193790431897,6.16490289077136,2000-01-01_2020-01-01,True,
RGI60-13.00307,geodetic_temp_bias,100.0,-2.5029158897185053,4.286193790431897,6.73651689315493,2000-01-01_2020-01-01,True,
RGI60-13.00308,geodetic_temp_bias,57.6,-2.5029158897185053,4.331584084831143,5.0,2000-01-01_2020-01-01,True,
RGI60-13.00309,geodetic_temp_bias,31.4,-2.5029158897185053,6.429290685647844,4.691594377466821,2000-01-01_2020-01-01,True,
RGI60-13.00310,geodetic_temp_bias,67.5,-2.5029158897185053,6.429290685647844,3.29912864625454,2000-01-01_2020-01-01,True,
RGI60-13.00311,geodetic_temp_bias,105.30000000000001,-2.5029158897185053,6.429290685647844,3.245236954381193,2000-01-01_2020-01-01,True,
RGI60-13.00312,geodetic_temp_bias,-25.3,-2.5029158897185053,4.286193790431897,5.477338878731982,2000-01-01_2020-01-01,True,
RGI60-13.00313,geodetic_temp_bias,-2.5,-2.5029158897185053,6.429290685647844,4.998969511227506,2000-01-01_2020-01-01,True,
RGI60-13.00314,geodetic_temp_bias,45.1,-2.5029158897185053,6.429290685647844,4.721375575156356,2000-01-01_2020-01-01,True,
RGI60-13.00315,geodetic_temp_bias,-219.5,-2.5029158897185053,4.286193790431897,6.526238640151681,2000-01-01_2020-01-01,True,
RGI60-13.00316,geodetic_temp_bias,-214.9,-2.5029158897185053,5.265409208456445,5.0,2000-01-01_2020-01-01,True,
RGI60-13.00317,geodetic_temp_bias,49.9,-2.5029158897185053,6.429290685647844,3.1524498380782138,2000-01-01_2020-01-01,True,
RGI60-13.00318,geodetic_temp_bias,-114.0,-2.5029158897185053,6.429290685647844,4.192364882337834,2000-01-01_2020-01-01,True,
RGI60-13.00319,geodetic_temp_bias,-114.9,-2.5029158897185053,6.429290685647844,4.583728634898632,2000-01-01_2020-01-01,True,
RGI60-13.00320,geodetic_temp_bias,-13.700000000000001,-2.5029158897185053,6.429290685647844,3.2716940234027545,2000-01-01_2020-01-01,True,
RGI60-13.00321,geodetic_temp_bias,-110.8,-2.5029158897185053,5.71999869099562,5.0,2000-01-01_2020-01-01,True,
RGI60-13.00322,geodetic_temp_bias,24.5,-2.5029158897185053,6.429290685647844,3.958246574339797,2000-01-01_2020-01-01,True,
RGI60-13.00323,geodetic_temp_bias,-0.7,-2.5029158897185053,6.429290685647844,3.6932402917947584,2000-01-01_2020-01-01,True,
RGI60-13.00324,geodetic_temp_bias,58.4,-2.5029158897185053,5.215597339434466,5.0,2000-01-01_2020-01-01,True,
RGI60-13.00325,geodetic_temp_bias,19.3,-2.5029158897185053,5.701058777729647,5.0,2000-01-01_2020-01-01,True,
RGI60-13.00326,geodetic_temp_bias,-37.699999999999996,-2.5029158897185053,5.458534794636202,5.0,2000-01-01_2020-01-01,True,
RGI60-13.00327,geodetic_temp_bias,191.8,-2.5029158897185053,6.429290685647844,3.8247782465967983,2000-01-01_2020-01-01,True,
RGI60-13.00328,geodetic_temp_bias,-31.8,-2.5029158897185053,4.641575242547439,5.0,2000-01-01_2020-01-01,True,
RGI60-13.00329,geodetic_temp_bias,131.70000000000002,-2.5029158897185053,6.429290685647844,4.071601539567617,2000-01-01_2020-01-01,True,
RGI60-13.00330,geodetic_temp_bias,58.7,-2.5029158897185053,6.429290685647844,4.360653794720195,2000-01-01_2020-01-01,True,
RGI60-13.00331,geodetic_temp_bias,26.599999999999998,-2.5029158897185053,6.429290685647844,3.5761636081033634,2000-01-01_2020-01-01,True,
RGI60-13.00332,geodetic_temp_bias,15.2,-2.5029158897185053,5.344694819600914,5.0,2000-01-01_2020-01-01,True,
RGI60-13.00333,geodetic_temp_bias,-37.699999999999996,-2.5029158897185053,6.257408706671469,5.0,2000-01-01_2020-01-01,True,
RGI60-13.00334,geodetic_temp_bias,-70.2,-2.5029158897185053,5.137416541607471,5.0,2000-01-01_2020-01-01,True,
RGI60-13.00335,geodetic_temp_bias,107.30000000000001,-2.5029158897185053,4.286193790431897,5.82650972104963,2000-01-01_2020-01-01,True,
RGI60-13.00336,geodetic_temp_bias,-62.4,-2.5029158897185053,4.286193790431897,11.027295382622167,2000-01-01_2020-01-01,True,
RGI60-13.00337,geodetic_temp_bias,-30.200000000000003,-2.5029158897185053,4.286193790431897,6.975750964215954,2000-01-01_2020-01-01,True,
RGI60-13.00338,geodetic_temp_bias,37.400000000000006,-2.5029158897185053,4.286193790431897,5.087798784419405,2000-01-01_2020-01-01,True,
RGI60-13.00339,geodetic_temp_bias,93.3,-2.5029158897185053,4.286193790431897,7.4155008594409875,2000-01-01_2020-01-01,True,
RGI60-13.00340,geodetic_temp_bias,-83.1,-2.5029158897185053,5.622141688101184,5.0,2000-01-01_2020-01-01,True,
RGI60-13.00341,geodetic_temp_bias,-57.1,-2.5029158897185053,4.967789201433181,5.0,2000-01-01_2020-01-01,True,
RGI60-13.00342,geodetic_temp_bias,-108.3,-2.5029158897185053,6.429290685647844,4.90956259750254,2000-01-01_2020-01-01,True,
RGI60-13.00343,geodetic_temp_bias,-70.1,-2.5029158897185053,6.429290685647844,4.541270636360805,2000-01-01_2020-01-01,True,
RGI60-13.00344,geodetic_temp_bias,71.4,-2.5029158897185053,6.429290685647844,4.292502747333227,2000-01-01_2020-01-01,True,
RGI60-13.00345,geodetic_temp_bias,30.8,-2.5029158897185053,6.429290685647844,2.997919338171977,2000-01-01_2020-01-01,True,
RGI60-13.00346,geodetic_temp_bias,-223.20000000000002,-2.5029158897185053,4.286193790431897,5.553610207690898,2000-01-01_2020-01-01,True,
RGI60-13.00347,geodetic_temp_bias,-143.1,-2.5029158897185053,4.864445688684171,5.0,2000-01-01_2020-01-01,True,
RGI60-13.00348,geodetic_temp_bias,-109.5,-2.5029158897185053,6.429290685647844,3.5397033859723765,2000-01-01_2020-01-01,True,
RGI60-13.00349,geodetic_temp_bias,-19.2,-2.5029158897185053,6.429290685647844,4.322659910499171,2000-01-01_2020-01-01,True,
RGI60-13.00350,geodetic_temp_bias,102.6,-2.5029158897185053,4.416915888365764,5.0,2000-01-01_2020-01-01,True,
RGI60-13.00351,geodetic_temp_bias,57.3,-2.5029158897185053,6.429290685647844,4.7540981870397285,2000-01-01_2020-01-01,True,
RGI60-13.00352,geodetic_temp_bias,20.0,-2.5029158897185053,6.429290685647844,4.1696488522588435,2000-01-01_2020-01-01,True,
RGI60-13.00353,geodetic_temp_bias,390.29999999999995,-2.5029158897185053,6.429290685647844,4.276757499448729,2000-01-01_2020-01-01,True,
RGI60-13.00354,geodetic_temp_bias,47.1,-2.5029158897185053,6.429290685647844,3.942604280428535,2000-01-01_2020-01-01,True,
RGI60-13.00355,geodetic_temp_bias,-135.6,-2.5029158897185053,6.429290685647844,3.9245378956910417,2000-01-01_2020-01-01,True,
RGI60-13.00356,geodetic_temp_bias,-212.79999999999998,-2.5029158897185053,6.429290685647844,3.8432136010540825,2000-01-01_2020-01-01,True,
RGI60-13.00357,geodetic_temp_bias,18.1,-2.5029158897185053,6.429290685647844,3.7349810102983207,2000-01-01_2020-01-01,True,
RGI60-13.00358,geodetic_temp_bias,-120.0,-2.5029158897185053,4.286193790431897,5.184722846671735,2000-01-01_2020-01-01,True,
RGI60-13.00359,geodetic_temp_bias,63.1,-2.5029158897185053,6.429290685647844,2.4523401530957774,2000-01-01_2020-01-01,True,
RGI60-13.00360,geodetic_temp_bias,-343.9,-2.5029158897185053,6.429290685647844,4.214348780741934,2000-01-01_2020-01-01,True,
RGI60-13.00361,geodetic_temp_bias,-197.0,-2.5029158897185053,4.286193790431897,5.400085305328486,2000-01-01_2020-01-01,True,
RGI60-13.00362,geodetic_temp_bias,41.4,-2.5029158897185053,5.64604366324344,5.0,2000-01-01_2020-01-01,True,
RGI60-13.00363,geodetic_temp_bias,28.9,-2.5029158897185053,6.429290685647844,4.743507724222891,2000-01-01_2020-01-01,True,
RGI60-13.00364,geodetic_temp_bias,-3.8,-2.5029158897185053,4.286193790431897,5.810359714334225,2000-01-01_2020-01-01,True,
RGI60-13.00365,geodetic_temp_bias,203.3,-2.5029158897185053,4.379455211557579,5.0,2000-01-01_2020-01-01,True,
RGI60-13.00366,geodetic_temp_bias,12.3,-2.2820813834451776,4.286193790431897,17.0,2000-01-01_2020-01-01,True,
RGI60-13.00367,geodetic_temp_bias,358.20000000000005,-2.5029158897185053,5.199886039758257,5.0,2000-01-01_2020-01-01,True,
RGI60-13.00368,geodetic_temp_bias,180.10000000000002,-2.5029158897185053,4.485585310527481,5.0,2000-01-01_2020-01-01,True,
RGI60-13.00369,geodetic_temp_bias,102.9,-2.5029158897185053,4.286193790431897,6.0440129708521875,2000-01-01_2020-01-01,True,
RGI60-13.00370,geodetic_temp_bias,-14.4,-2.5029158897185053,5.450606292886695,5.0,2000-01-01_2020-01-01,True,
RGI60-13.00371,geodetic_temp_bias,57.4,-2.5029158897185053,5.494814355894826,5.0,2000-01-01_2020-01-01,True,
RGI60-13.00372,geodetic_temp_bias,20.0,-2.5029158897185053,4.286193790431897,15.790958833780982,2000-01-01_2020-01-01,True,
RGI60-13.00373,geodetic_temp_bias,139.4,-2.5029158897185053,4.639827929545049,5.0,2000-01-01_2020-01-01,True,
RGI60-13.00374,geodetic_temp_bias,-22.599999999999998,-0.8821376046621651,4.286193790431897,17.0,2000-01-01_2020-01-01,True,
RGI60-13.00375,geodetic_temp_bias,-12.8,-2.5029158897185053,6.429290685647844,4.9950189646767935,2000-01-01_2020-01-01,True,
RGI60-13.00376,geodetic_temp_bias,98.3,-2.5029158897185053,4.286193790431897,5.004377481757276,2000-01-01_2020-01-01,True,
RGI60-13.00377,geodetic_temp_bias,15.299999999999999,-2.5029158897185053,4.286193790431897,5.512007102466771,2000-01-01_2020-01-01,True,
RGI60-13.00378,geodetic_temp_bias,-80.19999999999999,-2.5029158897185053,5.110647108366863,5.0,2000-01-01_2020-01-01,True,
RGI60-13.00379,geodetic_temp_bias,5.6,-2.5029158897185053,5.817280250075624,5.0,2000-01-01_2020-01-01,True,
RGI60-13.00380,geodetic_temp_bias,30.200000000000003,-2.5029158897185053,5.400628486665722,5.0,2000-01-01_2020-01-01,True,
RGI60-13.00381,geodetic_temp_bias,92.60000000000001,-1.716469503457038,4.286193790431897,17.0,2000-01-01_2020-01-01,True,
RGI60-13.00382,geodetic_temp_bias,89.2,-2.5029158897185053,4.286193790431897,7.8519155630628275,2000-01-01_2020-01-01,True,
RGI60-13.00383,geodetic_temp_bias,73.5,-2.5029158897185053,4.286193790431897,5.29275713340969,2000-01-01_2020-01-01,True,
RGI60-13.00384,geodetic_temp_bias,-47.4,-2.5029158897185053,5.256282315561648,5.0,2000-01-01_2020-01-01,True,
RGI60-13.00385,geodetic_temp_bias,-117.0,-2.5029158897185053,4.286193790431897,5.463880278530727,2000-01-01_2020-01-01,True,
RGI60-13.00386,geodetic_temp_bias,95.60000000000001,-2.5029158897185053,4.286193790431897,5.094996547177932,2000-01-01_2020-01-01,True,
RGI60-13.00387,geodetic_temp_bias,-14.1,-2.5029158897185053,4.286193790431897,12.004759796281174,2000-01-01_2020-01-01,True,
RGI60-13.00389,geodetic_temp_bias,-277.8,-2.5029158897185053,4.286193790431897,5.090595854742728,2000-01-01_2020-01-01,True,
RGI60-13.00390,geodetic_temp_bias,52.3,-1.5567319961823405,4.286193790431897,17.0,2000-01-01_2020-01-01,True,
RGI60-13.00391,geodetic_temp_bias,-87.3,-2.5029158897185053,4.286193790431897,5.986875785270662,2000-01-01_2020-01-01,True,
RGI60-13.00392,geodetic_temp_bias,16.0,-2.5029158897185053,5.7946161818869095,5.0,2000-01-01_2020-01-01,True,
RGI60-13.00393,geodetic_temp_bias,6.7,-2.5029158897185053,4.286193790431897,10.370276747793506,2000-01-01_2020-01-01,True,
RGI60-13.00394,geodetic_temp_bias,-120.1,-2.5029158897185053,4.4334499971105465,5.0,2000-01-01_2020-01-01,True,
RGI60-13.00395,geodetic_temp_bias,223.0,-2.5029158897185053,6.429290685647844,4.322982701357464,2000-01-01_2020-01-01,True,
RGI60-13.00396,geodetic_temp_bias,83.8,-2.5029158897185053,4.286193790431897,5.502855772477437,2000-01-01_2020-01-01,True,
RGI60-13.00397,geodetic_temp_bias,-100.6,-2.5029158897185053,5.152603313862373,5.0,2000-01-01_2020-01-01,True,
RGI60-13.00398,geodetic_temp_bias,-10.6,-1.9324204839667354,4.286193790431897,17.0,2000-01-01_2020-01-01,True,
RGI60-13.00399,geodetic_temp_bias,96.0,-2.5029158897185053,5.060286128386339,5.0,2000-01-01_2020-01-01,True,
RGI60-13.00400,geodetic_temp_bias,-35.7,-2.5029158897185053,4.286193790431897,6.567215060621799,2000-01-01_2020-01-01,True,
RGI60-13.00401,geodetic_temp_bias,-28.7,-2.5029158897185053,6.0732295619994385,5.0,2000-01-01_2020-01-01,True,
RGI60-13.00402,geodetic_temp_bias,61.6,-2.5029158897185053,5.159195580518834,5.0,2000-01-01_2020-01-01,True,
RGI60-13.00403,geodetic_temp_bias,-101.4,-2.5029158897185053,5.49107822835329,5.0,2000-01-01_2020-01-01,True,
RGI60-13.00404,geodetic_temp_bias,-60.699999999999996,-2.5029158897185053,4.286193790431897,5.099223343765261,2000-01-01_2020-01-01,True,
RGI60-13.00405,geodetic_temp_bias,-18.2,-2.5029158897185053,6.429290685647844,3.8209305119305146,2000-01-01_2020-01-01,True,
RGI60-13.00406,geodetic_temp_bias,-115.2,-2.5029158897185053,4.286193790431897,7.194118104651058,2000-01-01_2020-01-01,True,
RGI60-13.00407,geodetic_temp_bias,10.0,-2.5029158897185053,5.218494729574322,5.0,2000-01-01_2020-01-01,True,
RGI60-13.00408,geodetic_temp_bias,308.09999999999997,-2.5029158897185053,5.9910731664402075,5.0,2000-01-01_2020-01-01,True,
RGI60-13.00409,geodetic_temp_bias,-6.0,-2.5029158897185053,6.429290685647844,4.000846694508651,2000-01-01_2020-01-01,True,
RGI60-13.00410,geodetic_temp_bias,-91.89999999999999,-2.5029158897185053,6.429290685647844,3.3910594090993227,2000-01-01_2020-01-01,True,
RGI60-13.00411,geodetic_temp_bias,-98.9,-2.5029158897185053,6.429290685647844,3.795786665094794,2000-01-01_2020-01-01,True,
RGI60-13.00412,geodetic_temp_bias,-96.8,-2.5029158897185053,4.286193790431897,6.77253214572475,2000-01-01_2020-01-01,True,
RGI60-13.00413,geodetic_temp_bias,-35.4,-2.5029158897185053,4.75672611001381,5.0,2000-01-01_2020-01-01,True,
RGI60-13.00414,geodetic_temp_bias,-209.9,-2.5029158897185053,4.286193790431897,6.814650944832962,2000-01-01_2020-01-01,True,
RGI60-13.00415,geodetic_temp_bias,65.4,-2.5029158897185053,5.67704538094284,5.0,2000-01-01_2020-01-01,True,
RGI60-13.00416,geodetic_temp_bias,-15.8,-2.5029158897185053,6.429290685647844,4.605913621205775,2000-01-01_2020-01-01,True,
RGI60-13.00417,geodetic_temp_bias,22.0,-2.5029158897185053,6.36393538935566,5.0,2000-01-01_2020-01-01,True,
RGI60-13.00418,geodetic_temp_bias,-47.300000000000004,-2.5029158897185053,5.522050727319169,5.0,2000-01-01_2020-01-01,True,
RGI60-13.00419,geodetic_temp_bias,28.299999999999997,-2.5029158897185053,6.103470567260212,5.0,2000-01-01_2020-01-01,True,
RGI60-13.00420,geodetic_temp_bias,15.2,-2.5029158897185053,5.565795206249791,5.0,2000-01-01_2020-01-01,True,
RGI60-13.00421,geodetic_temp_bias,-13.6,-2.5029158897185053,4.905360449279144,5.0,2000-01-01_2020-01-01,True,
RGI60-13.00422,geodetic_temp_bias,-114.9,-2.4553368968585856,4.286193790431897,17.0,2000-01-01_2020-01-01,True,
RGI60-13.00423,geodetic_temp_bias,-70.0,-2.5029158897185053,5.517162093424107,5.0,2000-01-01_2020-01-01,True,
RGI60-13.00424,geodetic_temp_bias,7.1000000000000005,-2.5029158897185053,6.429290685647844,3.7864901566374516,2000-01-01_2020-01-01,True,
RGI60-13.00425,geodetic_temp_bias,-6.7,-2.5029158897185053,6.429290685647844,3.343731332901811,2000-01-01_2020-01-01,True,
RGI60-13.00426,geodetic_temp_bias,-30.700000000000003,-2.5029158897185053,5.396912371658706,5.0,2000-01-01_2020-01-01,True,
RGI60-13.00427,geodetic_temp_bias,158.9,-2.5029158897185053,6.429290685647844,4.017090965785185,2000-01-01_2020-01-01,True,
RGI60-13.00428,geodetic_temp_bias,115.7,-2.9747510696545936,6.515223395354873,5.0,2000-01-01_2020-01-01,True,
RGI60-13.00429,geodetic_temp_bias,14.1,-2.9747510696545936,6.422861807180873,5.0,2000-01-01_2020-01-01,True,
RGI60-13.00430,geodetic_temp_bias,155.20000000000002,-2.9747510696545936,7.315670920881394,4.523446174188313,2000-01-01_2020-01-01,True,
RGI60-13.00431,geodetic_temp_bias,183.0,-2.9747510696545936,4.877113947254263,6.286151786336693,2000-01-01_2020-01-01,True,
RGI60-13.00432,geodetic_temp_bias,27.7,-2.9747510696545936,6.231983614605243,5.0,2000-01-01_2020-01-01,True,
RGI60-13.00433,geodetic_temp_bias,164.1,-2.9747510696545936,4.877113947254263,7.278719759186017,2000-01-01_2020-01-01,True,
RGI60-13.00434,geodetic_temp_bias,60.199999999999996,-2.001869191612048,4.877113947254263,17.0,2000-01-01_2020-01-01,True,
RGI60-13.00435,geodetic_temp_bias,107.0,-2.9747510696545936,4.877113947254263,5.3647689647321615,2000-01-01_2020-01-01,True,
RGI60-13.00436,geodetic_temp_bias,-50.0,-2.9747510696545936,4.877113947254263,6.268625196600793,2000-01-01_2020-01-01,True,
RGI60-13.00437,geodetic_temp_bias,68.1,-2.9747510696545936,5.888491248074035,5.0,2000-01-01_2020-01-01,True,
RGI60-13.00438,geodetic_temp_bias,-5.0,-2.5926381339955573,4.877113947254263,17.0,2000-01-01_2020-01-01,True,
RGI60-13.00439,geodetic_temp_bias,-114.3,-2.9747510696545936,4.877113947254263,6.449895372306783,2000-01-01_2020-01-01,True,
RGI60-13.00440,geodetic_temp_bias,28.299999999999997,-2.9747510696545936,6.38135607804807,5.0,2000-01-01_2020-01-01,True,
RGI60-13.00441,geodetic_temp_bias,-17.2,-2.9747510696545936,4.877113947254263,6.885386836146664,2000-01-01_2020-01-01,True,
RGI60-13.00442,geodetic_temp_bias,92.60000000000001,-2.9747510696545936,4.877113947254263,8.499799820463496,2000-01-01_2020-01-01,True,
RGI60-13.00443,geodetic_temp_bias,96.5,-2.9747510696545936,5.041453388670813,5.0,2000-01-01_2020-01-01,True,
RGI60-13.00444,geodetic_temp_bias,-3.5,-2.9747510696545936,4.877113947254263,6.658409062046415,2000-01-01_2020-01-01,True,
RGI60-13.00445,geodetic_temp_bias,-166.6,-2.67916151582244,4.877113947254263,17.0,2000-01-01_2020-01-01,True,
RGI60-13.00446,geodetic_temp_bias,-28.8,-2.605790298074835,4.877113947254263,17.0,2000-01-01_2020-01-01,True,
RGI60-13.00447,geodetic_temp_bias,-52.0,-2.9747510696545936,4.877113947254263,13.583441678521178,2000-01-01_2020-01-01,True,
RGI60-13.00448,geodetic_temp_bias,42.6,-2.9747510696545936,4.877113947254263,11.400184272703207,2000-01-01_2020-01-01,True,
RGI60-13.00449,geodetic_temp_bias,103.1,-2.9747510696545936,5.950015948077475,5.0,2000-01-01_2020-01-01,True,
RGI60-13.00450,geodetic_temp_bias,131.5,-2.9747510696545936,6.9016136757983055,5.0,2000-01-01_2020-01-01,True,
RGI60-13.00451,geodetic_temp_bias,62.4,-2.790188688598417,4.877113947254263,17.0,2000-01-01_2020-01-01,True,
RGI60-13.00452,geodetic_temp_bias,26.700000000000003,-2.9747510696545936,7.201856310247335,5.0,2000-01-01_2020-01-01,True,
RGI60-13.00453,geodetic_temp_bias,87.5,-2.9747510696545936,5.26717552210412,5.0,2000-01-01_2020-01-01,True,
RGI60-13.00454,geodetic_temp_bias,89.39999999999999,-2.9747510696545936,5.859351648071998,5.0,2000-01-01_2020-01-01,True,
RGI60-13.00455,geodetic_temp_bias,14.5,-2.9747510696545936,4.877113947254263,5.6387729650234135,2000-01-01_2020-01-01,True,
RGI60-13.00456,geodetic_temp_bias,41.5,-2.9747510696545936,5.588720715421579,5.0,2000-01-01_2020-01-01,True,
RGI60-13.00457,geodetic_temp_bias,32.300000000000004,-2.9747510696545936,6.0224821350946325,5.0,2000-01-01_2020-01-01,True,
RGI60-13.00458,geodetic_temp_bias,57.5,-2.9747510696545936,4.877113947254263,8.377709210891107,2000-01-01_2020-01-01,True,
RGI60-13.00459,geodetic_temp_bias,24.0,-2.9747510696545936,4.877113947254263,5.128886652912591,2000-01-01_2020-01-01,True,
RGI60-13.00460,geodetic_temp_bias,34.4,-2.9747510696545936,4.877113947254263,5.561727378811374,2000-01-01_2020-01-01,True,
RGI60-13.00461,geodetic_temp_bias,-49.099999999999994,-2.9747510696545936,4.877113947254263,7.158855081164968,2000-01-01_2020-01-01,True,
RGI60-13.00462,geodetic_temp_bias,80.4,-2.9747510696545936,4.9705898587695145,5.0,2000-01-01_2020-01-01,True,
RGI60-13.00463,geodetic_temp_bias,162.89999999999998,-2.9747510696545936,7.315670920881394,3.46754946508442,2000-01-01_2020-01-01,True,
RGI60-13.00464,geodetic_temp_bias,97.19999999999999,-2.9747510696545936,7.315670920881394,3.89792301135745,2000-01-01_2020-01-01,True,
RGI60-13.00465,geodetic_temp_bias,100.9,-2.9747510696545936,6.947863232215642,5.0,2000-01-01_2020-01-01,True,
RGI60-13.00466,geodetic_temp_bias,244.7,-2.9747510696545936,7.315670920881394,2.061566084436074,2000-01-01_2020-01-01,True,
RGI60-13.00467,geodetic_temp_bias,491.20000000000005,-3.1684630387924186,7.315670920881394,1.5,2000-01-01_2020-01-01,True,
RGI60-13.00468,geodetic_temp_bias,94.5,-2.9747510696545936,6.010806261192463,5.0,2000-01-01_2020-01-01,True,
RGI60-13.00469,geodetic_temp_bias,273.6,-2.9747510696545936,7.315670920881394,2.991021930368322,2000-01-01_2020-01-01,True,
RGI60-13.00470,geodetic_temp_bias,-34.6,-2.5029158897185053,6.429290685647844,3.6631791068430792,2000-01-01_2020-01-01,True,
RGI60-13.00471,geodetic_temp_bias,-36.3,-2.5029158897185053,5.4137783443936645,5.0,2000-01-01_2020-01-01,True,
RGI60-13.00472,geodetic_temp_bias,-132.3,-2.5029158897185053,4.286193790431897,10.095995100606132,2000-01-01_2020-01-01,True,
RGI60-13.00473,geodetic_temp_bias,-39.199999999999996,-2.5029158897185053,4.491188604665909,5.0,2000-01-01_2020-01-01,True,
RGI60-13.00474,geodetic_temp_bias,71.5,-2.5029158897185053,4.286193790431897,5.941478142921488,2000-01-01_2020-01-01,True,
RGI60-13.00475,geodetic_temp_bias,-35.1,-2.5029158897185053,6.429290685647844,4.419859962381662,2000-01-01_2020-01-01,True,
RGI60-13.00476,geodetic_temp_bias,-7.3,-2.5029158897185053,4.286193790431897,10.017940290014458,2000-01-01_2020-01-01,True,
RGI60-13.00477,geodetic_temp_bias,26.0,-2.5029158897185053,4.286193790431897,6.824601287547167,2000-01-01_2020-01-01,True,
RGI60-13.00478,geodetic_temp_bias,57.0,-2.5029158897185053,4.770526722953495,5.0,2000-01-01_2020-01-01,True,
RGI60-13.00479,geodetic_temp_bias,250.6,-2.5029158897185053,6.389516305915291,5.0,2000-01-01_2020-01-01,True,
RGI60-13.00480,geodetic_temp_bias,14.3,-2.5029158897185053,4.697839990266297,5.0,2000-01-01_2020-01-01,True,
RGI60-13.00481,geodetic_temp_bias,-18.700000000000003,-2.5029158897185053,6.429290685647844,3.8118630771599493,2000-01-01_2020-01-01,True,
RGI60-13.00482,geodetic_temp_bias,65.9,-2.5029158897185053,6.429290685647844,3.392471711067976,2000-01-01_2020-01-01,True,
RGI60-13.00483,geodetic_temp_bias,335.6,-2.5029158897185053,6.429290685647844,3.9390388775182936,2000-01-01_2020-01-01,True,
RGI60-13.00484,geodetic_temp_bias,-98.8,-2.5029158897185053,4.861934130286532,5.0,2000-01-01_2020-01-01,True,
RGI60-13.00485,geodetic_temp_bias,94.39999999999999,-2.5029158897185053,6.429290685647844,3.8624562826804043,2000-01-01_2020-01-01,True,
RGI60-13.00486,geodetic_temp_bias,-144.3,-2.5029158897185053,6.33671862460468,5.0,2000-01-01_2020-01-01,True,
RGI60-13.00487,geodetic_temp_bias,-96.8,-2.5029158897185053,6.22125680229584,5.0,2000-01-01_2020-01-01,True,
RGI60-13.00488,geodetic_temp_bias,-57.8,-2.5029158897185053,6.429290685647844,4.24509749435057,2000-01-01_2020-01-01,True,
RGI60-13.00489,geodetic_temp_bias,86.9,-2.5029158897185053,6.429290685647844,3.248090968559945,2000-01-01_2020-01-01,True,
RGI60-13.00490,geodetic_temp_bias,179.5,-2.5029158897185053,6.429290685647844,3.118093442706214,2000-01-01_2020-01-01,True,
RGI60-13.00493,geodetic_temp_bias,34.8,-5.730861295470049,5.844639647447362,5.0,2000-01-01_2020-01-01,True,
RGI60-13.00494,geodetic_temp_bias,-159.6,-5.730861295470049,4.197624834374419,8.184433383698344,2000-01-01_2020-01-01,True,
RGI60-13.00495,geodetic_temp_bias,-70.3,-5.730861295470049,4.197624834374419,6.1527893334768935,2000-01-01_2020-01-01,True,
RGI60-13.00496,geodetic_temp_bias,-3.8,-5.730861295470049,5.265135843124826,5.0,2000-01-01_2020-01-01,True,
RGI60-13.00497,geodetic_temp_bias,192.89999999999998,-5.730861295470049,6.2964372515616285,3.4847464205772933,2000-01-01_2020-01-01,True,
RGI60-13.00498,geodetic_temp_bias,-41.5,-5.730861295470049,4.549199243369337,5.0,2000-01-01_2020-01-01,True,
RGI60-13.00499,geodetic_temp_bias,60.6,-5.730861295470049,6.2964372515616285,3.306026804562599,2000-01-01_2020-01-01,True,
RGI60-13.00502,geodetic_temp_bias,108.2,-5.730861295470049,4.831393724400037,5.0,2000-01-01_2020-01-01,True,
RGI60-13.00503,geodetic_temp_bias,142.9,-5.730861295470049,4.959361887441394,5.0,2000-01-01_2020-01-01,True,
RGI60-13.00521,geodetic_temp_bias,-90.80000000000001,-2.5029158897185053,6.429290685647844,4.360226861168181,2000-01-01_2020-01-01,True,
RGI60-13.00522,geodetic_temp_bias,45.199999999999996,-2.5029158897185053,6.429290685647844,4.482737876315529,2000-01-01_2020-01-01,True,
RGI60-13.00525,geodetic_temp_bias,27.400000000000002,-2.5029158897185053,4.286193790431897,8.244539880291363,2000-01-01_2020-01-01,True,
RGI60-13.00526,geodetic_temp_bias,38.800000000000004,-2.5029158897185053,5.94571049083839,5.0,2000-01-01_2020-01-01,True,
RGI60-13.00527,geodetic_temp_bias,233.0,-2.5029158897185053,5.351171620136332,5.0,2000-01-01_2020-01-01,True,
RGI60-13.00528,geodetic_temp_bias,7.9,-2.5029158897185053,4.286193790431897,5.5298617702855735,2000-01-01_2020-01-01,True,
RGI60-13.00529,geodetic_temp_bias,62.5,-2.5029158897185053,4.286193790431897,5.10608642411265,2000-01-01_2020-01-01,True,
RGI60-13.00530,geodetic_temp_bias,147.0,-2.5029158897185053,6.429290685647844,3.9171547433183984,2000-01-01_2020-01-01,True,
RGI60-13.00531,geodetic_temp_bias,222.70000000000002,-2.5029158897185053,6.429290685647844,2.7232689081868156,2000-01-01_2020-01-01,True,
RGI60-13.00532,geodetic_temp_bias,366.9,-2.5029158897185053,6.429290685647844,2.835021243504846,2000-01-01_2020-01-01,True,
RGI60-13.00533,geodetic_temp_bias,155.20000000000002,-2.5029158897185053,4.972772470547716,5.0,2000-01-01_2020-01-01,True,
RGI60-13.00534,geodetic_temp_bias,150.2,-2.5029158897185053,5.753862355099253,5.0,2000-01-01_2020-01-01,True,
RGI60-13.00535,geodetic_temp_bias,125.6,-2.5029158897185053,5.0130032501904065,5.0,2000-01-01_2020-01-01,True,
RGI60-13.00536,geodetic_temp_bias,-119.8,-2.5029158897185053,4.286193790431897,9.657974860348595,2000-01-01_2020-01-01,True,
RGI60-13.00537,geodetic_temp_bias,61.0,-2.5029158897185053,6.429290685647844,4.949526741891562,2000-01-01_2020-01-01,True,
RGI60-13.00538,geodetic_temp_bias,91.39999999999999,-2.5029158897185053,5.892204578386231,5.0,2000-01-01_2020-01-01,True,
RGI60-13.00539,geodetic_temp_bias,15.100000000000001,-2.5029158897185053,6.429290685647844,3.87027578696705,2000-01-01_2020-01-01,True,
RGI60-13.00540,geodetic_temp_bias,31.0,-2.5029158897185053,6.081318890650714,5.0,2000-01-01_2020-01-01,True,
RGI60-13.00541,geodetic_temp_bias,-116.6,-5.730861295470049,4.223437289175795,5.0,2000-01-01_2020-01-01,True,
RGI60-13.00546,geodetic_temp_bias,-81.3,-5.730861295470049,4.197624834374419,5.111365881415811,2000-01-01_2020-01-01,True,
RGI60-13.00548,geodetic_temp_bias,28.400000000000002,-2.5029158897185053,5.171820273972754,5.0,2000-01-01_2020-01-01,True,
RGI60-13.00549,geodetic_temp_bias,-126.7,-2.5029158897185053,4.286193790431897,5.525046217899559,2000-01-01_2020-01-01,True,
RGI60-13.00551,geodetic_temp_bias,11.9,-2.5029158897185053,6.429290685647844,3.3504914259867125,2000-01-01_2020-01-01,True,
RGI60-13.00552,geodetic_temp_bias,59.1,-2.5029158897185053,4.286193790431897,6.760080723098778,2000-01-01_2020-01-01,True,
RGI60-13.00553,geodetic_temp_bias,-28.7,-2.5029158897185053,4.286193790431897,8.860139541087186,2000-01-01_2020-01-01,True,
RGI60-13.00554,geodetic_temp_bias,-58.5,-2.5029158897185053,6.429290685647844,4.769612583523799,2000-01-01_2020-01-01,True,
RGI60-13.00555,geodetic_temp_bias,33.2,-2.5029158897185053,4.286193790431897,5.928343011531314,2000-01-01_2020-01-01,True,
RGI60-13.00556,geodetic_temp_bias,16.6,-1.9977668517777538,4.286193790431897,17.0,2000-01-01_2020-01-01,True,
RGI60-13.00559,geodetic_temp_bias,-163.70000000000002,-2.0581361261839466,4.286193790431897,17.0,2000-01-01_2020-01-01,True,
RGI60-13.00560,geodetic_temp_bias,121.5,-2.5029158897185053,5.10595316009081,5.0,2000-01-01_2020-01-01,True,
RGI60-13.00561,geodetic_temp_bias,-79.60000000000001,-2.5029158897185053,4.286193790431897,5.226296070642107,2000-01-01_2020-01-01,True,
RGI60-13.00562,geodetic_temp_bias,5.1000000000000005,-2.5029158897185053,5.417332948049521,5.0,2000-01-01_2020-01-01,True,
RGI60-13.00563,geodetic_temp_bias,138.2,-2.5029158897185053,6.429290685647844,4.262468469606392,2000-01-01_2020-01-01,True,
RGI60-13.00564,geodetic_temp_bias,157.1,-2.5029158897185053,6.429290685647844,4.322071787296922,2000-01-01_2020-01-01,True,
RGI60-13.00565,geodetic_temp_bias,107.30000000000001,-2.5029158897185053,6.429290685647844,4.5872111285928785,2000-01-01_2020-01-01,True,
RGI60-13.00566,geodetic_temp_bias,-15.5,-2.5029158897185053,6.429290685647844,4.216700739148136,2000-01-01_2020-01-01,True,
RGI60-13.00567,geodetic_temp_bias,124.7,-2.5029158897185053,6.366692423715371,5.0,2000-01-01_2020-01-01,True,
RGI60-13.00570,geodetic_temp_bias,76.6,-2.5029158897185053,5.51618978516962,5.0,2000-01-01_2020-01-01,True,
RGI60-13.00571,geodetic_temp_bias,136.6,-2.5029158897185053,5.818964427998724,5.0,2000-01-01_2020-01-01,True,
RGI60-13.00572,geodetic_temp_bias,-135.8,-2.5029158897185053,4.929018356390208,5.0,2000-01-01_2020-01-01,True,
RGI60-13.00573,geodetic_temp_bias,-41.0,-2.5029158897185053,5.80668436412971,5.0,2000-01-01_2020-01-01,True,
RGI60-13.00574,geodetic_temp_bias,-67.2,-2.5029158897185053,5.804022385747952,5.0,2000-01-01_2020-01-01,True,
RGI60-13.00575,geodetic_temp_bias,15.2,-2.4770270419858456,4.286193790431897,17.0,2000-01-01_2020-01-01,True,
RGI60-13.00576,geodetic_temp_bias,203.7,-2.5029158897185053,6.13674246233552,5.0,2000-01-01_2020-01-01,True,
RGI60-13.00577,geodetic_temp_bias,84.8,-2.5029158897185053,6.429290685647844,3.7930726901993856,2000-01-01_2020-01-01,True,
RGI60-13.00578,geodetic_temp_bias,194.3,-2.5029158897185053,6.429290685647844,2.537511032401322,2000-01-01_2020-01-01,True,
RGI60-13.00579,geodetic_temp_bias,-105.80000000000001,-2.5029158897185053,5.938977700127485,5.0,2000-01-01_2020-01-01,True,
RGI60-13.00580,geodetic_temp_bias,157.6,-2.5029158897185053,6.429290685647844,2.8909919028916473,2000-01-01_2020-01-01,True,
RGI60-13.00581,geodetic_temp_bias,-41.8,-2.5029158897185053,4.286193790431897,9.130963971124805,2000-01-01_2020-01-01,True,
RGI60-13.00582,geodetic_temp_bias,-27.400000000000002,-2.5029158897185053,4.286193790431897,8.029084220889779,2000-01-01_2020-01-01,True,
RGI60-13.00583,geodetic_temp_bias,-44.6,-2.5029158897185053,4.286193790431897,5.920784243525111,2000-01-01_2020-01-01,True,
RGI60-13.00584,geodetic_temp_bias,-72.7,-2.5029158897185053,4.286193790431897,7.371135125584922,2000-01-01_2020-01-01,True,
RGI60-13.00585,geodetic_temp_bias,4.6,-2.5029158897185053,4.821459936761025,5.0,2000-01-01_2020-01-01,True,
RGI60-13.00586,geodetic_temp_bias,-11.9,-2.5029158897185053,4.286193790431897,5.152874285775751,2000-01-01_2020-01-01,True,
RGI60-13.00587,geodetic_temp_bias,37.3,-2.5029158897185053,4.438251694304417,5.0,2000-01-01_2020-01-01,True,
RGI60-13.00588,geodetic_temp_bias,-67.0,-2.5029158897185053,6.033968522215574,5.0,2000-01-01_2020-01-01,True,
RGI60-13.00589,geodetic_temp_bias,-10.1,-2.5029158897185053,5.976285329677539,5.0,2000-01-01_2020-01-01,True,
RGI60-13.00590,geodetic_temp_bias,92.3,-2.5029158897185053,4.286193790431897,5.097174260070011,2000-01-01_2020-01-01,True,
RGI60-13.00591,geodetic_temp_bias,-7.0,-2.5029158897185053,5.73300403541578,5.0,2000-01-01_2020-01-01,True,
RGI60-13.00592,geodetic_temp_bias,70.4,-2.5029158897185053,4.286193790431897,8.792114432194582,2000-01-01_2020-01-01,True,
RGI60-13.00593,geodetic_temp_bias,-49.099999999999994,-2.5029158897185053,4.286193790431897,5.651861091092672,2000-01-01_2020-01-01,True,
RGI60-13.00594,geodetic_temp_bias,6.8,-2.5029158897185053,4.286193790431897,5.237032770886566,2000-01-01_2020-01-01,True,
RGI60-13.00595,geodetic_temp_bias,-13.700000000000001,-2.4746914529854633,4.286193790431897,17.0,2000-01-01_2020-01-01,True,
RGI60-13.00596,geodetic_temp_bias,69.1,-3.4539759391642355,4.530662530855855,6.129528501361913,2000-01-01_2020-01-01,True,
RGI60-13.00597,geodetic_temp_bias,108.7,-2.5029158897185053,4.286193790431897,7.217956178835749,2000-01-01_2020-01-01,True,
RGI60-13.00598,geodetic_temp_bias,-143.4,-2.5029158897185053,4.286193790431897,6.435276456137082,2000-01-01_2020-01-01,True,
RGI60-13.00602,geodetic_temp_bias,-78.7,-2.5029158897185053,4.286193790431897,10.332952993385732,2000-01-01_2020-01-01,True,
RGI60-13.00603,geodetic_temp_bias,503.90000000000003,-2.682742973479862,6.429290685647844,1.5,2000-01-01_2020-01-01,True,
RGI60-13.00604,geodetic_temp_bias,-65.19999999999999,-3.824809525609513,4.040397917612786,5.484369776080527,2000-01-01_2020-01-01,True,
RGI60-13.00605,geodetic_temp_bias,6.1000000000000005,-3.2375583456907,5.578557387996196,5.0,2000-01-01_2020-01-01,True,
RGI60-13.00606,geodetic_temp_bias,37.199999999999996,-3.824809525609513,4.040397917612786,5.991407785326165,2000-01-01_2020-01-01,True,
RGI60-13.36907,geodetic_temp_bias,39.199999999999996,-3.040392013334833,8.35829993649502,5.0,2000-01-01_2020-01-01,True,
RGI60-13.36908,geodetic_temp_bias,27.400000000000002,-3.040392013334833,6.645312496897134,5.0,2000-01-01_2020-01-01,True,
RGI60-13.36916,geodetic_temp_bias,191.89999999999998,-3.040392013334833,7.348233024914071,5.0,2000-01-01_2020-01-01,True,
RGI60-13.36920,geodetic_temp_bias,-122.39999999999999,-3.040392013334833,5.602208798960823,11.70901427074508,2000-01-01_2020-01-01,True,
RGI60-13.36921,geodetic_temp_bias,-12.5,-3.040392013334833,5.602208798960823,9.912610904647742,2000-01-01_2020-01-01,True,
RGI60-13.37090,geodetic_temp_bias,308.59999999999997,-3.5820329672252003,8.428537247420714,3.659889678070263,2000-01-01_2020-01-01,True,
RGI60-13.37091,geodetic_temp_bias,211.7,-3.1376595338588333,5.619024831613809,17.0,2000-01-01_2020-01-01,True,
RGI60-13.37092,geodetic_temp_bias,325.1,-3.5820329672252003,5.619024831613809,9.737070609960522,2000-01-01_2020-01-01,True,
RGI60-13.37094,geodetic_temp_bias,250.3,-3.5820329672252003,8.249923601319205,5.0,2000-01-01_2020-01-01,True,
RGI60-13.37095,geodetic_temp_bias,122.30000000000001,-3.3106363963801657,5.619024831613809,17.0,2000-01-01_2020-01-01,True,
RGI60-13.37097,geodetic_temp_bias,185.79999999999998,-3.5820329672252003,6.358094779321109,5.0,2000-01-01_2020-01-01,True,
RGI60-13.37099,geodetic_temp_bias,394.3,-3.5820329672252003,8.428537247420714,2.7422077535992195,2000-01-01_2020-01-01,True,
RGI60-13.37101,geodetic_temp_bias,49.8,-3.5820329672252003,5.743759160379438,5.0,2000-01-01_2020-01-01,True,
RGI60-13.37102,geodetic_temp_bias,260.7,-3.5820329672252003,7.411285059151867,5.0,2000-01-01_2020-01-01,True,
RGI60-13.37103,geodetic_temp_bias,128.3,-3.5820329672252003,8.428537247420714,4.672894854660325,2000-01-01_2020-01-01,True,
RGI60-13.37104,geodetic_temp_bias,315.09999999999997,-3.5820329672252003,8.428537247420714,2.626328964920712,2000-01-01_2020-01-01,True,
RGI60-13.37105,geodetic_temp_bias,402.9,-3.5820329672252003,8.428537247420714,3.6640723200287506,2000-01-01_2020-01-01,True,
RGI60-13.37106,geodetic_temp_bias,321.40000000000003,-3.5820329672252003,8.428537247420714,3.7823144208248594,2000-01-01_2020-01-01,True,
RGI60-13.37107,geodetic_temp_bias,158.5,-3.5820329672252003,8.428537247420714,4.062743642992251,2000-01-01_2020-01-01,True,
RGI60-13.37108,geodetic_temp_bias,349.4,-3.606206706078152,8.428537247420714,1.5,2000-01-01_2020-01-01,True,
RGI60-13.37109,geodetic_temp_bias,257.40000000000003,-3.5820329672252003,7.840889842852392,5.0,2000-01-01_2020-01-01,True,
RGI60-13.37110,geodetic_temp_bias,233.4,-3.5820329672252003,8.428537247420714,3.7997072943024888,2000-01-01_2020-01-01,True,
RGI60-13.37184,geodetic_temp_bias,318.7,-3.6633379419555605,8.428537247420714,1.5,2000-01-01_2020-01-01,True,
RGI60-13.37213,geodetic_temp_bias,226.20000000000002,-4.844470816562907,8.40246994887196,1.775769688405235,2000-01-01_2020-01-01,True,
RGI60-13.37222,geodetic_temp_bias,206.3,-4.844470816562907,8.40246994887196,1.912327452725129,2000-01-01_2020-01-01,True,
RGI60-13.37226,geodetic_temp_bias,179.10000000000002,-9.121133576018872,8.40246994887196,1.5,2000-01-01_2020-01-01,True,
RGI60-13.37228,geodetic_temp_bias,194.5,-6.433639456137861,8.40246994887196,1.5,2000-01-01_2020-01-01,True,
RGI60-13.37229,geodetic_temp_bias,219.1,-4.844470816562907,8.40246994887196,1.5485823325678505,2000-01-01_2020-01-01,True,
RGI60-13.37230,geodetic_temp_bias,297.8,-4.844470816562907,8.40246994887196,3.3161109710415797,2000-01-01_2020-01-01,True,
RGI60-13.37235,geodetic_temp_bias,273.7,-4.849722630049255,8.40246994887196,1.5,2000-01-01_2020-01-01,True,
RGI60-13.37237,geodetic_temp_bias,199.8,-4.844470816562907,8.40246994887196,1.958953435076382,2000-01-01_2020-01-01,True,
RGI60-13.37239,geodetic_temp_bias,293.0,-5.224902096521121,8.40246994887196,1.5,2000-01-01_2020-01-01,True,
RGI60-13.37240,geodetic_temp_bias,261.40000000000003,-4.844470816562907,8.40246994887196,1.8779685197578075,2000-01-01_2020-01-01,True,
RGI60-13.37242,geodetic_temp_bias,341.5,-3.5820329672252003,8.428537247420714,2.635467394032763,2000-01-01_2020-01-01,True,
RGI60-13.37244,geodetic_temp_bias,-369.59999999999997,-3.5820329672252003,5.704633468637959,5.0,2000-01-01_2020-01-01,True,
RGI60-13.37245,geodetic_temp_bias,368.8,-3.6521582814245352,8.428537247420714,1.5,2000-01-01_2020-01-01,True,
RGI60-13.37248,geodetic_temp_bias,463.1,-4.92728110522812,8.428537247420714,1.5,2000-01-01_2020-01-01,True,
RGI60-13.37257,geodetic_temp_bias,474.4,-4.951250211269029,8.428537247420714,1.5,2000-01-01_2020-01-01,True,
RGI60-13.37261,geodetic_temp_bias,275.2,-3.5820329672252003,8.428537247420714,2.0616969120789888,2000-01-01_2020-01-01,True,
RGI60-13.37263,geodetic_temp_bias,250.4,-3.847521196524223,8.428537247420714,1.5,2000-01-01_2020-01-01,True,
RGI60-13.37267,geodetic_temp_bias,193.89999999999998,-3.5820329672252003,8.428537247420714,4.809281492420132,2000-01-01_2020-01-01,True,
RGI60-13.37268,geodetic_temp_bias,81.9,-3.5820329672252003,5.619024831613809,5.3397536868444355,2000-01-01_2020-01-01,True,
RGI60-13.37276,geodetic_temp_bias,-64.4,-4.6742311527480425,5.601646632581307,17.0,2000-01-01_2020-01-01,True,
RGI60-13.37282,geodetic_temp_bias,374.09999999999997,-7.2100375024220975,8.40246994887196,1.5,2000-01-01_2020-01-01,True,
RGI60-13.37283,geodetic_temp_bias,352.7,-8.407810944677923,8.40246994887196,1.5,2000-01-01_2020-01-01,True,
RGI60-13.37284,geodetic_temp_bias,250.0,-6.371746580001824,8.40246994887196,1.5,2000-01-01_2020-01-01,True,
RGI60-13.37285,scalar,,,,,,True,
RGI60-13.37287,geodetic_temp_bias,198.7,-5.927630489780648,8.40246994887196,1.5,2000-01-01_2020-01-01,True,
RGI60-13.37288,geodetic_temp_bias,-101.8,-4.844470816562907,8.40246994887196,2.280031921801576,2000-01-01_2020-01-01,True,
RGI60-13.37289,geodetic_temp_bias,232.7,-6.83336419387378,8.40246994887196,1.5,2000-01-01_2020-01-01,True,
RGI60-13.37290,geodetic_temp_bias,144.0,-5.7744026594030675,8.40246994887196,1.5,2000-01-01_2020-01-01,True,
RGI60-13.37291,geodetic_temp_bias,213.5,-5.335360040730528,8.40246994887196,1.5,2000-01-01_2020-01-01,True,
RGI60-13.37292,geodetic_temp_bias,330.90000000000003,-6.8734123357104595,8.40246994887196,1.5,2000-01-01_2020-01-01,True,
RGI60-13.37300,geodetic_temp_bias,312.2,-5.782363179304208,8.40246994887196,1.5,2000-01-01_2020-01-01,True,
RGI60-13.37304,geodetic_temp_bias,294.20000000000005,-4.324305385303503,7.7690478271724075,5.0,2000-01-01_2020-01-01,True,
RGI60-13.37306,geodetic_temp_bias,210.7,-4.324305385303503,8.430553380311403,4.641526515595844,2000-01-01_2020-01-01,True,
RGI60-13.37308,geodetic_temp_bias,426.20000000000005,-4.245205130206698,8.361074248914516,1.5,2000-01-01_2020-01-01,True,
RGI60-13.37310,geodetic_temp_bias,257.29999999999995,-4.324305385303503,8.430553380311403,3.1612638744537556,2000-01-01_2020-01-01,True,
RGI60-13.37313,geodetic_temp_bias,190.20000000000002,-4.324305385303503,8.430553380311403,2.3748131645566923,2000-01-01_2020-01-01,True,
RGI60-13.37316,geodetic_temp_bias,-246.10000000000002,-3.313628564922095,5.750978092372369,5.0,2000-01-01_2020-01-01,True,
RGI60-13.37317,geodetic_temp_bias,171.9,-5.270809672532201,8.361074248914516,1.5,2000-01-01_2020-01-01,True,
RGI60-13.37318,geodetic_temp_bias,-19.099999999999998,-4.324305385303503,8.430553380311403,2.531475326498253,2000-01-01_2020-01-01,True,
RGI60-13.37319,geodetic_temp_bias,27.400000000000002,-4.106976349308009,8.361074248914516,1.5,2000-01-01_2020-01-01,True,
RGI60-13.37320,geodetic_temp_bias,40.099999999999994,-4.3848216314676565,8.361074248914516,1.5,2000-01-01_2020-01-01,True,
RGI60-13.37321,geodetic_temp_bias,-280.3,-3.313628564922095,8.361074248914516,3.1463373151835548,2000-01-01_2020-01-01,True,
RGI60-13.37322,geodetic_temp_bias,-204.65888913841167,-3.313628564922095,8.361074248914516,2.7087046660095515,2000-01-01_2020-01-01,True,
RGI60-13.37323,geodetic_temp_bias,28.0,-4.326643985981322,8.361074248914516,1.5,2000-01-01_2020-01-01,True,
RGI60-13.37324,geodetic_temp_bias,-65.10000000000001,-3.313628564922095,8.361074248914516,1.6461250568906116,2000-01-01_2020-01-01,True,
RGI60-13.37325,geodetic_temp_bias,273.6,-6.154725864930264,8.361074248914516,1.5,2000-01-01_2020-01-01,True,
RGI60-13.37326,geodetic_temp_bias,254.0,-6.546894090999236,8.361074248914516,1.5,2000-01-01_2020-01-01,True,
RGI60-13.37327,geodetic_temp_bias,-21.1,-4.313745455986205,8.361074248914516,1.5,2000-01-01_2020-01-01,True,
RGI60-13.37328,geodetic_temp_bias,266.40000000000003,-6.429071869956086,8.361074248914516,1.5,2000-01-01_2020-01-01,True,
RGI60-13.37329,geodetic_temp_bias,204.2,-6.067241546853572,8.361074248914516,1.5,2000-01-01_2020-01-01,True,
RGI60-13.37330,geodetic_temp_bias,203.2,-5.255639911930481,8.361074248914516,1.5,2000-01-01_2020-01-01,True,
RGI60-13.37332,geodetic_temp_bias,193.8,-4.3959029681618595,8.361074248914516,1.5,2000-01-01_2020-01-01,True,
RGI60-13.37333,scalar,,,,,,True,
RGI60-13.37334,geodetic_temp_bias,-121.6,-3.313628564922095,8.361074248914516,1.8462619589197058,2000-01-01_2020-01-01,True,
RGI60-13.37335,geodetic_temp_bias,240.1,-5.851658951411673,8.361074248914516,1.5,2000-01-01_2020-01-01,True,
RGI60-13.37336,geodetic_temp_bias,234.9,-6.334984598483174,8.361074248914516,1.5,2000-01-01_2020-01-01,True,
RGI60-13.37337,geodetic_temp_bias,247.5,-6.254864315132516,8.361074248914516,1.5,2000-01-01_2020-01-01,True,
RGI60-13.37338,geodetic_temp_bias,235.4,-7.281370884986833,8.40246994887196,1.5,2000-01-01_2020-01-01,True,
RGI60-13.37339,geodetic_temp_bias,375.5,-8.201088400206999,8.40246994887196,1.5,2000-01-01_2020-01-01,True,
RGI60-13.37340,geodetic_temp_bias,53.199999999999996,-5.370947382978956,8.40246994887196,1.5,2000-01-01_2020-01-01,True,
RGI60-13.37341,geodetic_temp_bias,-152.10000000000002,-4.844470816562907,8.40246994887196,1.8003592746721875,2000-01-01_2020-01-01,True,
RGI60-13.37342,geodetic_temp_bias,66.0,-5.4461039905199415,8.40246994887196,1.5,2000-01-01_2020-01-01,True,
RGI60-13.37343,geodetic_temp_bias,166.3,-5.739342960696032,8.40246994887196,1.5,2000-01-01_2020-01-01,True,
RGI60-13.37344,geodetic_temp_bias,282.9,-8.209253189836621,8.40246994887196,1.5,2000-01-01_2020-01-01,True,
RGI60-13.37345,geodetic_temp_bias,276.9,-7.808716229696979,8.40246994887196,1.5,2000-01-01_2020-01-01,True,
RGI60-13.37346,geodetic_temp_bias,241.29999999999998,-6.130248943755524,8.40246994887196,1.5,2000-01-01_2020-01-01,True,
RGI60-13.37347,geodetic_temp_bias,200.3,-6.880341965069546,8.40246994887196,1.5,2000-01-01_2020-01-01,True,
RGI60-13.37348,geodetic_temp_bias,220.0,-4.844470816562907,5.601646632581307,5.5121004099595625,2000-01-01_2020-01-01,True,
RGI60-13.37352,geodetic_temp_bias,414.4,-7.763729181407228,8.40246994887196,1.5,2000-01-01_2020-01-01,True,
RGI60-13.37356,geodetic_temp_bias,244.7,-4.844470816562907,8.40246994887196,1.7462050298077831,2000-01-01_2020-01-01,True,
RGI60-13.37363,geodetic_temp_bias,176.3,-1.2101532943806428,5.620368920207603,17.0,2000-01-01_2020-01-01,True,
RGI60-13.37364,geodetic_temp_bias,44.3,-4.324305385303503,5.620368920207603,9.605874201910542,2000-01-01_2020-01-01,True,
RGI60-13.37365,geodetic_temp_bias,26.0,-4.324305385303503,8.430553380311403,2.860105533038727,2000-01-01_2020-01-01,True,
RGI60-13.37366,geodetic_temp_bias,-75.80000000000001,-4.324305385303503,8.430553380311403,1.7671587618913052,2000-01-01_2020-01-01,True,
RGI60-13.37367,geodetic_temp_bias,-108.0,-4.324305385303503,8.430553380311403,1.9290773678446902,2000-01-01_2020-01-01,True,
RGI60-13.37368,geodetic_temp_bias,39.800000000000004,-4.324305385303503,8.430553380311403,2.5858185219985823,2000-01-01_2020-01-01,True,
RGI60-13.37369,geodetic_temp_bias,224.5,-4.324305385303503,5.620685037941643,5.0,2000-01-01_2020-01-01,True,
RGI60-13.37370,geodetic_temp_bias,126.8,-4.324305385303503,7.57745916693272,5.0,2000-01-01_2020-01-01,True,
RGI60-13.37371,geodetic_temp_bias,97.5,-3.729959120804414,5.620368920207603,17.0,2000-01-01_2020-01-01,True,
RGI60-13.37372,geodetic_temp_bias,173.0,-4.324305385303503,7.309788255374093,5.0,2000-01-01_2020-01-01,True,
RGI60-13.37373,geodetic_temp_bias,296.3,-4.636838141319764,8.430553380311403,1.5,2000-01-01_2020-01-01,True,
RGI60-13.37374,geodetic_temp_bias,142.7,-4.324305385303503,5.8921553719571245,5.0,2000-01-01_2020-01-01,True,
RGI60-13.37375,geodetic_temp_bias,223.0,-4.324305385303503,8.430553380311403,3.9413669711182338,2000-01-01_2020-01-01,True,
RGI60-13.37376,geodetic_temp_bias,197.1,-4.324305385303503,8.430553380311403,4.31756614678131,2000-01-01_2020-01-01,True,
RGI60-13.37377,geodetic_temp_bias,244.7,-4.324305385303503,8.430553380311403,2.7182393385641492,2000-01-01_2020-01-01,True,
RGI60-13.37378,geodetic_temp_bias,329.1,-4.40558631681174,8.430553380311403,1.5,2000-01-01_2020-01-01,True,
RGI60-13.37379,geodetic_temp_bias,-41.4,-4.324305385303503,8.430553380311403,3.785410117725088,2000-01-01_2020-01-01,True,
RGI60-13.37380,geodetic_temp_bias,-406.6,-4.324305385303503,6.689399805393849,5.0,2000-01-01_2020-01-01,True,
RGI60-13.37381,geodetic_temp_bias,211.7,-4.324305385303503,8.430553380311403,2.9027058520480704,2000-01-01_2020-01-01,True,
RGI60-13.37385,geodetic_temp_bias,230.2,-4.324305385303503,8.430553380311403,2.0647505973698594,2000-01-01_2020-01-01,True,
RGI60-13.37387,geodetic_temp_bias,195.39999999999998,-4.324305385303503,8.430553380311403,2.9297343752145877,2000-01-01_2020-01-01,True,
RGI60-13.37398,geodetic_temp_bias,-1.1,-3.361182211022713,5.528567775238313,17.0,2000-01-01_2020-01-01,True,
RGI60-13.37399,geodetic_temp_bias,-204.65888913841167,-4.324305385303503,5.620368920207603,8.421480437896466,2000-01-01_2020-01-01,True,
RGI60-13.37400,geodetic_temp_bias,-175.9,-4.324305385303503,5.620368920207603,6.039407784906171,2000-01-01_2020-01-01,True,
RGI60-13.37401,geodetic_temp_bias,-32.300000000000004,-4.324305385303503,5.782496303800503,5.0,2000-01-01_2020-01-01,True,
RGI60-13.37402,geodetic_temp_bias,265.90000000000003,-4.324305385303503,8.430553380311403,1.878249897462201,2000-01-01_2020-01-01,True,
RGI60-13.37403,geodetic_temp_bias,-99.1,-4.324305385303503,8.430553380311403,3.671133903050164,2000-01-01_2020-01-01,True,
RGI60-13.37404,geodetic_temp_bias,159.89999999999998,-4.324305385303503,7.60477038594834,5.0,2000-01-01_2020-01-01,True,
RGI60-13.37405,geodetic_temp_bias,105.89999999999999,-4.324305385303503,5.620368920207603,8.71961097760773,2000-01-01_2020-01-01,True,
RGI60-13.37406,geodetic_temp_bias,39.9,-4.324305385303503,6.337817549926894,5.0,2000-01-01_2020-01-01,True,
RGI60-13.37407,geodetic_temp_bias,297.20000000000005,-4.324305385303503,8.430553380311403,2.0742061511359555,2000-01-01_2020-01-01,True,
RGI60-13.37408,geodetic_temp_bias,4.5,-4.393090575111902,8.430553380311403,1.5,2000-01-01_2020-01-01,True,
RGI60-13.37409,geodetic_temp_bias,-171.0,-4.324305385303503,8.430553380311403,3.025470869699099,2000-01-01_2020-01-01,True,
RGI60-13.37410,geodetic_temp_bias,-34.7,-4.324305385303503,8.430553380311403,3.2471673253744977,2000-01-01_2020-01-01,True,
RGI60-13.37411,geodetic_temp_bias,270.3,-4.324305385303503,8.430553380311403,1.564515773205138,2000-01-01_2020-01-01,True,
RGI60-13.37412,geodetic_temp_bias,-67.5,-4.324305385303503,8.430553380311403,2.648708776951642,2000-01-01_2020-01-01,True,
RGI60-13.37413,geodetic_temp_bias,107.0,-4.324305385303503,8.430553380311403,3.1149233923609607,2000-01-01_2020-01-01,True,
RGI60-13.37414,geodetic_temp_bias,264.90000000000003,-4.324305385303503,8.430553380311403,2.060249555171245,2000-01-01_2020-01-01,True,
RGI60-13.37415,geodetic_temp_bias,161.39999999999998,-4.324305385303503,7.761969684668328,5.0,2000-01-01_2020-01-01,True,
RGI60-13.37416,geodetic_temp_bias,74.7,-4.324305385303503,8.430553380311403,2.7367214495859393,2000-01-01_2020-01-01,True,
RGI60-13.37417,geodetic_temp_bias,-182.4,-4.324305385303503,8.430553380311403,4.094167227252357,2000-01-01_2020-01-01,True,
RGI60-13.37418,geodetic_temp_bias,152.2,-4.324305385303503,8.430553380311403,3.2846909969123246,2000-01-01_2020-01-01,True,
RGI60-13.37419,geodetic_temp_bias,230.3,-4.324305385303503,8.430553380311403,4.680153498640502,2000-01-01_2020-01-01,True,
RGI60-13.37420,geodetic_temp_bias,193.6,-4.324305385303503,5.620368920207603,6.3730701665662535,2000-01-01_2020-01-01,True,
RGI60-13.37421,geodetic_temp_bias,178.2,-4.247704886572314,5.620368920207603,17.0,2000-01-01_2020-01-01,True,
RGI60-13.37422,geodetic_temp_bias,356.5,-4.324305385303503,8.430553380311403,2.458172418934952,2000-01-01_2020-01-01,True,
RGI60-13.37423,geodetic_temp_bias,226.20000000000002,-4.324305385303503,8.430553380311403,2.6504141975336046,2000-01-01_2020-01-01,True,
RGI60-13.37424,geodetic_temp_bias,261.90000000000003,-4.324305385303503,5.620368920207603,10.987992084832293,2000-01-01_2020-01-01,True,
RGI60-13.37425,geodetic_temp_bias,245.7,-4.324305385303503,5.620368920207603,16.539539220649658,2000-01-01_2020-01-01,True,
RGI60-13.37426,geodetic_temp_bias,210.9,-4.324305385303503,5.620368920207603,14.329850775471566,2000-01-01_2020-01-01,True,
RGI60-13.37427,geodetic_temp_bias,242.0,-3.269024769760416,5.620368920207603,17.0,2000-01-01_2020-01-01,True,
RGI60-13.37428,geodetic_temp_bias,-7.5,-1.3087640145673118,5.620368920207603,17.0,2000-01-01_2020-01-01,True,
RGI60-13.37429,geodetic_temp_bias,-46.800000000000004,-1.3982409706720649,5.620368920207603,17.0,2000-01-01_2020-01-01,True,
RGI60-13.37430,geodetic_temp_bias,167.9,-0.9883500694773723,5.620368920207603,17.0,2000-01-01_2020-01-01,True,
RGI60-13.37431,geodetic_temp_bias,44.1,-1.8473114548520424,5.620368920207603,17.0,2000-01-01_2020-01-01,True,
RGI60-13.37432,geodetic_temp_bias,279.4,-2.0008265617652388,5.620368920207603,17.0,2000-01-01_2020-01-01,True,
RGI60-13.37433,geodetic_temp_bias,9.700000000000001,-2.5843763809030946,5.620368920207603,17.0,2000-01-01_2020-01-01,True,
RGI60-13.37434,geodetic_temp_bias,227.8,-1.98721860886383,5.620368920207603,17.0,2000-01-01_2020-01-01,True,
RGI60-13.37435,geodetic_temp_bias,-143.3,-4.324305385303503,5.620368920207603,8.332684659423919,2000-01-01_2020-01-01,True,
RGI60-13.37436,geodetic_temp_bias,96.4,-4.1352109561729655,5.620368920207603,17.0,2000-01-01_2020-01-01,True,
RGI60-13.37437,geodetic_temp_bias,71.1,-3.7641150379922523,5.620368920207603,17.0,2000-01-01_2020-01-01,True,
RGI60-13.37438,geodetic_temp_bias,170.8,-1.9440726825468178,5.620368920207603,17.0,2000-01-01_2020-01-01,True,
RGI60-13.37439,geodetic_temp_bias,22.5,-2.807438623725664,5.620368920207603,17.0,2000-01-01_2020-01-01,True,
RGI60-13.37440,geodetic_temp_bias,-47.0,-1.4458605740756765,5.620368920207603,17.0,2000-01-01_2020-01-01,True,
RGI60-13.37441,geodetic_temp_bias,216.4,-2.4222013677912377,5.620368920207603,17.0,2000-01-01_2020-01-01,True,
RGI60-13.37442,geodetic_temp_bias,22.0,-1.7610324398240764,5.620368920207603,17.0,2000-01-01_2020-01-01,True,
RGI60-13.37443,geodetic_temp_bias,176.3,-2.4819183904910687,5.620368920207603,17.0,2000-01-01_2020-01-01,True,
RGI60-13.37444,geodetic_temp_bias,23.2,-2.334249433884004,5.620368920207603,17.0,2000-01-01_2020-01-01,True,
RGI60-13.37445,geodetic_temp_bias,83.3,-2.4950054136569677,5.620368920207603,17.0,2000-01-01_2020-01-01,True,
RGI60-13.37446,geodetic_temp_bias,94.89999999999999,-2.4044514043270437,5.620368920207603,17.0,2000-01-01_2020-01-01,True,
RGI60-13.37447,geodetic_temp_bias,145.0,-2.6340030135605614,5.620368920207603,17.0,2000-01-01_2020-01-01,True,
RGI60-13.37448,geodetic_temp_bias,-20.299999999999997,-2.9861753499015653,5.620368920207603,17.0,2000-01-01_2020-01-01,True,
RGI60-13.37449,geodetic_temp_bias,-83.8,-2.8524981224793318,5.620368920207603,17.0,2000-01-01_2020-01-01,True,
RGI60-13.37450,geodetic_temp_bias,-37.5,-0.6863742763183133,5.620368920207603,17.0,2000-01-01_2020-01-01,True,
RGI60-13.37451,geodetic_temp_bias,-188.5,-0.9735658933985811,5.620368920207603,17.0,2000-01-01_2020-01-01,True,
RGI60-13.37452,geodetic_temp_bias,214.0,-4.088015963114414,5.620368920207603,17.0,2000-01-01_2020-01-01,True,
RGI60-13.37453,geodetic_temp_bias,-45.3,-0.8813764567195739,5.620368920207603,17.0,2000-01-01_2020-01-01,True,
RGI60-13.37454,geodetic_temp_bias,-177.9,-1.264711878946021,5.620368920207603,17.0,2000-01-01_2020-01-01,True,
RGI60-13.37455,geodetic_temp_bias,15.2,0.06114670647425574,5.620368920207603,17.0,2000-01-01_2020-01-01,True,
RGI60-13.37456,geodetic_temp_bias,-26.599999999999998,-2.204066228712925,5.620368920207603,17.0,2000-01-01_2020-01-01,True,
RGI60-13.37457,geodetic_temp_bias,136.9,-3.200125979089637,5.620368920207603,17.0,2000-01-01_2020-01-01,True,
RGI60-13.37458,geodetic_temp_bias,156.9,-1.844213454072395,5.620368920207603,17.0,2000-01-01_2020-01-01,True,
RGI60-13.37459,geodetic_temp_bias,297.0,-3.2524232992131417,5.620368920207603,17.0,2000-01-01_2020-01-01,True,
RGI60-13.37460,geodetic_temp_bias,256.6,-3.313628564922095,8.361074248914516,4.075155275943596,2000-01-01_2020-01-01,True,
RGI60-13.37461,geodetic_temp_bias,151.9,-3.313628564922095,8.361074248914516,1.5157453971669486,2000-01-01_2020-01-01,True,
RGI60-13.37462,geodetic_temp_bias,-77.7,-3.313628564922095,8.361074248914516,4.338881858534979,2000-01-01_2020-01-01,True,
RGI60-13.37463,geodetic_temp_bias,-35.5,-3.313628564922095,6.204213747738452,5.0,2000-01-01_2020-01-01,True,
RGI60-13.37464,geodetic_temp_bias,181.7,-3.755617568824299,8.361074248914516,1.5,2000-01-01_2020-01-01,True,
RGI60-13.37465,geodetic_temp_bias,-140.4,-3.313628564922095,8.361074248914516,3.0072174484206458,2000-01-01_2020-01-01,True,
RGI60-13.37466,geodetic_temp_bias,-160.6,-3.313628564922095,8.361074248914516,2.5121696458370106,2000-01-01_2020-01-01,True,
RGI60-13.37467,geodetic_temp_bias,-147.9,-3.313628564922095,8.361074248914516,2.569685664890831,2000-01-01_2020-01-01,True,
RGI60-13.37468,geodetic_temp_bias,63.4,-3.313628564922095,8.361074248914516,1.5391608825501306,2000-01-01_2020-01-01,True,
RGI60-13.37469,geodetic_temp_bias,303.59999999999997,-5.35919387108307,8.40246994887196,1.5,2000-01-01_2020-01-01,True,
RGI60-13.37470,geodetic_temp_bias,113.8,-4.844470816562907,5.601646632581307,15.874473840152504,2000-01-01_2020-01-01,True,
RGI60-13.37471,geodetic_temp_bias,98.6,-4.211444364817298,5.601646632581307,17.0,2000-01-01_2020-01-01,True,
RGI60-13.37472,geodetic_temp_bias,367.3,-4.844470816562907,6.506458396639179,5.0,2000-01-01_2020-01-01,True,
RGI60-13.37473,scalar,,,,,,True,
RGI60-13.37474,geodetic_temp_bias,334.0,-4.844470816562907,8.40246994887196,2.176969415364099,2000-01-01_2020-01-01,True,
RGI60-13.37475,geodetic_temp_bias,362.9,-3.5820329672252003,8.428537247420714,2.276555186274022,2000-01-01_2020-01-01,True,
RGI60-13.37476,geodetic_temp_bias,199.4,-3.5820329672252003,7.825638730394664,5.0,2000-01-01_2020-01-01,True,
RGI60-13.37477,geodetic_temp_bias,214.7,-3.5820329672252003,5.619024831613809,10.30451952696487,2000-01-01_2020-01-01,True,
RGI60-13.37478,geodetic_temp_bias,165.9,-3.5820329672252003,8.240914697372613,5.0,2000-01-01_2020-01-01,True,
RGI60-13.37479,geodetic_temp_bias,297.0,-3.4213482660944714,5.619024831613809,17.0,2000-01-01_2020-01-01,True,
RGI60-13.37480,geodetic_temp_bias,239.0,-3.5820329672252003,8.033865081907393,5.0,2000-01-01_2020-01-01,True,
RGI60-13.37481,geodetic_temp_bias,125.3,-3.5820329672252003,7.107391283053582,5.0,2000-01-01_2020-01-01,True,
RGI60-13.37482,geodetic_temp_bias,-130.39999999999998,-2.7676846436775886,5.619024831613809,17.0,2000-01-01_2020-01-01,True,
RGI60-13.37483,geodetic_temp_bias,71.0,-3.5820329672252003,6.223550825191407,5.0,2000-01-01_2020-01-01,True,
RGI60-13.37484,geodetic_temp_bias,158.29999999999998,-3.5820329672252003,6.140771951322726,5.0,2000-01-01_2020-01-01,True,
RGI60-13.37485,geodetic_temp_bias,-99.8,-3.5820329672252003,5.619024831613809,7.7914820927655315,2000-01-01_2020-01-01,True,
RGI60-13.37486,geodetic_temp_bias,-38.1,-3.5820329672252003,5.619024831613809,5.824420740847899,2000-01-01_2020-01-01,True,
RGI60-13.37487,geodetic_temp_bias,33.300000000000004,-3.5820329672252003,5.619024831613809,5.789731985980847,2000-01-01_2020-01-01,True,
RGI60-13.37488,geodetic_temp_bias,28.9,-3.5820329672252003,8.428537247420714,4.58428207655055,2000-01-01_2020-01-01,True,
RGI60-13.37489,geodetic_temp_bias,315.8,-3.5820329672252003,8.428537247420714,1.8232421509640782,2000-01-01_2020-01-01,True,
RGI60-13.37490,geodetic_temp_bias,-6.8999999999999995,-3.5820329672252003,5.619024831613809,5.840728884125977,2000-01-01_2020-01-01,True,
RGI60-13.37491,geodetic_temp_bias,188.70000000000002,-3.5820329672252003,6.003290418716228,5.0,2000-01-01_2020-01-01,True,
RGI60-13.37492,geodetic_temp_bias,261.79999999999995,-3.5820329672252003,8.088632134412075,5.0,2000-01-01_2020-01-01,True,
RGI60-13.37493,geodetic_temp_bias,141.3,-3.163938903489327,5.619024831613809,17.0,2000-01-01_2020-01-01,True,
RGI60-13.37494,geodetic_temp_bias,166.0,-3.5820329672252003,5.619024831613809,12.273018089245223,2000-01-01_2020-01-01,True,
RGI60-13.37495,geodetic_temp_bias,300.09999999999997,-3.000281250649476,5.619024831613809,17.0,2000-01-01_2020-01-01,True,
RGI60-13.37496,geodetic_temp_bias,222.0,-3.5820329672252003,8.401577239321291,5.0,2000-01-01_2020-01-01,True,
RGI60-13.37497,geodetic_temp_bias,275.1,-2.9079311513372286,5.619024831613809,17.0,2000-01-01_2020-01-01,True,
RGI60-13.37498,geodetic_temp_bias,205.8,-3.5820329672252003,7.968455126474712,5.0,2000-01-01_2020-01-01,True,
RGI60-13.37499,geodetic_temp_bias,194.39999999999998,-3.5820329672252003,7.647380875741396,5.0,2000-01-01_2020-01-01,True,
RGI60-13.37500,geodetic_temp_bias,167.7,-3.5820329672252003,8.050471658833612,5.0,2000-01-01_2020-01-01,True,
RGI60-13.37501,geodetic_temp_bias,131.20000000000002,-3.5820329672252003,5.63424174591942,5.0,2000-01-01_2020-01-01,True,
RGI60-13.37502,geodetic_temp_bias,190.4,-3.5820329672252003,5.923910791682264,5.0,2000-01-01_2020-01-01,True,
RGI60-13.37503,geodetic_temp_bias,17.1,-3.5820329672252003,5.619024831613809,8.471555148831246,2000-01-01_2020-01-01,True,
RGI60-13.37504,geodetic_temp_bias,-24.299999999999997,-3.5820329672252003,5.619024831613809,9.864326283694226,2000-01-01_2020-01-01,True,
RGI60-13.37505,geodetic_temp_bias,333.3,-3.5820329672252003,5.932925668040523,5.0,2000-01-01_2020-01-01,True,
RGI60-13.37506,geodetic_temp_bias,145.8,-3.07086601171679,5.619024831613809,17.0,2000-01-01_2020-01-01,True,
RGI60-13.37507,geodetic_temp_bias,158.20000000000002,-3.5820329672252003,5.619024831613809,5.464549169642661,2000-01-01_2020-01-01,True,
RGI60-13.37508,geodetic_temp_bias,163.1,-3.5820329672252003,5.619024831613809,6.2966263871121315,2000-01-01_2020-01-01,True,
RGI60-13.37509,geodetic_temp_bias,74.30000000000001,-4.844470816562907,8.40246994887196,2.5277506837565644,2000-01-01_2020-01-01,True,
RGI60-13.37510,geodetic_temp_bias,395.1,-3.5820329672252003,8.428537247420714,1.5161986153511595,2000-01-01_2020-01-01,True,
RGI60-13.37511,geodetic_temp_bias,333.9,-3.5820329672252003,8.293947275644928,5.0,2000-01-01_2020-01-01,True,
RGI60-13.37512,geodetic_temp_bias,221.89999999999998,-3.5820329672252003,8.428537247420714,3.0189683454497924,2000-01-01_2020-01-01,True,
RGI60-13.37513,scalar,,,,,,True,
RGI60-13.37514,geodetic_temp_bias,130.89999999999998,-3.5820329672252003,5.619024831613809,8.155110338113918,2000-01-01_2020-01-01,True,
RGI60-13.37515,geodetic_temp_bias,351.7,-3.6820681547104344,8.428537247420714,1.5,2000-01-01_2020-01-01,True,
RGI60-13.37516,geodetic_temp_bias,242.29999999999998,-3.5820329672252003,6.514225402263609,5.0,2000-01-01_2020-01-01,True,
RGI60-13.37517,geodetic_temp_bias,128.39999999999998,-3.5820329672252003,5.619024831613809,11.674702979012295,2000-01-01_2020-01-01,True,
RGI60-13.37518,geodetic_temp_bias,136.7,-3.5820329672252003,8.428537247420714,3.711058444064131,2000-01-01_2020-01-01,True,
RGI60-13.37519,geodetic_temp_bias,221.1,-3.5820329672252003,6.440917243759258,5.0,2000-01-01_2020-01-01,True,
RGI60-13.37520,scalar,,,,,,True,
RGI60-13.37521,geodetic_temp_bias,292.7,-3.465795249679353,5.619024831613809,17.0,2000-01-01_2020-01-01,True,
RGI60-13.37522,geodetic_temp_bias,337.4,-3.5820329672252003,8.428537247420714,3.634584846523686,2000-01-01_2020-01-01,True,
RGI60-13.37523,geodetic_temp_bias,10.8,-3.848605162610069,6.32461535852077,5.0,2000-01-01_2020-01-01,True,
RGI60-13.37524,geodetic_temp_bias,154.20000000000002,-3.5820329672252003,5.619024831613809,15.364566101050386,2000-01-01_2020-01-01,True,
RGI60-13.37525,geodetic_temp_bias,391.0,-4.177577400933411,8.428537247420714,1.5,2000-01-01_2020-01-01,True,
RGI60-13.37526,geodetic_temp_bias,181.4,-3.5820329672252003,5.619024831613809,5.945820262427422,2000-01-01_2020-01-01,True,
RGI60-13.37527,geodetic_temp_bias,148.10000000000002,-3.5820329672252003,5.619024831613809,6.728360512819307,2000-01-01_2020-01-01,True,
RGI60-13.37528,geodetic_temp_bias,114.5,-3.5820329672252003,8.428537247420714,4.4867840361540114,2000-01-01_2020-01-01,True,
RGI60-13.37529,geodetic_temp_bias,100.9,-3.451148423493207,5.619024831613809,17.0,2000-01-01_2020-01-01,True,
RGI60-13.37530,geodetic_temp_bias,37.400000000000006,-3.3374688806033603,5.619024831613809,17.0,2000-01-01_2020-01-01,True,
RGI60-13.37531,geodetic_temp_bias,300.59999999999997,-3.5820329672252003,8.428537247420714,1.6332897944670717,2000-01-01_2020-01-01,True,
RGI60-13.37532,geodetic_temp_bias,233.2,-3.5820329672252003,6.210483526745847,5.0,2000-01-01_2020-01-01,True,
RGI60-13.37533,geodetic_temp_bias,258.2,-3.5820329672252003,5.619024831613809,5.963816836276755,2000-01-01_2020-01-01,True,
RGI60-13.37534,geodetic_temp_bias,251.3,-3.5820329672252003,5.619024831613809,8.07828532884627,2000-01-01_2020-01-01,True,
RGI60-13.37535,geodetic_temp_bias,169.4,-2.555019928189287,5.619024831613809,17.0,2000-01-01_2020-01-01,True,
RGI60-13.37536,geodetic_temp_bias,-187.6,-3.848605162610069,5.58435538914506,6.572073868201248,2000-01-01_2020-01-01,True,
RGI60-13.37537,geodetic_temp_bias,181.60000000000002,-3.5820329672252003,5.619024831613809,9.305399742535103,2000-01-01_2020-01-01,True,
RGI60-13.37538,geodetic_temp_bias,223.8,-3.3800188675393033,5.619024831613809,17.0,2000-01-01_2020-01-01,True,
RGI60-13.37539,geodetic_temp_bias,291.6,-3.485585077855508,5.619024831613809,17.0,2000-01-01_2020-01-01,True,
RGI60-13.37540,geodetic_temp_bias,-97.3,-3.848605162610069,5.58435538914506,9.902491641240637,2000-01-01_2020-01-01,True,
RGI60-13.37541,geodetic_temp_bias,298.59999999999997,-3.3909422723773335,5.619024831613809,17.0,2000-01-01_2020-01-01,True,
RGI60-13.37542,geodetic_temp_bias,342.8,-3.5820329672252003,5.893891107672432,5.0,2000-01-01_2020-01-01,True,
RGI60-13.37543,geodetic_temp_bias,79.69999999999999,-3.848605162610069,8.376533083717588,4.3526717939741175,2000-01-01_2020-01-01,True,
RGI60-13.37544,geodetic_temp_bias,174.1,-3.5820329672252003,7.838653913349695,5.0,2000-01-01_2020-01-01,True,
RGI60-13.37545,geodetic_temp_bias,255.7,-3.5820329672252003,5.619024831613809,9.331952345097918,2000-01-01_2020-01-01,True,
RGI60-13.37546,geodetic_temp_bias,175.1,-3.848605162610069,8.376533083717588,4.26675048271175,2000-01-01_2020-01-01,True,
RGI60-13.37547,geodetic_temp_bias,245.10000000000002,-2.9481478563960035,5.619024831613809,17.0,2000-01-01_2020-01-01,True,
RGI60-13.37548,geodetic_temp_bias,302.5,-3.47282140668373,5.619024831613809,17.0,2000-01-01_2020-01-01,True,
RGI60-13.37549,geodetic_temp_bias,290.3,-3.5820329672252003,8.428537247420714,4.544997732737298,2000-01-01_2020-01-01,True,
RGI60-13.37550,geodetic_temp_bias,193.89999999999998,-3.848605162610069,8.376533083717588,4.998506025171558,2000-01-01_2020-01-01,True,
RGI60-13.37551,geodetic_temp_bias,295.09999999999997,-3.5820329672252003,5.787647336142744,5.0,2000-01-01_2020-01-01,True,
RGI60-13.37552,geodetic_temp_bias,184.2,-3.848605162610069,8.376533083717588,4.075167741602117,2000-01-01_2020-01-01,True,
RGI60-13.37553,geodetic_temp_bias,337.6,-3.5820329672252003,8.3922182817418,5.0,2000-01-01_2020-01-01,True,
RGI60-13.37554,geodetic_temp_bias,409.8,-3.5820329672252003,7.327315667646099,5.0,2000-01-01_2020-01-01,True,
RGI60-13.37555,geodetic_temp_bias,-408.0,-3.848605162610069,5.58435538914506,5.582153156109692,2000-01-01_2020-01-01,True,
RGI60-13.37556,geodetic_temp_bias,331.3,-3.5820329672252003,8.357403533644101,5.0,2000-01-01_2020-01-01,True,
RGI60-13.37557,geodetic_temp_bias,238.8,-3.5820329672252003,6.918883308862792,5.0,2000-01-01_2020-01-01,True,
RGI60-13.37558,geodetic_temp_bias,435.59999999999997,-3.848605162610069,8.376533083717588,1.7711342165942718,2000-01-01_2020-01-01,True,
RGI60-13.37559,geodetic_temp_bias,289.9,-3.5026421152809704,5.619024831613809,17.0,2000-01-01_2020-01-01,True,
RGI60-13.37560,geodetic_temp_bias,111.19999999999999,-3.5820329672252003,5.619024831613809,10.635412750192291,2000-01-01_2020-01-01,True,
RGI60-13.37561,geodetic_temp_bias,321.29999999999995,-3.5820329672252003,5.619024831613809,11.784812741087716,2000-01-01_2020-01-01,True,
RGI60-13.37562,geodetic_temp_bias,243.7,-3.848605162610069,8.376533083717588,4.007015005624637,2000-01-01_2020-01-01,True,
RGI60-13.37563,geodetic_temp_bias,335.3,-3.848605162610069,8.16351124375671,5.0,2000-01-01_2020-01-01,True,
RGI60-13.37564,geodetic_temp_bias,212.10000000000002,-3.848605162610069,8.376533083717588,4.918083599225511,2000-01-01_2020-01-01,True,
RGI60-13.37565,geodetic_temp_bias,281.9,-3.848605162610069,8.376533083717588,1.797677865273159,2000-01-01_2020-01-01,True,
RGI60-13.37566,geodetic_temp_bias,-132.70000000000002,-3.848605162610069,5.58435538914506,6.320576786628391,2000-01-01_2020-01-01,True,
RGI60-13.37567,geodetic_temp_bias,193.0,-3.1610752406670195,5.619024831613809,17.0,2000-01-01_2020-01-01,True,
RGI60-13.37568,geodetic_temp_bias,61.3,-3.561133488275863,5.619024831613809,17.0,2000-01-01_2020-01-01,True,
RGI60-13.37569,geodetic_temp_bias,224.1,-3.5820329672252003,8.343941143742658,5.0,2000-01-01_2020-01-01,True,
RGI60-13.37570,geodetic_temp_bias,217.0,-3.2551599987745803,5.619024831613809,17.0,2000-01-01_2020-01-01,True,
RGI60-13.37571,geodetic_temp_bias,244.9,-3.5820329672252003,5.619024831613809,5.197857944277018,2000-01-01_2020-01-01,True,
RGI60-13.37572,geodetic_temp_bias,338.9,-3.5820329672252003,8.428537247420714,2.6261683963209066,2000-01-01_2020-01-01,True,
RGI60-13.37573,geodetic_temp_bias,55.5,-3.848605162610069,8.376533083717588,2.026178534490991,2000-01-01_2020-01-01,True,
RGI60-13.37574,geodetic_temp_bias,-292.7,-3.848605162610069,5.58435538914506,7.396666808349544,2000-01-01_2020-01-01,True,
RGI60-13.37575,geodetic_temp_bias,-15.7,-3.848605162610069,8.376533083717588,2.862358640544832,2000-01-01_2020-01-01,True,
RGI60-13.37576,geodetic_temp_bias,361.9,-3.5820329672252003,6.994933932488179,5.0,2000-01-01_2020-01-01,True,
RGI60-13.37577,geodetic_temp_bias,207.9,-3.848605162610069,8.376533083717588,1.6247481593439503,2000-01-01_2020-01-01,True,
RGI60-13.37578,geodetic_temp_bias,-34.2,-3.848605162610069,5.58435538914506,9.520198270529113,2000-01-01_2020-01-01,True,
RGI60-13.37579,geodetic_temp_bias,-193.1,-3.848605162610069,5.58435538914506,8.056562708278102,2000-01-01_2020-01-01,True,
RGI60-13.37580,geodetic_temp_bias,27.0,-3.848605162610069,8.376533083717588,3.74157172728193,2000-01-01_2020-01-01,True,
RGI60-13.37581,geodetic_temp_bias,115.8,-3.848605162610069,8.376533083717588,3.288994343458795,2000-01-01_2020-01-01,True,
RGI60-13.37582,geodetic_temp_bias,-59.8,-3.848605162610069,6.726739970102274,5.0,2000-01-01_2020-01-01,True,
RGI60-13.37583,geodetic_temp_bias,-84.6,-3.848605162610069,8.376533083717588,3.873775177171817,2000-01-01_2020-01-01,True,
RGI60-13.37584,geodetic_temp_bias,-114.4,-3.848605162610069,7.746422699413157,5.0,2000-01-01_2020-01-01,True,
RGI60-13.37585,geodetic_temp_bias,10.1,-3.848605162610069,8.376533083717588,4.409907959368862,2000-01-01_2020-01-01,True,
RGI60-13.37586,geodetic_temp_bias,231.3,-3.848605162610069,7.224619437345796,5.0,2000-01-01_2020-01-01,True,
RGI60-13.37587,geodetic_temp_bias,270.7,-3.5820329672252003,5.619024831613809,6.833398953684744,2000-01-01_2020-01-01,True,
RGI60-13.37588,geodetic_temp_bias,140.1,-3.848605162610069,5.58435538914506,9.277239236554209,2000-01-01_2020-01-01,True,
RGI60-13.37589,geodetic_temp_bias,198.4,-3.848605162610069,7.002395370559293,5.0,2000-01-01_2020-01-01,True,
RGI60-13.37590,geodetic_temp_bias,193.8,-3.848605162610069,6.7834641833121445,5.0,2000-01-01_2020-01-01,True,
RGI60-13.37591,geodetic_temp_bias,-307.09999999999997,-3.848605162610069,5.58435538914506,6.99634236715877,2000-01-01_2020-01-01,True,
RGI60-13.37592,geodetic_temp_bias,43.9,-3.848605162610069,5.58435538914506,11.082383317613703,2000-01-01_2020-01-01,True,
RGI60-13.37593,geodetic_temp_bias,120.5,-3.848605162610069,8.376533083717588,4.37343441550429,2000-01-01_2020-01-01,True,
RGI60-13.37594,geodetic_temp_bias,110.9,-3.848605162610069,8.376533083717588,2.489635923165178,2000-01-01_2020-01-01,True,
RGI60-13.37595,geodetic_temp_bias,76.8,-3.848605162610069,8.376533083717588,4.447512773044208,2000-01-01_2020-01-01,True,
RGI60-13.37596,geodetic_temp_bias,-78.10000000000001,-3.848605162610069,5.58435538914506,6.414440611431119,2000-01-01_2020-01-01,True,
RGI60-13.37597,geodetic_temp_bias,62.300000000000004,-3.848605162610069,8.376533083717588,4.1835120653485856,2000-01-01_2020-01-01,True,
RGI60-13.37598,geodetic_temp_bias,28.5,-3.848605162610069,8.376533083717588,4.541097589548929,2000-01-01_2020-01-01,True,
RGI60-13.37599,geodetic_temp_bias,109.3,-3.848605162610069,8.376533083717588,4.065301592176408,2000-01-01_2020-01-01,True,
RGI60-13.37600,geodetic_temp_bias,-192.39999999999998,-3.848605162610069,8.274178213655716,5.0,2000-01-01_2020-01-01,True,
RGI60-13.37601,geodetic_temp_bias,174.2,-3.848605162610069,8.376533083717588,1.580295286236305,2000-01-01_2020-01-01,True,
RGI60-13.37602,geodetic_temp_bias,21.2,-3.848605162610069,8.376533083717588,2.4264356415526027,2000-01-01_2020-01-01,True,
RGI60-13.37603,geodetic_temp_bias,-237.3,-3.848605162610069,8.180819907270163,5.0,2000-01-01_2020-01-01,True,
RGI60-13.37604,geodetic_temp_bias,104.4,-3.040392013334833,7.312361998418554,5.0,2000-01-01_2020-01-01,True,
RGI60-13.37605,geodetic_temp_bias,286.3,-2.066689682670407,5.6220304940209616,5.125507521019406,2000-01-01_2020-01-01,True,
RGI60-13.37606,geodetic_temp_bias,-77.10000000000001,-3.040392013334833,5.602208798960823,8.067499364536342,2000-01-01_2020-01-01,True,
RGI60-13.37607,geodetic_temp_bias,6.8999999999999995,-2.503412715702443,5.602208798960823,17.0,2000-01-01_2020-01-01,True,
RGI60-13.37608,geodetic_temp_bias,139.7,-2.62686140277934,5.602208798960823,17.0,2000-01-01_2020-01-01,True,
RGI60-13.37609,geodetic_temp_bias,274.7,-1.4404669986191796,5.602208798960823,17.0,2000-01-01_2020-01-01,True,
RGI60-13.37610,geodetic_temp_bias,64.4,-3.040392013334833,5.602208798960823,5.967800096660477,2000-01-01_2020-01-01,True,
RGI60-13.37611,geodetic_temp_bias,131.5,-2.066689682670407,5.6220304940209616,5.580730167626358,2000-01-01_2020-01-01,True,
RGI60-13.37612,geodetic_temp_bias,36.7,-3.040392013334833,5.602208798960823,10.28823813743876,2000-01-01_2020-01-01,True,
RGI60-13.37613,geodetic_temp_bias,-35.3,-0.957989374929958,5.6220304940209616,17.0,2000-01-01_2020-01-01,True,
RGI60-13.37614,geodetic_temp_bias,256.2,-2.066689682670407,6.17718764219898,5.0,2000-01-01_2020-01-01,True,
RGI60-13.37615,geodetic_temp_bias,163.20000000000002,-2.731063636203741,5.602208798960823,17.0,2000-01-01_2020-01-01,True,
RGI60-13.37616,geodetic_temp_bias,171.4,-1.0833802879916186,5.6220304940209616,17.0,2000-01-01_2020-01-01,True,
RGI60-13.37617,geodetic_temp_bias,38.5,-3.040392013334833,5.602208798960823,10.779350010695763,2000-01-01_2020-01-01,True,
RGI60-13.37618,geodetic_temp_bias,178.60000000000002,-2.066689682670407,5.6220304940209616,5.848347115275742,2000-01-01_2020-01-01,True,
RGI60-13.37619,geodetic_temp_bias,124.7,-3.040392013334833,5.602208798960823,10.800299160807711,2000-01-01_2020-01-01,True,
RGI60-13.37620,geodetic_temp_bias,184.5,-2.066689682670407,5.6220304940209616,6.592304289399854,2000-01-01_2020-01-01,True,
RGI60-13.37621,geodetic_temp_bias,189.0,-2.066689682670407,5.6220304940209616,11.239453514792203,2000-01-01_2020-01-01,True,
RGI60-13.37626,geodetic_temp_bias,79.3,-3.040392013334833,5.602208798960823,5.5059413452840476,2000-01-01_2020-01-01,True,
RGI60-13.37633,geodetic_temp_bias,0.4,-4.844470816562907,5.601646632581307,10.849921657720733,2000-01-01_2020-01-01,True,
RGI60-13.37634,geodetic_temp_bias,97.60000000000001,-4.844470816562907,5.601646632581307,6.461747435784935,2000-01-01_2020-01-01,True,
RGI60-13.37635,geodetic_temp_bias,-46.4,-4.844470816562907,5.601646632581307,10.87473977760726,2000-01-01_2020-01-01,True,
RGI60-13.37636,geodetic_temp_bias,13.2,-4.844470816562907,5.601646632581307,5.076188011858527,2000-01-01_2020-01-01,True,
RGI60-13.37637,geodetic_temp_bias,58.0,-4.844470816562907,5.601646632581307,9.346232676042044,2000-01-01_2020-01-01,True,
RGI60-13.37638,geodetic_temp_bias,279.1,-4.844470816562907,8.389798712336962,5.0,2000-01-01_2020-01-01,True,
RGI60-13.37639,geodetic_temp_bias,-75.30000000000001,-4.780660063278595,6.976709649268398,5.0,2000-01-01_2020-01-01,True,
RGI60-13.37640,geodetic_temp_bias,-70.7,-4.535349453329516,5.601646632581307,17.0,2000-01-01_2020-01-01,True,
RGI60-13.37641,geodetic_temp_bias,116.8,-4.844470816562907,5.601646632581307,5.0670299541659265,2000-01-01_2020-01-01,True,
RGI60-13.37642,geodetic_temp_bias,27.099999999999998,-3.85579915994338,5.601646632581307,17.0,2000-01-01_2020-01-01,True,
RGI60-13.37643,geodetic_temp_bias,30.599999999999998,-4.198193421492684,5.601646632581307,17.0,2000-01-01_2020-01-01,True,
RGI60-13.37644,geodetic_temp_bias,34.4,-4.533207083538556,5.601646632581307,17.0,2000-01-01_2020-01-01,True,
RGI60-13.37645,geodetic_temp_bias,49.2,-3.8993271518445902,5.601646632581307,17.0,2000-01-01_2020-01-01,True,
RGI60-13.37646,geodetic_temp_bias,3.8,-4.844470816562907,5.601646632581307,7.534819618606024,2000-01-01_2020-01-01,True,
RGI60-13.37647,geodetic_temp_bias,-108.7,-4.780660063278595,8.269453644259906,5.0,2000-01-01_2020-01-01,True,
RGI60-13.37648,geodetic_temp_bias,8.8,-4.844470816562907,5.601646632581307,8.680536667372905,2000-01-01_2020-01-01,True,
RGI60-13.37649,geodetic_temp_bias,-233.2,-4.844470816562907,5.601646632581307,15.58264985971513,2000-01-01_2020-01-01,True,
RGI60-13.37650,geodetic_temp_bias,59.9,-4.779215056317454,5.601646632581307,17.0,2000-01-01_2020-01-01,True,
RGI60-13.37651,geodetic_temp_bias,51.3,-4.640532344955848,5.562870610660167,17.0,2000-01-01_2020-01-01,True,
RGI60-13.37652,geodetic_temp_bias,203.9,-4.222181324110034,5.601646632581307,17.0,2000-01-01_2020-01-01,True,
RGI60-13.37653,geodetic_temp_bias,-47.4,-2.087966550184908,5.601646632581307,17.0,2000-01-01_2020-01-01,True,
RGI60-13.37654,geodetic_temp_bias,29.5,-4.844470816562907,5.601646632581307,5.29744558308478,2000-01-01_2020-01-01,True,
RGI60-13.37655,geodetic_temp_bias,128.5,-4.844470816562907,5.601646632581307,7.855524628832526,2000-01-01_2020-01-01,True,
RGI60-13.37656,geodetic_temp_bias,-75.5,-4.844470816562907,5.601646632581307,9.558239195705614,2000-01-01_2020-01-01,True,
RGI60-13.37657,geodetic_temp_bias,-219.6,-3.1904765635305554,5.601646632581307,17.0,2000-01-01_2020-01-01,True,
RGI60-13.37658,geodetic_temp_bias,-20.5,-4.404066126669,5.601646632581307,17.0,2000-01-01_2020-01-01,True,
RGI60-13.37659,geodetic_temp_bias,35.5,-4.844470816562907,7.0648776352789575,5.0,2000-01-01_2020-01-01,True,
RGI60-13.37660,geodetic_temp_bias,318.7,-4.848172681494754,8.40246994887196,1.5,2000-01-01_2020-01-01,True,
RGI60-13.37661,geodetic_temp_bias,-55.9,-4.844470816562907,7.526476494025227,5.0,2000-01-01_2020-01-01,True,
RGI60-13.37662,geodetic_temp_bias,-90.5,-4.844470816562907,5.657067184681566,5.0,2000-01-01_2020-01-01,True,
RGI60-13.37663,geodetic_temp_bias,19.900000000000002,-4.37598222482534,5.601646632581307,17.0,2000-01-01_2020-01-01,True,
RGI60-13.37664,geodetic_temp_bias,-31.2,-4.844470816562907,5.601646632581307,9.25174653229529,2000-01-01_2020-01-01,True,
RGI60-13.37665,geodetic_temp_bias,-35.9,-4.844470816562907,5.601646632581307,15.326081211800195,2000-01-01_2020-01-01,True,
RGI60-13.37666,geodetic_temp_bias,-35.2,-4.844470816562907,5.726032468379047,5.0,2000-01-01_2020-01-01,True,
RGI60-13.37667,geodetic_temp_bias,207.2,-4.844470816562907,6.876724758293833,5.0,2000-01-01_2020-01-01,True,
RGI60-13.37668,geodetic_temp_bias,25.7,-4.844470816562907,5.601646632581307,9.330568256756496,2000-01-01_2020-01-01,True,
RGI60-13.37669,geodetic_temp_bias,5.4,-4.844470816562907,5.601646632581307,6.740527950701501,2000-01-01_2020-01-01,True,
RGI60-13.37670,geodetic_temp_bias,63.2,-4.780660063278595,8.34430591599025,4.459157040746821,2000-01-01_2020-01-01,True,
RGI60-13.37671,geodetic_temp_bias,-109.60000000000001,-4.844470816562907,5.601646632581307,6.089236635531438,2000-01-01_2020-01-01,True,
RGI60-13.37672,geodetic_temp_bias,9.5,-4.780660063278595,5.562870610660167,7.924337689368288,2000-01-01_2020-01-01,True,
RGI60-13.37673,geodetic_temp_bias,-65.60000000000001,-4.780660063278595,8.34430591599025,4.570679721762712,2000-01-01_2020-01-01,True,
RGI60-13.37674,geodetic_temp_bias,-36.0,-4.844470816562907,5.601646632581307,6.832574296469541,2000-01-01_2020-01-01,True,
RGI60-13.37675,geodetic_temp_bias,15.5,-4.780660063278595,8.34430591599025,4.391202990418602,2000-01-01_2020-01-01,True,
RGI60-13.37676,geodetic_temp_bias,47.9,-4.780660063278595,7.252540273886579,5.0,2000-01-01_2020-01-01,True,
RGI60-13.37677,geodetic_temp_bias,96.19999999999999,-4.780660063278595,6.637079141831023,5.0,2000-01-01_2020-01-01,True,
RGI60-13.37678,geodetic_temp_bias,239.2,-4.780660063278595,8.34430591599025,4.106035771981263,2000-01-01_2020-01-01,True,
RGI60-13.37679,geodetic_temp_bias,22.3,-4.844470816562907,5.601646632581307,8.682088052298628,2000-01-01_2020-01-01,True,
RGI60-13.37680,geodetic_temp_bias,-203.1,-4.780660063278595,5.562870610660167,7.282867649813196,2000-01-01_2020-01-01,True,
RGI60-13.37681,geodetic_temp_bias,159.89999999999998,-3.6182309278783795,5.601646632581307,17.0,2000-01-01_2020-01-01,True,
RGI60-13.37682,geodetic_temp_bias,-18.599999999999998,-4.780660063278595,8.34430591599025,4.863804144126076,2000-01-01_2020-01-01,True,
RGI60-13.37683,geodetic_temp_bias,212.9,-4.844470816562907,5.601646632581307,10.590455604493624,2000-01-01_2020-01-01,True,
RGI60-13.37684,geodetic_temp_bias,63.6,-4.81377862694082,5.601646632581307,17.0,2000-01-01_2020-01-01,True,
RGI60-13.37685,geodetic_temp_bias,128.70000000000002,-4.844470816562907,6.1727956637775225,5.0,2000-01-01_2020-01-01,True,
RGI60-13.37686,geodetic_temp_bias,49.4,-4.780660063278595,8.34430591599025,2.7022344921827246,2000-01-01_2020-01-01,True,
RGI60-13.37687,geodetic_temp_bias,-63.8,-4.844470816562907,5.601646632581307,5.6625666015602265,2000-01-01_2020-01-01,True,
RGI60-13.37688,geodetic_temp_bias,-142.7,-4.780660063278595,8.34430591599025,4.034251503479398,2000-01-01_2020-01-01,True,
RGI60-13.37689,geodetic_temp_bias,37.199999999999996,-4.844470816562907,5.601646632581307,16.9586247244877,2000-01-01_2020-01-01,True,
RGI60-13.37690,geodetic_temp_bias,-41.4,-4.780660063278595,8.34430591599025,2.9697931229702803,2000-01-01_2020-01-01,True,
RGI60-13.37691,geodetic_temp_bias,-23.5,-4.228466575846455,5.601646632581307,17.0,2000-01-01_2020-01-01,True,
RGI60-13.37692,geodetic_temp_bias,-97.8,-4.780660063278595,8.34430591599025,4.988148598397352,2000-01-01_2020-01-01,True,
RGI60-13.37693,geodetic_temp_bias,-299.4,-4.780660063278595,6.388371456402384,5.0,2000-01-01_2020-01-01,True,
RGI60-13.37694,geodetic_temp_bias,99.4,-4.844470816562907,5.601646632581307,14.01951934560822,2000-01-01_2020-01-01,True,
RGI60-13.37695,geodetic_temp_bias,145.8,-4.844470816562907,5.601646632581307,13.449473981562335,2000-01-01_2020-01-01,True,
RGI60-13.37696,geodetic_temp_bias,-301.0,-4.00413631553097,5.601646632581307,17.0,2000-01-01_2020-01-01,True,
RGI60-13.37697,geodetic_temp_bias,66.0,-4.780660063278595,8.34430591599025,3.3311425894107067,2000-01-01_2020-01-01,True,
RGI60-13.37698,geodetic_temp_bias,165.8,-4.844470816562907,5.601646632581307,11.539744579314947,2000-01-01_2020-01-01,True,
RGI60-13.37699,geodetic_temp_bias,-264.40000000000003,-4.780660063278595,5.562870610660167,8.49274207689127,2000-01-01_2020-01-01,True,
RGI60-13.37700,geodetic_temp_bias,32.2,-4.844470816562907,5.601646632581307,7.964249893956834,2000-01-01_2020-01-01,True,
RGI60-13.37701,geodetic_temp_bias,28.9,-2.784503224088777,5.601646632581307,17.0,2000-01-01_2020-01-01,True,
RGI60-13.37702,geodetic_temp_bias,-38.3,-3.5281858404360498,5.601646632581307,17.0,2000-01-01_2020-01-01,True,
RGI60-13.37703,geodetic_temp_bias,145.8,-4.394244784421704,5.601646632581307,17.0,2000-01-01_2020-01-01,True,
RGI60-13.37704,geodetic_temp_bias,16.400000000000002,-4.780660063278595,5.562870610660167,10.726986334324028,2000-01-01_2020-01-01,True,
RGI60-13.37705,geodetic_temp_bias,180.2,-4.844470816562907,5.601646632581307,7.432649284658087,2000-01-01_2020-01-01,True,
RGI60-13.37706,geodetic_temp_bias,61.3,-4.844470816562907,5.601646632581307,16.636946415511048,2000-01-01_2020-01-01,True,
RGI60-13.37707,geodetic_temp_bias,-144.9,-4.844470816562907,5.601646632581307,7.111267081667288,2000-01-01_2020-01-01,True,
RGI60-13.37708,geodetic_temp_bias,92.60000000000001,-4.844470816562907,5.601646632581307,9.208482737252712,2000-01-01_2020-01-01,True,
RGI60-13.37709,geodetic_temp_bias,141.0,-4.844470816562907,5.601646632581307,11.53365187981813,2000-01-01_2020-01-01,True,
RGI60-13.37710,geodetic_temp_bias,117.5,-4.844470816562907,8.40246994887196,4.512454842342285,2000-01-01_2020-01-01,True,
RGI60-13.37711,geodetic_temp_bias,314.90000000000003,-4.844470816562907,5.814965419140161,5.0,2000-01-01_2020-01-01,True,
RGI60-13.37712,geodetic_temp_bias,148.60000000000002,-4.844470816562907,5.601646632581307,11.636955233224306,2000-01-01_2020-01-01,True,
RGI60-13.37713,geodetic_temp_bias,151.79999999999998,-4.844470816562907,5.601646632581307,7.722716770568276,2000-01-01_2020-01-01,True,
RGI60-13.37714,geodetic_temp_bias,-66.10000000000001,-4.12979258913317,5.601646632581307,17.0,2000-01-01_2020-01-01,True,
RGI60-13.37715,geodetic_temp_bias,167.3,-4.844470816562907,8.40246994887196,4.214163718887853,2000-01-01_2020-01-01,True,
RGI60-13.37716,geodetic_temp_bias,188.6,-2.6775080867499,5.601646632581307,17.0,2000-01-01_2020-01-01,True,
RGI60-13.37717,geodetic_temp_bias,105.0,-4.844470816562907,5.601646632581307,16.234242142631768,2000-01-01_2020-01-01,True,
RGI60-13.37718,geodetic_temp_bias,43.2,-4.844470816562907,5.601646632581307,5.9473368105018265,2000-01-01_2020-01-01,True,
RGI60-13.37719,geodetic_temp_bias,85.0,-4.844470816562907,5.601646632581307,6.4710883988767485,2000-01-01_2020-01-01,True,
RGI60-13.37720,geodetic_temp_bias,54.9,-3.9340837662004584,5.601646632581307,17.0,2000-01-01_2020-01-01,True,
RGI60-13.37721,geodetic_temp_bias,87.7,-4.844470816562907,5.601646632581307,9.702192744549254,2000-01-01_2020-01-01,True,
RGI60-13.37722,geodetic_temp_bias,-9.799999999999999,-4.844470816562907,5.601646632581307,5.75887728797423,2000-01-01_2020-01-01,True,
RGI60-13.37723,geodetic_temp_bias,198.5,-4.844470816562907,5.601646632581307,5.009342485575413,2000-01-01_2020-01-01,True,
RGI60-13.37724,geodetic_temp_bias,26.4,-4.844470816562907,8.40246994887196,4.632140819123482,2000-01-01_2020-01-01,True,
RGI60-13.37725,geodetic_temp_bias,-146.1,-3.163819322055231,5.601646632581307,17.0,2000-01-01_2020-01-01,True,
RGI60-13.37726,geodetic_temp_bias,-35.6,-4.844470816562907,5.601646632581307,8.068858977806357,2000-01-01_2020-01-01,True,
RGI60-13.37727,geodetic_temp_bias,69.2,-4.780660063278595,7.641569697902842,5.0,2000-01-01_2020-01-01,True,
RGI60-13.37728,geodetic_temp_bias,148.4,-4.112432619914829,5.562870610660167,17.0,2000-01-01_2020-01-01,True,
RGI60-13.37729,geodetic_temp_bias,87.8,-4.844470816562907,5.601646632581307,7.085795121536197,2000-01-01_2020-01-01,True,
RGI60-13.37730,geodetic_temp_bias,62.7,-4.844470816562907,5.601646632581307,11.69922681027699,2000-01-01_2020-01-01,True,
RGI60-13.37731,geodetic_temp_bias,-46.6,-2.317526405686879,5.601646632581307,17.0,2000-01-01_2020-01-01,True,
RGI60-13.37732,geodetic_temp_bias,142.7,-4.844470816562907,7.651501162043406,5.0,2000-01-01_2020-01-01,True,
RGI60-13.37733,geodetic_temp_bias,16.8,-4.844470816562907,5.94963316500827,5.0,2000-01-01_2020-01-01,True,
RGI60-13.37734,geodetic_temp_bias,-95.9,-4.844470816562907,5.601646632581307,5.16065576130474,2000-01-01_2020-01-01,True,
RGI60-13.37735,geodetic_temp_bias,-114.6,-4.844470816562907,5.601646632581307,5.483636543270103,2000-01-01_2020-01-01,True,
RGI60-13.37736,geodetic_temp_bias,145.2,-4.844470816562907,5.601646632581307,8.459482175558353,2000-01-01_2020-01-01,True,
RGI60-13.37737,geodetic_temp_bias,-372.5,-3.579313889811393,5.562870610660167,17.0,2000-01-01_2020-01-01,True,
RGI60-13.37738,geodetic_temp_bias,33.0,-4.844470816562907,8.40246994887196,3.9037948991207414,2000-01-01_2020-01-01,True,
RGI60-13.37739,geodetic_temp_bias,235.9,-4.844470816562907,8.40246994887196,2.646001475626985,2000-01-01_2020-01-01,True,
RGI60-13.37740,geodetic_temp_bias,96.3,-4.844470816562907,8.40246994887196,2.7116431480883456,2000-01-01_2020-01-01,True,
RGI60-13.37741,geodetic_temp_bias,467.0,-4.780660063278595,7.566736330596595,5.0,2000-01-01_2020-01-01,True,
RGI60-13.37742,geodetic_temp_bias,-4.6,-4.780660063278595,5.562870610660167,7.46894657413011,2000-01-01_2020-01-01,True,
RGI60-13.37743,geodetic_temp_bias,201.3,-4.844470816562907,8.40246994887196,2.5378849660557625,2000-01-01_2020-01-01,True,
RGI60-13.37744,geodetic_temp_bias,-109.2,-4.747077504192461,5.562870610660167,17.0,2000-01-01_2020-01-01,True,
RGI60-13.37745,geodetic_temp_bias,94.8,-4.844470816562907,8.40246994887196,3.742384408095542,2000-01-01_2020-01-01,True,
RGI60-13.37746,geodetic_temp_bias,232.6,-4.844470816562907,8.40246994887196,4.383819277940161,2000-01-01_2020-01-01,True,
RGI60-13.37747,geodetic_temp_bias,195.6,-4.844470816562907,5.601646632581307,6.291845732320508,2000-01-01_2020-01-01,True,
RGI60-13.37748,geodetic_temp_bias,68.9,-4.780660063278595,6.738537274975627,5.0,2000-01-01_2020-01-01,True,
RGI60-13.37749,geodetic_temp_bias,-92.2,-4.780660063278595,5.562870610660167,5.641189937819203,2000-01-01_2020-01-01,True,
RGI60-13.37750,geodetic_temp_bias,59.5,-4.780660063278595,6.069938403204908,5.0,2000-01-01_2020-01-01,True,
RGI60-13.37751,geodetic_temp_bias,151.29999999999998,-4.844470816562907,5.601646632581307,8.36346858425292,2000-01-01_2020-01-01,True,
RGI60-13.37752,geodetic_temp_bias,-57.6,-4.364033634759685,5.601646632581307,17.0,2000-01-01_2020-01-01,True,
RGI60-13.37753,geodetic_temp_bias,-132.89999999999998,-4.780660063278595,5.562870610660167,5.554514089965596,2000-01-01_2020-01-01,True,
RGI60-13.37754,geodetic_temp_bias,278.1,-4.844470816562907,7.129424884709965,5.0,2000-01-01_2020-01-01,True,
RGI60-13.37755,geodetic_temp_bias,399.1,-4.977731645280715,8.40246994887196,1.5,2000-01-01_2020-01-01,True,
RGI60-13.37756,geodetic_temp_bias,-36.4,-4.271386272506211,5.562870610660167,17.0,2000-01-01_2020-01-01,True,
RGI60-13.37757,geodetic_temp_bias,277.7,-4.844470816562907,8.40246994887196,2.0637752858164657,2000-01-01_2020-01-01,True,
RGI60-13.37758,geodetic_temp_bias,393.6,-5.184098145314042,8.40246994887196,1.5,2000-01-01_2020-01-01,True,
RGI60-13.37759,geodetic_temp_bias,-279.1,-4.126638409855686,5.562870610660167,17.0,2000-01-01_2020-01-01,True,
RGI60-13.37760,geodetic_temp_bias,287.6,-4.981018583091049,8.40246994887196,1.5,2000-01-01_2020-01-01,True,
RGI60-13.37761,geodetic_temp_bias,-88.0,-3.715909152133794,5.562870610660167,17.0,2000-01-01_2020-01-01,True,
RGI60-13.37762,geodetic_temp_bias,237.0,-4.844470816562907,8.40246994887196,1.7896204040405994,2000-01-01_2020-01-01,True,
RGI60-13.37763,geodetic_temp_bias,31.099999999999998,-4.780660063278595,8.34430591599025,3.8054987518750876,2000-01-01_2020-01-01,True,
RGI60-13.37764,geodetic_temp_bias,-250.1,-2.9786214290424042,5.58435538914506,17.0,2000-01-01_2020-01-01,True,
RGI60-13.37765,geodetic_temp_bias,357.3,-3.5820329672252003,6.828794054920234,5.0,2000-01-01_2020-01-01,True,
RGI60-13.37766,geodetic_temp_bias,-243.2,-3.57460626392376,5.58435538914506,17.0,2000-01-01_2020-01-01,True,
RGI60-13.37767,geodetic_temp_bias,441.8,-5.142988702211406,8.376533083717588,1.5,2000-01-01_2020-01-01,True,
RGI60-13.37768,geodetic_temp_bias,338.3,-3.5820329672252003,6.7514994376286435,5.0,2000-01-01_2020-01-01,True,
RGI60-13.37769,geodetic_temp_bias,11.9,-2.1060420379364913,5.619024831613809,17.0,2000-01-01_2020-01-01,True,
RGI60-13.37770,geodetic_temp_bias,81.3,-3.848605162610069,7.3607063749940975,5.0,2000-01-01_2020-01-01,True,
RGI60-13.37771,geodetic_temp_bias,-239.2,-3.2954355934026833,5.58435538914506,17.0,2000-01-01_2020-01-01,True,
RGI60-13.37772,geodetic_temp_bias,-232.2,-3.848605162610069,5.58435538914506,12.735731883262115,2000-01-01_2020-01-01,True,
RGI60-13.37773,geodetic_temp_bias,-223.20000000000002,-3.710856141501312,5.58435538914506,17.0,2000-01-01_2020-01-01,True,
RGI60-13.37774,geodetic_temp_bias,293.2,-3.074579286091758,5.619024831613809,17.0,2000-01-01_2020-01-01,True,
RGI60-13.37775,geodetic_temp_bias,140.0,-3.5820329672252003,5.619024831613809,10.394699848235781,2000-01-01_2020-01-01,True,
RGI60-13.37776,geodetic_temp_bias,119.7,-3.5820329672252003,5.619024831613809,14.653458015951855,2000-01-01_2020-01-01,True,
RGI60-13.37777,geodetic_temp_bias,136.5,-1.617646097929964,5.619024831613809,17.0,2000-01-01_2020-01-01,True,
RGI60-13.37778,geodetic_temp_bias,224.70000000000002,-3.4448077821913716,5.619024831613809,17.0,2000-01-01_2020-01-01,True,
RGI60-13.37779,geodetic_temp_bias,183.5,-3.5820329672252003,5.619024831613809,8.10289148020495,2000-01-01_2020-01-01,True,
RGI60-13.37780,geodetic_temp_bias,28.8,-3.5820329672252003,5.619024831613809,11.232905288950672,2000-01-01_2020-01-01,True,
RGI60-13.37781,geodetic_temp_bias,140.2,-1.2451453536666275,5.619024831613809,17.0,2000-01-01_2020-01-01,True,
RGI60-13.37782,geodetic_temp_bias,259.2,-3.5820329672252003,5.619024831613809,7.49789826986686,2000-01-01_2020-01-01,True,
RGI60-13.37783,geodetic_temp_bias,5.5,-1.4689509349093754,5.619024831613809,17.0,2000-01-01_2020-01-01,True,
RGI60-13.37784,geodetic_temp_bias,203.9,-3.313628564922095,8.361074248914516,3.4969922759645504,2000-01-01_2020-01-01,True,
RGI60-13.37785,geodetic_temp_bias,-30.900000000000002,-3.313628564922095,8.361074248914516,4.231666874266727,2000-01-01_2020-01-01,True,
RGI60-13.37786,geodetic_temp_bias,109.2,-3.313628564922095,6.940611785282428,5.0,2000-01-01_2020-01-01,True,
RGI60-13.37787,geodetic_temp_bias,28.299999999999997,-3.313628564922095,5.574049499276345,6.637083905588458,2000-01-01_2020-01-01,True,
RGI60-13.37788,geodetic_temp_bias,-166.4,-2.6251007066415473,5.574049499276345,17.0,2000-01-01_2020-01-01,True,
RGI60-13.37789,geodetic_temp_bias,48.300000000000004,-3.313628564922095,5.984604862029569,5.0,2000-01-01_2020-01-01,True,
RGI60-13.37790,geodetic_temp_bias,160.70000000000002,-3.313628564922095,5.574049499276345,14.117616649150843,2000-01-01_2020-01-01,True,
RGI60-13.37791,geodetic_temp_bias,82.9,-2.8869320386573176,5.574049499276345,17.0,2000-01-01_2020-01-01,True,
RGI60-13.37792,geodetic_temp_bias,67.6,-3.313628564922095,5.574049499276345,9.391978689326766,2000-01-01_2020-01-01,True,
RGI60-13.37793,geodetic_temp_bias,350.4,-3.313628564922095,7.035822041691016,5.0,2000-01-01_2020-01-01,True,
RGI60-13.37794,geodetic_temp_bias,-117.0,-3.313628564922095,5.574049499276345,11.552480878500738,2000-01-01_2020-01-01,True,
RGI60-13.37795,geodetic_temp_bias,168.9,-3.313628564922095,8.361074248914516,3.938091030649046,2000-01-01_2020-01-01,True,
RGI60-13.37796,geodetic_temp_bias,-142.9,-3.313628564922095,5.574049499276345,8.119969464489962,2000-01-01_2020-01-01,True,
RGI60-13.37797,geodetic_temp_bias,155.9,-3.313628564922095,7.210857824989585,5.0,2000-01-01_2020-01-01,True,
RGI60-13.37798,geodetic_temp_bias,-121.5,-2.4311736284726257,5.574049499276345,17.0,2000-01-01_2020-01-01,True,
RGI60-13.37799,geodetic_temp_bias,-104.80000000000001,-3.313628564922095,8.361074248914516,4.6232852646798825,2000-01-01_2020-01-01,True,
RGI60-13.37800,geodetic_temp_bias,-9.299999999999999,-3.313628564922095,8.361074248914516,4.747312024260773,2000-01-01_2020-01-01,True,
RGI60-13.37801,geodetic_temp_bias,386.2,-3.313628564922095,7.726882940585577,5.0,2000-01-01_2020-01-01,True,
RGI60-13.37802,geodetic_temp_bias,23.7,-2.0469988997839472,5.574049499276345,17.0,2000-01-01_2020-01-01,True,
RGI60-13.37803,geodetic_temp_bias,308.09999999999997,-2.6099310998434797,5.574049499276345,17.0,2000-01-01_2020-01-01,True,
RGI60-13.37804,geodetic_temp_bias,102.2,-3.313628564922095,5.574049499276345,13.816559741964774,2000-01-01_2020-01-01,True,
RGI60-13.37805,geodetic_temp_bias,20.1,-3.313628564922095,5.574049499276345,10.51303867300015,2000-01-01_2020-01-01,True,
RGI60-13.37806,geodetic_temp_bias,334.0,-3.313628564922095,7.9471065352695485,5.0,2000-01-01_2020-01-01,True,
RGI60-13.37807,geodetic_temp_bias,-286.3,-3.282750120453758,5.574049499276345,17.0,2000-01-01_2020-01-01,True,
RGI60-13.37808,geodetic_temp_bias,159.89999999999998,-3.1941477279800106,5.574049499276345,17.0,2000-01-01_2020-01-01,True,
RGI60-13.37809,geodetic_temp_bias,105.39999999999999,-3.313628564922095,5.574049499276345,5.699208569223267,2000-01-01_2020-01-01,True,
RGI60-13.37810,geodetic_temp_bias,380.8,-3.313628564922095,7.523763787297304,5.0,2000-01-01_2020-01-01,True,
RGI60-13.37811,geodetic_temp_bias,142.0,-3.313628564922095,8.361074248914516,4.3077975467764595,2000-01-01_2020-01-01,True,
RGI60-13.37812,geodetic_temp_bias,147.9,-2.547588620841049,5.574049499276345,17.0,2000-01-01_2020-01-01,True,
RGI60-13.37813,geodetic_temp_bias,-363.09999999999997,-1.9242637417905,5.574049499276345,17.0,2000-01-01_2020-01-01,True,
RGI60-13.37814,geodetic_temp_bias,95.2,-3.313628564922095,5.9057999876804725,5.0,2000-01-01_2020-01-01,True,
RGI60-13.37815,geodetic_temp_bias,225.70000000000002,-3.313628564922095,8.361074248914516,4.745694355077268,2000-01-01_2020-01-01,True,
RGI60-13.37816,geodetic_temp_bias,115.4,-3.313628564922095,5.574049499276345,12.722578765441241,2000-01-01_2020-01-01,True,
RGI60-13.37817,geodetic_temp_bias,184.79999999999998,-3.313628564922095,7.148827210852633,5.0,2000-01-01_2020-01-01,True,
RGI60-13.37818,geodetic_temp_bias,90.7,-3.313628564922095,8.256459768591233,5.0,2000-01-01_2020-01-01,True,
RGI60-13.37819,geodetic_temp_bias,61.199999999999996,-3.313628564922095,5.574049499276345,5.27895535533667,2000-01-01_2020-01-01,True,
RGI60-13.37820,geodetic_temp_bias,15.7,-3.21732164410944,5.574049499276345,17.0,2000-01-01_2020-01-01,True,
RGI60-13.37821,geodetic_temp_bias,69.6,-3.313628564922095,5.574049499276345,10.063590618000918,2000-01-01_2020-01-01,True,
RGI60-13.37822,geodetic_temp_bias,285.5,-4.844470816562907,6.7637998611478505,5.0,2000-01-01_2020-01-01,True,
RGI60-13.37823,geodetic_temp_bias,-257.79999999999995,-3.994914309576237,5.601646632581307,17.0,2000-01-01_2020-01-01,True,
RGI60-13.37824,scalar,,,,,,True,
RGI60-13.37825,geodetic_temp_bias,172.5,-4.844470816562907,5.68256262495014,5.0,2000-01-01_2020-01-01,True,
RGI60-13.37826,geodetic_temp_bias,237.3,-4.844470816562907,8.40246994887196,4.305597273525395,2000-01-01_2020-01-01,True,
RGI60-13.37827,geodetic_temp_bias,161.0,-4.844470816562907,6.439348409144087,5.0,2000-01-01_2020-01-01,True,
RGI60-13.37828,geodetic_temp_bias,-228.6,-3.4063541566701234,5.601646632581307,17.0,2000-01-01_2020-01-01,True,
RGI60-13.37829,geodetic_temp_bias,196.20000000000002,-4.751528953619087,5.601646632581307,17.0,2000-01-01_2020-01-01,True,
RGI60-13.37830,geodetic_temp_bias,54.300000000000004,-4.844470816562907,6.125508203760477,5.0,2000-01-01_2020-01-01,True,
RGI60-13.37831,geodetic_temp_bias,34.7,-4.763884744763176,5.601646632581307,17.0,2000-01-01_2020-01-01,True,
RGI60-13.37832,geodetic_temp_bias,297.8,-4.844470816562907,8.40246994887196,2.395136192958991,2000-01-01_2020-01-01,True,
RGI60-13.37833,geodetic_temp_bias,-2.4,-4.844470816562907,5.601646632581307,7.704100204285924,2000-01-01_2020-01-01,True,
RGI60-13.37834,geodetic_temp_bias,-66.9,-4.58524253972126,5.601646632581307,17.0,2000-01-01_2020-01-01,True,
RGI60-13.37835,geodetic_temp_bias,-132.89999999999998,-3.8594553786024233,5.601646632581307,17.0,2000-01-01_2020-01-01,True,
RGI60-13.37836,geodetic_temp_bias,31.6,-4.844470816562907,5.601646632581307,9.969961544808228,2000-01-01_2020-01-01,True,
RGI60-13.37837,geodetic_temp_bias,-168.6,-4.844470816562907,5.601646632581307,9.312411893647365,2000-01-01_2020-01-01,True,
RGI60-13.37838,geodetic_temp_bias,125.2,-4.844470816562907,8.199906247060298,5.0,2000-01-01_2020-01-01,True,
RGI60-13.37839,geodetic_temp_bias,126.3,-4.11579851474078,5.601646632581307,17.0,2000-01-01_2020-01-01,True,
RGI60-13.37840,geodetic_temp_bias,205.0,-4.844470816562907,5.601646632581307,8.87528012648152,2000-01-01_2020-01-01,True,
RGI60-13.37841,geodetic_temp_bias,99.0,-4.844470816562907,5.980823287458437,5.0,2000-01-01_2020-01-01,True,
RGI60-13.37842,geodetic_temp_bias,123.30000000000001,-4.844470816562907,5.601646632581307,8.740022138360729,2000-01-01_2020-01-01,True,
RGI60-13.37843,geodetic_temp_bias,-79.10000000000001,-4.117552898026957,5.601646632581307,17.0,2000-01-01_2020-01-01,True,
RGI60-13.37844,geodetic_temp_bias,98.9,-4.844470816562907,5.997499535344706,5.0,2000-01-01_2020-01-01,True,
RGI60-13.37845,geodetic_temp_bias,-17.0,-4.844470816562907,5.601646632581307,11.142371674161136,2000-01-01_2020-01-01,True,
RGI60-13.37846,geodetic_temp_bias,100.2,-4.844470816562907,5.601646632581307,12.76429732029808,2000-01-01_2020-01-01,True,
RGI60-13.37847,geodetic_temp_bias,41.7,-4.844470816562907,7.192934212395256,5.0,2000-01-01_2020-01-01,True,
RGI60-13.37848,geodetic_temp_bias,56.0,-4.844470816562907,7.446064781687585,5.0,2000-01-01_2020-01-01,True,
RGI60-13.37849,geodetic_temp_bias,-195.0,-4.483285244031495,5.601646632581307,17.0,2000-01-01_2020-01-01,True,
RGI60-13.37850,geodetic_temp_bias,-50.3,-2.5143660105721257,5.601646632581307,17.0,2000-01-01_2020-01-01,True,
RGI60-13.37851,geodetic_temp_bias,-297.4,-4.844470816562907,5.601646632581307,5.798350051986198,2000-01-01_2020-01-01,True,
RGI60-13.37852,geodetic_temp_bias,-141.0,-4.844470816562907,5.601646632581307,7.250050389135703,2000-01-01_2020-01-01,True,
RGI60-13.37853,geodetic_temp_bias,19.8,-4.107672554789902,5.601646632581307,17.0,2000-01-01_2020-01-01,True,
RGI60-13.37854,geodetic_temp_bias,-5.0,-4.844470816562907,8.11168339232179,5.0,2000-01-01_2020-01-01,True,
RGI60-13.37855,geodetic_temp_bias,-20.9,-4.844470816562907,5.601646632581307,8.78605434777425,2000-01-01_2020-01-01,True,
RGI60-13.37856,geodetic_temp_bias,-86.6,-4.844470816562907,7.19802760768853,5.0,2000-01-01_2020-01-01,True,
RGI60-13.37857,geodetic_temp_bias,143.6,-4.844470816562907,8.40246994887196,4.69636417992319,2000-01-01_2020-01-01,True,
RGI60-13.37858,geodetic_temp_bias,15.5,-4.844470816562907,5.913372802997407,5.0,2000-01-01_2020-01-01,True,
RGI60-13.37859,geodetic_temp_bias,30.200000000000003,-4.844470816562907,8.40246994887196,4.066772643450478,2000-01-01_2020-01-01,True,
RGI60-13.37860,geodetic_temp_bias,141.9,-4.844470816562907,7.190892138279386,5.0,2000-01-01_2020-01-01,True,
RGI60-13.37861,geodetic_temp_bias,280.3,-4.844470816562907,8.40246994887196,2.136721632274093,2000-01-01_2020-01-01,True,
RGI60-13.37862,geodetic_temp_bias,-17.1,-4.844470816562907,5.601646632581307,5.079167352633537,2000-01-01_2020-01-01,True,
RGI60-13.37863,geodetic_temp_bias,74.1,-4.844470816562907,5.9488927368130025,5.0,2000-01-01_2020-01-01,True,
RGI60-13.37864,geodetic_temp_bias,60.3,-4.844470816562907,8.40246994887196,2.3238172150809984,2000-01-01_2020-01-01,True,
RGI60-13.37865,geodetic_temp_bias,-155.79999999999998,-4.844470816562907,6.798415999252566,5.0,2000-01-01_2020-01-01,True,
RGI60-13.37866,geodetic_temp_bias,20.6,-4.844470816562907,8.40246994887196,4.195184715276568,2000-01-01_2020-01-01,True,
RGI60-13.37867,geodetic_temp_bias,140.6,-4.844470816562907,7.894024031030179,5.0,2000-01-01_2020-01-01,True,
RGI60-13.37868,geodetic_temp_bias,54.1,-4.844470816562907,8.40246994887196,3.059317029098715,2000-01-01_2020-01-01,True,
RGI60-13.37869,geodetic_temp_bias,115.1,-4.844470816562907,8.062477317631032,5.0,2000-01-01_2020-01-01,True,
RGI60-13.37870,geodetic_temp_bias,155.20000000000002,-4.844470816562907,8.40246994887196,3.161205962637902,2000-01-01_2020-01-01,True,
RGI60-13.37871,geodetic_temp_bias,143.6,-4.844470816562907,5.601646632581307,5.503629509451094,2000-01-01_2020-01-01,True,
RGI60-13.37872,geodetic_temp_bias,179.0,-4.844470816562907,8.40246994887196,2.924062821969737,2000-01-01_2020-01-01,True,
RGI60-13.37873,geodetic_temp_bias,194.89999999999998,-4.844470816562907,8.40246994887196,1.7983091832870084,2000-01-01_2020-01-01,True,
RGI60-13.37874,geodetic_temp_bias,128.5,-4.844470816562907,8.40246994887196,2.967625374554933,2000-01-01_2020-01-01,True,
RGI60-13.37875,geodetic_temp_bias,148.5,-4.844470816562907,8.40246994887196,2.391308314360326,2000-01-01_2020-01-01,True,
RGI60-13.37876,geodetic_temp_bias,103.9,-4.844470816562907,8.40246994887196,2.9101340664834487,2000-01-01_2020-01-01,True,
RGI60-13.37877,geodetic_temp_bias,77.5,-4.844470816562907,8.40246994887196,2.6108547258809045,2000-01-01_2020-01-01,True,
RGI60-13.37878,geodetic_temp_bias,166.0,-4.844470816562907,8.40246994887196,2.7688539959621883,2000-01-01_2020-01-01,True,
RGI60-13.37879,geodetic_temp_bias,72.2,-4.844470816562907,8.40246994887196,3.38583215122504,2000-01-01_2020-01-01,True,
RGI60-13.37880,geodetic_temp_bias,125.3,-4.844470816562907,8.40246994887196,2.129914616699871,2000-01-01_2020-01-01,True,
RGI60-13.37881,geodetic_temp_bias,60.5,-4.844470816562907,8.40246994887196,3.1516963396629163,2000-01-01_2020-01-01,True,
RGI60-13.37882,geodetic_temp_bias,-437.09999999999997,-4.844470816562907,6.719950841278747,5.0,2000-01-01_2020-01-01,True,
RGI60-13.37883,geodetic_temp_bias,-47.300000000000004,-4.844470816562907,6.795723047573802,5.0,2000-01-01_2020-01-01,True,
RGI60-13.37884,geodetic_temp_bias,-42.0,-4.844470816562907,8.40246994887196,4.248615979500141,2000-01-01_2020-01-01,True,
RGI60-13.37885,geodetic_temp_bias,-45.8,-4.844470816562907,8.40246994887196,3.68871293140371,2000-01-01_2020-01-01,True,
RGI60-13.37886,geodetic_temp_bias,68.5,-4.844470816562907,8.40246994887196,3.372180791416105,2000-01-01_2020-01-01,True,
RGI60-13.37887,geodetic_temp_bias,-29.2,-4.844470816562907,8.40246994887196,4.659427726806985,2000-01-01_2020-01-01,True,
RGI60-13.37888,geodetic_temp_bias,19.5,-4.844470816562907,8.40246994887196,4.580225514936746,2000-01-01_2020-01-01,True,
RGI60-13.37889,geodetic_temp_bias,-114.5,-4.844470816562907,6.851174487426581,5.0,2000-01-01_2020-01-01,True,
RGI60-13.37890,geodetic_temp_bias,-32.099999999999994,-4.844470816562907,6.534640536263872,5.0,2000-01-01_2020-01-01,True,
RGI60-13.37891,geodetic_temp_bias,-72.3,-4.844470816562907,8.40246994887196,3.954562971583469,2000-01-01_2020-01-01,True,
RGI60-13.37892,geodetic_temp_bias,-15.2,-4.844470816562907,8.40246994887196,4.272960867047379,2000-01-01_2020-01-01,True,
RGI60-13.37893,geodetic_temp_bias,-78.89999999999999,-4.844470816562907,5.601646632581307,7.770141347831997,2000-01-01_2020-01-01,True,
RGI60-13.37894,geodetic_temp_bias,46.6,-4.844470816562907,8.40246994887196,4.240806835831714,2000-01-01_2020-01-01,True,
RGI60-13.37895,geodetic_temp_bias,-94.8,-4.844470816562907,7.149352340647503,5.0,2000-01-01_2020-01-01,True,
RGI60-13.37896,geodetic_temp_bias,112.5,-4.844470816562907,8.18032054119734,5.0,2000-01-01_2020-01-01,True,
RGI60-13.37897,geodetic_temp_bias,96.60000000000001,-4.844470816562907,8.40246994887196,3.8481336103664296,2000-01-01_2020-01-01,True,
RGI60-13.37898,geodetic_temp_bias,19.599999999999998,-4.844470816562907,6.225943555548063,5.0,2000-01-01_2020-01-01,True,
RGI60-13.37899,geodetic_temp_bias,121.1,-4.844470816562907,8.40246994887196,2.4824983297277163,2000-01-01_2020-01-01,True,
RGI60-13.37900,geodetic_temp_bias,88.9,-4.844470816562907,8.40246994887196,2.1533601847375223,2000-01-01_2020-01-01,True,
RGI60-13.37901,geodetic_temp_bias,184.5,-4.844470816562907,8.40246994887196,4.63369444380177,2000-01-01_2020-01-01,True,
RGI60-13.37902,geodetic_temp_bias,96.10000000000001,-4.844470816562907,8.40246994887196,3.263492640248544,2000-01-01_2020-01-01,True,
RGI60-13.37903,scalar,,,,,,True,
RGI60-13.37904,scalar,,,,,,True,
RGI60-13.37905,geodetic_temp_bias,153.70000000000002,-4.145867485057533,5.601646632581307,17.0,2000-01-01_2020-01-01,True,
RGI60-13.37906,geodetic_temp_bias,154.6,-4.844470816562907,8.40246994887196,4.7318504152379965,2000-01-01_2020-01-01,True,
RGI60-13.37907,geodetic_temp_bias,-12.4,-4.844470816562907,8.40246994887196,3.4625503420719155,2000-01-01_2020-01-01,True,
RGI60-13.37908,geodetic_temp_bias,-242.7,-4.844470816562907,5.601646632581307,5.076403978077764,2000-01-01_2020-01-01,True,
RGI60-13.37909,geodetic_temp_bias,-42.6,-4.844470816562907,8.40246994887196,2.272753814729561,2000-01-01_2020-01-01,True,
RGI60-13.37910,geodetic_temp_bias,42.8,-3.313628564922095,8.361074248914516,1.8693319764478498,2000-01-01_2020-01-01,True,
RGI60-13.37911,geodetic_temp_bias,83.3,-3.313628564922095,8.361074248914516,1.5027345092072864,2000-01-01_2020-01-01,True,
RGI60-13.37912,geodetic_temp_bias,293.4,-5.069476009842044,8.361074248914516,1.5,2000-01-01_2020-01-01,True,
RGI60-13.37913,geodetic_temp_bias,212.0,-4.004793103449486,8.361074248914516,1.5,2000-01-01_2020-01-01,True,
RGI60-13.37914,geodetic_temp_bias,193.5,-3.6653482871858905,8.361074248914516,1.5,2000-01-01_2020-01-01,True,
RGI60-13.37915,geodetic_temp_bias,265.2,-3.4969300834790524,8.361074248914516,1.5,2000-01-01_2020-01-01,True,
RGI60-13.37916,geodetic_temp_bias,311.09999999999997,-4.8076154355432505,8.361074248914516,1.5,2000-01-01_2020-01-01,True,
RGI60-13.37917,geodetic_temp_bias,233.3,-3.313628564922095,5.574049499276345,11.168911263727658,2000-01-01_2020-01-01,True,
RGI60-13.37918,geodetic_temp_bias,83.0,-2.942943853094976,5.574049499276345,17.0,2000-01-01_2020-01-01,True,
RGI60-13.37919,geodetic_temp_bias,148.0,-2.4367699609050253,5.574049499276345,17.0,2000-01-01_2020-01-01,True,
RGI60-13.37920,scalar,,,,,,True,
RGI60-13.37921,geodetic_temp_bias,167.0,-3.313628564922095,6.076853640804861,5.0,2000-01-01_2020-01-01,True,
RGI60-13.37922,geodetic_temp_bias,226.70000000000002,-3.378710762456292,8.361074248914516,1.5,2000-01-01_2020-01-01,True,
RGI60-13.37923,geodetic_temp_bias,-68.5,-2.665946276250571,5.574049499276345,17.0,2000-01-01_2020-01-01,True,
RGI60-13.37924,geodetic_temp_bias,112.4,-3.313628564922095,5.574049499276345,6.176319948601276,2000-01-01_2020-01-01,True,
RGI60-13.37925,geodetic_temp_bias,-179.79999999999998,-3.313628564922095,5.574049499276345,11.741448370668278,2000-01-01_2020-01-01,True,
RGI60-13.37926,geodetic_temp_bias,259.79999999999995,-3.313628564922095,8.361074248914516,2.6857124161656474,2000-01-01_2020-01-01,True,
RGI60-13.37927,geodetic_temp_bias,178.29999999999998,-3.313628564922095,8.361074248914516,3.047173612516401,2000-01-01_2020-01-01,True,
RGI60-13.37928,geodetic_temp_bias,145.7,-3.313628564922095,8.361074248914516,1.5985049691963864,2000-01-01_2020-01-01,True,
RGI60-13.37929,geodetic_temp_bias,209.0,-3.313628564922095,8.361074248914516,3.2408731337263155,2000-01-01_2020-01-01,True,
RGI60-13.37930,geodetic_temp_bias,-14.3,-3.313628564922095,5.574049499276345,7.723976646403478,2000-01-01_2020-01-01,True,
RGI60-13.37931,geodetic_temp_bias,10.9,-3.313628564922095,5.574049499276345,8.275819872129716,2000-01-01_2020-01-01,True,
RGI60-13.37932,geodetic_temp_bias,357.4,-3.313628564922095,6.618226940738423,5.0,2000-01-01_2020-01-01,True,
RGI60-13.37933,geodetic_temp_bias,197.2,-3.313628564922095,8.361074248914516,2.7412714574194137,2000-01-01_2020-01-01,True,
RGI60-13.37934,geodetic_temp_bias,121.6,-3.313628564922095,8.361074248914516,3.3749696102652544,2000-01-01_2020-01-01,True,
RGI60-13.37935,geodetic_temp_bias,194.89999999999998,-3.313628564922095,8.361074248914516,3.322294550324507,2000-01-01_2020-01-01,True,
RGI60-13.37936,geodetic_temp_bias,-56.9,-3.313628564922095,5.574049499276345,9.948180682205614,2000-01-01_2020-01-01,True,
RGI60-13.37937,geodetic_temp_bias,-166.7,-2.961643979743229,5.574049499276345,17.0,2000-01-01_2020-01-01,True,
RGI60-13.37938,geodetic_temp_bias,59.4,-3.313628564922095,8.361074248914516,3.4969711530978085,2000-01-01_2020-01-01,True,
RGI60-13.37939,geodetic_temp_bias,117.3,-3.313628564922095,6.13056796661371,5.0,2000-01-01_2020-01-01,True,
RGI60-13.37940,geodetic_temp_bias,38.1,-3.313628564922095,5.574049499276345,6.713160363235597,2000-01-01_2020-01-01,True,
RGI60-13.37941,geodetic_temp_bias,-21.8,-3.313628564922095,6.381010125828928,5.0,2000-01-01_2020-01-01,True,
RGI60-13.37942,geodetic_temp_bias,-144.6,-3.313628564922095,8.361074248914516,3.097614145930625,2000-01-01_2020-01-01,True,
RGI60-13.37943,geodetic_temp_bias,20.299999999999997,-3.313628564922095,8.361074248914516,3.4399407294615236,2000-01-01_2020-01-01,True,
RGI60-13.37944,geodetic_temp_bias,77.0,-3.313628564922095,8.361074248914516,2.559149808303774,2000-01-01_2020-01-01,True,
RGI60-13.37945,geodetic_temp_bias,-47.800000000000004,-3.313628564922095,5.574049499276345,8.158538641447524,2000-01-01_2020-01-01,True,
RGI60-13.37946,geodetic_temp_bias,322.90000000000003,-4.119115415021358,8.361074248914516,1.5,2000-01-01_2020-01-01,True,
RGI60-13.37947,geodetic_temp_bias,103.8,-3.313628564922095,8.361074248914516,3.947740316579931,2000-01-01_2020-01-01,True,
RGI60-13.37948,geodetic_temp_bias,12.4,-3.313628564922095,5.574049499276345,5.653070040653105,2000-01-01_2020-01-01,True,
RGI60-13.37949,geodetic_temp_bias,197.4,-3.4371646294577034,8.361074248914516,1.5,2000-01-01_2020-01-01,True,
RGI60-13.37950,geodetic_temp_bias,58.3,-3.313628564922095,8.361074248914516,4.22072704076353,2000-01-01_2020-01-01,True,
RGI60-13.37951,geodetic_temp_bias,-21.6,-3.313628564922095,5.574049499276345,7.163889420086402,2000-01-01_2020-01-01,True,
RGI60-13.37952,geodetic_temp_bias,71.7,-3.313628564922095,5.574049499276345,5.309377612568091,2000-01-01_2020-01-01,True,
RGI60-13.37953,geodetic_temp_bias,286.7,-4.811083926656034,8.361074248914516,1.5,2000-01-01_2020-01-01,True,
RGI60-13.37954,geodetic_temp_bias,-63.70000000000001,-2.6810807189850774,5.574049499276345,17.0,2000-01-01_2020-01-01,True,
RGI60-13.37955,geodetic_temp_bias,87.5,-3.313628564922095,8.361074248914516,2.5447133550582794,2000-01-01_2020-01-01,True,
RGI60-13.37956,geodetic_temp_bias,185.5,-3.313628564922095,8.361074248914516,2.800208100368771,2000-01-01_2020-01-01,True,
RGI60-13.37957,geodetic_temp_bias,66.4,-3.313628564922095,8.361074248914516,2.4347316471189835,2000-01-01_2020-01-01,True,
RGI60-13.37958,geodetic_temp_bias,245.10000000000002,-3.313628564922095,6.809671858471537,5.0,2000-01-01_2020-01-01,True,
RGI60-13.37959,geodetic_temp_bias,12.4,-3.313628564922095,5.574049499276345,13.105429739917193,2000-01-01_2020-01-01,True,
RGI60-13.37960,geodetic_temp_bias,45.1,-3.313628564922095,6.200963010480101,5.0,2000-01-01_2020-01-01,True,
RGI60-13.37961,geodetic_temp_bias,-236.6,-1.645442979758869,5.574049499276345,17.0,2000-01-01_2020-01-01,True,
RGI60-13.37962,geodetic_temp_bias,102.5,-3.313628564922095,6.146367394023044,5.0,2000-01-01_2020-01-01,True,
RGI60-13.37963,geodetic_temp_bias,202.0,-3.313628564922095,8.361074248914516,3.92879233056944,2000-01-01_2020-01-01,True,
RGI60-13.37964,geodetic_temp_bias,-53.6,-1.5842454044767162,5.574049499276345,17.0,2000-01-01_2020-01-01,True,
RGI60-13.37965,geodetic_temp_bias,-175.3,-1.0606501196204476,5.574049499276345,17.0,2000-01-01_2020-01-01,True,
RGI60-13.37966,geodetic_temp_bias,24.400000000000002,-3.313628564922095,6.0258182585978135,5.0,2000-01-01_2020-01-01,True,
RGI60-13.37967,geodetic_temp_bias,70.6,-3.313628564922095,8.361074248914516,1.8842346337949194,2000-01-01_2020-01-01,True,
RGI60-13.37968,geodetic_temp_bias,-22.5,-2.4459934102591046,5.574049499276345,17.0,2000-01-01_2020-01-01,True,
RGI60-13.37969,geodetic_temp_bias,420.70000000000005,-3.313628564922095,8.361074248914516,1.5325753776141526,2000-01-01_2020-01-01,True,
RGI60-13.37970,geodetic_temp_bias,468.3,-5.984980213231079,8.361074248914516,1.5,2000-01-01_2020-01-01,True,
RGI60-13.37971,geodetic_temp_bias,125.9,-3.313628564922095,5.574049499276345,14.958314406473601,2000-01-01_2020-01-01,True,
RGI60-13.37972,geodetic_temp_bias,128.39999999999998,-1.233182524937694,5.574049499276345,17.0,2000-01-01_2020-01-01,True,
RGI60-13.37973,geodetic_temp_bias,210.7,-3.313628564922095,8.361074248914516,2.1164484979619096,2000-01-01_2020-01-01,True,
RGI60-13.37974,geodetic_temp_bias,147.5,-3.313628564922095,5.810830947845013,5.0,2000-01-01_2020-01-01,True,
RGI60-13.37975,geodetic_temp_bias,141.2,-1.9308575725443065,5.574049499276345,17.0,2000-01-01_2020-01-01,True,
RGI60-13.37976,geodetic_temp_bias,3.7,-3.313628564922095,5.574049499276345,5.922756749959752,2000-01-01_2020-01-01,True,
RGI60-13.37977,geodetic_temp_bias,238.2,-3.475202421805177,8.361074248914516,1.5,2000-01-01_2020-01-01,True,
RGI60-13.37978,geodetic_temp_bias,123.89999999999999,-4.076925500468429,8.361074248914516,1.5,2000-01-01_2020-01-01,True,
RGI60-13.37979,geodetic_temp_bias,88.3,-3.313628564922095,5.574049499276345,6.188350554802478,2000-01-01_2020-01-01,True,
RGI60-13.37980,geodetic_temp_bias,67.2,-2.8269635266428494,5.574049499276345,17.0,2000-01-01_2020-01-01,True,
RGI60-13.37981,geodetic_temp_bias,242.9,-4.224307138260506,8.361074248914516,1.5,2000-01-01_2020-01-01,True,
RGI60-13.37982,geodetic_temp_bias,264.6,-3.313628564922095,8.361074248914516,3.69438344170528,2000-01-01_2020-01-01,True,
RGI60-13.37983,geodetic_temp_bias,187.4,-3.313628564922095,7.116629210779816,5.0,2000-01-01_2020-01-01,True,
RGI60-13.37984,geodetic_temp_bias,63.6,-3.7621453374865523,8.361074248914516,1.5,2000-01-01_2020-01-01,True,
RGI60-13.37985,geodetic_temp_bias,42.4,-3.313628564922095,5.574049499276345,7.695281834947475,2000-01-01_2020-01-01,True,
RGI60-13.37986,geodetic_temp_bias,-47.9,-3.313628564922095,8.361074248914516,1.5237959125755562,2000-01-01_2020-01-01,True,
RGI60-13.37987,geodetic_temp_bias,-99.4,-1.9068389353100417,5.574049499276345,17.0,2000-01-01_2020-01-01,True,
RGI60-13.37988,geodetic_temp_bias,-447.1,-1.3016690767411765,5.574049499276345,17.0,2000-01-01_2020-01-01,True,
RGI60-13.37989,geodetic_temp_bias,147.5,-3.313628564922095,5.574049499276345,9.349235556419362,2000-01-01_2020-01-01,True,
RGI60-13.37990,geodetic_temp_bias,11.4,-3.313628564922095,8.361074248914516,2.9234366978278645,2000-01-01_2020-01-01,True,
RGI60-13.37991,geodetic_temp_bias,261.79999999999995,-3.313628564922095,8.361074248914516,4.738402853420421,2000-01-01_2020-01-01,True,
RGI60-13.37992,geodetic_temp_bias,66.60000000000001,-3.313628564922095,8.361074248914516,2.193942221683891,2000-01-01_2020-01-01,True,
RGI60-13.37993,geodetic_temp_bias,10.3,-0.7338303533524152,5.574049499276345,17.0,2000-01-01_2020-01-01,True,
RGI60-13.37994,geodetic_temp_bias,17.1,-3.313628564922095,8.361074248914516,2.0079486852752755,2000-01-01_2020-01-01,True,
RGI60-13.37995,geodetic_temp_bias,80.4,-1.7162467860358932,5.574049499276345,17.0,2000-01-01_2020-01-01,True,
RGI60-13.37996,geodetic_temp_bias,181.7,-3.313628564922095,8.361074248914516,4.066939878275022,2000-01-01_2020-01-01,True,
RGI60-13.37997,geodetic_temp_bias,315.90000000000003,-3.313628564922095,8.361074248914516,3.720719155631074,2000-01-01_2020-01-01,True,
RGI60-13.37998,geodetic_temp_bias,425.5,-3.313628564922095,8.361074248914516,4.809182466481883,2000-01-01_2020-01-01,True,
RGI60-13.37999,geodetic_temp_bias,170.3,-3.313628564922095,6.497155197058018,5.0,2000-01-01_2020-01-01,True,
RGI60-13.38000,geodetic_temp_bias,108.60000000000001,-3.313628564922095,8.361074248914516,2.258634728689115,2000-01-01_2020-01-01,True,
RGI60-13.38001,geodetic_temp_bias,201.6,-3.313628564922095,6.317441465292624,5.0,2000-01-01_2020-01-01,True,
RGI60-13.38002,geodetic_temp_bias,213.5,-3.3720326954956734,8.361074248914516,1.5,2000-01-01_2020-01-01,True,
RGI60-13.38003,geodetic_temp_bias,-254.0,-3.313628564922095,5.574049499276345,5.835162238182601,2000-01-01_2020-01-01,True,
RGI60-13.38004,geodetic_temp_bias,-14.5,-3.313628564922095,8.361074248914516,4.67794938562725,2000-01-01_2020-01-01,True,
RGI60-13.38005,geodetic_temp_bias,100.2,-3.313628564922095,8.361074248914516,3.0214743905143067,2000-01-01_2020-01-01,True,
RGI60-13.38006,geodetic_temp_bias,265.40000000000003,-3.741505866343379,8.361074248914516,1.5,2000-01-01_2020-01-01,True,
RGI60-13.38007,geodetic_temp_bias,-160.39999999999998,-3.313628564922095,5.574049499276345,7.087409890523908,2000-01-01_2020-01-01,True,
RGI60-13.38008,geodetic_temp_bias,106.7,-4.844470816562907,8.40246994887196,3.751811004387728,2000-01-01_2020-01-01,True,
RGI60-13.38009,geodetic_temp_bias,147.4,-4.844470816562907,8.40246994887196,1.6549140876204316,2000-01-01_2020-01-01,True,
RGI60-13.38010,geodetic_temp_bias,254.7,-4.844470816562907,8.250986741610848,5.0,2000-01-01_2020-01-01,True,
RGI60-13.38011,geodetic_temp_bias,-154.1,-4.844470816562907,8.40246994887196,4.97409907035575,2000-01-01_2020-01-01,True,
RGI60-13.38012,geodetic_temp_bias,94.5,-1.805246495131187,5.440661612252727,17.0,2000-01-01_2020-01-01,True,
RGI60-13.38013,geodetic_temp_bias,280.3,-3.9375749286182895,5.440661612252727,6.693790363816903,2000-01-01_2020-01-01,True,
RGI60-13.38014,geodetic_temp_bias,59.2,-3.453011434783595,5.440661612252727,17.0,2000-01-01_2020-01-01,True,
RGI60-13.38015,geodetic_temp_bias,182.9,-3.9375749286182895,5.440661612252727,9.748532540356619,2000-01-01_2020-01-01,True,
RGI60-13.38016,geodetic_temp_bias,308.3,-3.9375749286182895,5.440661612252727,6.086338300495476,2000-01-01_2020-01-01,True,
RGI60-13.38017,geodetic_temp_bias,223.89999999999998,-3.9375749286182895,5.613821333975969,5.0,2000-01-01_2020-01-01,True,
RGI60-13.38018,geodetic_temp_bias,221.8,-3.9375749286182895,7.8860259683603005,5.0,2000-01-01_2020-01-01,True,
RGI60-13.38019,geodetic_temp_bias,210.0,-3.9375749286182895,5.946926903154086,5.0,2000-01-01_2020-01-01,True,
RGI60-13.38020,geodetic_temp_bias,89.0,-3.0645211825662755,5.440661612252727,17.0,2000-01-01_2020-01-01,True,
RGI60-13.38021,geodetic_temp_bias,225.1,-3.9375749286182895,5.440661612252727,6.1722285863548745,2000-01-01_2020-01-01,True,
RGI60-13.38022,geodetic_temp_bias,78.60000000000001,-3.9375749286182895,5.440661612252727,13.605995944721592,2000-01-01_2020-01-01,True,
RGI60-13.38023,geodetic_temp_bias,-270.6,-2.5743119814454447,5.440661612252727,17.0,2000-01-01_2020-01-01,True,
RGI60-13.38024,geodetic_temp_bias,174.0,-3.9375749286182895,5.440661612252727,5.5361901284760515,2000-01-01_2020-01-01,True,
RGI60-13.38025,geodetic_temp_bias,85.7,-3.9375749286182895,5.440661612252727,10.919407905439115,2000-01-01_2020-01-01,True,
RGI60-13.38026,geodetic_temp_bias,-248.70000000000002,-3.4125856557191754,5.440661612252727,17.0,2000-01-01_2020-01-01,True,
RGI60-13.38027,geodetic_temp_bias,-99.2,-3.9375749286182895,5.440661612252727,15.950845756392738,2000-01-01_2020-01-01,True,
RGI60-13.38028,geodetic_temp_bias,-1.5,-3.9375749286182895,5.440661612252727,8.969547582391929,2000-01-01_2020-01-01,True,
RGI60-13.38029,geodetic_temp_bias,-30.200000000000003,-3.9375749286182895,5.440661612252727,5.2283965053247705,2000-01-01_2020-01-01,True,
RGI60-13.38030,geodetic_temp_bias,73.0,-3.9375749286182895,6.550345468947149,5.0,2000-01-01_2020-01-01,True,
RGI60-13.38031,geodetic_temp_bias,-391.1,-2.5011136903614797,5.440661612252727,17.0,2000-01-01_2020-01-01,True,
RGI60-13.38032,geodetic_temp_bias,-560.1,-1.3325684030965421,5.440661612252727,17.0,2000-01-01_2020-01-01,True,
RGI60-13.38033,geodetic_temp_bias,380.2,-3.9375749286182895,8.16099241837909,4.410177261176782,2000-01-01_2020-01-01,True,
RGI60-13.38034,geodetic_temp_bias,-198.6,-3.6360822624330282,5.440661612252727,17.0,2000-01-01_2020-01-01,True,
RGI60-13.38035,geodetic_temp_bias,5.1000000000000005,-3.3561060032740926,5.440661612252727,17.0,2000-01-01_2020-01-01,True,
RGI60-13.38036,geodetic_temp_bias,449.6,-3.996909647741153,8.16099241837909,1.5,2000-01-01_2020-01-01,True,
RGI60-13.38037,geodetic_temp_bias,-58.3,-3.9375749286182895,5.440661612252727,10.423956723544485,2000-01-01_2020-01-01,True,
RGI60-13.38038,geodetic_temp_bias,-45.0,-2.2454940337660605,5.440661612252727,17.0,2000-01-01_2020-01-01,True,
RGI60-13.38039,geodetic_temp_bias,-108.89999999999999,-3.9375749286182895,5.440661612252727,14.94802571052985,2000-01-01_2020-01-01,True,
RGI60-13.38040,geodetic_temp_bias,-204.65888913841167,-2.925085622294758,5.440661612252727,17.0,2000-01-01_2020-01-01,True,
RGI60-13.38041,geodetic_temp_bias,155.0,-3.9375749286182895,6.638671857344459,5.0,2000-01-01_2020-01-01,True,
RGI60-13.38042,geodetic_temp_bias,-268.1,-3.116957684850692,5.440661612252727,17.0,2000-01-01_2020-01-01,True,
RGI60-13.38043,geodetic_temp_bias,-71.6,-3.747403885183822,5.440661612252727,17.0,2000-01-01_2020-01-01,True,
RGI60-13.38044,geodetic_temp_bias,116.7,-3.9375749286182895,7.16634191165613,5.0,2000-01-01_2020-01-01,True,
RGI60-13.38045,geodetic_temp_bias,6.0,-3.9375749286182895,5.440661612252727,11.24791029036788,2000-01-01_2020-01-01,True,
RGI60-13.38046,geodetic_temp_bias,80.9,-3.9375749286182895,5.440661612252727,5.173091903807469,2000-01-01_2020-01-01,True,
RGI60-13.38047,geodetic_temp_bias,111.4,-3.9375749286182895,5.440661612252727,8.622050982441468,2000-01-01_2020-01-01,True,
RGI60-13.38048,geodetic_temp_bias,122.5,-3.9375749286182895,6.591828451912057,5.0,2000-01-01_2020-01-01,True,
RGI60-13.38049,geodetic_temp_bias,3.2,-3.9375749286182895,5.440661612252727,6.467303758711797,2000-01-01_2020-01-01,True,
RGI60-13.38050,geodetic_temp_bias,161.0,-3.9375749286182895,7.55938050925404,5.0,2000-01-01_2020-01-01,True,
RGI60-13.38051,geodetic_temp_bias,46.6,-3.9375749286182895,5.440661612252727,5.467488985372837,2000-01-01_2020-01-01,True,
RGI60-13.38052,geodetic_temp_bias,-64.4,-3.9375749286182895,5.440661612252727,8.759235126557655,2000-01-01_2020-01-01,True,
RGI60-13.38053,geodetic_temp_bias,-330.79999999999995,-3.5952586732573106,5.440661612252727,17.0,2000-01-01_2020-01-01,True,
RGI60-13.38054,geodetic_temp_bias,-72.7,-3.6247375215123667,5.440661612252727,17.0,2000-01-01_2020-01-01,True,
RGI60-13.38055,geodetic_temp_bias,144.4,-3.9375749286182895,7.810132730438474,5.0,2000-01-01_2020-01-01,True,
RGI60-13.38056,geodetic_temp_bias,145.6,-3.9375749286182895,5.897009090645466,5.0,2000-01-01_2020-01-01,True,
RGI60-13.38057,geodetic_temp_bias,105.6,-3.9375749286182895,7.380160802893704,5.0,2000-01-01_2020-01-01,True,
RGI60-13.38058,geodetic_temp_bias,98.19999999999999,-3.9375749286182895,6.574202000365129,5.0,2000-01-01_2020-01-01,True,
RGI60-13.38059,geodetic_temp_bias,143.8,-3.9375749286182895,8.16099241837909,3.520585272397135,2000-01-01_2020-01-01,True,
RGI60-13.38060,geodetic_temp_bias,-11.0,-3.9375749286182895,5.440661612252727,12.47490390601902,2000-01-01_2020-01-01,True,
RGI60-13.38061,geodetic_temp_bias,167.6,-3.9375749286182895,5.440661612252727,12.232248137669691,2000-01-01_2020-01-01,True,
RGI60-13.38062,geodetic_temp_bias,86.3,-3.9375749286182895,7.353053500149052,5.0,2000-01-01_2020-01-01,True,
RGI60-13.38063,geodetic_temp_bias,75.1,-3.9375749286182895,8.16099241837909,3.4970732102313846,2000-01-01_2020-01-01,True,
RGI60-13.38064,geodetic_temp_bias,-8.9,-3.9375749286182895,6.610355354124183,5.0,2000-01-01_2020-01-01,True,
RGI60-13.38065,geodetic_temp_bias,73.1,-3.9375749286182895,8.16099241837909,2.4066033547366876,2000-01-01_2020-01-01,True,
RGI60-13.38066,geodetic_temp_bias,94.60000000000001,-3.9375749286182895,5.440661612252727,13.273023966890845,2000-01-01_2020-01-01,True,
RGI60-13.38067,geodetic_temp_bias,100.1,-3.9375749286182895,5.440661612252727,11.210093980520533,2000-01-01_2020-01-01,True,
RGI60-13.38068,geodetic_temp_bias,-11.799999999999999,-3.9375749286182895,8.16099241837909,4.649966106454519,2000-01-01_2020-01-01,True,
RGI60-13.38069,geodetic_temp_bias,136.8,-3.9375749286182895,5.440661612252727,12.480599898121138,2000-01-01_2020-01-01,True,
RGI60-13.38070,geodetic_temp_bias,134.3,-3.9375749286182895,8.16099241837909,4.514006926618758,2000-01-01_2020-01-01,True,
RGI60-13.38071,geodetic_temp_bias,154.4,-3.9375749286182895,8.16099241837909,3.6254752196988833,2000-01-01_2020-01-01,True,
RGI60-13.38072,geodetic_temp_bias,73.5,-3.9375749286182895,8.16099241837909,4.125652373828407,2000-01-01_2020-01-01,True,
RGI60-13.38073,geodetic_temp_bias,53.199999999999996,-3.9375749286182895,8.16099241837909,4.186241254108396,2000-01-01_2020-01-01,True,
RGI60-13.38074,geodetic_temp_bias,133.20000000000002,-3.9375749286182895,5.440661612252727,5.123290468541084,2000-01-01_2020-01-01,True,
RGI60-13.38075,geodetic_temp_bias,220.4,-3.9375749286182895,5.440661612252727,8.226263459510907,2000-01-01_2020-01-01,True,
RGI60-13.38076,geodetic_temp_bias,129.3,-3.9375749286182895,8.16099241837909,3.438086637439183,2000-01-01_2020-01-01,True,
RGI60-13.38077,geodetic_temp_bias,220.79999999999998,-3.9375749286182895,8.16099241837909,1.7704176899865274,2000-01-01_2020-01-01,True,
RGI60-13.38078,geodetic_temp_bias,2.4,-3.9375749286182895,7.378281131347224,5.0,2000-01-01_2020-01-01,True,
RGI60-13.38079,geodetic_temp_bias,324.40000000000003,-3.9375749286182895,7.08646996905531,5.0,2000-01-01_2020-01-01,True,
RGI60-13.38080,geodetic_temp_bias,-75.7,-3.306257732210328,5.440661612252727,17.0,2000-01-01_2020-01-01,True,
RGI60-13.38081,geodetic_temp_bias,246.4,-3.9375749286182895,8.16099241837909,1.884204212955305,2000-01-01_2020-01-01,True,
RGI60-13.38082,geodetic_temp_bias,131.70000000000002,-3.9375749286182895,5.440661612252727,11.159417082106966,2000-01-01_2020-01-01,True,
RGI60-13.38083,geodetic_temp_bias,212.79999999999998,-3.9375749286182895,5.628109060544516,5.0,2000-01-01_2020-01-01,True,
RGI60-13.38084,geodetic_temp_bias,163.6,-3.9375749286182895,5.440661612252727,6.519635358921484,2000-01-01_2020-01-01,True,
RGI60-13.38085,geodetic_temp_bias,97.5,-3.9375749286182895,5.440661612252727,5.3418875846752485,2000-01-01_2020-01-01,True,
RGI60-13.38086,geodetic_temp_bias,244.9,-3.9375749286182895,8.16099241837909,2.768109712545802,2000-01-01_2020-01-01,True,
RGI60-13.38087,geodetic_temp_bias,-29.2,-2.8786261164351954,5.440661612252727,17.0,2000-01-01_2020-01-01,True,
RGI60-13.38088,geodetic_temp_bias,46.5,-3.9375749286182895,8.16099241837909,3.7651670234817565,2000-01-01_2020-01-01,True,
RGI60-13.38089,geodetic_temp_bias,109.60000000000001,-3.9375749286182895,6.323622163871148,5.0,2000-01-01_2020-01-01,True,
RGI60-13.38090,geodetic_temp_bias,285.8,-3.9375749286182895,5.440661612252727,11.394557706338187,2000-01-01_2020-01-01,True,
RGI60-13.38091,geodetic_temp_bias,-73.80000000000001,-3.9375749286182895,5.440661612252727,5.962008444871464,2000-01-01_2020-01-01,True,
RGI60-13.38092,geodetic_temp_bias,209.60000000000002,-3.9375749286182895,8.16099241837909,3.623402500474893,2000-01-01_2020-01-01,True,
RGI60-13.38093,geodetic_temp_bias,133.5,-3.9375749286182895,5.440661612252727,6.64871348501891,2000-01-01_2020-01-01,True,
RGI60-13.38094,geodetic_temp_bias,187.9,-3.9375749286182895,7.50277933508416,5.0,2000-01-01_2020-01-01,True,
RGI60-13.38095,geodetic_temp_bias,8.0,-3.9375749286182895,6.985113185669398,5.0,2000-01-01_2020-01-01,True,
RGI60-13.38096,geodetic_temp_bias,29.2,-3.9375749286182895,5.440661612252727,5.177657481017389,2000-01-01_2020-01-01,True,
RGI60-13.38097,geodetic_temp_bias,-27.400000000000002,-3.9375749286182895,6.710069488029067,5.0,2000-01-01_2020-01-01,True,
RGI60-13.38098,geodetic_temp_bias,-17.0,-3.9375749286182895,8.16099241837909,4.304533369923975,2000-01-01_2020-01-01,True,
RGI60-13.38099,geodetic_temp_bias,109.39999999999999,-3.9375749286182895,5.440661612252727,5.981635737423452,2000-01-01_2020-01-01,True,
RGI60-13.38100,geodetic_temp_bias,224.8,-3.9375749286182895,8.16099241837909,2.3104641232044627,2000-01-01_2020-01-01,True,
RGI60-13.38101,geodetic_temp_bias,68.8,-3.9375749286182895,8.16099241837909,4.717765672309762,2000-01-01_2020-01-01,True,
RGI60-13.38102,geodetic_temp_bias,269.8,-3.9375749286182895,8.16099241837909,2.007373559942784,2000-01-01_2020-01-01,True,
RGI60-13.38103,geodetic_temp_bias,44.3,-3.9375749286182895,5.440661612252727,5.173999819420668,2000-01-01_2020-01-01,True,
RGI60-13.38104,geodetic_temp_bias,-347.0,-3.9375749286182895,5.440661612252727,6.780898605741998,2000-01-01_2020-01-01,True,
RGI60-13.38105,geodetic_temp_bias,195.20000000000002,-3.9375749286182895,5.440661612252727,7.363329190693972,2000-01-01_2020-01-01,True,
RGI60-13.38106,geodetic_temp_bias,105.0,-3.9375749286182895,8.16099241837909,3.950986544145649,2000-01-01_2020-01-01,True,
RGI60-13.38107,geodetic_temp_bias,56.4,-3.672022540520208,5.440661612252727,17.0,2000-01-01_2020-01-01,True,
RGI60-13.38108,geodetic_temp_bias,-18.9,-3.9375749286182895,8.16099241837909,3.5235372025600427,2000-01-01_2020-01-01,True,
RGI60-13.38109,geodetic_temp_bias,224.3,-3.9375749286182895,8.16099241837909,1.7419054686066877,2000-01-01_2020-01-01,True,
RGI60-13.38110,geodetic_temp_bias,1.1,-3.9375749286182895,5.440661612252727,9.600168316127101,2000-01-01_2020-01-01,True,
RGI60-13.38111,geodetic_temp_bias,177.4,-3.9375749286182895,8.16099241837909,1.9028704916334764,2000-01-01_2020-01-01,True,
RGI60-13.38112,geodetic_temp_bias,344.2,-3.9375749286182895,5.598529300514845,5.0,2000-01-01_2020-01-01,True,
RGI60-13.38113,geodetic_temp_bias,28.6,-3.9375749286182895,5.440661612252727,9.27428151068298,2000-01-01_2020-01-01,True,
RGI60-13.38114,geodetic_temp_bias,-21.3,-3.446309900013443,5.440661612252727,17.0,2000-01-01_2020-01-01,True,
RGI60-13.38115,geodetic_temp_bias,-104.2,-3.2582681755844547,5.440661612252727,17.0,2000-01-01_2020-01-01,True,
RGI60-13.38116,geodetic_temp_bias,351.2,-3.9375749286182895,5.764990280675034,5.0,2000-01-01_2020-01-01,True,
RGI60-13.38117,geodetic_temp_bias,-128.20000000000002,-3.313628564922095,7.101576317049572,5.0,2000-01-01_2020-01-01,True,
RGI60-13.38118,geodetic_temp_bias,70.9,-2.457254217752248,5.574049499276345,17.0,2000-01-01_2020-01-01,True,
RGI60-13.38119,geodetic_temp_bias,30.900000000000002,-3.313628564922095,5.574049499276345,11.039230299411692,2000-01-01_2020-01-01,True,
RGI60-13.38120,geodetic_temp_bias,-10.4,-3.313628564922095,5.574049499276345,9.05092545032525,2000-01-01_2020-01-01,True,
RGI60-13.38121,geodetic_temp_bias,-134.9,-2.826099808513662,5.574049499276345,17.0,2000-01-01_2020-01-01,True,
RGI60-13.38122,geodetic_temp_bias,-101.4,-3.313628564922095,5.574049499276345,12.945215984018478,2000-01-01_2020-01-01,True,
RGI60-13.38123,geodetic_temp_bias,-2.0,-3.313628564922095,8.361074248914516,3.2460165909294965,2000-01-01_2020-01-01,True,
RGI60-13.38124,geodetic_temp_bias,15.9,-2.8277168552171124,5.574049499276345,17.0,2000-01-01_2020-01-01,True,
RGI60-13.38125,geodetic_temp_bias,-100.8,-3.313628564922095,5.574049499276345,7.262674251880423,2000-01-01_2020-01-01,True,
RGI60-13.38126,geodetic_temp_bias,201.6,-3.061835408153653,5.574049499276345,17.0,2000-01-01_2020-01-01,True,
RGI60-13.38127,geodetic_temp_bias,48.2,-3.3087571746800797,5.574049499276345,17.0,2000-01-01_2020-01-01,True,
RGI60-13.38128,geodetic_temp_bias,-224.5,-2.311160547426433,5.574049499276345,17.0,2000-01-01_2020-01-01,True,
RGI60-13.38129,geodetic_temp_bias,-19.7,-3.313628564922095,8.361074248914516,3.201865571315672,2000-01-01_2020-01-01,True,
RGI60-13.38130,geodetic_temp_bias,-48.800000000000004,-2.947459236483599,5.574049499276345,17.0,2000-01-01_2020-01-01,True,
RGI60-13.38131,geodetic_temp_bias,55.300000000000004,-3.313628564922095,5.574049499276345,9.234224991910246,2000-01-01_2020-01-01,True,
RGI60-13.38132,geodetic_temp_bias,24.5,-3.313628564922095,5.574049499276345,9.123169329040136,2000-01-01_2020-01-01,True,
RGI60-13.38133,geodetic_temp_bias,138.8,-3.313628564922095,8.361074248914516,2.9891304410610666,2000-01-01_2020-01-01,True,
RGI60-13.38134,geodetic_temp_bias,18.0,-3.313628564922095,5.574049499276345,9.13683204970324,2000-01-01_2020-01-01,True,
RGI60-13.38135,geodetic_temp_bias,58.7,-3.313628564922095,8.361074248914516,3.226471653899406,2000-01-01_2020-01-01,True,
RGI60-13.38136,geodetic_temp_bias,-174.1,-1.8259790536838356,5.574049499276345,17.0,2000-01-01_2020-01-01,True,
RGI60-13.38137,geodetic_temp_bias,-108.7,-3.313628564922095,8.361074248914516,2.871502647611491,2000-01-01_2020-01-01,True,
RGI60-13.38138,geodetic_temp_bias,231.5,-3.313628564922095,8.361074248914516,2.391023766484052,2000-01-01_2020-01-01,True,
RGI60-13.38139,geodetic_temp_bias,-63.70000000000001,-3.313628564922095,8.361074248914516,4.8461049540488945,2000-01-01_2020-01-01,True,
RGI60-13.38140,geodetic_temp_bias,112.9,-3.313628564922095,8.361074248914516,2.695009381319932,2000-01-01_2020-01-01,True,
RGI60-13.38141,geodetic_temp_bias,66.69999999999999,-3.313628564922095,8.361074248914516,4.86564417576753,2000-01-01_2020-01-01,True,
RGI60-13.38142,geodetic_temp_bias,-277.1,-1.7281935224294755,5.574049499276345,17.0,2000-01-01_2020-01-01,True,
RGI60-13.38143,geodetic_temp_bias,-36.1,-3.313628564922095,6.757588991581196,5.0,2000-01-01_2020-01-01,True,
RGI60-13.38144,geodetic_temp_bias,103.8,-3.313628564922095,8.361074248914516,2.265207853415164,2000-01-01_2020-01-01,True,
RGI60-13.38145,geodetic_temp_bias,132.0,-3.313628564922095,8.361074248914516,3.1896532243560043,2000-01-01_2020-01-01,True,
RGI60-13.38146,geodetic_temp_bias,-44.900000000000006,-3.313628564922095,6.360114223292298,5.0,2000-01-01_2020-01-01,True,
RGI60-13.38147,geodetic_temp_bias,199.3,-3.313628564922095,8.361074248914516,2.3587239378273557,2000-01-01_2020-01-01,True,
RGI60-13.38148,geodetic_temp_bias,-4.0,-3.313628564922095,8.361074248914516,3.489509202842645,2000-01-01_2020-01-01,True,
RGI60-13.38149,geodetic_temp_bias,191.89999999999998,-3.313628564922095,8.361074248914516,3.6392141608378306,2000-01-01_2020-01-01,True,
RGI60-13.38150,geodetic_temp_bias,-164.3,-1.769212845907525,5.574049499276345,17.0,2000-01-01_2020-01-01,True,
RGI60-13.38151,geodetic_temp_bias,138.3,-3.313628564922095,8.361074248914516,1.7459619102721373,2000-01-01_2020-01-01,True,
RGI60-13.38152,geodetic_temp_bias,309.09999999999997,-4.114191461455217,8.361074248914516,1.5,2000-01-01_2020-01-01,True,
RGI60-13.38153,geodetic_temp_bias,-204.65888913841167,-3.313628564922095,8.11220947770069,5.0,2000-01-01_2020-01-01,True,
RGI60-13.38154,geodetic_temp_bias,269.1,-4.1589685512690275,8.361074248914516,1.5,2000-01-01_2020-01-01,True,
RGI60-13.38155,geodetic_temp_bias,101.0,-2.7422389490659955,5.574049499276345,17.0,2000-01-01_2020-01-01,True,
RGI60-13.38156,geodetic_temp_bias,51.5,-3.313628564922095,8.361074248914516,4.227592006388782,2000-01-01_2020-01-01,True,
RGI60-13.38157,geodetic_temp_bias,154.1,-3.313628564922095,6.641440532688462,5.0,2000-01-01_2020-01-01,True,
RGI60-13.38158,geodetic_temp_bias,-24.1,-3.313628564922095,5.574049499276345,5.610904870596643,2000-01-01_2020-01-01,True,
RGI60-13.38159,geodetic_temp_bias,-255.1,-3.313628564922095,8.361074248914516,4.688836303596515,2000-01-01_2020-01-01,True,
RGI60-13.38160,geodetic_temp_bias,-7.7,-3.313628564922095,5.574049499276345,9.10366670036437,2000-01-01_2020-01-01,True,
RGI60-13.38161,geodetic_temp_bias,-132.70000000000002,-2.9414370143920197,5.574049499276345,17.0,2000-01-01_2020-01-01,True,
RGI60-13.38162,geodetic_temp_bias,10.3,-3.313628564922095,7.579071365525948,5.0,2000-01-01_2020-01-01,True,
RGI60-13.38163,geodetic_temp_bias,11.4,-3.313628564922095,5.574049499276345,7.090675578030422,2000-01-01_2020-01-01,True,
RGI60-13.38164,geodetic_temp_bias,284.0,-4.812979618874455,8.361074248914516,1.5,2000-01-01_2020-01-01,True,
RGI60-13.38165,geodetic_temp_bias,63.9,-3.313628564922095,8.361074248914516,2.0383525553898094,2000-01-01_2020-01-01,True,
RGI60-13.38166,geodetic_temp_bias,226.6,-3.313628564922095,8.361074248914516,1.7352122034270738,2000-01-01_2020-01-01,True,
RGI60-13.38167,geodetic_temp_bias,216.20000000000002,-3.313628564922095,8.361074248914516,3.174162471879308,2000-01-01_2020-01-01,True,
RGI60-13.38168,geodetic_temp_bias,-23.599999999999998,-3.313628564922095,5.574049499276345,8.203244027771802,2000-01-01_2020-01-01,True,
RGI60-13.38169,geodetic_temp_bias,110.8,-3.313628564922095,8.361074248914516,2.1368915085303684,2000-01-01_2020-01-01,True,
RGI60-13.38170,geodetic_temp_bias,14.200000000000001,-3.313628564922095,7.632106454349863,5.0,2000-01-01_2020-01-01,True,
RGI60-13.38171,geodetic_temp_bias,235.9,-3.313628564922095,8.361074248914516,1.707245878207039,2000-01-01_2020-01-01,True,
RGI60-13.38172,geodetic_temp_bias,7.7,-3.313628564922095,8.031347528993976,5.0,2000-01-01_2020-01-01,True,
RGI60-13.38173,geodetic_temp_bias,174.1,-3.715721073336317,8.361074248914516,1.5,2000-01-01_2020-01-01,True,
RGI60-13.38174,geodetic_temp_bias,76.89999999999999,-3.313628564922095,6.962396171504736,5.0,2000-01-01_2020-01-01,True,
RGI60-13.38175,geodetic_temp_bias,22.5,-3.313628564922095,7.250045085127984,5.0,2000-01-01_2020-01-01,True,
RGI60-13.38176,geodetic_temp_bias,232.3,-3.509496182029352,8.361074248914516,1.5,2000-01-01_2020-01-01,True,
RGI60-13.38177,geodetic_temp_bias,63.4,-3.313628564922095,8.361074248914516,2.9434973631262995,2000-01-01_2020-01-01,True,
RGI60-13.38178,geodetic_temp_bias,161.89999999999998,-3.4855725301358738,8.361074248914516,1.5,2000-01-01_2020-01-01,True,
RGI60-13.38179,geodetic_temp_bias,-79.2,-3.313628564922095,7.199611767198121,5.0,2000-01-01_2020-01-01,True,
RGI60-13.38180,geodetic_temp_bias,-300.4,-3.313628564922095,5.574049499276345,8.863251135708783,2000-01-01_2020-01-01,True,
RGI60-13.38181,geodetic_temp_bias,-89.1,-3.313628564922095,8.361074248914516,3.7322305541087113,2000-01-01_2020-01-01,True,
RGI60-13.38182,geodetic_temp_bias,-159.8,-3.313628564922095,5.574049499276345,7.888816697465669,2000-01-01_2020-01-01,True,
RGI60-13.38183,geodetic_temp_bias,-129.39999999999998,-3.313628564922095,6.465231864893601,5.0,2000-01-01_2020-01-01,True,
RGI60-13.38184,geodetic_temp_bias,204.3,-3.5189122355692595,8.361074248914516,1.5,2000-01-01_2020-01-01,True,
RGI60-13.38185,geodetic_temp_bias,-236.6,-3.313628564922095,8.361074248914516,4.758240963457515,2000-01-01_2020-01-01,True,
RGI60-13.38186,geodetic_temp_bias,354.6,-3.313628564922095,8.361074248914516,1.8938271359473797,2000-01-01_2020-01-01,True,
RGI60-13.38187,geodetic_temp_bias,195.1,-3.313628564922095,8.361074248914516,1.6009351286802715,2000-01-01_2020-01-01,True,
RGI60-13.38188,geodetic_temp_bias,122.0,-3.313628564922095,8.361074248914516,2.060191612773355,2000-01-01_2020-01-01,True,
RGI60-13.38189,geodetic_temp_bias,15.8,-3.313628564922095,7.256735070587324,5.0,2000-01-01_2020-01-01,True,
RGI60-13.38190,geodetic_temp_bias,-33.0,-3.313628564922095,5.574049499276345,5.565730240946451,2000-01-01_2020-01-01,True,
RGI60-13.38191,geodetic_temp_bias,60.199999999999996,-3.313628564922095,5.574049499276345,6.43249198770464,2000-01-01_2020-01-01,True,
RGI60-13.38192,geodetic_temp_bias,157.9,-3.313628564922095,8.361074248914516,3.5965981489736323,2000-01-01_2020-01-01,True,
RGI60-13.38193,geodetic_temp_bias,95.8,-3.313628564922095,5.574049499276345,5.0501103632147455,2000-01-01_2020-01-01,True,
RGI60-13.38194,geodetic_temp_bias,-178.2,-3.313628564922095,5.574049499276345,6.890136941915542,2000-01-01_2020-01-01,True,
RGI60-13.38195,geodetic_temp_bias,152.0,-3.313628564922095,5.574049499276345,6.7371860838321265,2000-01-01_2020-01-01,True,
RGI60-13.38196,geodetic_temp_bias,59.7,-3.313628564922095,6.25851178788535,5.0,2000-01-01_2020-01-01,True,
RGI60-13.38197,geodetic_temp_bias,-29.8,-3.313628564922095,8.361074248914516,3.9388099001798524,2000-01-01_2020-01-01,True,
RGI60-13.38198,geodetic_temp_bias,-266.40000000000003,-3.313628564922095,5.574049499276345,8.302873292902984,2000-01-01_2020-01-01,True,
RGI60-13.38199,geodetic_temp_bias,139.5,-3.313628564922095,5.574049499276345,5.592028741925085,2000-01-01_2020-01-01,True,
RGI60-13.38200,geodetic_temp_bias,-216.79999999999998,-3.313628564922095,5.574049499276345,11.078996989619785,2000-01-01_2020-01-01,True,
RGI60-13.38201,geodetic_temp_bias,200.6,-3.313628564922095,8.361074248914516,4.354181119351532,2000-01-01_2020-01-01,True,
RGI60-13.38202,geodetic_temp_bias,32.300000000000004,-2.3647893538107945,5.574049499276345,17.0,2000-01-01_2020-01-01,True,
RGI60-13.38203,geodetic_temp_bias,209.60000000000002,-3.313628564922095,5.574049499276345,8.45808197170421,2000-01-01_2020-01-01,True,
RGI60-13.38204,geodetic_temp_bias,106.80000000000001,-3.313628564922095,5.574049499276345,15.997869770804687,2000-01-01_2020-01-01,True,
RGI60-13.38205,geodetic_temp_bias,-142.6,-3.313628564922095,5.574049499276345,5.299579527085907,2000-01-01_2020-01-01,True,
RGI60-13.38206,geodetic_temp_bias,134.6,-3.313628564922095,7.500466081069578,5.0,2000-01-01_2020-01-01,True,
RGI60-13.38207,geodetic_temp_bias,31.7,-3.313628564922095,8.361074248914516,4.805259262099447,2000-01-01_2020-01-01,True,
RGI60-13.38208,geodetic_temp_bias,226.8,-3.313628564922095,8.361074248914516,3.6871817977243078,2000-01-01_2020-01-01,True,
RGI60-13.38209,geodetic_temp_bias,-59.3,-3.313628564922095,6.786488387514499,5.0,2000-01-01_2020-01-01,True,
RGI60-13.38210,geodetic_temp_bias,184.2,-3.313628564922095,7.933029461690987,5.0,2000-01-01_2020-01-01,True,
RGI60-13.38211,geodetic_temp_bias,20.400000000000002,-3.313628564922095,8.361074248914516,3.9202350460710735,2000-01-01_2020-01-01,True,
RGI60-13.38212,geodetic_temp_bias,248.20000000000002,-3.313628564922095,8.361074248914516,3.451559857945175,2000-01-01_2020-01-01,True,
RGI60-13.38213,geodetic_temp_bias,221.5,-3.313628564922095,8.361074248914516,2.0403606534485355,2000-01-01_2020-01-01,True,
RGI60-13.38214,geodetic_temp_bias,85.3,-3.313628564922095,6.81497220945736,5.0,2000-01-01_2020-01-01,True,
RGI60-13.38215,geodetic_temp_bias,117.9,-3.313628564922095,8.361074248914516,4.880769832126806,2000-01-01_2020-01-01,True,
RGI60-13.38216,geodetic_temp_bias,-86.6,-3.313628564922095,5.574049499276345,10.684902542870315,2000-01-01_2020-01-01,True,
RGI60-13.38217,geodetic_temp_bias,31.0,-3.313628564922095,6.716066683377026,5.0,2000-01-01_2020-01-01,True,
RGI60-13.38218,geodetic_temp_bias,188.20000000000002,-3.3351313312540243,8.361074248914516,1.5,2000-01-01_2020-01-01,True,
RGI60-13.38219,geodetic_temp_bias,-311.59999999999997,-3.313628564922095,8.361074248914516,2.0349291569161787,2000-01-01_2020-01-01,True,
RGI60-13.38220,geodetic_temp_bias,116.4,-3.313628564922095,6.112642379007433,5.0,2000-01-01_2020-01-01,True,
RGI60-13.38221,geodetic_temp_bias,176.2,-3.313628564922095,8.361074248914516,2.305706185358985,2000-01-01_2020-01-01,True,
RGI60-13.38222,geodetic_temp_bias,110.9,-2.5647407513962612,5.574049499276345,17.0,2000-01-01_2020-01-01,True,
RGI60-13.38223,geodetic_temp_bias,197.5,-3.313628564922095,6.129922810538513,5.0,2000-01-01_2020-01-01,True,
RGI60-13.38224,geodetic_temp_bias,-126.5,-3.313628564922095,5.867203805184814,5.0,2000-01-01_2020-01-01,True,
RGI60-13.38225,geodetic_temp_bias,6.6,-3.891616622529979,8.361074248914516,1.5,2000-01-01_2020-01-01,True,
RGI60-13.38226,geodetic_temp_bias,41.8,-3.313628564922095,7.555534778710061,5.0,2000-01-01_2020-01-01,True,
RGI60-13.38227,geodetic_temp_bias,-258.29999999999995,-2.8444669798140163,5.574049499276345,17.0,2000-01-01_2020-01-01,True,
RGI60-13.38228,geodetic_temp_bias,331.7,-3.4690395273291785,8.361074248914516,1.5,2000-01-01_2020-01-01,True,
RGI60-13.38229,geodetic_temp_bias,207.8,-3.313628564922095,6.117224574915253,5.0,2000-01-01_2020-01-01,True,
RGI60-13.38230,geodetic_temp_bias,-429.09999999999997,-2.1865599675231913,5.574049499276345,17.0,2000-01-01_2020-01-01,True,
RGI60-13.38231,geodetic_temp_bias,101.6,-3.313628564922095,8.361074248914516,3.933845244981973,2000-01-01_2020-01-01,True,
RGI60-13.38232,geodetic_temp_bias,129.8,-3.313628564922095,6.860455633776676,5.0,2000-01-01_2020-01-01,True,
RGI60-13.38233,geodetic_temp_bias,-13.0,-3.313628564922095,8.361074248914516,1.5743346343502473,2000-01-01_2020-01-01,True,
RGI60-13.38234,geodetic_temp_bias,254.7,-3.313628564922095,8.361074248914516,1.9274987166844413,2000-01-01_2020-01-01,True,
RGI60-13.38235,geodetic_temp_bias,170.3,-3.301781788032977,5.574049499276345,17.0,2000-01-01_2020-01-01,True,
RGI60-13.38236,geodetic_temp_bias,154.1,-3.313628564922095,7.750313254356328,5.0,2000-01-01_2020-01-01,True,
RGI60-13.38237,geodetic_temp_bias,156.1,-3.313628564922095,8.361074248914516,3.544215457334283,2000-01-01_2020-01-01,True,
RGI60-13.38238,geodetic_temp_bias,-25.5,-3.313628564922095,8.361074248914516,1.8624827757159907,2000-01-01_2020-01-01,True,
RGI60-13.38239,geodetic_temp_bias,231.6,-4.5900388111316355,8.361074248914516,1.5,2000-01-01_2020-01-01,True,
RGI60-13.38240,geodetic_temp_bias,54.5,-3.313628564922095,7.996360295848341,5.0,2000-01-01_2020-01-01,True,
RGI60-13.38241,geodetic_temp_bias,62.300000000000004,-3.313628564922095,8.361074248914516,3.3316534756412235,2000-01-01_2020-01-01,True,
RGI60-13.38242,geodetic_temp_bias,160.39999999999998,-3.313628564922095,8.20504556969497,5.0,2000-01-01_2020-01-01,True,
RGI60-13.38243,geodetic_temp_bias,408.3,-4.896926820880907,8.361074248914516,1.5,2000-01-01_2020-01-01,True,
RGI60-13.38244,geodetic_temp_bias,121.80000000000001,-2.534539464727523,5.574049499276345,17.0,2000-01-01_2020-01-01,True,
RGI60-13.38245,geodetic_temp_bias,310.3,-3.313628564922095,8.361074248914516,1.8880576098587645,2000-01-01_2020-01-01,True,
RGI60-13.38246,geodetic_temp_bias,292.0,-4.74371249331992,8.361074248914516,1.5,2000-01-01_2020-01-01,True,
RGI60-13.38247,geodetic_temp_bias,-166.2,-3.313628564922095,5.574049499276345,16.387719523505496,2000-01-01_2020-01-01,True,
RGI60-13.38248,geodetic_temp_bias,284.4,-3.705353087511638,8.361074248914516,1.5,2000-01-01_2020-01-01,True,
RGI60-13.38249,geodetic_temp_bias,167.2,-4.05596981156688,8.361074248914516,1.5,2000-01-01_2020-01-01,True,
RGI60-13.38250,geodetic_temp_bias,-53.0,-3.313628564922095,8.361074248914516,4.619206973926854,2000-01-01_2020-01-01,True,
RGI60-13.38251,geodetic_temp_bias,88.1,-3.0633949072472504,5.574049499276345,17.0,2000-01-01_2020-01-01,True,
RGI60-13.38252,geodetic_temp_bias,9.4,-3.313628564922095,8.361074248914516,4.977871400171269,2000-01-01_2020-01-01,True,
RGI60-13.38253,geodetic_temp_bias,91.5,-3.313628564922095,5.574049499276345,14.953412065541313,2000-01-01_2020-01-01,True,
RGI60-13.38254,geodetic_temp_bias,81.5,-3.313628564922095,7.740374997853977,5.0,2000-01-01_2020-01-01,True,
RGI60-13.38255,geodetic_temp_bias,216.70000000000002,-3.313628564922095,8.361074248914516,2.306375005450032,2000-01-01_2020-01-01,True,
RGI60-13.38256,geodetic_temp_bias,-125.8,-3.313628564922095,5.574049499276345,11.07198878798238,2000-01-01_2020-01-01,True,
RGI60-13.38257,geodetic_temp_bias,75.7,-3.313628564922095,5.574049499276345,6.548792705583992,2000-01-01_2020-01-01,True,
RGI60-13.38258,geodetic_temp_bias,-86.6,-3.313628564922095,8.361074248914516,4.987918709236823,2000-01-01_2020-01-01,True,
RGI60-13.38259,geodetic_temp_bias,154.70000000000002,-4.796056095128863,8.361074248914516,1.5,2000-01-01_2020-01-01,True,
RGI60-13.38260,geodetic_temp_bias,105.39999999999999,-2.970321585656079,5.574049499276345,17.0,2000-01-01_2020-01-01,True,
RGI60-13.38261,geodetic_temp_bias,57.4,-3.313628564922095,5.574049499276345,6.054680107777797,2000-01-01_2020-01-01,True,
RGI60-13.38262,geodetic_temp_bias,48.099999999999994,-3.313628564922095,8.361074248914516,1.7606790263803185,2000-01-01_2020-01-01,True,
RGI60-13.38263,geodetic_temp_bias,169.0,-3.313628564922095,8.361074248914516,3.539493907927683,2000-01-01_2020-01-01,True,
RGI60-13.38264,scalar,,,,,,True,
RGI60-13.38265,geodetic_temp_bias,124.3,-3.313628564922095,6.308449632583195,5.0,2000-01-01_2020-01-01,True,
RGI60-13.38266,geodetic_temp_bias,248.5,-3.313628564922095,8.361074248914516,4.815014711082119,2000-01-01_2020-01-01,True,
RGI60-13.38267,geodetic_temp_bias,195.20000000000002,-4.058164049402519,8.361074248914516,1.5,2000-01-01_2020-01-01,True,
RGI60-13.38268,geodetic_temp_bias,320.79999999999995,-4.587062144439354,8.361074248914516,1.5,2000-01-01_2020-01-01,True,
RGI60-13.38269,geodetic_temp_bias,287.2,-3.313628564922095,8.361074248914516,1.5774009745588455,2000-01-01_2020-01-01,True,
RGI60-13.38270,geodetic_temp_bias,29.5,-2.8417602550806906,5.574049499276345,17.0,2000-01-01_2020-01-01,True,
RGI60-13.38271,geodetic_temp_bias,40.0,-3.313628564922095,5.574049499276345,10.117599549396145,2000-01-01_2020-01-01,True,
RGI60-13.38272,geodetic_temp_bias,256.6,-3.313628564922095,8.361074248914516,2.0537503101162864,2000-01-01_2020-01-01,True,
RGI60-13.38273,geodetic_temp_bias,-92.0,-3.313628564922095,5.574049499276345,12.163331924270365,2000-01-01_2020-01-01,True,
RGI60-13.38274,geodetic_temp_bias,-73.80000000000001,-3.313628564922095,8.361074248914516,4.55177184254395,2000-01-01_2020-01-01,True,
RGI60-13.38275,geodetic_temp_bias,187.20000000000002,-3.313628564922095,8.361074248914516,3.0966516243928983,2000-01-01_2020-01-01,True,
RGI60-13.38276,geodetic_temp_bias,256.90000000000003,-3.313628564922095,7.831456047766111,5.0,2000-01-01_2020-01-01,True,
RGI60-13.38277,geodetic_temp_bias,11.5,-3.186807827442692,5.574049499276345,17.0,2000-01-01_2020-01-01,True,
RGI60-13.38278,geodetic_temp_bias,25.6,-3.313628564922095,5.574049499276345,14.573256397717602,2000-01-01_2020-01-01,True,
RGI60-13.38279,geodetic_temp_bias,172.1,-3.541692447608042,8.361074248914516,1.5,2000-01-01_2020-01-01,True,
RGI60-13.38280,geodetic_temp_bias,-1.9,-3.313628564922095,8.361074248914516,2.8089566883257557,2000-01-01_2020-01-01,True,
RGI60-13.38281,geodetic_temp_bias,-1.3,-3.313628564922095,7.706389702445602,5.0,2000-01-01_2020-01-01,True,
RGI60-13.38282,geodetic_temp_bias,-118.0,-3.313628564922095,5.574049499276345,13.529344840360178,2000-01-01_2020-01-01,True,
RGI60-13.38283,geodetic_temp_bias,-27.099999999999998,-2.5718054625042455,5.574049499276345,17.0,2000-01-01_2020-01-01,True,
RGI60-13.38284,geodetic_temp_bias,-105.30000000000001,-3.313628564922095,5.574049499276345,8.073564120760452,2000-01-01_2020-01-01,True,
RGI60-13.38285,geodetic_temp_bias,136.9,-3.313628564922095,8.361074248914516,2.7723106490791354,2000-01-01_2020-01-01,True,
RGI60-13.38286,geodetic_temp_bias,-26.9,-3.313628564922095,6.428627709349025,5.0,2000-01-01_2020-01-01,True,
RGI60-13.38287,geodetic_temp_bias,-5.0,-3.313628564922095,7.012958176845576,5.0,2000-01-01_2020-01-01,True,
RGI60-13.38288,geodetic_temp_bias,-80.10000000000001,-3.313628564922095,5.574049499276345,5.831203112051679,2000-01-01_2020-01-01,True,
RGI60-13.38289,geodetic_temp_bias,5.0,-3.313628564922095,5.574049499276345,5.4831921430109585,2000-01-01_2020-01-01,True,
RGI60-13.38290,geodetic_temp_bias,20.0,-3.313628564922095,5.574049499276345,8.129756350079436,2000-01-01_2020-01-01,True,
RGI60-13.38291,geodetic_temp_bias,100.8,-2.9407779686653996,5.574049499276345,17.0,2000-01-01_2020-01-01,True,
RGI60-13.38292,geodetic_temp_bias,84.3,-3.313628564922095,5.574049499276345,6.29045928073391,2000-01-01_2020-01-01,True,
RGI60-13.38293,geodetic_temp_bias,31.2,-3.313628564922095,8.361074248914516,3.6602275968261044,2000-01-01_2020-01-01,True,
RGI60-13.38294,geodetic_temp_bias,-50.2,-2.9128765038589255,5.574049499276345,17.0,2000-01-01_2020-01-01,True,
RGI60-13.38295,geodetic_temp_bias,123.39999999999999,-3.313628564922095,8.361074248914516,3.5320060900529064,2000-01-01_2020-01-01,True,
RGI60-13.38296,geodetic_temp_bias,-29.3,-3.313628564922095,5.574049499276345,6.980184118723485,2000-01-01_2020-01-01,True,
RGI60-13.38297,geodetic_temp_bias,244.7,-3.313628564922095,8.361074248914516,1.6782164378784903,2000-01-01_2020-01-01,True,
RGI60-13.38298,geodetic_temp_bias,53.5,-3.313628564922095,5.574049499276345,7.378039727589919,2000-01-01_2020-01-01,True,
RGI60-13.38299,geodetic_temp_bias,-2.1,-3.313628564922095,5.574049499276345,6.484124461245882,2000-01-01_2020-01-01,True,
RGI60-13.38300,geodetic_temp_bias,-92.5,-3.313628564922095,5.574049499276345,5.3543130337638365,2000-01-01_2020-01-01,True,
RGI60-13.38301,geodetic_temp_bias,171.9,-1.7940454787471765,5.574049499276345,17.0,2000-01-01_2020-01-01,True,
RGI60-13.38302,geodetic_temp_bias,12.3,-3.313628564922095,7.13917856128834,5.0,2000-01-01_2020-01-01,True,
RGI60-13.38303,geodetic_temp_bias,145.7,-3.313628564922095,7.161700130643123,5.0,2000-01-01_2020-01-01,True,
RGI60-13.38304,geodetic_temp_bias,111.8,-3.313628564922095,6.273492397831518,5.0,2000-01-01_2020-01-01,True,
RGI60-13.38305,geodetic_temp_bias,105.0,-2.4935065399338643,5.574049499276345,17.0,2000-01-01_2020-01-01,True,
RGI60-13.38306,geodetic_temp_bias,37.5,-3.313628564922095,8.361074248914516,4.593945216936053,2000-01-01_2020-01-01,True,
RGI60-13.38307,geodetic_temp_bias,119.7,-3.313628564922095,5.882453803699996,5.0,2000-01-01_2020-01-01,True,
RGI60-13.38308,geodetic_temp_bias,105.30000000000001,-2.4349683066552203,5.574049499276345,17.0,2000-01-01_2020-01-01,True,
RGI60-13.38309,geodetic_temp_bias,102.1,-3.313628564922095,5.574049499276345,6.615714739748773,2000-01-01_2020-01-01,True,
RGI60-13.38310,geodetic_temp_bias,165.1,-3.313628564922095,8.089708371789197,5.0,2000-01-01_2020-01-01,True,
RGI60-13.38311,geodetic_temp_bias,192.1,-3.313628564922095,7.875474235066067,5.0,2000-01-01_2020-01-01,True,
RGI60-13.38312,geodetic_temp_bias,90.7,-3.313628564922095,8.361074248914516,3.7324112317490727,2000-01-01_2020-01-01,True,
RGI60-13.38313,geodetic_temp_bias,19.099999999999998,-3.313628564922095,5.574049499276345,12.467011990105432,2000-01-01_2020-01-01,True,
RGI60-13.38314,geodetic_temp_bias,-221.1,-0.9945255413620003,5.574049499276345,17.0,2000-01-01_2020-01-01,True,
RGI60-13.38315,geodetic_temp_bias,52.2,-3.313628564922095,6.120675514900756,5.0,2000-01-01_2020-01-01,True,
RGI60-13.38316,geodetic_temp_bias,88.8,-3.313628564922095,6.580556953972719,5.0,2000-01-01_2020-01-01,True,
RGI60-13.38317,geodetic_temp_bias,162.8,-3.313628564922095,8.361074248914516,3.7150507514756925,2000-01-01_2020-01-01,True,
RGI60-13.38318,geodetic_temp_bias,331.5,-3.313628564922095,6.175570381427936,5.0,2000-01-01_2020-01-01,True,
RGI60-13.38319,geodetic_temp_bias,59.5,-3.313628564922095,7.069494518728215,5.0,2000-01-01_2020-01-01,True,
RGI60-13.38320,geodetic_temp_bias,-45.8,-2.109795987635135,5.574049499276345,17.0,2000-01-01_2020-01-01,True,
RGI60-13.38321,geodetic_temp_bias,157.4,-2.620493126306254,5.574049499276345,17.0,2000-01-01_2020-01-01,True,
RGI60-13.38322,geodetic_temp_bias,-221.5,-3.313628564922095,5.574049499276345,6.540207724635524,2000-01-01_2020-01-01,True,
RGI60-13.38323,geodetic_temp_bias,91.7,-2.4145763663994066,5.574049499276345,17.0,2000-01-01_2020-01-01,True,
RGI60-13.38324,geodetic_temp_bias,-22.3,-3.313628564922095,6.9359266261489925,5.0,2000-01-01_2020-01-01,True,
RGI60-13.38325,geodetic_temp_bias,81.5,-3.313628564922095,7.955527074410531,5.0,2000-01-01_2020-01-01,True,
RGI60-13.38326,geodetic_temp_bias,314.5,-3.313628564922095,5.574049499276345,8.821242212010295,2000-01-01_2020-01-01,True,
RGI60-13.38327,geodetic_temp_bias,106.0,-3.313628564922095,6.4446304870792845,5.0,2000-01-01_2020-01-01,True,
RGI60-13.38328,geodetic_temp_bias,-18.4,-1.7835010582609516,5.574049499276345,17.0,2000-01-01_2020-01-01,True,
RGI60-13.38329,geodetic_temp_bias,-63.9,-3.313628564922095,8.361074248914516,4.3501090421486674,2000-01-01_2020-01-01,True,
RGI60-13.38330,geodetic_temp_bias,162.5,-3.313628564922095,8.361074248914516,4.765449979265683,2000-01-01_2020-01-01,True,
RGI60-13.38331,geodetic_temp_bias,247.79999999999998,-3.313628564922095,8.361074248914516,2.2385145473000367,2000-01-01_2020-01-01,True,
RGI60-13.38332,geodetic_temp_bias,270.4,-2.8109826882665923,5.574049499276345,17.0,2000-01-01_2020-01-01,True,
RGI60-13.38333,geodetic_temp_bias,39.300000000000004,-3.313628564922095,7.0342124439899845,5.0,2000-01-01_2020-01-01,True,
RGI60-13.38334,geodetic_temp_bias,-12.3,-3.313628564922095,5.574049499276345,6.245790240751245,2000-01-01_2020-01-01,True,
RGI60-13.38335,geodetic_temp_bias,106.6,-3.313628564922095,8.361074248914516,4.2038972774249315,2000-01-01_2020-01-01,True,
RGI60-13.38336,geodetic_temp_bias,-306.3,-3.313628564922095,5.574049499276345,11.442889882045058,2000-01-01_2020-01-01,True,
RGI60-13.38337,geodetic_temp_bias,-37.0,-2.552376982378736,5.574049499276345,17.0,2000-01-01_2020-01-01,True,
RGI60-13.38338,geodetic_temp_bias,212.60000000000002,-2.5200646332442633,5.574049499276345,17.0,2000-01-01_2020-01-01,True,
RGI60-13.38339,geodetic_temp_bias,2.7,-3.313628564922095,7.74323528010323,5.0,2000-01-01_2020-01-01,True,
RGI60-13.38340,geodetic_temp_bias,3.9,-3.313628564922095,8.361074248914516,4.763376949775337,2000-01-01_2020-01-01,True,
RGI60-13.38341,geodetic_temp_bias,149.29999999999998,-3.581583897139613,7.7635592969131855,3.548161966256771,2000-01-01_2020-01-01,True,
RGI60-13.38342,geodetic_temp_bias,221.5,-3.581583897139613,7.7635592969131855,4.993452929950845,2000-01-01_2020-01-01,True,
RGI60-13.38343,geodetic_temp_bias,-192.6,-3.1830104377735244,5.175706197942124,17.0,2000-01-01_2020-01-01,True,
RGI60-13.38344,geodetic_temp_bias,147.5,-3.581583897139613,5.437099640046979,5.0,2000-01-01_2020-01-01,True,
RGI60-13.38345,geodetic_temp_bias,154.70000000000002,-3.581583897139613,7.7635592969131855,4.138235835545245,2000-01-01_2020-01-01,True,
RGI60-13.38346,geodetic_temp_bias,17.6,-3.4700533116700507,5.175706197942124,17.0,2000-01-01_2020-01-01,True,
RGI60-13.38347,geodetic_temp_bias,194.89999999999998,-3.581583897139613,6.350905579893541,5.0,2000-01-01_2020-01-01,True,
RGI60-13.38348,geodetic_temp_bias,186.70000000000002,-1.8352976525592004,5.506257059307301,17.0,2000-01-01_2020-01-01,True,
RGI60-13.38349,geodetic_temp_bias,220.29999999999998,-3.581583897139613,7.7635592969131855,2.1480175586675787,2000-01-01_2020-01-01,True,
RGI60-13.38350,geodetic_temp_bias,73.7,-3.581583897139613,5.175706197942124,9.017631591655698,2000-01-01_2020-01-01,True,
RGI60-13.38351,geodetic_temp_bias,-73.0,-3.4960473373252614,5.175706197942124,17.0,2000-01-01_2020-01-01,True,
RGI60-13.38352,geodetic_temp_bias,73.3,-3.581583897139613,7.7635592969131855,3.748722861866032,2000-01-01_2020-01-01,True,
RGI60-13.38353,geodetic_temp_bias,282.6,-3.581583897139613,7.7635592969131855,2.5724343533260856,2000-01-01_2020-01-01,True,
RGI60-13.38354,geodetic_temp_bias,-319.5,1.796264026125158,5.506257059307301,17.0,2000-01-01_2020-01-01,True,
RGI60-13.38355,geodetic_temp_bias,85.2,-3.581583897139613,7.7635592969131855,2.795723273905847,2000-01-01_2020-01-01,True,
RGI60-13.38356,geodetic_temp_bias,115.4,-3.581583897139613,6.5885356512300515,5.0,2000-01-01_2020-01-01,True,
RGI60-13.38357,geodetic_temp_bias,-906.3,0.3075588714927937,5.506257059307301,17.0,2000-01-01_2020-01-01,True,
RGI60-13.38358,geodetic_temp_bias,-26.0,-1.2129161087433868,5.506257059307301,17.0,2000-01-01_2020-01-01,True,
RGI60-13.38359,geodetic_temp_bias,22.1,-1.659311738547398,5.506257059307301,17.0,2000-01-01_2020-01-01,True,
RGI60-13.38360,geodetic_temp_bias,290.3,-3.581583897139613,7.7635592969131855,2.469154020477001,2000-01-01_2020-01-01,True,
RGI60-13.38361,geodetic_temp_bias,18.5,-1.9536562254356686,5.506257059307301,17.0,2000-01-01_2020-01-01,True,
RGI60-13.38362,geodetic_temp_bias,-17.4,-3.581583897139613,6.41961730033376,5.0,2000-01-01_2020-01-01,True,
RGI60-13.38363,geodetic_temp_bias,126.0,-3.581583897139613,7.7635592969131855,2.0894460141761213,2000-01-01_2020-01-01,True,
RGI60-13.38364,geodetic_temp_bias,314.0,-2.4209515099688006,8.259385588960951,3.523743068924525,2000-01-01_2020-01-01,True,
RGI60-13.38365,scalar,,,,,,True,
RGI60-13.38366,geodetic_temp_bias,19.900000000000002,-2.4209515099688006,5.506257059307301,6.923131642528008,2000-01-01_2020-01-01,True,
RGI60-13.38367,geodetic_temp_bias,226.8,-2.4209515099688006,5.506257059307301,11.773795600887144,2000-01-01_2020-01-01,True,
RGI60-13.38368,geodetic_temp_bias,275.3,-3.9375749286182895,8.16099241837909,1.53667540620098,2000-01-01_2020-01-01,True,
RGI60-13.38369,geodetic_temp_bias,335.5,-3.9375749286182895,5.580839131003237,5.0,2000-01-01_2020-01-01,True,
RGI60-13.38370,geodetic_temp_bias,239.1,-4.807509460353401,5.572203403254942,17.0,2000-01-01_2020-01-01,True,
RGI60-13.38371,geodetic_temp_bias,160.0,-3.842539201991059,5.572203403254942,17.0,2000-01-01_2020-01-01,True,
RGI60-13.38372,geodetic_temp_bias,392.29999999999995,-3.9375749286182895,6.8744264085457365,5.0,2000-01-01_2020-01-01,True,
RGI60-13.38373,geodetic_temp_bias,76.1,-3.9375749286182895,8.16099241837909,2.619372435603606,2000-01-01_2020-01-01,True,
RGI60-13.38374,geodetic_temp_bias,247.1,-5.030864525597357,5.572203403254942,17.0,2000-01-01_2020-01-01,True,
RGI60-13.38375,scalar,,,,,,True,
RGI60-13.38376,geodetic_temp_bias,401.0,-3.9375749286182895,7.267365451766003,5.0,2000-01-01_2020-01-01,True,
RGI60-13.38377,geodetic_temp_bias,214.7,-3.9375749286182895,7.367684526628312,5.0,2000-01-01_2020-01-01,True,
RGI60-13.38378,geodetic_temp_bias,449.40000000000003,-3.9375749286182895,7.4521402227797875,5.0,2000-01-01_2020-01-01,True,
RGI60-13.38379,geodetic_temp_bias,254.80000000000004,-5.735954141992424,5.572203403254942,17.0,2000-01-01_2020-01-01,True,
RGI60-13.38380,geodetic_temp_bias,435.90000000000003,-4.677567262436009,8.16099241837909,1.5,2000-01-01_2020-01-01,True,
RGI60-13.38381,geodetic_temp_bias,135.2,-3.9375749286182895,5.440661612252727,5.5241276698077515,2000-01-01_2020-01-01,True,
RGI60-13.38382,geodetic_temp_bias,293.8,-3.9375749286182895,8.16099241837909,4.621163545463318,2000-01-01_2020-01-01,True,
RGI60-13.38383,geodetic_temp_bias,458.6,-6.087802818421865,8.16099241837909,1.5,2000-01-01_2020-01-01,True,
RGI60-13.38384,geodetic_temp_bias,231.2,-4.81445403594321,5.572203403254942,17.0,2000-01-01_2020-01-01,True,
RGI60-13.38385,geodetic_temp_bias,296.8,-3.9375749286182895,8.16099241837909,2.975004279088405,2000-01-01_2020-01-01,True,
RGI60-13.38386,geodetic_temp_bias,-59.2,-3.9375749286182895,5.440661612252727,6.901101989421266,2000-01-01_2020-01-01,True,
RGI60-13.38387,geodetic_temp_bias,169.5,-2.8081402991821327,5.572203403254942,17.0,2000-01-01_2020-01-01,True,
RGI60-13.38388,geodetic_temp_bias,-113.0,-3.9375749286182895,7.846794727311587,5.0,2000-01-01_2020-01-01,True,
RGI60-13.38389,geodetic_temp_bias,76.2,-3.9375749286182895,5.440661612252727,5.830851289182026,2000-01-01_2020-01-01,True,
RGI60-13.38390,geodetic_temp_bias,87.5,-3.9375749286182895,5.440661612252727,6.498588543638745,2000-01-01_2020-01-01,True,
RGI60-13.38391,geodetic_temp_bias,-139.0,-3.696400653593477,5.440661612252727,17.0,2000-01-01_2020-01-01,True,
RGI60-13.38392,geodetic_temp_bias,-14.1,-3.9375749286182895,7.623660279205303,5.0,2000-01-01_2020-01-01,True,
RGI60-13.38393,geodetic_temp_bias,215.60000000000002,-3.886188521971945,5.572203403254942,17.0,2000-01-01_2020-01-01,True,
RGI60-13.38394,geodetic_temp_bias,151.10000000000002,-3.508359874031575,5.572203403254942,17.0,2000-01-01_2020-01-01,True,
RGI60-13.38395,geodetic_temp_bias,344.4,-5.751407201360999,6.0857715754071435,5.0,2000-01-01_2020-01-01,True,
RGI60-13.38396,geodetic_temp_bias,231.9,-5.2734655067487655,5.572203403254942,17.0,2000-01-01_2020-01-01,True,
RGI60-13.38397,geodetic_temp_bias,63.8,-3.9375749286182895,6.604463814404971,5.0,2000-01-01_2020-01-01,True,
RGI60-13.38398,geodetic_temp_bias,-204.65888913841167,-0.5655998716215578,5.572203403254942,17.0,2000-01-01_2020-01-01,True,
RGI60-13.38399,scalar,,,,,,True,
RGI60-13.38400,geodetic_temp_bias,102.1,-3.9375749286182895,8.16099241837909,1.8730867627247063,2000-01-01_2020-01-01,True,
RGI60-13.38401,geodetic_temp_bias,39.1,-3.9375749286182895,8.136903467969715,5.0,2000-01-01_2020-01-01,True,
RGI60-13.38402,geodetic_temp_bias,299.70000000000005,-3.874922697777869,5.572203403254942,17.0,2000-01-01_2020-01-01,True,
RGI60-13.38403,geodetic_temp_bias,239.9,-4.528760261379393,5.572203403254942,17.0,2000-01-01_2020-01-01,True,
RGI60-13.38404,geodetic_temp_bias,414.8,-5.751407201360999,7.341128888119334,5.0,2000-01-01_2020-01-01,True,
RGI60-13.38405,geodetic_temp_bias,161.0,-3.9375749286182895,5.440661612252727,6.859039553275678,2000-01-01_2020-01-01,True,
RGI60-13.38406,geodetic_temp_bias,254.0,-4.207730485551428,5.572203403254942,17.0,2000-01-01_2020-01-01,True,
RGI60-13.38407,geodetic_temp_bias,177.9,-3.9375749286182895,8.16099241837909,4.580016360491774,2000-01-01_2020-01-01,True,
RGI60-13.38408,geodetic_temp_bias,190.4,-3.9375749286182895,8.16099241837909,2.0376615337084782,2000-01-01_2020-01-01,True,
RGI60-13.38409,scalar,,,,,,True,
RGI60-13.38410,geodetic_temp_bias,29.1,-3.9375749286182895,8.16099241837909,3.126378720203871,2000-01-01_2020-01-01,True,
RGI60-13.38411,geodetic_temp_bias,115.6,-3.9375749286182895,8.16099241837909,4.875611188964694,2000-01-01_2020-01-01,True,
RGI60-13.38412,geodetic_temp_bias,250.5,-3.846576324381973,5.440661612252727,17.0,2000-01-01_2020-01-01,True,
RGI60-13.38413,geodetic_temp_bias,120.7,-3.9375749286182895,8.16099241837909,3.26397478706801,2000-01-01_2020-01-01,True,
RGI60-13.38414,geodetic_temp_bias,-103.4,-3.9375749286182895,8.080593194513005,5.0,2000-01-01_2020-01-01,True,
RGI60-13.38415,geodetic_temp_bias,27.799999999999997,-3.9375749286182895,8.16099241837909,3.1598363838539285,2000-01-01_2020-01-01,True,
RGI60-13.38416,geodetic_temp_bias,246.10000000000002,-1.1756643780718368,5.572203403254942,17.0,2000-01-01_2020-01-01,True,
RGI60-13.38417,geodetic_temp_bias,-235.5,-3.9375749286182895,5.440661612252727,5.250409709795779,2000-01-01_2020-01-01,True,
RGI60-13.38418,geodetic_temp_bias,-43.3,-3.9375749286182895,6.678745695478676,5.0,2000-01-01_2020-01-01,True,
RGI60-13.38419,geodetic_temp_bias,172.8,-3.9375749286182895,8.16099241837909,4.128987356170796,2000-01-01_2020-01-01,True,
RGI60-13.38420,geodetic_temp_bias,380.90000000000003,-3.9375749286182895,7.718898706601524,5.0,2000-01-01_2020-01-01,True,
RGI60-13.38421,geodetic_temp_bias,223.1,-4.026345988057515,5.572203403254942,17.0,2000-01-01_2020-01-01,True,
RGI60-13.38422,geodetic_temp_bias,6.6,-3.9375749286182895,8.108016501503016,5.0,2000-01-01_2020-01-01,True,
RGI60-13.38423,geodetic_temp_bias,260.90000000000003,-5.751407201360999,5.858218050796804,5.0,2000-01-01_2020-01-01,True,
RGI60-13.38424,geodetic_temp_bias,211.29999999999998,-3.9375749286182895,8.16099241837909,4.52473408637369,2000-01-01_2020-01-01,True,
RGI60-13.38425,geodetic_temp_bias,344.0,-5.751407201360999,6.081461257117212,5.0,2000-01-01_2020-01-01,True,
RGI60-13.38426,geodetic_temp_bias,16.2,-3.9375749286182895,6.018197280738639,5.0,2000-01-01_2020-01-01,True,
RGI60-13.38427,geodetic_temp_bias,225.3,-3.9375749286182895,8.16099241837909,2.564541741041666,2000-01-01_2020-01-01,True,
RGI60-13.38428,geodetic_temp_bias,115.2,-3.9375749286182895,8.16099241837909,3.0678906184858046,2000-01-01_2020-01-01,True,
RGI60-13.38429,geodetic_temp_bias,464.1,-3.9375749286182895,7.656497002233499,5.0,2000-01-01_2020-01-01,True,
RGI60-13.38430,geodetic_temp_bias,222.0,-3.9375749286182895,8.16099241837909,3.11305232192683,2000-01-01_2020-01-01,True,
RGI60-13.38431,geodetic_temp_bias,11.1,-3.9375749286182895,6.438077814108613,5.0,2000-01-01_2020-01-01,True,
RGI60-13.38432,geodetic_temp_bias,-45.400000000000006,-3.9375749286182895,8.16099241837909,2.768346206996289,2000-01-01_2020-01-01,True,
RGI60-13.38433,geodetic_temp_bias,34.3,-3.9375749286182895,6.868711952822174,5.0,2000-01-01_2020-01-01,True,
RGI60-13.38434,geodetic_temp_bias,188.1,-3.9375749286182895,6.16590784300993,5.0,2000-01-01_2020-01-01,True,
RGI60-13.38435,scalar,,,,,,True,
RGI60-13.38436,geodetic_temp_bias,13.4,-3.9375749286182895,8.16099241837909,3.0581894102268024,2000-01-01_2020-01-01,True,
RGI60-13.38437,geodetic_temp_bias,153.4,-3.9375749286182895,8.16099241837909,3.3471689165188527,2000-01-01_2020-01-01,True,
RGI60-13.38438,geodetic_temp_bias,426.59999999999997,-5.751407201360999,7.538298937481668,5.0,2000-01-01_2020-01-01,True,
RGI60-13.38439,geodetic_temp_bias,92.60000000000001,-3.9375749286182895,5.695737836399351,5.0,2000-01-01_2020-01-01,True,
RGI60-13.38440,geodetic_temp_bias,-195.3,-3.9375749286182895,5.440661612252727,8.07078873463049,2000-01-01_2020-01-01,True,
RGI60-13.38441,scalar,,,,,,True,
RGI60-13.38442,geodetic_temp_bias,106.39999999999999,-3.9375749286182895,7.113962829401032,5.0,2000-01-01_2020-01-01,True,
RGI60-13.38443,geodetic_temp_bias,52.3,-3.9375749286182895,8.16099241837909,2.515414555392292,2000-01-01_2020-01-01,True,
RGI60-13.38444,geodetic_temp_bias,-890.5999999999999,-0.5442309307171804,5.572203403254942,17.0,2000-01-01_2020-01-01,True,
RGI60-13.38445,geodetic_temp_bias,-321.6,-2.888089699388838,5.572203403254942,17.0,2000-01-01_2020-01-01,True,
RGI60-13.38446,geodetic_temp_bias,-186.6,-3.3239302648262394,5.440661612252727,17.0,2000-01-01_2020-01-01,True,
RGI60-13.38447,scalar,,,,,,True,
RGI60-13.38448,scalar,,,,,,True,
RGI60-13.38449,geodetic_temp_bias,184.2,-4.989625965711801,5.572203403254942,17.0,2000-01-01_2020-01-01,True,
RGI60-13.38450,geodetic_temp_bias,19.400000000000002,-3.9375749286182895,8.16099241837909,3.2187285869816287,2000-01-01_2020-01-01,True,
RGI60-13.38451,geodetic_temp_bias,183.0,-3.9375749286182895,8.16099241837909,2.49032609595928,2000-01-01_2020-01-01,True,
RGI60-13.38452,geodetic_temp_bias,314.7,-5.751407201360999,6.765356946587204,5.0,2000-01-01_2020-01-01,True,
RGI60-13.38453,geodetic_temp_bias,407.5,-5.751407201360999,7.200789538264841,5.0,2000-01-01_2020-01-01,True,
RGI60-13.38454,geodetic_temp_bias,236.8,-3.9375749286182895,6.035952667323744,5.0,2000-01-01_2020-01-01,True,
RGI60-13.38455,geodetic_temp_bias,162.70000000000002,-3.9375749286182895,7.607838164950077,5.0,2000-01-01_2020-01-01,True,
RGI60-13.38456,geodetic_temp_bias,248.5,-5.751407201360999,5.589547880960492,5.0,2000-01-01_2020-01-01,True,
RGI60-13.38457,geodetic_temp_bias,-106.7,-3.9375749286182895,5.440661612252727,5.5194148933958855,2000-01-01_2020-01-01,True,
RGI60-13.38458,geodetic_temp_bias,48.5,-3.9375749286182895,8.16099241837909,3.016412270995045,2000-01-01_2020-01-01,True,
RGI60-13.38459,geodetic_temp_bias,302.59999999999997,-5.751407201360999,5.629544634537829,5.0,2000-01-01_2020-01-01,True,
RGI60-13.38460,geodetic_temp_bias,241.60000000000002,-2.7807549185646088,5.572203403254942,17.0,2000-01-01_2020-01-01,True,
RGI60-13.38461,geodetic_temp_bias,108.10000000000001,-3.9375749286182895,8.16099241837909,2.20778109903764,2000-01-01_2020-01-01,True,
RGI60-13.38462,geodetic_temp_bias,360.9,-5.751407201360999,7.273252454263479,5.0,2000-01-01_2020-01-01,True,
RGI60-13.38463,geodetic_temp_bias,60.199999999999996,-3.1416382480864296,5.440661612252727,17.0,2000-01-01_2020-01-01,True,
RGI60-13.38464,geodetic_temp_bias,45.0,-3.9375749286182895,8.16099241837909,4.361229287922662,2000-01-01_2020-01-01,True,
RGI60-13.38465,geodetic_temp_bias,-141.3,-3.9375749286182895,8.16099241837909,4.204977280953637,2000-01-01_2020-01-01,True,
RGI60-13.38466,geodetic_temp_bias,252.1,-2.929042514565709,5.572203403254942,17.0,2000-01-01_2020-01-01,True,
RGI60-13.38467,geodetic_temp_bias,250.0,-3.3204045435156333,5.572203403254942,17.0,2000-01-01_2020-01-01,True,
RGI60-13.38468,geodetic_temp_bias,8.0,-3.254042163509059,5.440661612252727,17.0,2000-01-01_2020-01-01,True,
RGI60-13.38469,geodetic_temp_bias,-111.60000000000001,-2.426260887227837,5.572203403254942,17.0,2000-01-01_2020-01-01,True,
RGI60-13.38470,geodetic_temp_bias,449.40000000000003,-5.751407201360999,8.358305104882414,4.506059088404232,2000-01-01_2020-01-01,True,
RGI60-13.38471,geodetic_temp_bias,248.20000000000002,-3.9375749286182895,6.715309925043256,5.0,2000-01-01_2020-01-01,True,
RGI60-13.38472,geodetic_temp_bias,189.70000000000002,-3.9375749286182895,5.50499227137725,5.0,2000-01-01_2020-01-01,True,
RGI60-13.38473,scalar,,,,,,True,
RGI60-13.38474,geodetic_temp_bias,256.5,-5.744937640906395,5.572203403254942,17.0,2000-01-01_2020-01-01,True,
RGI60-13.38475,geodetic_temp_bias,119.2,-3.9375749286182895,5.440661612252727,8.7456010333824,2000-01-01_2020-01-01,True,
RGI60-13.38476,geodetic_temp_bias,46.4,-3.9375749286182895,7.6704320571492115,5.0,2000-01-01_2020-01-01,True,
RGI60-13.38477,geodetic_temp_bias,78.8,-3.9375749286182895,7.402504795894037,5.0,2000-01-01_2020-01-01,True,
RGI60-13.38478,geodetic_temp_bias,361.70000000000005,-5.751407201360999,7.675508371193296,5.0,2000-01-01_2020-01-01,True,
RGI60-13.38479,geodetic_temp_bias,178.1,-3.9375749286182895,5.440661612252727,12.687405091719555,2000-01-01_2020-01-01,True,
RGI60-13.38480,geodetic_temp_bias,323.1,-3.9375749286182895,8.16099241837909,3.0821859851809736,2000-01-01_2020-01-01,True,
RGI60-13.38481,geodetic_temp_bias,-91.7,-3.3543667236097936,5.440661612252727,17.0,2000-01-01_2020-01-01,True,
RGI60-13.38482,geodetic_temp_bias,2.3,-3.9375749286182895,8.16099241837909,3.3706010525118373,2000-01-01_2020-01-01,True,
RGI60-13.38483,geodetic_temp_bias,-77.0,-3.9375749286182895,5.440661612252727,7.717341801239382,2000-01-01_2020-01-01,True,
RGI60-13.38484,geodetic_temp_bias,367.8,-3.9375749286182895,8.16099241837909,2.5229983922942587,2000-01-01_2020-01-01,True,
RGI60-13.38485,geodetic_temp_bias,454.90000000000003,-5.87294101376366,8.358305104882414,1.5,2000-01-01_2020-01-01,True,
RGI60-13.38486,geodetic_temp_bias,214.0,-3.326864882417009,5.440661612252727,17.0,2000-01-01_2020-01-01,True,
RGI60-13.38487,geodetic_temp_bias,107.89999999999999,-4.737721297501678,5.572203403254942,17.0,2000-01-01_2020-01-01,True,
RGI60-13.38488,geodetic_temp_bias,166.4,-3.9375749286182895,8.16099241837909,1.5973576740614484,2000-01-01_2020-01-01,True,
RGI60-13.38489,geodetic_temp_bias,442.09999999999997,-5.751407201360999,7.83600361566331,5.0,2000-01-01_2020-01-01,True,
RGI60-13.38490,geodetic_temp_bias,96.3,-5.751407201360999,7.793803884233618,5.0,2000-01-01_2020-01-01,True,
RGI60-13.38491,geodetic_temp_bias,326.7,-3.9375749286182895,7.233714958302112,5.0,2000-01-01_2020-01-01,True,
RGI60-13.38492,geodetic_temp_bias,160.20000000000002,-5.751407201360999,6.900274528158408,5.0,2000-01-01_2020-01-01,True,
RGI60-13.38493,geodetic_temp_bias,291.1,-3.9375749286182895,7.139550243441259,5.0,2000-01-01_2020-01-01,True,
RGI60-13.38494,geodetic_temp_bias,71.8,-3.9375749286182895,8.16099241837909,2.204882972276087,2000-01-01_2020-01-01,True,
RGI60-13.38495,geodetic_temp_bias,201.8,-3.9375749286182895,8.16099241837909,2.5824171979894044,2000-01-01_2020-01-01,True,
RGI60-13.38496,geodetic_temp_bias,115.8,-3.2984745036479493,5.440661612252727,17.0,2000-01-01_2020-01-01,True,
RGI60-13.38497,geodetic_temp_bias,95.5,-3.0611819187039155,5.440661612252727,17.0,2000-01-01_2020-01-01,True,
RGI60-13.38498,geodetic_temp_bias,333.0,-3.9375749286182895,5.440661612252727,15.462994593572407,2000-01-01_2020-01-01,True,
RGI60-13.38499,geodetic_temp_bias,130.70000000000002,-3.5686658634058,5.440661612252727,17.0,2000-01-01_2020-01-01,True,
RGI60-13.38500,geodetic_temp_bias,229.7,-3.9375749286182895,8.16099241837909,4.65439277710219,2000-01-01_2020-01-01,True,
RGI60-13.38501,geodetic_temp_bias,331.0,-4.802203148476882,8.16099241837909,1.5,2000-01-01_2020-01-01,True,
RGI60-13.38502,geodetic_temp_bias,180.4,-3.9375749286182895,8.16099241837909,3.36599148644336,2000-01-01_2020-01-01,True,
RGI60-13.38503,geodetic_temp_bias,189.4,-3.9375749286182895,5.652068649996236,5.0,2000-01-01_2020-01-01,True,
RGI60-13.38504,geodetic_temp_bias,280.7,-3.9375749286182895,7.615483608393702,5.0,2000-01-01_2020-01-01,True,
RGI60-13.38505,geodetic_temp_bias,205.2,-3.9375749286182895,6.070473944506847,5.0,2000-01-01_2020-01-01,True,
RGI60-13.38506,geodetic_temp_bias,294.5,-4.306474909645603,8.16099241837909,1.5,2000-01-01_2020-01-01,True,
RGI60-13.38507,geodetic_temp_bias,263.6,-3.9375749286182895,8.16099241837909,3.236824390899147,2000-01-01_2020-01-01,True,
RGI60-13.38508,geodetic_temp_bias,173.1,-3.9375749286182895,8.16099241837909,3.6455036901818842,2000-01-01_2020-01-01,True,
RGI60-13.38509,geodetic_temp_bias,174.2,-3.9375749286182895,7.398537645930931,5.0,2000-01-01_2020-01-01,True,
RGI60-13.38510,geodetic_temp_bias,19.7,-3.9375749286182895,8.16099241837909,2.210759601241329,2000-01-01_2020-01-01,True,
RGI60-13.38511,geodetic_temp_bias,107.0,-3.9375749286182895,8.16099241837909,4.200044446376148,2000-01-01_2020-01-01,True,
RGI60-13.38512,geodetic_temp_bias,16.8,-3.9375749286182895,8.16099241837909,4.1201468941800385,2000-01-01_2020-01-01,True,
RGI60-13.38513,geodetic_temp_bias,256.7,-3.9375749286182895,6.428689776272823,5.0,2000-01-01_2020-01-01,True,
RGI60-13.38514,geodetic_temp_bias,-307.8,-3.9375749286182895,5.440661612252727,14.773680982897364,2000-01-01_2020-01-01,True,
RGI60-13.38515,geodetic_temp_bias,42.9,-3.662627964496607,5.440661612252727,17.0,2000-01-01_2020-01-01,True,
RGI60-13.38516,geodetic_temp_bias,274.6,-5.751407201360999,7.278145668027137,5.0,2000-01-01_2020-01-01,True,
RGI60-13.38517,geodetic_temp_bias,171.7,-3.619224437456965,5.440661612252727,17.0,2000-01-01_2020-01-01,True,
RGI60-13.38518,geodetic_temp_bias,157.6,-3.9375749286182895,6.387058803311098,5.0,2000-01-01_2020-01-01,True,
RGI60-13.38519,geodetic_temp_bias,144.0,-3.9375749286182895,5.440661612252727,6.248098426297627,2000-01-01_2020-01-01,True,
RGI60-13.38520,geodetic_temp_bias,-252.5,-5.424532788213423,5.572203403254942,17.0,2000-01-01_2020-01-01,True,
RGI60-13.38521,geodetic_temp_bias,253.4,-3.9375749286182895,8.16099241837909,3.4169136835562766,2000-01-01_2020-01-01,True,
RGI60-13.38522,geodetic_temp_bias,179.4,-3.9375749286182895,6.399919874564422,5.0,2000-01-01_2020-01-01,True,
RGI60-13.38523,geodetic_temp_bias,232.2,-3.9375749286182895,8.16099241837909,1.9470940860686727,2000-01-01_2020-01-01,True,
RGI60-13.38524,geodetic_temp_bias,-242.4,-3.9375749286182895,8.16099241837909,2.566536530665344,2000-01-01_2020-01-01,True,
RGI60-13.38525,scalar,,,,,,True,
RGI60-13.38526,geodetic_temp_bias,135.8,-2.2676265303913645,5.440661612252727,17.0,2000-01-01_2020-01-01,True,
RGI60-13.38527,geodetic_temp_bias,150.29999999999998,-3.9375749286182895,5.470030787313041,5.0,2000-01-01_2020-01-01,True,
RGI60-13.38528,geodetic_temp_bias,-48.9,-3.9375749286182895,8.16099241837909,1.9862933378795606,2000-01-01_2020-01-01,True,
RGI60-13.38529,geodetic_temp_bias,250.5,-3.9375749286182895,6.161433201976502,5.0,2000-01-01_2020-01-01,True,
RGI60-13.38530,geodetic_temp_bias,290.8,-3.9375749286182895,8.16099241837909,4.82712436586627,2000-01-01_2020-01-01,True,
RGI60-13.38531,geodetic_temp_bias,59.1,-3.312682209974425,5.440661612252727,17.0,2000-01-01_2020-01-01,True,
RGI60-13.38532,geodetic_temp_bias,-48.800000000000004,-3.9375749286182895,8.16099241837909,2.603665955869638,2000-01-01_2020-01-01,True,
RGI60-13.38533,geodetic_temp_bias,356.1,-3.9375749286182895,6.79598938768062,5.0,2000-01-01_2020-01-01,True,
RGI60-13.38534,geodetic_temp_bias,38.3,-3.9375749286182895,8.16099241837909,1.9466651622468778,2000-01-01_2020-01-01,True,
RGI60-13.38535,geodetic_temp_bias,224.89999999999998,-3.9375749286182895,7.034648435796159,5.0,2000-01-01_2020-01-01,True,
RGI60-13.38536,geodetic_temp_bias,-21.4,-3.9375749286182895,5.440661612252727,8.239587916722744,2000-01-01_2020-01-01,True,
RGI60-13.38537,geodetic_temp_bias,370.0,-3.9375749286182895,8.16099241837909,4.222819103220002,2000-01-01_2020-01-01,True,
RGI60-13.38538,geodetic_temp_bias,259.7,-4.9771639461567405,8.16099241837909,1.5,2000-01-01_2020-01-01,True,
RGI60-13.38539,geodetic_temp_bias,351.4,-3.9375749286182895,5.715827200485687,5.0,2000-01-01_2020-01-01,True,
RGI60-13.38540,geodetic_temp_bias,342.6,-3.9375749286182895,8.16099241837909,3.112520384883293,2000-01-01_2020-01-01,True,
RGI60-13.38541,geodetic_temp_bias,232.3,-3.9375749286182895,7.083260286321851,5.0,2000-01-01_2020-01-01,True,
RGI60-13.38542,geodetic_temp_bias,425.09999999999997,-3.9375749286182895,8.16099241837909,3.1182520860478586,2000-01-01_2020-01-01,True,
RGI60-13.38543,geodetic_temp_bias,89.30000000000001,-3.9375749286182895,5.440661612252727,8.193494843353374,2000-01-01_2020-01-01,True,
RGI60-13.38544,geodetic_temp_bias,107.1,-3.9375749286182895,7.781729099669449,5.0,2000-01-01_2020-01-01,True,
RGI60-13.38545,geodetic_temp_bias,-198.3,-3.9375749286182895,5.440661612252727,5.094731493334066,2000-01-01_2020-01-01,True,
RGI60-13.38546,geodetic_temp_bias,86.2,-2.747996890362402,5.440661612252727,17.0,2000-01-01_2020-01-01,True,
RGI60-13.38547,geodetic_temp_bias,-142.7,-3.538804918199973,5.440661612252727,17.0,2000-01-01_2020-01-01,True,
RGI60-13.38548,geodetic_temp_bias,-47.4,-3.9375749286182895,7.625326870078621,5.0,2000-01-01_2020-01-01,True,
RGI60-13.38549,geodetic_temp_bias,-72.1,-3.7151727368305063,5.440661612252727,17.0,2000-01-01_2020-01-01,True,
RGI60-13.38550,geodetic_temp_bias,139.0,-3.9375749286182895,5.440661612252727,8.235281323031849,2000-01-01_2020-01-01,True,
RGI60-13.38551,geodetic_temp_bias,173.8,-3.9375749286182895,8.16099241837909,4.69858452275896,2000-01-01_2020-01-01,True,
RGI60-13.38552,geodetic_temp_bias,155.9,-3.9375749286182895,8.16099241837909,1.6256963931439123,2000-01-01_2020-01-01,True,
RGI60-13.38553,geodetic_temp_bias,305.70000000000005,-3.9375749286182895,7.709635401035262,5.0,2000-01-01_2020-01-01,True,
RGI60-13.38554,geodetic_temp_bias,-269.4,-3.9375749286182895,5.440661612252727,11.725486455501116,2000-01-01_2020-01-01,True,
RGI60-13.38555,geodetic_temp_bias,90.80000000000001,-3.9375749286182895,8.16099241837909,2.677061444567987,2000-01-01_2020-01-01,True,
RGI60-13.38556,geodetic_temp_bias,193.6,-3.9375749286182895,8.16099241837909,3.367629273914054,2000-01-01_2020-01-01,True,
RGI60-13.38557,geodetic_temp_bias,227.20000000000002,-3.9375749286182895,8.16099241837909,3.5853106550683687,2000-01-01_2020-01-01,True,
RGI60-13.38558,geodetic_temp_bias,326.90000000000003,-3.9375749286182895,7.566263865859476,5.0,2000-01-01_2020-01-01,True,
RGI60-13.38559,geodetic_temp_bias,323.0,-3.9375749286182895,8.16099241837909,1.7175395609511015,2000-01-01_2020-01-01,True,
RGI60-13.38560,geodetic_temp_bias,223.89999999999998,-3.9375749286182895,7.342805469434134,5.0,2000-01-01_2020-01-01,True,
RGI60-13.38561,geodetic_temp_bias,145.2,-3.9375749286182895,8.16099241837909,2.003990338612575,2000-01-01_2020-01-01,True,
RGI60-13.38562,geodetic_temp_bias,76.8,-3.9375749286182895,7.984377942201287,5.0,2000-01-01_2020-01-01,True,
RGI60-13.38563,geodetic_temp_bias,146.3,-3.9375749286182895,8.16099241837909,1.8576626800694913,2000-01-01_2020-01-01,True,
RGI60-13.38564,geodetic_temp_bias,294.20000000000005,-5.507207142175794,8.16099241837909,1.5,2000-01-01_2020-01-01,True,
RGI60-13.38565,geodetic_temp_bias,-79.9,-3.7100260626891917,5.440661612252727,17.0,2000-01-01_2020-01-01,True,
RGI60-13.38566,geodetic_temp_bias,-111.69999999999999,-3.9375749286182895,5.440661612252727,7.988647026873672,2000-01-01_2020-01-01,True,
RGI60-13.38567,geodetic_temp_bias,388.0,-4.55988165821001,8.16099241837909,1.5,2000-01-01_2020-01-01,True,
RGI60-13.38568,geodetic_temp_bias,397.5,-5.003481953628108,8.16099241837909,1.5,2000-01-01_2020-01-01,True,
RGI60-13.38569,geodetic_temp_bias,261.5,-3.9375749286182895,8.16099241837909,4.558359492167623,2000-01-01_2020-01-01,True,
RGI60-13.38570,geodetic_temp_bias,218.70000000000002,-3.9375749286182895,5.760219791124953,5.0,2000-01-01_2020-01-01,True,
RGI60-13.38571,geodetic_temp_bias,119.4,-3.9375749286182895,7.982737206703238,5.0,2000-01-01_2020-01-01,True,
RGI60-13.38572,geodetic_temp_bias,103.0,-3.9375749286182895,8.16099241837909,3.174601115214288,2000-01-01_2020-01-01,True,
RGI60-13.38573,geodetic_temp_bias,-380.09999999999997,-3.8450861981147266,5.440661612252727,17.0,2000-01-01_2020-01-01,True,
RGI60-13.38574,geodetic_temp_bias,213.0,-4.298236720956253,8.16099241837909,1.5,2000-01-01_2020-01-01,True,
RGI60-13.38575,geodetic_temp_bias,215.5,-3.9375749286182895,8.16099241837909,3.9138688850003125,2000-01-01_2020-01-01,True,
RGI60-13.38576,geodetic_temp_bias,219.1,-3.9375749286182895,8.16099241837909,1.7025544258489982,2000-01-01_2020-01-01,True,
RGI60-13.38577,geodetic_temp_bias,147.2,-3.9375749286182895,8.16099241837909,3.3742118814374384,2000-01-01_2020-01-01,True,
RGI60-13.38578,geodetic_temp_bias,96.5,-3.9375749286182895,8.16099241837909,4.135811255427959,2000-01-01_2020-01-01,True,
RGI60-13.38579,geodetic_temp_bias,155.0,-3.9375749286182895,8.16099241837909,2.68953108862505,2000-01-01_2020-01-01,True,
RGI60-13.38580,geodetic_temp_bias,-806.6,-3.0951100694798943,5.440661612252727,17.0,2000-01-01_2020-01-01,True,
RGI60-13.38581,geodetic_temp_bias,149.60000000000002,-3.7494990090557487,5.440661612252727,17.0,2000-01-01_2020-01-01,True,
RGI60-13.38582,geodetic_temp_bias,379.40000000000003,-5.046372875350802,8.16099241837909,1.5,2000-01-01_2020-01-01,True,
RGI60-13.38583,geodetic_temp_bias,170.2,-3.9375749286182895,5.440661612252727,5.240206621937119,2000-01-01_2020-01-01,True,
RGI60-13.38584,geodetic_temp_bias,416.7,-4.152950018312777,8.16099241837909,1.5,2000-01-01_2020-01-01,True,
RGI60-13.38585,geodetic_temp_bias,82.4,-3.9375749286182895,5.440661612252727,14.978991979187807,2000-01-01_2020-01-01,True,
RGI60-13.38586,geodetic_temp_bias,284.6,-3.9375749286182895,7.841138432778447,5.0,2000-01-01_2020-01-01,True,
RGI60-13.38587,geodetic_temp_bias,9.799999999999999,-3.9375749286182895,6.355215792400943,5.0,2000-01-01_2020-01-01,True,
RGI60-13.38588,geodetic_temp_bias,190.8,-3.9375749286182895,8.16099241837909,4.116456357316468,2000-01-01_2020-01-01,True,
RGI60-13.38589,geodetic_temp_bias,-116.9,-3.9375749286182895,5.440661612252727,8.262651503747286,2000-01-01_2020-01-01,True,
RGI60-13.38590,geodetic_temp_bias,-4.8999999999999995,-3.9375749286182895,5.440661612252727,16.404849748512472,2000-01-01_2020-01-01,True,
RGI60-13.38591,geodetic_temp_bias,168.1,-3.9375749286182895,8.051859861665092,5.0,2000-01-01_2020-01-01,True,
RGI60-13.38592,geodetic_temp_bias,201.1,-3.9375749286182895,8.16099241837909,3.2083331412055633,2000-01-01_2020-01-01,True,
RGI60-13.38593,geodetic_temp_bias,83.3,-3.9375749286182895,8.16099241837909,3.9534251103297544,2000-01-01_2020-01-01,True,
RGI60-13.38594,geodetic_temp_bias,147.9,-3.9375749286182895,5.959857451467905,5.0,2000-01-01_2020-01-01,True,
RGI60-13.38595,geodetic_temp_bias,370.40000000000003,-4.306052045052887,8.16099241837909,1.5,2000-01-01_2020-01-01,True,
RGI60-13.38596,geodetic_temp_bias,29.0,-3.9375749286182895,5.440661612252727,5.246258317506999,2000-01-01_2020-01-01,True,
RGI60-13.38597,geodetic_temp_bias,257.1,-3.9375749286182895,6.795364857576548,5.0,2000-01-01_2020-01-01,True,
RGI60-13.38598,geodetic_temp_bias,53.6,-3.9375749286182895,8.16099241837909,3.6490036402912813,2000-01-01_2020-01-01,True,
RGI60-13.38599,geodetic_temp_bias,244.4,-3.9375749286182895,8.16099241837909,2.636105973368508,2000-01-01_2020-01-01,True,
RGI60-13.38600,scalar,,,,,,True,
RGI60-13.38601,geodetic_temp_bias,169.9,-3.9375749286182895,6.596514867101126,5.0,2000-01-01_2020-01-01,True,
RGI60-13.38602,geodetic_temp_bias,219.79999999999998,-3.9375749286182895,8.16099241837909,4.199654370660966,2000-01-01_2020-01-01,True,
RGI60-13.38603,geodetic_temp_bias,241.0,-3.9375749286182895,5.484416438834063,5.0,2000-01-01_2020-01-01,True,
RGI60-13.38604,geodetic_temp_bias,270.1,-3.9375749286182895,5.878784231417074,5.0,2000-01-01_2020-01-01,True,
RGI60-13.38605,geodetic_temp_bias,153.10000000000002,-3.9375749286182895,7.558953957095652,5.0,2000-01-01_2020-01-01,True,
RGI60-13.38606,geodetic_temp_bias,130.39999999999998,-3.894013632290884,5.440661612252727,17.0,2000-01-01_2020-01-01,True,
RGI60-13.38607,geodetic_temp_bias,169.6,-3.9375749286182895,5.440661612252727,5.231300718074598,2000-01-01_2020-01-01,True,
RGI60-13.38608,geodetic_temp_bias,-42.0,-3.9375749286182895,5.440661612252727,6.454161370965847,2000-01-01_2020-01-01,True,
RGI60-13.38609,geodetic_temp_bias,272.5,-3.9375749286182895,8.16099241837909,2.4626927073010547,2000-01-01_2020-01-01,True,
RGI60-13.38610,geodetic_temp_bias,202.3,-3.9375749286182895,8.16099241837909,1.7493118188587367,2000-01-01_2020-01-01,True,
RGI60-13.38611,geodetic_temp_bias,134.6,-3.9375749286182895,6.347093687723358,5.0,2000-01-01_2020-01-01,True,
RGI60-13.38612,geodetic_temp_bias,39.4,-3.9375749286182895,5.440661612252727,8.086355740254287,2000-01-01_2020-01-01,True,
RGI60-13.38613,geodetic_temp_bias,172.0,-3.9375749286182895,8.16099241837909,2.363227129403784,2000-01-01_2020-01-01,True,
RGI60-13.38614,geodetic_temp_bias,428.4,-4.976795284781054,8.16099241837909,1.5,2000-01-01_2020-01-01,True,
RGI60-13.38615,geodetic_temp_bias,75.7,-3.9375749286182895,7.797396086863892,5.0,2000-01-01_2020-01-01,True,
RGI60-13.38616,geodetic_temp_bias,182.79999999999998,-3.9375749286182895,5.715925475136741,5.0,2000-01-01_2020-01-01,True,
RGI60-13.38617,geodetic_temp_bias,252.4,-3.9375749286182895,8.16099241837909,1.8105102038321848,2000-01-01_2020-01-01,True,
RGI60-13.38618,geodetic_temp_bias,-204.65888913841167,-3.9375749286182895,5.440661612252727,5.17756090115815,2000-01-01_2020-01-01,True,
RGI60-13.38619,geodetic_temp_bias,29.5,-3.5320536490560746,5.440661612252727,17.0,2000-01-01_2020-01-01,True,
RGI60-13.38620,geodetic_temp_bias,198.7,-3.9375749286182895,7.961443103016851,5.0,2000-01-01_2020-01-01,True,
RGI60-13.38621,geodetic_temp_bias,197.4,-3.9375749286182895,8.16099241837909,3.5687705501916582,2000-01-01_2020-01-01,True,
RGI60-13.38622,geodetic_temp_bias,175.6,-3.9375749286182895,8.16099241837909,2.2139585727036586,2000-01-01_2020-01-01,True,
RGI60-13.38623,geodetic_temp_bias,323.1,-3.9375749286182895,8.16099241837909,3.3067547625943083,2000-01-01_2020-01-01,True,
RGI60-13.38624,geodetic_temp_bias,177.1,-3.9375749286182895,8.16099241837909,3.700911730430433,2000-01-01_2020-01-01,True,
RGI60-13.38625,geodetic_temp_bias,-314.5,-3.9375749286182895,5.440661612252727,16.43744531592135,2000-01-01_2020-01-01,True,
RGI60-13.38626,geodetic_temp_bias,-50.9,-3.9375749286182895,5.440661612252727,7.600049811195089,2000-01-01_2020-01-01,True,
RGI60-13.38627,geodetic_temp_bias,65.69999999999999,-3.9375749286182895,6.294560865664183,5.0,2000-01-01_2020-01-01,True,
RGI60-13.38628,geodetic_temp_bias,-50.1,-3.8698149747104735,5.440661612252727,17.0,2000-01-01_2020-01-01,True,
RGI60-13.38629,geodetic_temp_bias,459.3,-5.30012039670606,8.16099241837909,1.5,2000-01-01_2020-01-01,True,
RGI60-13.38630,geodetic_temp_bias,488.0,-5.0237906855342755,8.16099241837909,1.5,2000-01-01_2020-01-01,True,
RGI60-13.38631,geodetic_temp_bias,29.3,-3.9375749286182895,8.16099241837909,3.668067325234473,2000-01-01_2020-01-01,True,
RGI60-13.38632,geodetic_temp_bias,188.79999999999998,-3.9375749286182895,8.16099241837909,2.5874816906190583,2000-01-01_2020-01-01,True,
RGI60-13.38633,geodetic_temp_bias,134.7,-3.9375749286182895,8.16099241837909,2.6057010324890033,2000-01-01_2020-01-01,True,
RGI60-13.38634,geodetic_temp_bias,207.1,-3.9375749286182895,8.16099241837909,3.1265825566964196,2000-01-01_2020-01-01,True,
RGI60-13.38635,geodetic_temp_bias,151.7,-3.9375749286182895,8.16099241837909,3.765122646308267,2000-01-01_2020-01-01,True,
RGI60-13.38636,geodetic_temp_bias,413.2,-4.1257805404380585,8.16099241837909,1.5,2000-01-01_2020-01-01,True,
RGI60-13.38637,geodetic_temp_bias,202.9,-3.9375749286182895,7.085889837893385,5.0,2000-01-01_2020-01-01,True,
RGI60-13.38638,geodetic_temp_bias,230.3,-3.9375749286182895,8.16099241837909,2.2659026024910407,2000-01-01_2020-01-01,True,
RGI60-13.38639,geodetic_temp_bias,399.9,-4.922251097296049,8.16099241837909,1.5,2000-01-01_2020-01-01,True,
RGI60-13.38640,geodetic_temp_bias,270.4,-3.9375749286182895,8.16099241837909,4.742317648645036,2000-01-01_2020-01-01,True,
RGI60-13.38641,geodetic_temp_bias,125.2,-3.9375749286182895,8.16099241837909,2.787407872480417,2000-01-01_2020-01-01,True,
RGI60-13.38642,geodetic_temp_bias,205.6,-3.9375749286182895,8.16099241837909,1.8939127834484064,2000-01-01_2020-01-01,True,
RGI60-13.38643,geodetic_temp_bias,141.9,-3.9375749286182895,8.16099241837909,3.348526464791693,2000-01-01_2020-01-01,True,
RGI60-13.38644,geodetic_temp_bias,345.9,-4.001190827044957,8.16099241837909,1.5,2000-01-01_2020-01-01,True,
RGI60-13.38645,geodetic_temp_bias,234.9,-3.9375749286182895,8.16099241837909,3.0835903831915994,2000-01-01_2020-01-01,True,
RGI60-13.38646,geodetic_temp_bias,-245.4,-3.9375749286182895,5.440661612252727,5.542217517149295,2000-01-01_2020-01-01,True,
RGI60-13.38647,geodetic_temp_bias,400.2,-4.925011679207021,8.16099241837909,1.5,2000-01-01_2020-01-01,True,
RGI60-13.38648,geodetic_temp_bias,242.9,-3.9375749286182895,8.16099241837909,2.1332195072528566,2000-01-01_2020-01-01,True,
RGI60-13.38649,geodetic_temp_bias,94.0,-3.9375749286182895,6.657541527303966,5.0,2000-01-01_2020-01-01,True,
RGI60-13.38650,geodetic_temp_bias,-124.5,-3.9375749286182895,8.16099241837909,2.82419016636441,2000-01-01_2020-01-01,True,
RGI60-13.38651,geodetic_temp_bias,163.3,-3.9375749286182895,8.16099241837909,3.8876501907329475,2000-01-01_2020-01-01,True,
RGI60-13.38652,geodetic_temp_bias,122.5,-3.9375749286182895,6.8624028672426585,5.0,2000-01-01_2020-01-01,True,
RGI60-13.38653,geodetic_temp_bias,416.8,-3.9375749286182895,8.16099241837909,2.694388428186012,2000-01-01_2020-01-01,True,
RGI60-13.38654,geodetic_temp_bias,419.70000000000005,-3.9375749286182895,7.176860837899424,5.0,2000-01-01_2020-01-01,True,
RGI60-13.38655,geodetic_temp_bias,195.39999999999998,-3.9375749286182895,7.94830487254113,5.0,2000-01-01_2020-01-01,True,
RGI60-13.38656,geodetic_temp_bias,130.0,-3.9375749286182895,8.16099241837909,2.701504698141212,2000-01-01_2020-01-01,True,
RGI60-13.38657,geodetic_temp_bias,39.800000000000004,-3.9375749286182895,8.16099241837909,2.2568774800330873,2000-01-01_2020-01-01,True,
RGI60-13.38658,geodetic_temp_bias,108.10000000000001,-3.9375749286182895,8.16099241837909,3.822142890870605,2000-01-01_2020-01-01,True,
RGI60-13.38659,geodetic_temp_bias,311.8,-3.9375749286182895,8.16099241837909,1.6541984148244975,2000-01-01_2020-01-01,True,
RGI60-13.38660,geodetic_temp_bias,352.6,-5.408960165790462,8.16099241837909,1.5,2000-01-01_2020-01-01,True,
RGI60-13.38661,geodetic_temp_bias,89.1,-3.9375749286182895,8.16099241837909,1.9113650137081524,2000-01-01_2020-01-01,True,
RGI60-13.38662,geodetic_temp_bias,64.8,-3.9375749286182895,8.16099241837909,1.7270826776345294,2000-01-01_2020-01-01,True,
RGI60-13.38663,geodetic_temp_bias,213.4,-5.751407201360999,8.358305104882414,4.2759465070468465,2000-01-01_2020-01-01,True,
RGI60-13.38664,geodetic_temp_bias,115.9,-5.751407201360999,5.572203403254942,5.20332928880325,2000-01-01_2020-01-01,True,
RGI60-13.38665,geodetic_temp_bias,149.0,-5.751407201360999,6.967233389173731,5.0,2000-01-01_2020-01-01,True,
RGI60-13.38666,geodetic_temp_bias,339.8,-5.751407201360999,6.252380505359779,5.0,2000-01-01_2020-01-01,True,
RGI60-13.38667,geodetic_temp_bias,330.1,-5.751407201360999,6.268747127394323,5.0,2000-01-01_2020-01-01,True,
RGI60-13.38668,geodetic_temp_bias,395.0,-5.751407201360999,8.358305104882414,3.337020617416571,2000-01-01_2020-01-01,True,
RGI60-13.38669,geodetic_temp_bias,103.4,-5.131017776188585,5.572203403254942,17.0,2000-01-01_2020-01-01,True,
RGI60-13.38670,geodetic_temp_bias,-175.9,-3.767033938712403,5.572203403254942,17.0,2000-01-01_2020-01-01,True,
RGI60-13.38671,geodetic_temp_bias,430.09999999999997,-5.751407201360999,7.832329505731117,5.0,2000-01-01_2020-01-01,True,
RGI60-13.38672,geodetic_temp_bias,330.2,-5.751407201360999,8.358305104882414,1.7285056425930285,2000-01-01_2020-01-01,True,
RGI60-13.38673,geodetic_temp_bias,349.5,-6.396084993562437,8.358305104882414,1.5,2000-01-01_2020-01-01,True,
RGI60-13.38674,geodetic_temp_bias,136.6,-5.751407201360999,5.572203403254942,5.919901316669032,2000-01-01_2020-01-01,True,
RGI60-13.38675,geodetic_temp_bias,419.3,-6.117959872513548,8.358305104882414,1.5,2000-01-01_2020-01-01,True,
RGI60-13.38676,geodetic_temp_bias,368.20000000000005,-5.751407201360999,8.358305104882414,2.552978269166733,2000-01-01_2020-01-01,True,
RGI60-13.38677,geodetic_temp_bias,72.9,-4.658804805394352,8.16099241837909,1.5,2000-01-01_2020-01-01,True,
RGI60-13.38678,geodetic_temp_bias,299.9,-6.073373403596356,8.358305104882414,1.5,2000-01-01_2020-01-01,True,
RGI60-13.38679,geodetic_temp_bias,104.7,-4.234730180954572,8.16099241837909,1.5,2000-01-01_2020-01-01,True,
RGI60-13.38680,geodetic_temp_bias,367.70000000000005,-6.425936817949332,8.358305104882414,1.5,2000-01-01_2020-01-01,True,
RGI60-13.38681,geodetic_temp_bias,170.1,-5.288800755608648,8.16099241837909,1.5,2000-01-01_2020-01-01,True,
RGI60-13.38682,scalar,,,,,,True,
RGI60-13.38683,geodetic_temp_bias,138.9,-4.799187880954218,8.16099241837909,1.5,2000-01-01_2020-01-01,True,
RGI60-13.38684,geodetic_temp_bias,261.6,-6.070413529252141,8.16099241837909,1.5,2000-01-01_2020-01-01,True,
RGI60-13.38685,geodetic_temp_bias,205.6,-6.327979797504294,8.16099241837909,1.5,2000-01-01_2020-01-01,True,
RGI60-13.38686,geodetic_temp_bias,-29.8,-5.751407201360999,8.358305104882414,4.3946582502942695,2000-01-01_2020-01-01,True,
RGI60-13.38687,geodetic_temp_bias,163.8,-4.983575826768151,8.16099241837909,1.5,2000-01-01_2020-01-01,True,
RGI60-13.38688,geodetic_temp_bias,10.7,-5.751407201360999,8.358305104882414,4.470738663916023,2000-01-01_2020-01-01,True,
RGI60-13.38689,geodetic_temp_bias,107.1,-5.751407201360999,5.572203403254942,11.744167624761502,2000-01-01_2020-01-01,True,
RGI60-13.38690,geodetic_temp_bias,-6.4,-5.751407201360999,8.358305104882414,3.4852478599117425,2000-01-01_2020-01-01,True,
RGI60-13.38691,geodetic_temp_bias,246.2,-5.751407201360999,6.216668015364365,5.0,2000-01-01_2020-01-01,True,
RGI60-13.38692,geodetic_temp_bias,408.2,-5.751407201360999,8.358305104882414,1.596854985592139,2000-01-01_2020-01-01,True,
RGI60-13.38693,geodetic_temp_bias,343.4,-5.751407201360999,8.358305104882414,4.476443470122208,2000-01-01_2020-01-01,True,
RGI60-13.38694,geodetic_temp_bias,346.8,-5.751407201360999,6.164544608664633,5.0,2000-01-01_2020-01-01,True,
RGI60-13.38695,geodetic_temp_bias,321.1,-5.751407201360999,8.358305104882414,4.216429260268227,2000-01-01_2020-01-01,True,
RGI60-13.38696,geodetic_temp_bias,61.199999999999996,-5.751407201360999,8.358305104882414,2.436495702501185,2000-01-01_2020-01-01,True,
RGI60-13.38697,geodetic_temp_bias,429.59999999999997,-6.052682011157391,8.358305104882414,1.5,2000-01-01_2020-01-01,True,
RGI60-13.38698,geodetic_temp_bias,-204.65888913841167,-3.5056988001675684,5.572203403254942,17.0,2000-01-01_2020-01-01,True,
RGI60-13.38699,geodetic_temp_bias,218.6,-3.6145354501305373,5.572203403254942,17.0,2000-01-01_2020-01-01,True,
RGI60-13.38700,geodetic_temp_bias,289.7,-4.34771210642795,5.572203403254942,17.0,2000-01-01_2020-01-01,True,
RGI60-13.38701,geodetic_temp_bias,448.2,-7.147261821843726,8.358305104882414,1.5,2000-01-01_2020-01-01,True,
RGI60-13.38702,geodetic_temp_bias,354.9,-5.49476756648237,8.16099241837909,1.5,2000-01-01_2020-01-01,True,
RGI60-13.38703,geodetic_temp_bias,364.20000000000005,-5.751407201360999,7.758468311787925,5.0,2000-01-01_2020-01-01,True,
RGI60-13.38704,geodetic_temp_bias,246.10000000000002,-5.751407201360999,8.358305104882414,3.3473916003355173,2000-01-01_2020-01-01,True,
RGI60-13.38705,geodetic_temp_bias,261.2,-6.593428333340786,8.358305104882414,1.5,2000-01-01_2020-01-01,True,
RGI60-13.38706,geodetic_temp_bias,467.9,-8.454124896057694,8.358305104882414,1.5,2000-01-01_2020-01-01,True,
RGI60-13.38707,geodetic_temp_bias,76.8,-5.751407201360999,8.358305104882414,3.332726931929538,2000-01-01_2020-01-01,True,
RGI60-13.38708,geodetic_temp_bias,113.0,-5.751407201360999,5.572203403254942,6.705508211556549,2000-01-01_2020-01-01,True,
RGI60-13.38709,geodetic_temp_bias,392.79999999999995,-6.0187525573199006,8.358305104882414,1.5,2000-01-01_2020-01-01,True,
RGI60-13.38710,geodetic_temp_bias,194.0,-5.751407201360999,6.244620280338166,5.0,2000-01-01_2020-01-01,True,
RGI60-13.38711,geodetic_temp_bias,440.59999999999997,-6.347439847773855,8.358305104882414,1.5,2000-01-01_2020-01-01,True,
RGI60-13.38712,geodetic_temp_bias,-101.7,-5.751407201360999,8.358305104882414,4.330801039187751,2000-01-01_2020-01-01,True,
RGI60-13.38713,geodetic_temp_bias,389.6,-5.751407201360999,8.358305104882414,2.867207874224568,2000-01-01_2020-01-01,True,
RGI60-13.38714,geodetic_temp_bias,274.1,-5.751407201360999,6.348701161389382,5.0,2000-01-01_2020-01-01,True,
RGI60-13.38715,geodetic_temp_bias,43.9,-5.751407201360999,8.358305104882414,1.7658617415940911,2000-01-01_2020-01-01,True,
RGI60-13.38716,geodetic_temp_bias,236.9,-6.194995644349046,8.16099241837909,1.5,2000-01-01_2020-01-01,True,
RGI60-13.38717,geodetic_temp_bias,191.6,-5.201079615780466,8.16099241837909,1.5,2000-01-01_2020-01-01,True,
RGI60-13.38718,geodetic_temp_bias,392.40000000000003,-6.686363020432694,8.16099241837909,1.5,2000-01-01_2020-01-01,True,
RGI60-13.38719,geodetic_temp_bias,259.7,-5.122735733284171,8.16099241837909,1.5,2000-01-01_2020-01-01,True,
RGI60-13.38720,geodetic_temp_bias,100.7,-4.533158786450123,8.16099241837909,1.5,2000-01-01_2020-01-01,True,
RGI60-13.38721,geodetic_temp_bias,322.79999999999995,-6.078883288918898,8.16099241837909,1.5,2000-01-01_2020-01-01,True,
RGI60-13.38722,geodetic_temp_bias,36.5,-2.4209515099688006,7.016494306435615,5.0,2000-01-01_2020-01-01,True,
RGI60-13.38723,geodetic_temp_bias,303.70000000000005,-2.4209515099688006,8.259385588960951,3.121050548093783,2000-01-01_2020-01-01,True,
RGI60-13.38724,geodetic_temp_bias,245.5,-2.4209515099688006,8.259385588960951,4.133609364934558,2000-01-01_2020-01-01,True,
RGI60-13.38725,geodetic_temp_bias,122.5,-2.4209515099688006,8.259385588960951,2.2604733319017987,2000-01-01_2020-01-01,True,
RGI60-13.38726,geodetic_temp_bias,-5.3,-3.920721713418857,5.572203403254942,17.0,2000-01-01_2020-01-01,True,
RGI60-13.38727,geodetic_temp_bias,384.6,-5.751407201360999,7.423388194279121,5.0,2000-01-01_2020-01-01,True,
RGI60-13.38728,geodetic_temp_bias,-528.6999999999999,-3.279280532950476,5.572203403254942,17.0,2000-01-01_2020-01-01,True,
RGI60-13.38729,geodetic_temp_bias,171.7,-5.751407201360999,5.572203403254942,5.078756304693415,2000-01-01_2020-01-01,True,
RGI60-13.38730,scalar,,,,,,True,
RGI60-13.38731,geodetic_temp_bias,291.2,-6.204513585701172,8.358305104882414,1.5,2000-01-01_2020-01-01,True,
RGI60-13.38732,geodetic_temp_bias,274.2,-6.886252237115875,8.358305104882414,1.5,2000-01-01_2020-01-01,True,
RGI60-13.38733,geodetic_temp_bias,174.9,-5.751407201360999,8.358305104882414,2.8618582604199996,2000-01-01_2020-01-01,True,
RGI60-13.38734,geodetic_temp_bias,195.6,-6.124505571459,8.358305104882414,1.5,2000-01-01_2020-01-01,True,
RGI60-13.38735,scalar,,,,,,True,
RGI60-13.38736,geodetic_temp_bias,301.09999999999997,-7.34291119742828,8.358305104882414,1.5,2000-01-01_2020-01-01,True,
RGI60-13.38737,scalar,,,,,,True,
RGI60-13.38738,geodetic_temp_bias,418.2,-6.978742422167778,8.358305104882414,1.5,2000-01-01_2020-01-01,True,
RGI60-13.38739,geodetic_temp_bias,395.2,-5.751407201360999,6.98344055342887,5.0,2000-01-01_2020-01-01,True,
RGI60-13.38740,geodetic_temp_bias,242.5,-5.751407201360999,8.358305104882414,2.6048343201992963,2000-01-01_2020-01-01,True,
RGI60-13.38741,geodetic_temp_bias,366.8,-5.965142300099802,8.358305104882414,1.5,2000-01-01_2020-01-01,True,
RGI60-13.38742,geodetic_temp_bias,112.10000000000001,-5.751407201360999,7.200609960657654,5.0,2000-01-01_2020-01-01,True,
RGI60-13.38743,geodetic_temp_bias,150.5,-5.751407201360999,8.358305104882414,1.5479752458160023,2000-01-01_2020-01-01,True,
RGI60-13.38744,geodetic_temp_bias,351.5,-7.841684899742013,8.358305104882414,1.5,2000-01-01_2020-01-01,True,
RGI60-13.38745,geodetic_temp_bias,352.7,-6.82263808017701,8.358305104882414,1.5,2000-01-01_2020-01-01,True,
RGI60-13.38746,geodetic_temp_bias,274.6,-6.2712835677089505,8.358305104882414,1.5,2000-01-01_2020-01-01,True,
RGI60-13.38747,geodetic_temp_bias,349.3,-5.751407201360999,7.184740216715743,5.0,2000-01-01_2020-01-01,True,
RGI60-13.38748,geodetic_temp_bias,-121.5,-5.751407201360999,8.358305104882414,3.3964345894729995,2000-01-01_2020-01-01,True,
RGI60-13.38749,geodetic_temp_bias,244.79999999999998,-6.252084437133424,8.358305104882414,1.5,2000-01-01_2020-01-01,True,
RGI60-13.38750,geodetic_temp_bias,106.80000000000001,-5.840745189146111,8.358305104882414,1.5,2000-01-01_2020-01-01,True,
RGI60-13.38751,geodetic_temp_bias,-70.9,-5.751407201360999,8.358305104882414,2.665995901085311,2000-01-01_2020-01-01,True,
RGI60-13.38752,geodetic_temp_bias,291.1,-4.67144368292581,8.259385588960951,1.5,2000-01-01_2020-01-01,True,
RGI60-13.38753,geodetic_temp_bias,108.8,-3.0207524925022056,8.259385588960951,1.5,2000-01-01_2020-01-01,True,
RGI60-13.38754,scalar,,,,,,True,
RGI60-13.38755,geodetic_temp_bias,-71.8,-2.4209515099688006,8.259385588960951,1.639657228135296,2000-01-01_2020-01-01,True,
RGI60-13.38756,geodetic_temp_bias,436.7,-4.559997931773035,8.259385588960951,1.5,2000-01-01_2020-01-01,True,
RGI60-13.38757,geodetic_temp_bias,384.29999999999995,-5.977294811484957,8.259385588960951,1.5,2000-01-01_2020-01-01,True,
RGI60-13.38758,scalar,,,,,,True,
RGI60-13.38759,geodetic_temp_bias,387.7,-5.856445462849749,8.259385588960951,1.5,2000-01-01_2020-01-01,True,
RGI60-13.38760,geodetic_temp_bias,297.09999999999997,-6.005599265924059,8.259385588960951,1.5,2000-01-01_2020-01-01,True,
RGI60-13.38761,geodetic_temp_bias,-89.30000000000001,-2.4209515099688006,8.259385588960951,3.0586263575022876,2000-01-01_2020-01-01,True,
RGI60-13.38762,geodetic_temp_bias,350.9,-5.876649271328115,8.259385588960951,1.5,2000-01-01_2020-01-01,True,
RGI60-13.38763,geodetic_temp_bias,300.70000000000005,-2.946124989654767,8.259385588960951,1.5,2000-01-01_2020-01-01,True,
RGI60-13.38764,geodetic_temp_bias,301.4,-6.207438688690009,8.259385588960951,1.5,2000-01-01_2020-01-01,True,
RGI60-13.38765,geodetic_temp_bias,446.6,-8.717545350519671,8.259385588960951,1.5,2000-01-01_2020-01-01,True,
RGI60-13.38766,geodetic_temp_bias,389.90000000000003,-3.521111419723324,8.259385588960951,1.5,2000-01-01_2020-01-01,True,
RGI60-13.38767,scalar,,,,,,True,
RGI60-13.38768,geodetic_temp_bias,230.2,-4.130525679784767,8.259385588960951,1.5,2000-01-01_2020-01-01,True,
RGI60-13.38769,geodetic_temp_bias,480.2,-6.719457837263514,8.259385588960951,1.5,2000-01-01_2020-01-01,True,
RGI60-13.38770,scalar,,,,,,True,
RGI60-13.38771,scalar,,,,,,True,
RGI60-13.38772,geodetic_temp_bias,455.2,-9.103909928930076,8.358305104882414,1.5,2000-01-01_2020-01-01,True,
RGI60-13.38773,scalar,,,,,,True,
RGI60-13.38774,scalar,,,,,,True,
RGI60-13.38775,scalar,,,,,,True,
RGI60-13.38776,scalar,,,,,,True,
RGI60-13.38777,geodetic_temp_bias,308.59999999999997,-7.415540583298698,8.358305104882414,1.5,2000-01-01_2020-01-01,True,
RGI60-13.38778,scalar,,,,,,True,
RGI60-13.38779,geodetic_temp_bias,225.5,-5.751407201360999,8.358305104882414,1.770087249051852,2000-01-01_2020-01-01,True,
RGI60-13.38780,geodetic_temp_bias,196.1,-5.729674536551697,8.259385588960951,1.5,2000-01-01_2020-01-01,True,
RGI60-13.38781,geodetic_temp_bias,373.5,-4.9594949705945295,8.259385588960951,1.5,2000-01-01_2020-01-01,True,
RGI60-13.38782,geodetic_temp_bias,80.10000000000001,-5.751407201360999,8.358305104882414,2.7910416310998847,2000-01-01_2020-01-01,True,
RGI60-13.38783,geodetic_temp_bias,452.29999999999995,-7.630528660451752,8.259385588960951,1.5,2000-01-01_2020-01-01,True,
RGI60-13.38784,geodetic_temp_bias,61.800000000000004,-4.304934558585963,8.259385588960951,1.5,2000-01-01_2020-01-01,True,
RGI60-13.38785,geodetic_temp_bias,158.29999999999998,-5.044466966229411,8.259385588960951,1.5,2000-01-01_2020-01-01,True,
RGI60-13.38786,geodetic_temp_bias,108.2,-4.3179363351283,8.259385588960951,1.5,2000-01-01_2020-01-01,True,
RGI60-13.38787,geodetic_temp_bias,356.5,-7.350854683822778,8.259385588960951,1.5,2000-01-01_2020-01-01,True,
RGI60-13.38788,geodetic_temp_bias,472.9,-7.255887748965587,8.259385588960951,1.5,2000-01-01_2020-01-01,True,
RGI60-13.38789,geodetic_temp_bias,-326.0,-2.4209515099688006,8.259385588960951,2.41867584674881,2000-01-01_2020-01-01,True,
RGI60-13.38790,geodetic_temp_bias,281.2,-5.399228955566042,8.259385588960951,1.5,2000-01-01_2020-01-01,True,
RGI60-13.38791,geodetic_temp_bias,292.1,-5.191629472364202,8.259385588960951,1.5,2000-01-01_2020-01-01,True,
RGI60-13.38792,geodetic_temp_bias,355.0,-5.407158749238737,8.259385588960951,1.5,2000-01-01_2020-01-01,True,
RGI60-13.38793,geodetic_temp_bias,372.09999999999997,-3.859176561429389,8.259385588960951,1.5,2000-01-01_2020-01-01,True,
RGI60-13.38794,geodetic_temp_bias,151.79999999999998,-4.971855284987279,8.259385588960951,1.5,2000-01-01_2020-01-01,True,
RGI60-13.38795,geodetic_temp_bias,458.5,-7.26998159613145,8.259385588960951,1.5,2000-01-01_2020-01-01,True,
RGI60-13.38796,geodetic_temp_bias,421.9,-5.097908319499223,8.259385588960951,1.5,2000-01-01_2020-01-01,True,
RGI60-13.38797,geodetic_temp_bias,303.09999999999997,-3.3535427226158934,8.259385588960951,1.5,2000-01-01_2020-01-01,True,
RGI60-13.38798,geodetic_temp_bias,427.09999999999997,-6.395050242890705,8.259385588960951,1.5,2000-01-01_2020-01-01,True,
RGI60-13.38799,geodetic_temp_bias,228.0,-2.803430359728928,8.259385588960951,1.5,2000-01-01_2020-01-01,True,
RGI60-13.38800,geodetic_temp_bias,434.5,-5.726955246029804,8.259385588960951,1.5,2000-01-01_2020-01-01,True,
RGI60-13.38801,geodetic_temp_bias,76.7,-2.4209515099688006,8.259385588960951,4.0925382854131325,2000-01-01_2020-01-01,True,
RGI60-13.38802,geodetic_temp_bias,292.1,-3.343593604296671,8.259385588960951,1.5,2000-01-01_2020-01-01,True,
RGI60-13.38803,geodetic_temp_bias,201.8,-2.4209515099688006,8.259385588960951,1.558219220506383,2000-01-01_2020-01-01,True,
RGI60-13.38804,geodetic_temp_bias,345.7,-4.892471479683738,8.259385588960951,1.5,2000-01-01_2020-01-01,True,
RGI60-13.38805,geodetic_temp_bias,299.09999999999997,-3.000984144589458,8.259385588960951,1.5,2000-01-01_2020-01-01,True,
RGI60-13.38806,geodetic_temp_bias,364.5,-4.3955198444931325,8.259385588960951,1.5,2000-01-01_2020-01-01,True,
RGI60-13.38807,geodetic_temp_bias,354.0,-5.413617724666287,8.259385588960951,1.5,2000-01-01_2020-01-01,True,
RGI60-13.38808,scalar,,,,,,True,
RGI60-13.38809,geodetic_temp_bias,304.70000000000005,-3.8795965728315793,8.259385588960951,1.5,2000-01-01_2020-01-01,True,
RGI60-13.38810,geodetic_temp_bias,105.1,-4.333927719738897,8.259385588960951,1.5,2000-01-01_2020-01-01,True,
RGI60-13.38811,geodetic_temp_bias,167.0,-2.4209515099688006,6.382355792257064,5.0,2000-01-01_2020-01-01,True,
RGI60-13.38812,geodetic_temp_bias,-335.0,-1.2327738140662818,5.506257059307301,17.0,2000-01-01_2020-01-01,True,
RGI60-13.38813,geodetic_temp_bias,424.8,-5.787235906935031,8.259385588960951,1.5,2000-01-01_2020-01-01,True,
RGI60-13.38814,geodetic_temp_bias,157.5,-4.291297509816069,8.259385588960951,1.5,2000-01-01_2020-01-01,True,
RGI60-13.38815,geodetic_temp_bias,218.6,-2.4209515099688006,6.571629559459789,5.0,2000-01-01_2020-01-01,True,
RGI60-13.38816,geodetic_temp_bias,411.2,-3.863147813935669,8.259385588960951,1.5,2000-01-01_2020-01-01,True,
RGI60-13.38817,geodetic_temp_bias,432.8,-7.492401337537012,8.259385588960951,1.5,2000-01-01_2020-01-01,True,
RGI60-13.38818,scalar,,,,,,True,
RGI60-13.38819,scalar,,,,,,True,
RGI60-13.38820,geodetic_temp_bias,294.0,-4.3300213837469625,8.259385588960951,1.5,2000-01-01_2020-01-01,True,
RGI60-13.38821,scalar,,,,,,True,
RGI60-13.38822,geodetic_temp_bias,267.40000000000003,-4.6658928861734585,8.259385588960951,1.5,2000-01-01_2020-01-01,True,
RGI60-13.38823,scalar,,,,,,True,
RGI60-13.38824,geodetic_temp_bias,360.0,-4.084210410430744,8.259385588960951,1.5,2000-01-01_2020-01-01,True,
RGI60-13.38825,scalar,,,,,,True,
RGI60-13.38826,scalar,,,,,,True,
RGI60-13.38827,scalar,,,,,,True,
RGI60-13.38828,geodetic_temp_bias,268.2,-3.5924807411658803,8.259385588960951,1.5,2000-01-01_2020-01-01,True,
RGI60-13.38829,geodetic_temp_bias,469.8,-7.086003963119457,8.259385588960951,1.5,2000-01-01_2020-01-01,True,
RGI60-13.38830,geodetic_temp_bias,97.10000000000001,-2.4209515099688006,7.957138277320725,5.0,2000-01-01_2020-01-01,True,
RGI60-13.38831,geodetic_temp_bias,451.7,-5.292575188401983,8.259385588960951,1.5,2000-01-01_2020-01-01,True,
RGI60-13.38832,geodetic_temp_bias,174.0,-2.4209515099688006,8.259385588960951,4.854779298109728,2000-01-01_2020-01-01,True,
RGI60-13.38833,geodetic_temp_bias,195.20000000000002,-2.4209515099688006,8.259385588960951,1.6006916206771797,2000-01-01_2020-01-01,True,
RGI60-13.38834,geodetic_temp_bias,248.4,-4.855645223299403,8.259385588960951,1.5,2000-01-01_2020-01-01,True,
RGI60-13.38835,geodetic_temp_bias,397.9,-7.285203896832233,8.259385588960951,1.5,2000-01-01_2020-01-01,True,
RGI60-13.38836,geodetic_temp_bias,453.1,-7.814141794495723,8.259385588960951,1.5,2000-01-01_2020-01-01,True,
RGI60-13.38837,scalar,,,,,,True,
RGI60-13.38838,geodetic_temp_bias,303.70000000000005,-6.118247013102898,8.259385588960951,1.5,2000-01-01_2020-01-01,True,
RGI60-13.38839,scalar,,,,,,True,
RGI60-13.38840,geodetic_temp_bias,229.0,-5.104285965849484,8.259385588960951,1.5,2000-01-01_2020-01-01,True,
RGI60-13.38841,geodetic_temp_bias,390.6,-5.777186633616685,8.259385588960951,1.5,2000-01-01_2020-01-01,True,
RGI60-13.38842,scalar,,,,,,True,
RGI60-13.38843,geodetic_temp_bias,218.0,-4.8571107509990386,8.259385588960951,1.5,2000-01-01_2020-01-01,True,
RGI60-13.38844,geodetic_temp_bias,418.5,-4.341913231979867,8.259385588960951,1.5,2000-01-01_2020-01-01,True,
RGI60-13.38845,geodetic_temp_bias,471.9,-6.429980797433341,8.259385588960951,1.5,2000-01-01_2020-01-01,True,
RGI60-13.38846,geodetic_temp_bias,478.0,-7.377446074305406,8.259385588960951,1.5,2000-01-01_2020-01-01,True,
RGI60-13.38847,scalar,,,,,,True,
RGI60-13.38848,geodetic_temp_bias,316.0,-2.8980811310277286,8.259385588960951,1.5,2000-01-01_2020-01-01,True,
RGI60-13.38849,geodetic_temp_bias,372.8,-3.46149608216766,8.259385588960951,1.5,2000-01-01_2020-01-01,True,
RGI60-13.38850,scalar,,,,,,True,
RGI60-13.38851,geodetic_temp_bias,481.8,-6.2495550242663835,8.259385588960951,1.5,2000-01-01_2020-01-01,True,
RGI60-13.38852,geodetic_temp_bias,246.2,-4.013851586923802,8.259385588960951,1.5,2000-01-01_2020-01-01,True,
RGI60-13.38853,scalar,,,,,,True,
RGI60-13.38854,geodetic_temp_bias,394.6,-6.133984082594807,8.259385588960951,1.5,2000-01-01_2020-01-01,True,
RGI60-13.38855,geodetic_temp_bias,181.0,-3.964164399637481,8.259385588960951,1.5,2000-01-01_2020-01-01,True,
RGI60-13.38856,geodetic_temp_bias,126.7,-4.780392651474554,8.259385588960951,1.5,2000-01-01_2020-01-01,True,
RGI60-13.38857,geodetic_temp_bias,262.90000000000003,-3.9586758236656134,8.259385588960951,1.5,2000-01-01_2020-01-01,True,
RGI60-13.38858,geodetic_temp_bias,394.2,-6.460461523239617,8.259385588960951,1.5,2000-01-01_2020-01-01,True,
RGI60-13.38859,geodetic_temp_bias,-30.4,-3.500436537030324,8.259385588960951,1.5,2000-01-01_2020-01-01,True,
RGI60-13.38860,geodetic_temp_bias,90.7,-2.4209515099688006,8.259385588960951,1.6103591628854363,2000-01-01_2020-01-01,True,
RGI60-13.38861,geodetic_temp_bias,90.5,-4.442624997217026,8.259385588960951,1.5,2000-01-01_2020-01-01,True,
RGI60-13.38862,geodetic_temp_bias,213.60000000000002,-4.205082571899643,8.259385588960951,1.5,2000-01-01_2020-01-01,True,
RGI60-13.38863,scalar,,,,,,True,
RGI60-13.38864,geodetic_temp_bias,268.29999999999995,-4.436306217380529,8.259385588960951,1.5,2000-01-01_2020-01-01,True,
RGI60-13.38865,geodetic_temp_bias,228.5,-2.9801495776564626,8.259385588960951,1.5,2000-01-01_2020-01-01,True,
RGI60-13.38866,scalar,,,,,,True,
RGI60-13.38867,geodetic_temp_bias,145.6,-4.26629916069745,8.259385588960951,1.5,2000-01-01_2020-01-01,True,
RGI60-13.38868,geodetic_temp_bias,376.2,-6.520078157538512,8.259385588960951,1.5,2000-01-01_2020-01-01,True,
RGI60-13.38869,geodetic_temp_bias,306.59999999999997,-5.145166578871581,8.259385588960951,1.5,2000-01-01_2020-01-01,True,
RGI60-13.38870,geodetic_temp_bias,150.4,-2.4209515099688006,8.259385588960951,2.1414109786525124,2000-01-01_2020-01-01,True,
RGI60-13.38871,geodetic_temp_bias,331.1,-5.495524406517238,8.259385588960951,1.5,2000-01-01_2020-01-01,True,
RGI60-13.38872,geodetic_temp_bias,390.2,-6.606301439208516,8.259385588960951,1.5,2000-01-01_2020-01-01,True,
RGI60-13.38873,geodetic_temp_bias,288.8,-6.036286351152469,8.259385588960951,1.5,2000-01-01_2020-01-01,True,
RGI60-13.38874,geodetic_temp_bias,24.7,-2.4209515099688006,6.57514065120938,5.0,2000-01-01_2020-01-01,True,
RGI60-13.38875,geodetic_temp_bias,284.5,-2.4209515099688006,8.259385588960951,2.68464217387505,2000-01-01_2020-01-01,True,
RGI60-13.38876,scalar,,,,,,True,
RGI60-13.38877,geodetic_temp_bias,365.4,-5.62808087567278,8.259385588960951,1.5,2000-01-01_2020-01-01,True,
RGI60-13.38878,geodetic_temp_bias,-69.9,-2.4209515099688006,8.259385588960951,3.1627118315423504,2000-01-01_2020-01-01,True,
RGI60-13.38879,geodetic_temp_bias,239.3,-6.063469788655154,8.334899822142699,1.5,2000-01-01_2020-01-01,True,
RGI60-13.38880,geodetic_temp_bias,346.0,-5.947775972049319,8.334899822142699,1.5,2000-01-01_2020-01-01,True,
RGI60-13.38881,geodetic_temp_bias,143.0,-5.846858739946181,6.986297205042845,5.0,2000-01-01_2020-01-01,True,
RGI60-13.38882,geodetic_temp_bias,218.70000000000002,-6.372633891202011,8.334899822142699,1.5,2000-01-01_2020-01-01,True,
RGI60-13.38883,geodetic_temp_bias,140.3,-5.846858739946181,8.334899822142699,1.6999843946365338,2000-01-01_2020-01-01,True,
RGI60-13.38884,geodetic_temp_bias,-127.5,-5.846858739946181,5.5565998814284665,6.146454305087824,2000-01-01_2020-01-01,True,
RGI60-13.38885,geodetic_temp_bias,-186.20000000000002,-5.846858739946181,5.5565998814284665,6.348384066625899,2000-01-01_2020-01-01,True,
RGI60-13.38886,geodetic_temp_bias,130.89999999999998,-5.846858739946181,8.334899822142699,1.9767873889130145,2000-01-01_2020-01-01,True,
RGI60-13.38887,geodetic_temp_bias,217.29999999999998,-6.113277909507456,8.334899822142699,1.5,2000-01-01_2020-01-01,True,
RGI60-13.38888,geodetic_temp_bias,169.2,-5.846858739946181,8.334899822142699,3.241061834004695,2000-01-01_2020-01-01,True,
RGI60-13.38889,geodetic_temp_bias,56.0,-5.846858739946181,8.334899822142699,3.8665775102804236,2000-01-01_2020-01-01,True,
RGI60-13.38890,geodetic_temp_bias,-24.6,-5.846858739946181,8.334899822142699,2.2611553739971897,2000-01-01_2020-01-01,True,
RGI60-13.38891,scalar,,,,,,True,
RGI60-13.38892,geodetic_temp_bias,313.7,-8.337341104906189,8.334899822142699,1.5,2000-01-01_2020-01-01,True,
RGI60-13.38893,geodetic_temp_bias,-70.6,-5.846858739946181,8.334899822142699,2.2601784734299737,2000-01-01_2020-01-01,True,
RGI60-13.38894,geodetic_temp_bias,411.1,-6.702576050855795,8.334899822142699,1.5,2000-01-01_2020-01-01,True,
RGI60-13.38895,geodetic_temp_bias,-64.0,-5.846858739946181,8.334899822142699,2.2619750744949747,2000-01-01_2020-01-01,True,
RGI60-13.38896,geodetic_temp_bias,188.5,-5.846858739946181,8.334899822142699,2.185487334055789,2000-01-01_2020-01-01,True,
RGI60-13.38897,geodetic_temp_bias,140.8,-6.597658918079672,8.334899822142699,1.5,2000-01-01_2020-01-01,True,
RGI60-13.38898,geodetic_temp_bias,40.0,-5.846858739946181,8.334899822142699,3.350635805603417,2000-01-01_2020-01-01,True,
RGI60-13.38899,geodetic_temp_bias,309.5,-6.394306798215619,8.334899822142699,1.5,2000-01-01_2020-01-01,True,
RGI60-13.38900,geodetic_temp_bias,185.20000000000002,-5.846858739946181,8.334899822142699,1.5866806019980517,2000-01-01_2020-01-01,True,
RGI60-13.38901,geodetic_temp_bias,190.20000000000002,-5.846858739946181,8.334899822142699,2.2211824043004484,2000-01-01_2020-01-01,True,
RGI60-13.38902,geodetic_temp_bias,159.70000000000002,-5.846858739946181,8.334899822142699,2.867634263923038,2000-01-01_2020-01-01,True,
RGI60-13.38903,geodetic_temp_bias,285.3,-6.003030900167733,8.334899822142699,1.5,2000-01-01_2020-01-01,True,
RGI60-13.38904,geodetic_temp_bias,155.0,-6.074583639385375,8.334899822142699,1.5,2000-01-01_2020-01-01,True,
RGI60-13.38905,geodetic_temp_bias,196.3,-5.846858739946181,8.334899822142699,2.3691786646673196,2000-01-01_2020-01-01,True,
RGI60-13.38906,geodetic_temp_bias,437.09999999999997,-7.036245924847499,8.334899822142699,1.5,2000-01-01_2020-01-01,True,
RGI60-13.38907,geodetic_temp_bias,169.8,-5.846858739946181,8.334899822142699,3.4075188362200413,2000-01-01_2020-01-01,True,
RGI60-13.38908,geodetic_temp_bias,352.0,-7.645025133396621,8.334899822142699,1.5,2000-01-01_2020-01-01,True,
RGI60-13.38909,geodetic_temp_bias,87.8,-5.846858739946181,8.334899822142699,4.59426742152187,2000-01-01_2020-01-01,True,
RGI60-13.38910,geodetic_temp_bias,277.5,-7.571429771706571,8.334899822142699,1.5,2000-01-01_2020-01-01,True,
RGI60-13.38911,scalar,,,,,,True,
RGI60-13.38912,geodetic_temp_bias,323.2,-7.11386719301302,8.334899822142699,1.5,2000-01-01_2020-01-01,True,
RGI60-13.38913,geodetic_temp_bias,114.3,-5.846858739946181,8.334899822142699,2.6229890421748694,2000-01-01_2020-01-01,True,
RGI60-13.38914,geodetic_temp_bias,395.2,-8.7758163016721,8.334899822142699,1.5,2000-01-01_2020-01-01,True,
RGI60-13.38915,geodetic_temp_bias,191.89999999999998,-4.160602996509489,5.5565998814284665,17.0,2000-01-01_2020-01-01,True,
RGI60-13.38916,geodetic_temp_bias,208.5,-5.846858739946181,7.04712726574467,5.0,2000-01-01_2020-01-01,True,
RGI60-13.38917,geodetic_temp_bias,62.8,-7.31652697205709,8.334899822142699,1.5,2000-01-01_2020-01-01,True,
RGI60-13.38918,geodetic_temp_bias,422.59999999999997,-9.296975775627793,8.334899822142699,1.5,2000-01-01_2020-01-01,True,
RGI60-13.38919,geodetic_temp_bias,32.800000000000004,-5.846858739946181,8.334899822142699,1.9938111513989132,2000-01-01_2020-01-01,True,
RGI60-13.38920,geodetic_temp_bias,109.0,-5.8895620101073325,8.334899822142699,1.5,2000-01-01_2020-01-01,True,
RGI60-13.38921,geodetic_temp_bias,202.6,-5.178095346809427,5.5565998814284665,17.0,2000-01-01_2020-01-01,True,
RGI60-13.38922,geodetic_temp_bias,244.4,-7.813969921697654,8.334899822142699,1.5,2000-01-01_2020-01-01,True,
RGI60-13.38923,geodetic_temp_bias,151.10000000000002,-5.846858739946181,8.334899822142699,3.7662043462054835,2000-01-01_2020-01-01,True,
RGI60-13.38924,geodetic_temp_bias,186.6,-5.846858739946181,8.334899822142699,1.9855516281018342,2000-01-01_2020-01-01,True,
RGI60-13.38925,geodetic_temp_bias,194.89999999999998,-5.846858739946181,8.334899822142699,1.5591483575318805,2000-01-01_2020-01-01,True,
RGI60-13.38926,geodetic_temp_bias,214.2,-5.846858739946181,8.334899822142699,4.599624905195697,2000-01-01_2020-01-01,True,
RGI60-13.38927,geodetic_temp_bias,201.6,-5.846858739946181,8.334899822142699,2.0405901490168885,2000-01-01_2020-01-01,True,
RGI60-13.38928,geodetic_temp_bias,248.20000000000002,-6.621815479413217,8.334899822142699,1.5,2000-01-01_2020-01-01,True,
RGI60-13.38929,geodetic_temp_bias,-203.5,-5.846858739946181,8.334899822142699,2.587266661937271,2000-01-01_2020-01-01,True,
RGI60-13.38930,geodetic_temp_bias,198.5,-3.589271643965161,8.259385588960951,1.5,2000-01-01_2020-01-01,True,
RGI60-13.38931,geodetic_temp_bias,-332.2,-0.9176845968232402,5.506257059307301,17.0,2000-01-01_2020-01-01,True,
RGI60-13.38932,geodetic_temp_bias,212.29999999999998,-4.5565023333413395,8.259385588960951,1.5,2000-01-01_2020-01-01,True,
RGI60-13.38933,geodetic_temp_bias,169.0,-4.423102695252413,8.259385588960951,1.5,2000-01-01_2020-01-01,True,
RGI60-13.38934,geodetic_temp_bias,273.5,-2.4209515099688006,8.259385588960951,3.444063562057616,2000-01-01_2020-01-01,True,
RGI60-13.38935,geodetic_temp_bias,263.90000000000003,-2.4209515099688006,7.147078931625563,5.0,2000-01-01_2020-01-01,True,
RGI60-13.38936,geodetic_temp_bias,191.6,-4.228337808253642,8.259385588960951,1.5,2000-01-01_2020-01-01,True,
RGI60-13.38937,geodetic_temp_bias,285.7,-2.479595864502905,8.259385588960951,1.5,2000-01-01_2020-01-01,True,
RGI60-13.38938,geodetic_temp_bias,425.3,-6.767259653946247,8.259385588960951,1.5,2000-01-01_2020-01-01,True,
RGI60-13.38939,geodetic_temp_bias,211.0,-4.017428337766447,8.259385588960951,1.5,2000-01-01_2020-01-01,True,
RGI60-13.38940,geodetic_temp_bias,200.4,-2.4209515099688006,8.259385588960951,2.1058511191935163,2000-01-01_2020-01-01,True,
RGI60-13.38941,geodetic_temp_bias,351.6,-3.410904704925661,8.259385588960951,1.5,2000-01-01_2020-01-01,True,
RGI60-13.38942,geodetic_temp_bias,302.70000000000005,-3.986844636258614,8.259385588960951,1.5,2000-01-01_2020-01-01,True,
RGI60-13.38943,geodetic_temp_bias,327.90000000000003,-5.553747963965787,8.259385588960951,1.5,2000-01-01_2020-01-01,True,
RGI60-13.38944,geodetic_temp_bias,247.5,-3.215226744469155,8.259385588960951,1.5,2000-01-01_2020-01-01,True,
RGI60-13.38945,geodetic_temp_bias,-93.39999999999999,-2.4209515099688006,8.259385588960951,1.652464597798247,2000-01-01_2020-01-01,True,
RGI60-13.38946,geodetic_temp_bias,219.79999999999998,-2.976787662053932,8.259385588960951,1.5,2000-01-01_2020-01-01,True,
RGI60-13.38947,geodetic_temp_bias,55.5,-2.4209515099688006,8.259385588960951,3.3737173967207914,2000-01-01_2020-01-01,True,
RGI60-13.38948,geodetic_temp_bias,227.5,-3.240036746251991,8.259385588960951,1.5,2000-01-01_2020-01-01,True,
RGI60-13.38949,geodetic_temp_bias,145.3,-2.4209515099688006,5.506257059307301,5.768146230796394,2000-01-01_2020-01-01,True,
RGI60-13.38950,geodetic_temp_bias,291.6,-2.4209515099688006,8.259385588960951,4.273645926655826,2000-01-01_2020-01-01,True,
RGI60-13.38951,scalar,,,,,,True,
RGI60-13.38952,scalar,,,,,,True,
RGI60-13.38953,geodetic_temp_bias,262.1,-2.4209515099688006,8.259385588960951,2.730324357446042,2000-01-01_2020-01-01,True,
RGI60-13.38954,scalar,,,,,,True,
RGI60-13.38955,geodetic_temp_bias,258.2,-6.660653058742888,8.259385588960951,1.5,2000-01-01_2020-01-01,True,
RGI60-13.38956,geodetic_temp_bias,247.29999999999998,-2.4209515099688006,6.8116696398201215,5.0,2000-01-01_2020-01-01,True,
RGI60-13.38957,geodetic_temp_bias,-109.3,-3.645697096599365,8.259385588960951,1.5,2000-01-01_2020-01-01,True,
RGI60-13.38958,geodetic_temp_bias,407.2,-5.961646403241473,8.259385588960951,1.5,2000-01-01_2020-01-01,True,
RGI60-13.38959,geodetic_temp_bias,148.9,-4.5916562751195045,8.259385588960951,1.5,2000-01-01_2020-01-01,True,
RGI60-13.38960,geodetic_temp_bias,207.5,-4.872070759405461,8.259385588960951,1.5,2000-01-01_2020-01-01,True,
RGI60-13.38961,geodetic_temp_bias,204.1,-2.7564259932918223,8.259385588960951,1.5,2000-01-01_2020-01-01,True,
RGI60-13.38962,geodetic_temp_bias,86.7,-3.3845820343231967,8.259385588960951,1.5,2000-01-01_2020-01-01,True,
RGI60-13.38963,geodetic_temp_bias,373.40000000000003,-6.40406764454839,8.259385588960951,1.5,2000-01-01_2020-01-01,True,
RGI60-13.38964,geodetic_temp_bias,343.9,-4.489553085030069,8.259385588960951,1.5,2000-01-01_2020-01-01,True,
RGI60-13.38965,geodetic_temp_bias,296.59999999999997,-2.4209515099688006,8.259385588960951,2.8032637874040596,2000-01-01_2020-01-01,True,
RGI60-13.38966,geodetic_temp_bias,100.4,-2.4209515099688006,8.259385588960951,2.693365929878053,2000-01-01_2020-01-01,True,
RGI60-13.38967,geodetic_temp_bias,388.40000000000003,-5.07667831811868,8.259385588960951,1.5,2000-01-01_2020-01-01,True,
RGI60-13.38968,geodetic_temp_bias,288.9,-4.651070584152326,8.259385588960951,1.5,2000-01-01_2020-01-01,True,
RGI60-13.38969,geodetic_temp_bias,321.40000000000003,-3.8894083969231636,8.259385588960951,1.5,2000-01-01_2020-01-01,True,
RGI60-13.38970,geodetic_temp_bias,431.3,-5.846858739946181,8.334899822142699,1.9661676686522205,2000-01-01_2020-01-01,True,
RGI60-13.38971,geodetic_temp_bias,217.9,-5.846858739946181,8.054961490570275,5.0,2000-01-01_2020-01-01,True,
RGI60-13.38972,geodetic_temp_bias,410.0,-5.846858739946181,7.831073100708575,5.0,2000-01-01_2020-01-01,True,
RGI60-13.38973,geodetic_temp_bias,226.0,-5.846858739946181,8.326178121917543,5.0,2000-01-01_2020-01-01,True,
RGI60-13.38974,geodetic_temp_bias,383.0,-6.555778139221002,8.334899822142699,1.5,2000-01-01_2020-01-01,True,
RGI60-13.38975,geodetic_temp_bias,376.3,-7.811223616159951,8.334899822142699,1.5,2000-01-01_2020-01-01,True,
RGI60-13.38976,geodetic_temp_bias,194.1,-5.846858739946181,5.5565998814284665,9.971154466862716,2000-01-01_2020-01-01,True,
RGI60-13.38977,geodetic_temp_bias,305.9,-6.491563842754207,8.334899822142699,1.5,2000-01-01_2020-01-01,True,
RGI60-13.38978,geodetic_temp_bias,169.1,-5.846858739946181,8.334899822142699,4.35325754269687,2000-01-01_2020-01-01,True,
RGI60-13.38979,geodetic_temp_bias,83.1,-5.846858739946181,5.5565998814284665,15.223401059305624,2000-01-01_2020-01-01,True,
RGI60-13.38980,geodetic_temp_bias,222.8,-7.638616886092706,8.334899822142699,1.5,2000-01-01_2020-01-01,True,
RGI60-13.38981,geodetic_temp_bias,199.9,-5.846858739946181,8.334899822142699,2.045609586223511,2000-01-01_2020-01-01,True,
RGI60-13.38982,geodetic_temp_bias,282.0,-5.846858739946181,8.334899822142699,1.5441051948545892,2000-01-01_2020-01-01,True,
RGI60-13.38983,geodetic_temp_bias,-85.7,-5.846858739946181,8.334899822142699,2.3686456638317006,2000-01-01_2020-01-01,True,
RGI60-13.38984,scalar,,,,,,True,
RGI60-13.38985,geodetic_temp_bias,384.7,-9.362373455646349,8.334899822142699,1.5,2000-01-01_2020-01-01,True,
RGI60-13.38986,geodetic_temp_bias,207.5,-6.82561727154058,8.334899822142699,1.5,2000-01-01_2020-01-01,True,
RGI60-13.38987,geodetic_temp_bias,-26.5,-5.846858739946181,8.334899822142699,3.0338395480966955,2000-01-01_2020-01-01,True,
RGI60-13.38988,geodetic_temp_bias,346.4,-7.803541491662482,8.334899822142699,1.5,2000-01-01_2020-01-01,True,
RGI60-13.38989,geodetic_temp_bias,212.4,-6.115979459558954,8.334899822142699,1.5,2000-01-01_2020-01-01,True,
RGI60-13.38990,geodetic_temp_bias,209.1,-6.54596435607302,8.334899822142699,1.5,2000-01-01_2020-01-01,True,
RGI60-13.38991,geodetic_temp_bias,167.0,-5.903538603519801,8.334899822142699,1.5,2000-01-01_2020-01-01,True,
RGI60-13.38992,geodetic_temp_bias,24.400000000000002,-5.846858739946181,8.334899822142699,2.7631415385049287,2000-01-01_2020-01-01,True,
RGI60-13.38993,geodetic_temp_bias,319.29999999999995,-6.243948802263588,8.334899822142699,1.5,2000-01-01_2020-01-01,True,
RGI60-13.38994,geodetic_temp_bias,236.0,-6.297132338911981,8.334899822142699,1.5,2000-01-01_2020-01-01,True,
RGI60-13.38995,geodetic_temp_bias,189.0,-6.1679173730397805,8.334899822142699,1.5,2000-01-01_2020-01-01,True,
RGI60-13.38996,geodetic_temp_bias,290.8,-5.846858739946181,8.334899822142699,1.8291283110626761,2000-01-01_2020-01-01,True,
RGI60-13.38997,geodetic_temp_bias,323.29999999999995,-9.425127358047789,8.334899822142699,1.5,2000-01-01_2020-01-01,True,
RGI60-13.38998,geodetic_temp_bias,387.90000000000003,-7.57447580901701,8.334899822142699,1.5,2000-01-01_2020-01-01,True,
RGI60-13.38999,geodetic_temp_bias,115.9,-8.052962840982245,8.334899822142699,1.5,2000-01-01_2020-01-01,True,
RGI60-13.39000,geodetic_temp_bias,421.5,-6.5776178963447265,8.334899822142699,1.5,2000-01-01_2020-01-01,True,
RGI60-13.39001,geodetic_temp_bias,375.90000000000003,-6.762606277315978,8.325300443169686,1.5,2000-01-01_2020-01-01,True,
RGI60-13.39002,geodetic_temp_bias,231.4,-5.730758377258315,6.3039773973437505,5.0,2000-01-01_2020-01-01,True,
RGI60-13.39003,geodetic_temp_bias,446.29999999999995,-7.512464813450324,8.334899822142699,1.5,2000-01-01_2020-01-01,True,
RGI60-13.39004,geodetic_temp_bias,-204.65888913841167,-5.846858739946181,5.5565998814284665,7.840318414660269,2000-01-01_2020-01-01,True,
RGI60-13.39005,scalar,,,,,,True,
RGI60-13.39006,geodetic_temp_bias,404.2,-5.846858739946181,8.334899822142699,1.5418930773156125,2000-01-01_2020-01-01,True,
RGI60-13.39007,geodetic_temp_bias,375.3,-8.738995511378574,8.334899822142699,1.5,2000-01-01_2020-01-01,True,
RGI60-13.39008,scalar,,,,,,True,
RGI60-13.39009,geodetic_temp_bias,438.7,-7.53429722991438,8.334899822142699,1.5,2000-01-01_2020-01-01,True,
RGI60-13.39010,geodetic_temp_bias,-204.65888913841167,-5.846858739946181,8.334899822142699,2.887486637998424,2000-01-01_2020-01-01,True,
RGI60-13.39011,geodetic_temp_bias,517.8000000000001,-8.832866608969017,8.334899822142699,1.5,2000-01-01_2020-01-01,True,
RGI60-13.39012,scalar,,,,,,True,
RGI60-13.39013,geodetic_temp_bias,290.9,-6.7657916832986595,8.334899822142699,1.5,2000-01-01_2020-01-01,True,
RGI60-13.39014,geodetic_temp_bias,275.5,-6.86596344580059,8.334899822142699,1.5,2000-01-01_2020-01-01,True,
RGI60-13.39015,geodetic_temp_bias,238.8,-8.31532823915379,8.334899822142699,1.5,2000-01-01_2020-01-01,True,
RGI60-13.39016,geodetic_temp_bias,-149.79999999999998,-5.846858739946181,8.334899822142699,2.699020267050374,2000-01-01_2020-01-01,True,
RGI60-13.39017,geodetic_temp_bias,314.40000000000003,-5.846858739946181,8.334899822142699,1.743394196766133,2000-01-01_2020-01-01,True,
RGI60-13.39018,geodetic_temp_bias,318.5,-5.846858739946181,8.334899822142699,3.898870574947163,2000-01-01_2020-01-01,True,
RGI60-13.39019,geodetic_temp_bias,233.3,-5.846858739946181,8.334899822142699,2.6367505391160684,2000-01-01_2020-01-01,True,
RGI60-13.39020,geodetic_temp_bias,487.0,-7.106619273868729,8.334899822142699,1.5,2000-01-01_2020-01-01,True,
RGI60-13.39021,geodetic_temp_bias,129.39999999999998,-5.8621706822927795,8.334899822142699,1.5,2000-01-01_2020-01-01,True,
RGI60-13.39022,geodetic_temp_bias,325.29999999999995,-5.846858739946181,7.048161929374057,5.0,2000-01-01_2020-01-01,True,
RGI60-13.39023,geodetic_temp_bias,-50.9,-5.600882747525424,5.5565998814284665,17.0,2000-01-01_2020-01-01,True,
RGI60-13.39024,geodetic_temp_bias,293.9,-5.846858739946181,8.334899822142699,2.2524615416340863,2000-01-01_2020-01-01,True,
RGI60-13.39025,geodetic_temp_bias,73.0,-5.846858739946181,6.347941245168226,5.0,2000-01-01_2020-01-01,True,
RGI60-13.39026,geodetic_temp_bias,104.4,-4.537707060767286,5.5565998814284665,17.0,2000-01-01_2020-01-01,True,
RGI60-13.39027,geodetic_temp_bias,206.2,-5.846858739946181,8.334899822142699,3.290641062496065,2000-01-01_2020-01-01,True,
RGI60-13.39028,geodetic_temp_bias,128.89999999999998,-5.846858739946181,7.594298795768186,5.0,2000-01-01_2020-01-01,True,
RGI60-13.39029,geodetic_temp_bias,148.4,-5.846858739946181,6.296570098535487,5.0,2000-01-01_2020-01-01,True,
RGI60-13.39030,geodetic_temp_bias,-81.19999999999999,-4.327561730359536,5.5565998814284665,17.0,2000-01-01_2020-01-01,True,
RGI60-13.39031,geodetic_temp_bias,196.20000000000002,-5.846858739946181,5.5565998814284665,5.002258908898663,2000-01-01_2020-01-01,True,
RGI60-13.39032,geodetic_temp_bias,301.5,-6.345209590508537,8.334899822142699,1.5,2000-01-01_2020-01-01,True,
RGI60-13.39033,geodetic_temp_bias,-284.5,-5.529209758085578,5.5565998814284665,17.0,2000-01-01_2020-01-01,True,
RGI60-13.39034,geodetic_temp_bias,198.0,-5.846858739946181,8.334899822142699,4.217271149718394,2000-01-01_2020-01-01,True,
RGI60-13.39035,geodetic_temp_bias,262.7,-5.846858739946181,8.334899822142699,3.220990552373453,2000-01-01_2020-01-01,True,
RGI60-13.39036,geodetic_temp_bias,290.4,-5.856564678711418,8.334899822142699,1.5,2000-01-01_2020-01-01,True,
RGI60-13.39037,geodetic_temp_bias,375.0,-5.846858739946181,8.334899822142699,2.0236906377845907,2000-01-01_2020-01-01,True,
RGI60-13.39038,geodetic_temp_bias,249.70000000000002,-5.846858739946181,7.406140106181172,5.0,2000-01-01_2020-01-01,True,
RGI60-13.39039,geodetic_temp_bias,342.0,-5.846858739946181,8.334899822142699,1.5343616856922628,2000-01-01_2020-01-01,True,
RGI60-13.39040,geodetic_temp_bias,416.7,-7.288777419595256,8.334899822142699,1.5,2000-01-01_2020-01-01,True,
RGI60-13.39041,geodetic_temp_bias,275.1,-5.846858739946181,7.372090056179913,5.0,2000-01-01_2020-01-01,True,
RGI60-13.39042,geodetic_temp_bias,89.6,-5.846858739946181,7.4185272422126,5.0,2000-01-01_2020-01-01,True,
RGI60-13.39043,geodetic_temp_bias,511.6000000000001,-9.015275279714952,8.334899822142699,1.5,2000-01-01_2020-01-01,True,
RGI60-13.39044,geodetic_temp_bias,489.59999999999997,-8.43266773605759,8.334899822142699,1.5,2000-01-01_2020-01-01,True,
RGI60-13.39045,geodetic_temp_bias,420.9,-6.7780061008168495,8.334899822142699,1.5,2000-01-01_2020-01-01,True,
RGI60-13.39046,geodetic_temp_bias,379.90000000000003,-6.746125122149082,8.334899822142699,1.5,2000-01-01_2020-01-01,True,
RGI60-13.39047,geodetic_temp_bias,325.29999999999995,-5.846858739946181,5.5565998814284665,16.53554012294808,2000-01-01_2020-01-01,True,
RGI60-13.39048,geodetic_temp_bias,338.0,-6.7289421939899,8.334899822142699,1.5,2000-01-01_2020-01-01,True,
RGI60-13.39049,geodetic_temp_bias,352.7,-5.846858739946181,7.145523472683589,5.0,2000-01-01_2020-01-01,True,
RGI60-13.39050,geodetic_temp_bias,341.2,-6.543904102634848,8.334899822142699,1.5,2000-01-01_2020-01-01,True,
RGI60-13.39051,geodetic_temp_bias,322.29999999999995,-5.846858739946181,8.334899822142699,3.264900988010033,2000-01-01_2020-01-01,True,
RGI60-13.39052,scalar,,,,,,True,
RGI60-13.39053,geodetic_temp_bias,258.0,-5.846858739946181,8.334899822142699,2.546543660945768,2000-01-01_2020-01-01,True,
RGI60-13.39054,geodetic_temp_bias,232.4,-5.846858739946181,8.334899822142699,1.5182917529028062,2000-01-01_2020-01-01,True,
RGI60-13.39055,geodetic_temp_bias,353.2,-5.976811127541677,8.334899822142699,1.5,2000-01-01_2020-01-01,True,
RGI60-13.39056,geodetic_temp_bias,284.3,-5.846858739946181,8.334899822142699,2.3999935531379206,2000-01-01_2020-01-01,True,
RGI60-13.39057,geodetic_temp_bias,213.7,-5.846858739946181,7.090058210203559,5.0,2000-01-01_2020-01-01,True,
RGI60-13.39058,geodetic_temp_bias,227.89999999999998,-5.846858739946181,8.334899822142699,2.823634408527513,2000-01-01_2020-01-01,True,
RGI60-13.39059,scalar,,,,,,True,
RGI60-13.39060,geodetic_temp_bias,196.5,-5.846858739946181,6.884773747415997,5.0,2000-01-01_2020-01-01,True,
RGI60-13.39061,geodetic_temp_bias,456.1,-7.40987288530425,8.334899822142699,1.5,2000-01-01_2020-01-01,True,
RGI60-13.39062,geodetic_temp_bias,404.5,-6.645867424854497,8.334899822142699,1.5,2000-01-01_2020-01-01,True,
RGI60-13.39063,geodetic_temp_bias,89.0,-5.846858739946181,8.334899822142699,2.338784478287123,2000-01-01_2020-01-01,True,
RGI60-13.39064,scalar,,,,,,True,
RGI60-13.39065,geodetic_temp_bias,490.09999999999997,-7.788498611736937,8.334899822142699,1.5,2000-01-01_2020-01-01,True,
RGI60-13.39066,geodetic_temp_bias,151.7,-5.846858739946181,5.686570152715929,5.0,2000-01-01_2020-01-01,True,
RGI60-13.39067,geodetic_temp_bias,116.1,-5.846858739946181,7.390532239262479,5.0,2000-01-01_2020-01-01,True,
RGI60-13.39068,geodetic_temp_bias,-204.65888913841167,-5.846858739946181,5.5565998814284665,8.481906996897674,2000-01-01_2020-01-01,True,
RGI60-13.39069,geodetic_temp_bias,121.0,-4.905573177374568,5.5565998814284665,17.0,2000-01-01_2020-01-01,True,
RGI60-13.39070,geodetic_temp_bias,291.7,-5.846858739946181,8.334899822142699,2.8118447934023765,2000-01-01_2020-01-01,True,
RGI60-13.39071,geodetic_temp_bias,28.400000000000002,-3.961269314384203,5.5565998814284665,17.0,2000-01-01_2020-01-01,True,
RGI60-13.39072,geodetic_temp_bias,70.7,-5.039261593383521,5.5565998814284665,17.0,2000-01-01_2020-01-01,True,
RGI60-13.39073,geodetic_temp_bias,409.5,-5.846858739946181,8.334899822142699,3.7246181850958964,2000-01-01_2020-01-01,True,
RGI60-13.39074,geodetic_temp_bias,432.40000000000003,-5.846858739946181,8.334899822142699,2.544046572138302,2000-01-01_2020-01-01,True,
RGI60-13.39075,geodetic_temp_bias,246.5,-5.846858739946181,8.334899822142699,2.9143909274298236,2000-01-01_2020-01-01,True,
RGI60-13.39076,geodetic_temp_bias,195.8,-6.058557226734875,8.334899822142699,1.5,2000-01-01_2020-01-01,True,
RGI60-13.39077,geodetic_temp_bias,428.59999999999997,-7.611298835814072,8.334899822142699,1.5,2000-01-01_2020-01-01,True,
RGI60-13.39078,geodetic_temp_bias,77.60000000000001,-5.846858739946181,8.334899822142699,4.566607736444832,2000-01-01_2020-01-01,True,
RGI60-13.39079,geodetic_temp_bias,386.6,-5.944929911251447,8.334899822142699,1.5,2000-01-01_2020-01-01,True,
RGI60-13.39080,geodetic_temp_bias,318.5,-6.483817048297989,8.334899822142699,1.5,2000-01-01_2020-01-01,True,
RGI60-13.39081,geodetic_temp_bias,171.9,-5.846858739946181,8.334899822142699,2.8736564892803034,2000-01-01_2020-01-01,True,
RGI60-13.39082,geodetic_temp_bias,466.1,-7.002109423166911,8.334899822142699,1.5,2000-01-01_2020-01-01,True,
RGI60-13.39083,geodetic_temp_bias,346.3,-5.846858739946181,8.334899822142699,1.8911954170867604,2000-01-01_2020-01-01,True,
RGI60-13.39084,geodetic_temp_bias,166.6,-5.855847828779067,8.334899822142699,1.5,2000-01-01_2020-01-01,True,
RGI60-13.39085,geodetic_temp_bias,-13.299999999999999,-5.846858739946181,5.602993544539522,5.0,2000-01-01_2020-01-01,True,
RGI60-13.39086,geodetic_temp_bias,221.4,-5.917978452212285,8.12697905146271,1.5,2000-01-01_2020-01-01,True,
RGI60-13.39087,geodetic_temp_bias,269.3,-7.005129890889322,8.12697905146271,1.5,2000-01-01_2020-01-01,True,
RGI60-13.39088,geodetic_temp_bias,249.20000000000002,-4.464548375904576,8.12697905146271,1.5763405861599313,2000-01-01_2020-01-01,True,
RGI60-13.39089,geodetic_temp_bias,278.6,-5.688778719716396,8.12697905146271,1.5,2000-01-01_2020-01-01,True,
RGI60-13.39090,geodetic_temp_bias,234.0,-4.464548375904576,8.12697905146271,3.6448065782576595,2000-01-01_2020-01-01,True,
RGI60-13.39091,geodetic_temp_bias,359.9,-6.629145160635874,8.12697905146271,1.5,2000-01-01_2020-01-01,True,
RGI60-13.39092,geodetic_temp_bias,265.90000000000003,-5.169478190972972,8.12697905146271,1.5,2000-01-01_2020-01-01,True,
RGI60-13.39093,geodetic_temp_bias,185.0,-4.464548375904576,8.12697905146271,2.3714063109689123,2000-01-01_2020-01-01,True,
RGI60-13.39094,geodetic_temp_bias,42.1,-4.464548375904576,8.12697905146271,2.9821231512454167,2000-01-01_2020-01-01,True,
RGI60-13.39095,geodetic_temp_bias,108.8,-4.464548375904576,8.12697905146271,3.83660685110912,2000-01-01_2020-01-01,True,
RGI60-13.39096,geodetic_temp_bias,315.2,-5.914806922420254,8.12697905146271,1.5,2000-01-01_2020-01-01,True,
RGI60-13.39097,geodetic_temp_bias,24.7,-5.846858739946181,8.334899822142699,4.618016665428193,2000-01-01_2020-01-01,True,
RGI60-13.39098,geodetic_temp_bias,95.2,-5.846858739946181,6.041236859282122,5.0,2000-01-01_2020-01-01,True,
RGI60-13.39099,geodetic_temp_bias,132.0,-5.846858739946181,5.5565998814284665,8.329575804770553,2000-01-01_2020-01-01,True,
RGI60-13.39100,geodetic_temp_bias,167.6,-5.846858739946181,8.334899822142699,1.894144817392736,2000-01-01_2020-01-01,True,
RGI60-13.39101,geodetic_temp_bias,473.2,-9.39739459670918,8.334899822142699,1.5,2000-01-01_2020-01-01,True,
RGI60-13.39102,scalar,,,,,,True,
RGI60-13.39103,geodetic_temp_bias,96.8,-5.846858739946181,8.334899822142699,3.29998782555622,2000-01-01_2020-01-01,True,
RGI60-13.39104,geodetic_temp_bias,-176.4,-4.77737498327835,5.5565998814284665,17.0,2000-01-01_2020-01-01,True,
RGI60-13.39105,geodetic_temp_bias,417.3,-7.107475480846928,8.334899822142699,1.5,2000-01-01_2020-01-01,True,
RGI60-13.39106,geodetic_temp_bias,253.3,-5.893067513634788,8.334899822142699,1.5,2000-01-01_2020-01-01,True,
RGI60-13.39107,geodetic_temp_bias,214.0,-5.846858739946181,8.334899822142699,1.5564873393742116,2000-01-01_2020-01-01,True,
RGI60-13.39108,geodetic_temp_bias,454.7,-7.052170756744772,8.334899822142699,1.5,2000-01-01_2020-01-01,True,
RGI60-13.39109,geodetic_temp_bias,353.4,-6.5133996294239305,8.334899822142699,1.5,2000-01-01_2020-01-01,True,
RGI60-13.39110,geodetic_temp_bias,265.6,-5.846858739946181,7.892277986947137,5.0,2000-01-01_2020-01-01,True,
RGI60-13.39111,geodetic_temp_bias,190.0,-5.846858739946181,8.334899822142699,3.707706403102706,2000-01-01_2020-01-01,True,
RGI60-13.39112,geodetic_temp_bias,204.9,-5.846858739946181,8.334899822142699,3.6933809560964077,2000-01-01_2020-01-01,True,
RGI60-13.39113,geodetic_temp_bias,296.8,-5.171345804220962,8.12697905146271,1.5,2000-01-01_2020-01-01,True,
RGI60-13.39114,geodetic_temp_bias,175.3,-4.251436937840438,5.417986034308473,17.0,2000-01-01_2020-01-01,True,
RGI60-13.39115,geodetic_temp_bias,468.6,-6.469734414560173,8.12697905146271,1.5,2000-01-01_2020-01-01,True,
RGI60-13.39116,geodetic_temp_bias,266.1,-6.329014560389764,8.12697905146271,1.5,2000-01-01_2020-01-01,True,
RGI60-13.39117,geodetic_temp_bias,331.5,-5.99163199395096,8.12697905146271,1.5,2000-01-01_2020-01-01,True,
RGI60-13.39118,geodetic_temp_bias,374.90000000000003,-4.838250945893025,8.12697905146271,1.5,2000-01-01_2020-01-01,True,
RGI60-13.39119,geodetic_temp_bias,-321.29999999999995,-4.464548375904576,5.417986034308473,7.936612240170945,2000-01-01_2020-01-01,True,
RGI60-13.39120,geodetic_temp_bias,394.4,-6.152263315253771,8.12697905146271,1.5,2000-01-01_2020-01-01,True,
RGI60-13.39121,geodetic_temp_bias,313.09999999999997,-4.464548375904576,8.12697905146271,2.0229759183668525,2000-01-01_2020-01-01,True,
RGI60-13.39122,geodetic_temp_bias,367.59999999999997,-7.0220132505252035,8.12697905146271,1.5,2000-01-01_2020-01-01,True,
RGI60-13.39123,geodetic_temp_bias,352.0,-4.464548375904576,8.12697905146271,2.5727784857025005,2000-01-01_2020-01-01,True,
RGI60-13.39124,geodetic_temp_bias,169.0,-6.432856957320677,8.12697905146271,1.5,2000-01-01_2020-01-01,True,
RGI60-13.39125,geodetic_temp_bias,236.1,-4.464548375904576,8.12697905146271,2.1057333005927426,2000-01-01_2020-01-01,True,
RGI60-13.39126,geodetic_temp_bias,513.3,-7.151205648078539,8.12697905146271,1.5,2000-01-01_2020-01-01,True,
RGI60-13.39127,geodetic_temp_bias,428.3,-6.914637655019682,8.12697905146271,1.5,2000-01-01_2020-01-01,True,
RGI60-13.39128,geodetic_temp_bias,395.2,-5.9509126642684,8.12697905146271,1.5,2000-01-01_2020-01-01,True,
RGI60-13.39129,geodetic_temp_bias,359.09999999999997,-5.865872781637007,8.12697905146271,1.5,2000-01-01_2020-01-01,True,
RGI60-13.39130,geodetic_temp_bias,263.40000000000003,-6.061809143751575,8.12697905146271,1.5,2000-01-01_2020-01-01,True,
RGI60-13.39131,geodetic_temp_bias,404.7,-6.388428940930083,8.12697905146271,1.5,2000-01-01_2020-01-01,True,
RGI60-13.39132,geodetic_temp_bias,380.7,-6.435983404567276,8.12697905146271,1.5,2000-01-01_2020-01-01,True,
RGI60-13.39133,geodetic_temp_bias,302.0,-5.8682124363788235,8.12697905146271,1.5,2000-01-01_2020-01-01,True,
RGI60-13.39134,geodetic_temp_bias,348.1,-5.561941369051784,8.12697905146271,1.5,2000-01-01_2020-01-01,True,
RGI60-13.39135,geodetic_temp_bias,339.7,-5.724569934951245,8.12697905146271,1.5,2000-01-01_2020-01-01,True,
RGI60-13.39136,geodetic_temp_bias,427.59999999999997,-6.344874103738268,8.12697905146271,1.5,2000-01-01_2020-01-01,True,
RGI60-13.39137,geodetic_temp_bias,357.3,-5.391879270703958,8.12697905146271,1.5,2000-01-01_2020-01-01,True,
RGI60-13.39138,scalar,,,,,,True,
RGI60-13.39139,scalar,,,,,,True,
RGI60-13.39140,geodetic_temp_bias,422.0,-5.6137573784628785,8.12697905146271,1.5,2000-01-01_2020-01-01,True,
RGI60-13.39141,geodetic_temp_bias,319.1,-4.464548375904576,8.12697905146271,1.9716146092836353,2000-01-01_2020-01-01,True,
RGI60-13.39142,geodetic_temp_bias,299.5,-5.275115281338793,8.12697905146271,1.5,2000-01-01_2020-01-01,True,
RGI60-13.39143,geodetic_temp_bias,325.79999999999995,-4.464548375904576,8.12697905146271,2.137969599681906,2000-01-01_2020-01-01,True,
RGI60-13.39144,geodetic_temp_bias,122.89999999999999,-4.464548375904576,8.12697905146271,4.188863729340205,2000-01-01_2020-01-01,True,
RGI60-13.39145,geodetic_temp_bias,285.2,-4.909316319748188,8.12697905146271,1.5,2000-01-01_2020-01-01,True,
RGI60-13.39146,geodetic_temp_bias,140.1,-4.464548375904576,5.417986034308473,5.645040771564721,2000-01-01_2020-01-01,True,
RGI60-13.39147,geodetic_temp_bias,363.5,-5.238293288633166,8.12697905146271,1.5,2000-01-01_2020-01-01,True,
RGI60-13.39148,geodetic_temp_bias,263.2,-4.65496229913373,8.12697905146271,1.5,2000-01-01_2020-01-01,True,
RGI60-13.39149,geodetic_temp_bias,123.7,-4.464548375904576,8.12697905146271,3.7208729928799986,2000-01-01_2020-01-01,True,
RGI60-13.39150,geodetic_temp_bias,95.2,-4.464548375904576,8.12697905146271,4.984528478191406,2000-01-01_2020-01-01,True,
RGI60-13.39151,geodetic_temp_bias,317.5,-5.259383364969266,8.12697905146271,1.5,2000-01-01_2020-01-01,True,
RGI60-13.39152,geodetic_temp_bias,434.40000000000003,-5.462277110333995,8.12697905146271,1.5,2000-01-01_2020-01-01,True,
RGI60-13.39153,geodetic_temp_bias,240.5,-4.619871561242287,8.12697905146271,1.5,2000-01-01_2020-01-01,True,
RGI60-13.39154,geodetic_temp_bias,223.0,-5.204661343622814,8.12697905146271,1.5,2000-01-01_2020-01-01,True,
RGI60-13.39155,geodetic_temp_bias,84.5,-4.464548375904576,8.12697905146271,3.576084192548713,2000-01-01_2020-01-01,True,
RGI60-13.39156,geodetic_temp_bias,220.1,-4.648002801661654,8.12697905146271,1.5,2000-01-01_2020-01-01,True,
RGI60-13.39157,geodetic_temp_bias,449.0,-6.86302080044328,8.12697905146271,1.5,2000-01-01_2020-01-01,True,
RGI60-13.39158,geodetic_temp_bias,427.20000000000005,-6.824175388807499,8.12697905146271,1.5,2000-01-01_2020-01-01,True,
RGI60-13.39159,geodetic_temp_bias,201.3,-5.350002653975962,8.12697905146271,1.5,2000-01-01_2020-01-01,True,
RGI60-13.39160,scalar,,,,,,True,
RGI60-13.39161,geodetic_temp_bias,126.9,-4.464548375904576,8.12697905146271,3.755072037164341,2000-01-01_2020-01-01,True,
RGI60-13.39162,geodetic_temp_bias,326.90000000000003,-4.464548375904576,7.46181180419045,5.0,2000-01-01_2020-01-01,True,
RGI60-13.39163,geodetic_temp_bias,-161.5,-3.831545304583507,5.417986034308473,17.0,2000-01-01_2020-01-01,True,
RGI60-13.39164,geodetic_temp_bias,239.4,-4.464548375904576,8.12697905146271,1.5331032892301426,2000-01-01_2020-01-01,True,
RGI60-13.39165,geodetic_temp_bias,331.2,-5.378685044740896,8.12697905146271,1.5,2000-01-01_2020-01-01,True,
RGI60-13.39166,geodetic_temp_bias,33.300000000000004,-3.965601400914532,5.417986034308473,17.0,2000-01-01_2020-01-01,True,
RGI60-13.39167,geodetic_temp_bias,380.2,-6.135493914356389,8.12697905146271,1.5,2000-01-01_2020-01-01,True,
RGI60-13.39168,geodetic_temp_bias,237.1,-4.464548375904576,8.12697905146271,3.0576212778840057,2000-01-01_2020-01-01,True,
RGI60-13.39169,scalar,,,,,,True,
RGI60-13.39170,geodetic_temp_bias,221.6,-4.464548375904576,8.12697905146271,3.742644338356321,2000-01-01_2020-01-01,True,
RGI60-13.39171,geodetic_temp_bias,286.8,-4.973048020850399,8.12697905146271,1.5,2000-01-01_2020-01-01,True,
RGI60-13.39172,geodetic_temp_bias,138.5,-4.464548375904576,8.12697905146271,4.001627664117311,2000-01-01_2020-01-01,True,
RGI60-13.39173,geodetic_temp_bias,162.8,-4.464548375904576,5.443524780102442,5.0,2000-01-01_2020-01-01,True,
RGI60-13.39174,geodetic_temp_bias,220.1,-4.464548375904576,7.532719930239104,5.0,2000-01-01_2020-01-01,True,
RGI60-13.39175,geodetic_temp_bias,230.7,-4.464548375904576,7.807730308994233,5.0,2000-01-01_2020-01-01,True,
RGI60-13.39176,geodetic_temp_bias,325.40000000000003,-4.464548375904576,8.12697905146271,3.018654518828038,2000-01-01_2020-01-01,True,
RGI60-13.39177,geodetic_temp_bias,343.4,-4.464548375904576,7.312866363129457,5.0,2000-01-01_2020-01-01,True,
RGI60-13.39178,geodetic_temp_bias,274.0,-4.507292601780594,8.12697905146271,1.5,2000-01-01_2020-01-01,True,
RGI60-13.39179,scalar,,,,,,True,
RGI60-13.39180,geodetic_temp_bias,240.7,-4.464548375904576,5.417986034308473,7.276774294922647,2000-01-01_2020-01-01,True,
RGI60-13.39181,geodetic_temp_bias,72.5,-4.257010733350766,5.417986034308473,17.0,2000-01-01_2020-01-01,True,
RGI60-13.39182,geodetic_temp_bias,-189.29999999999998,-2.60603110660789,5.417986034308473,17.0,2000-01-01_2020-01-01,True,
RGI60-13.39183,geodetic_temp_bias,213.7,-4.464548375904576,8.12697905146271,1.5342570302268888,2000-01-01_2020-01-01,True,
RGI60-13.39184,geodetic_temp_bias,179.60000000000002,-2.2029473754623337,5.417986034308473,17.0,2000-01-01_2020-01-01,True,
RGI60-13.39185,geodetic_temp_bias,171.4,-4.464548375904576,8.12697905146271,3.581033654359137,2000-01-01_2020-01-01,True,
RGI60-13.39186,geodetic_temp_bias,276.5,-5.098743772715493,8.12697905146271,1.5,2000-01-01_2020-01-01,True,
RGI60-13.39187,geodetic_temp_bias,96.5,-4.464548375904576,8.12697905146271,3.5614955564281745,2000-01-01_2020-01-01,True,
RGI60-13.39188,geodetic_temp_bias,335.9,-5.160105813214296,8.12697905146271,1.5,2000-01-01_2020-01-01,True,
RGI60-13.39189,geodetic_temp_bias,-87.8,-4.223737911627854,5.417986034308473,17.0,2000-01-01_2020-01-01,True,
RGI60-13.39190,geodetic_temp_bias,416.4,-5.650366993350554,8.12697905146271,1.5,2000-01-01_2020-01-01,True,
RGI60-13.39191,geodetic_temp_bias,91.2,-4.464548375904576,7.96789176807623,5.0,2000-01-01_2020-01-01,True,
RGI60-13.39192,geodetic_temp_bias,418.1,-6.0271184667580275,8.12697905146271,1.5,2000-01-01_2020-01-01,True,
RGI60-13.39193,geodetic_temp_bias,300.0,-6.453817884417576,8.12697905146271,1.5,2000-01-01_2020-01-01,True,
RGI60-13.39194,geodetic_temp_bias,299.70000000000005,-7.231179498548408,8.12697905146271,1.5,2000-01-01_2020-01-01,True,
RGI60-13.39195,geodetic_temp_bias,332.9,-4.61761426110438,8.12697905146271,1.5,2000-01-01_2020-01-01,True,
RGI60-13.39196,geodetic_temp_bias,319.1,-4.875460583392961,8.12697905146271,1.5,2000-01-01_2020-01-01,True,
RGI60-13.39197,geodetic_temp_bias,117.1,-4.464548375904576,8.12697905146271,2.728059737323767,2000-01-01_2020-01-01,True,
RGI60-13.39198,geodetic_temp_bias,-103.3,-4.464548375904576,8.12697905146271,4.340891388023175,2000-01-01_2020-01-01,True,
RGI60-13.39199,geodetic_temp_bias,497.2,-6.338457929435473,8.12697905146271,1.5,2000-01-01_2020-01-01,True,
RGI60-13.39200,geodetic_temp_bias,303.20000000000005,-4.915560228039216,8.12697905146271,1.5,2000-01-01_2020-01-01,True,
RGI60-13.39201,scalar,,,,,,True,
RGI60-13.39202,geodetic_temp_bias,265.40000000000003,-4.919216951409365,8.12697905146271,1.5,2000-01-01_2020-01-01,True,
RGI60-13.39203,geodetic_temp_bias,284.4,-5.546713664490211,8.12697905146271,1.5,2000-01-01_2020-01-01,True,
RGI60-13.39204,geodetic_temp_bias,-36.0,-4.464548375904576,6.445808426817067,5.0,2000-01-01_2020-01-01,True,
RGI60-13.39205,geodetic_temp_bias,313.90000000000003,-5.307492981286179,8.12697905146271,1.5,2000-01-01_2020-01-01,True,
RGI60-13.39206,geodetic_temp_bias,307.3,-4.62561539345766,8.12697905146271,1.5,2000-01-01_2020-01-01,True,
RGI60-13.39207,geodetic_temp_bias,170.0,-4.464548375904576,7.872167653034536,5.0,2000-01-01_2020-01-01,True,
RGI60-13.39208,geodetic_temp_bias,71.8,-4.464548375904576,5.993024562408986,5.0,2000-01-01_2020-01-01,True,
RGI60-13.39209,geodetic_temp_bias,494.09999999999997,-8.478303906846945,8.12697905146271,1.5,2000-01-01_2020-01-01,True,
RGI60-13.39210,geodetic_temp_bias,420.3,-5.324002204774569,8.12697905146271,1.5,2000-01-01_2020-01-01,True,
RGI60-13.39211,geodetic_temp_bias,250.6,-4.464548375904576,8.12697905146271,3.704594488696773,2000-01-01_2020-01-01,True,
RGI60-13.39212,geodetic_temp_bias,-221.1,-4.3710959591390885,5.417986034308473,17.0,2000-01-01_2020-01-01,True,
RGI60-13.39213,geodetic_temp_bias,353.9,-5.879628810932059,8.12697905146271,1.5,2000-01-01_2020-01-01,True,
RGI60-13.39214,geodetic_temp_bias,22.700000000000003,-4.464548375904576,8.12697905146271,2.809854026968917,2000-01-01_2020-01-01,True,
RGI60-13.39215,geodetic_temp_bias,332.5,-5.239772476911907,8.12697905146271,1.5,2000-01-01_2020-01-01,True,
RGI60-13.39216,geodetic_temp_bias,222.89999999999998,-6.240001777589266,8.12697905146271,1.5,2000-01-01_2020-01-01,True,
RGI60-13.39217,geodetic_temp_bias,285.6,-5.454209470234266,8.12697905146271,1.5,2000-01-01_2020-01-01,True,
RGI60-13.39218,geodetic_temp_bias,418.5,-6.196631576278319,8.12697905146271,1.5,2000-01-01_2020-01-01,True,
RGI60-13.39219,geodetic_temp_bias,286.4,-5.9548235593824375,8.12697905146271,1.5,2000-01-01_2020-01-01,True,
RGI60-13.39220,scalar,,,,,,True,
RGI60-13.39221,geodetic_temp_bias,238.2,-5.312611985822678,8.12697905146271,1.5,2000-01-01_2020-01-01,True,
RGI60-13.39222,geodetic_temp_bias,440.0,-6.955935561552182,8.12697905146271,1.5,2000-01-01_2020-01-01,True,
RGI60-13.39223,geodetic_temp_bias,326.7,-7.898506179287079,8.12697905146271,1.5,2000-01-01_2020-01-01,True,
RGI60-13.39224,scalar,,,,,,True,
RGI60-13.39225,geodetic_temp_bias,73.3,-3.8521531632192567,5.417986034308473,17.0,2000-01-01_2020-01-01,True,
RGI60-13.39226,geodetic_temp_bias,-34.4,-2.573895707555353,5.417986034308473,17.0,2000-01-01_2020-01-01,True,
RGI60-13.39227,geodetic_temp_bias,-127.2,-2.7600421340223673,5.417986034308473,17.0,2000-01-01_2020-01-01,True,
RGI60-13.39228,geodetic_temp_bias,-2.7,-3.9969723553112813,5.417986034308473,17.0,2000-01-01_2020-01-01,True,
RGI60-13.39229,geodetic_temp_bias,197.7,-3.993504950236421,5.417986034308473,17.0,2000-01-01_2020-01-01,True,
RGI60-13.39230,geodetic_temp_bias,150.0,-4.464548375904576,5.417986034308473,5.888182369670879,2000-01-01_2020-01-01,True,
RGI60-13.39231,geodetic_temp_bias,387.0,-4.464548375904576,7.176387663812943,5.0,2000-01-01_2020-01-01,True,
RGI60-13.39232,geodetic_temp_bias,62.1,-4.464548375904576,5.417986034308473,6.530820152191237,2000-01-01_2020-01-01,True,
RGI60-13.39233,geodetic_temp_bias,205.0,-4.464548375904576,6.568365332586615,5.0,2000-01-01_2020-01-01,True,
RGI60-13.39234,geodetic_temp_bias,84.4,-4.464548375904576,5.417986034308473,5.667178145787233,2000-01-01_2020-01-01,True,
RGI60-13.39235,geodetic_temp_bias,335.1,-4.464548375904576,8.12697905146271,3.654949532738504,2000-01-01_2020-01-01,True,
RGI60-13.39236,geodetic_temp_bias,184.4,-4.464548375904576,6.733890489230093,5.0,2000-01-01_2020-01-01,True,
RGI60-13.39237,geodetic_temp_bias,478.2,-4.464548375904576,7.439374137865055,5.0,2000-01-01_2020-01-01,True,
RGI60-13.39238,geodetic_temp_bias,345.2,-4.464548375904576,5.954858263653956,5.0,2000-01-01_2020-01-01,True,
RGI60-13.39239,geodetic_temp_bias,349.4,-4.464548375904576,8.12697905146271,2.8603539979254142,2000-01-01_2020-01-01,True,
RGI60-13.39240,geodetic_temp_bias,153.9,-4.464548375904576,7.790239257585642,5.0,2000-01-01_2020-01-01,True,
RGI60-13.39241,geodetic_temp_bias,284.6,-4.464548375904576,5.417986034308473,8.519216156110666,2000-01-01_2020-01-01,True,
RGI60-13.39242,geodetic_temp_bias,61.800000000000004,-4.464548375904576,6.767494592897535,5.0,2000-01-01_2020-01-01,True,
RGI60-13.39243,geodetic_temp_bias,258.2,-4.585093024030548,8.12697905146271,1.5,2000-01-01_2020-01-01,True,
RGI60-13.39244,geodetic_temp_bias,-17.3,-3.5062546953827383,5.417986034308473,17.0,2000-01-01_2020-01-01,True,
RGI60-13.39245,geodetic_temp_bias,98.7,-4.4266081231056615,5.417986034308473,17.0,2000-01-01_2020-01-01,True,
RGI60-13.39246,geodetic_temp_bias,371.5,-4.464548375904576,7.5910472835932445,5.0,2000-01-01_2020-01-01,True,
RGI60-13.39247,geodetic_temp_bias,-342.2,-1.8230178905515364,5.5565998814284665,17.0,2000-01-01_2020-01-01,True,
RGI60-13.39248,geodetic_temp_bias,-71.7,-4.369371600732787,5.5565998814284665,17.0,2000-01-01_2020-01-01,True,
RGI60-13.39249,geodetic_temp_bias,102.8,-5.846858739946181,5.5565998814284665,10.018994772145987,2000-01-01_2020-01-01,True,
RGI60-13.39250,geodetic_temp_bias,-40.5,-5.846858739946181,5.5565998814284665,16.651258885119276,2000-01-01_2020-01-01,True,
RGI60-13.39251,geodetic_temp_bias,-114.4,-5.2795325431501485,5.5565998814284665,17.0,2000-01-01_2020-01-01,True,
RGI60-13.39252,geodetic_temp_bias,46.5,-5.846858739946181,5.5565998814284665,8.292114078674398,2000-01-01_2020-01-01,True,
RGI60-13.39253,geodetic_temp_bias,80.3,-4.158341691819193,5.5565998814284665,17.0,2000-01-01_2020-01-01,True,
RGI60-13.39254,geodetic_temp_bias,208.2,-4.8085759225139375,5.5565998814284665,17.0,2000-01-01_2020-01-01,True,
RGI60-13.39255,geodetic_temp_bias,-17.8,-4.986713962587417,5.5565998814284665,17.0,2000-01-01_2020-01-01,True,
RGI60-13.39256,geodetic_temp_bias,39.199999999999996,-5.002224116965333,5.5565998814284665,17.0,2000-01-01_2020-01-01,True,
RGI60-13.39257,geodetic_temp_bias,183.0,-5.846858739946181,5.5565998814284665,10.385913181367052,2000-01-01_2020-01-01,True,
RGI60-13.39258,geodetic_temp_bias,266.29999999999995,-5.846858739946181,5.5565998814284665,11.785954094863675,2000-01-01_2020-01-01,True,
RGI60-13.39259,geodetic_temp_bias,152.79999999999998,-4.656916118445593,5.5565998814284665,17.0,2000-01-01_2020-01-01,True,
RGI60-13.39260,geodetic_temp_bias,301.3,-4.313076300720419,5.5565998814284665,17.0,2000-01-01_2020-01-01,True,
RGI60-13.39261,geodetic_temp_bias,-86.4,-3.131234178196619,5.5565998814284665,17.0,2000-01-01_2020-01-01,True,
RGI60-13.39262,geodetic_temp_bias,259.40000000000003,-5.098234838146123,5.5565998814284665,17.0,2000-01-01_2020-01-01,True,
RGI60-13.39263,geodetic_temp_bias,208.7,-2.6576777819192823,5.5565998814284665,17.0,2000-01-01_2020-01-01,True,
RGI60-13.39264,geodetic_temp_bias,-78.8,-2.136175463503468,5.5565998814284665,17.0,2000-01-01_2020-01-01,True,
RGI60-13.39265,geodetic_temp_bias,95.4,-3.087267915687392,5.5565998814284665,17.0,2000-01-01_2020-01-01,True,
RGI60-13.39266,geodetic_temp_bias,57.7,-4.220272584477015,5.5565998814284665,17.0,2000-01-01_2020-01-01,True,
RGI60-13.39267,geodetic_temp_bias,-87.6,-4.448726276430586,5.5565998814284665,17.0,2000-01-01_2020-01-01,True,
RGI60-13.39268,geodetic_temp_bias,63.3,-2.386141378849149,5.5565998814284665,17.0,2000-01-01_2020-01-01,True,
RGI60-13.39269,geodetic_temp_bias,-41.300000000000004,-1.6050343418641255,5.5565998814284665,17.0,2000-01-01_2020-01-01,True,
RGI60-13.39270,geodetic_temp_bias,-365.59999999999997,-1.7633851586856895,5.5565998814284665,17.0,2000-01-01_2020-01-01,True,
RGI60-13.39271,geodetic_temp_bias,150.9,-5.846858739946181,8.334899822142699,2.6761492380988994,2000-01-01_2020-01-01,True,
RGI60-13.39272,geodetic_temp_bias,261.79999999999995,-5.046907529296957,5.5565998814284665,17.0,2000-01-01_2020-01-01,True,
RGI60-13.39273,geodetic_temp_bias,256.2,-5.1617536886890125,5.5565998814284665,17.0,2000-01-01_2020-01-01,True,
RGI60-13.39274,geodetic_temp_bias,177.8,-5.846858739946181,8.334899822142699,4.357096736573007,2000-01-01_2020-01-01,True,
RGI60-13.39275,geodetic_temp_bias,207.3,-5.846858739946181,8.334899822142699,4.8531820029585795,2000-01-01_2020-01-01,True,
RGI60-13.39276,geodetic_temp_bias,308.5,-4.705319860663713,5.5565998814284665,17.0,2000-01-01_2020-01-01,True,
RGI60-13.39277,geodetic_temp_bias,173.2,-5.846858739946181,7.953875836112451,5.0,2000-01-01_2020-01-01,True,
RGI60-13.39278,geodetic_temp_bias,304.09999999999997,-5.846858739946181,7.9796769942647,5.0,2000-01-01_2020-01-01,True,
RGI60-13.39279,geodetic_temp_bias,-39.699999999999996,-5.683843702369887,5.5565998814284665,17.0,2000-01-01_2020-01-01,True,
RGI60-13.39280,geodetic_temp_bias,-68.9,-4.851993247342068,5.5565998814284665,17.0,2000-01-01_2020-01-01,True,
RGI60-13.39281,geodetic_temp_bias,63.2,-5.846858739946181,5.5565998814284665,16.905306476807034,2000-01-01_2020-01-01,True,
RGI60-13.39282,geodetic_temp_bias,123.1,-2.4854983397739243,5.5565998814284665,17.0,2000-01-01_2020-01-01,True,
RGI60-13.39283,geodetic_temp_bias,-50.0,-2.0800850875022885,5.506257059307301,17.0,2000-01-01_2020-01-01,True,
RGI60-13.39284,geodetic_temp_bias,80.4,-1.353915803799548,5.506257059307301,17.0,2000-01-01_2020-01-01,True,
RGI60-13.39285,geodetic_temp_bias,328.7,-2.4209515099688006,8.259385588960951,3.4825555347973314,2000-01-01_2020-01-01,True,
RGI60-13.39286,geodetic_temp_bias,1.3,-2.4209515099688006,5.506257059307301,12.884274680356949,2000-01-01_2020-01-01,True,
RGI60-13.39287,geodetic_temp_bias,-303.09999999999997,-1.1988926663698956,5.506257059307301,17.0,2000-01-01_2020-01-01,True,
RGI60-13.39288,geodetic_temp_bias,-30.200000000000003,-2.0756584670371154,5.506257059307301,17.0,2000-01-01_2020-01-01,True,
RGI60-13.39289,geodetic_temp_bias,113.10000000000001,-1.885813271842872,5.506257059307301,17.0,2000-01-01_2020-01-01,True,
RGI60-13.39290,geodetic_temp_bias,128.8,-2.4209515099688006,5.506257059307301,11.832557625360039,2000-01-01_2020-01-01,True,
RGI60-13.39291,geodetic_temp_bias,201.2,-2.4209515099688006,6.714610279533745,5.0,2000-01-01_2020-01-01,True,
RGI60-13.39292,geodetic_temp_bias,115.3,-2.4209515099688006,5.506257059307301,8.36335200767811,2000-01-01_2020-01-01,True,
RGI60-13.39293,geodetic_temp_bias,-113.19999999999999,-1.934448386447003,5.506257059307301,17.0,2000-01-01_2020-01-01,True,
RGI60-13.39294,geodetic_temp_bias,70.2,-2.4209515099688006,5.506257059307301,10.803031996944267,2000-01-01_2020-01-01,True,
RGI60-13.39295,geodetic_temp_bias,-25.2,-1.6386758175396428,5.506257059307301,17.0,2000-01-01_2020-01-01,True,
RGI60-13.39296,geodetic_temp_bias,63.70000000000001,-2.4209515099688006,5.506257059307301,13.521696017098872,2000-01-01_2020-01-01,True,
RGI60-13.39297,geodetic_temp_bias,11.4,-2.4209515099688006,5.506257059307301,8.30636920246216,2000-01-01_2020-01-01,True,
RGI60-13.39298,geodetic_temp_bias,-244.2,-0.6369243742279821,5.506257059307301,17.0,2000-01-01_2020-01-01,True,
RGI60-13.39299,geodetic_temp_bias,64.60000000000001,-2.4209515099688006,5.506257059307301,12.385925836485129,2000-01-01_2020-01-01,True,
RGI60-13.39300,geodetic_temp_bias,-52.3,-2.2731116848776645,5.506257059307301,17.0,2000-01-01_2020-01-01,True,
RGI60-13.39301,geodetic_temp_bias,-468.0,-1.1922770538370664,5.506257059307301,17.0,2000-01-01_2020-01-01,True,
RGI60-13.39302,geodetic_temp_bias,-428.4,-1.668179121870334,5.506257059307301,17.0,2000-01-01_2020-01-01,True,
RGI60-13.39303,geodetic_temp_bias,-326.6,-1.8200865354136588,5.506257059307301,17.0,2000-01-01_2020-01-01,True,
RGI60-13.39304,geodetic_temp_bias,215.0,-2.4209515099688006,6.152515255740258,5.0,2000-01-01_2020-01-01,True,
RGI60-13.39305,geodetic_temp_bias,384.79999999999995,-2.4209515099688006,6.578701479971473,5.0,2000-01-01_2020-01-01,True,
RGI60-13.39306,geodetic_temp_bias,26.700000000000003,-2.309226700333313,5.506257059307301,17.0,2000-01-01_2020-01-01,True,
RGI60-13.39307,geodetic_temp_bias,-498.5,-1.274511708914736,5.506257059307301,17.0,2000-01-01_2020-01-01,True,
RGI60-13.39308,geodetic_temp_bias,140.5,-2.4209515099688006,5.506257059307301,8.135799543898775,2000-01-01_2020-01-01,True,
RGI60-13.39309,geodetic_temp_bias,141.1,-2.4209515099688006,5.506257059307301,5.115792716305606,2000-01-01_2020-01-01,True,
RGI60-13.39310,geodetic_temp_bias,104.7,-0.4251716568214835,5.506257059307301,17.0,2000-01-01_2020-01-01,True,
RGI60-13.39311,geodetic_temp_bias,-36.0,-2.4087740461341878,5.506257059307301,17.0,2000-01-01_2020-01-01,True,
RGI60-13.39312,geodetic_temp_bias,49.8,-2.0843977940898335,5.506257059307301,17.0,2000-01-01_2020-01-01,True,
RGI60-13.39313,geodetic_temp_bias,-21.5,-2.4209515099688006,5.506257059307301,12.7038216017272,2000-01-01_2020-01-01,True,
RGI60-13.39314,geodetic_temp_bias,54.9,-1.8240013016618508,5.506257059307301,17.0,2000-01-01_2020-01-01,True,
RGI60-13.39315,geodetic_temp_bias,22.3,-2.354765680960537,5.506257059307301,17.0,2000-01-01_2020-01-01,True,
RGI60-13.39316,geodetic_temp_bias,181.0,-2.4209515099688006,5.506257059307301,6.116467085373334,2000-01-01_2020-01-01,True,
RGI60-13.39317,geodetic_temp_bias,-135.2,-2.4209515099688006,5.506257059307301,8.11342948208434,2000-01-01_2020-01-01,True,
RGI60-13.39318,geodetic_temp_bias,-146.4,-2.201165011260366,5.506257059307301,17.0,2000-01-01_2020-01-01,True,
RGI60-13.39319,geodetic_temp_bias,-24.1,-1.0228985741561931,5.506257059307301,17.0,2000-01-01_2020-01-01,True,
RGI60-13.39320,geodetic_temp_bias,14.3,-0.31493058571220817,5.506257059307301,17.0,2000-01-01_2020-01-01,True,
RGI60-13.39321,geodetic_temp_bias,104.89999999999999,-2.0659813969510044,5.506257059307301,17.0,2000-01-01_2020-01-01,True,
RGI60-13.39322,geodetic_temp_bias,-73.89999999999999,-0.007285299054778939,5.506257059307301,17.0,2000-01-01_2020-01-01,True,
RGI60-13.39323,geodetic_temp_bias,52.0,0.1147846183866074,5.506257059307301,17.0,2000-01-01_2020-01-01,True,
RGI60-13.39324,geodetic_temp_bias,67.10000000000001,-2.4209515099688006,5.981006808009689,5.0,2000-01-01_2020-01-01,True,
RGI60-13.39325,geodetic_temp_bias,-4.2,-1.5674037661423408,5.506257059307301,17.0,2000-01-01_2020-01-01,True,
RGI60-13.39326,geodetic_temp_bias,-43.3,-2.4209515099688006,5.506257059307301,6.368202217392421,2000-01-01_2020-01-01,True,
RGI60-13.39327,geodetic_temp_bias,25.8,-2.4209515099688006,5.506257059307301,12.375774399664799,2000-01-01_2020-01-01,True,
RGI60-13.39328,geodetic_temp_bias,8.4,-2.0340687625423546,5.506257059307301,17.0,2000-01-01_2020-01-01,True,
RGI60-13.39329,geodetic_temp_bias,-301.09999999999997,-1.271744915722633,5.506257059307301,17.0,2000-01-01_2020-01-01,True,
RGI60-13.39330,geodetic_temp_bias,42.6,-2.1540025625227353,5.506257059307301,17.0,2000-01-01_2020-01-01,True,
RGI60-13.39331,geodetic_temp_bias,-123.39999999999999,-1.913974350658667,5.506257059307301,17.0,2000-01-01_2020-01-01,True,
RGI60-13.39332,geodetic_temp_bias,120.89999999999999,-2.2541812229657188,5.506257059307301,17.0,2000-01-01_2020-01-01,True,
RGI60-13.39333,geodetic_temp_bias,28.2,-2.4209515099688006,5.506257059307301,12.146684350123119,2000-01-01_2020-01-01,True,
RGI60-13.39334,geodetic_temp_bias,139.6,-2.4209515099688006,5.506257059307301,9.01316788946422,2000-01-01_2020-01-01,True,
RGI60-13.39335,geodetic_temp_bias,118.8,-2.0896480846803995,5.506257059307301,17.0,2000-01-01_2020-01-01,True,
RGI60-13.39336,geodetic_temp_bias,-13.5,-2.4209515099688006,5.506257059307301,15.75562377500674,2000-01-01_2020-01-01,True,
RGI60-13.39337,geodetic_temp_bias,-19.5,-2.1146070696505204,5.506257059307301,17.0,2000-01-01_2020-01-01,True,
RGI60-13.39338,geodetic_temp_bias,167.2,-2.4209515099688006,5.506257059307301,10.385440542081982,2000-01-01_2020-01-01,True,
RGI60-13.39339,geodetic_temp_bias,46.0,-2.3350544196001524,5.506257059307301,17.0,2000-01-01_2020-01-01,True,
RGI60-13.39340,geodetic_temp_bias,-47.0,-2.417748883518571,5.506257059307301,17.0,2000-01-01_2020-01-01,True,
RGI60-13.39341,geodetic_temp_bias,-20.299999999999997,-2.4209515099688006,5.506257059307301,5.888830931237141,2000-01-01_2020-01-01,True,
RGI60-13.39342,geodetic_temp_bias,-252.6,-1.4621057268824795,5.506257059307301,17.0,2000-01-01_2020-01-01,True,
RGI60-13.39343,geodetic_temp_bias,-16.5,-2.4209515099688006,5.602529735690133,5.0,2000-01-01_2020-01-01,True,
RGI60-13.39344,geodetic_temp_bias,69.8,-0.060395361846698276,5.506257059307301,17.0,2000-01-01_2020-01-01,True,
RGI60-13.39345,geodetic_temp_bias,-87.0,0.005395157035728842,5.506257059307301,17.0,2000-01-01_2020-01-01,True,
RGI60-13.39346,geodetic_temp_bias,-437.09999999999997,1.217050056444861,5.506257059307301,17.0,2000-01-01_2020-01-01,True,
RGI60-13.39347,geodetic_temp_bias,20.8,-2.4209515099688006,6.460434181721913,5.0,2000-01-01_2020-01-01,True,
RGI60-13.39348,geodetic_temp_bias,208.5,-2.4209515099688006,6.0832878728490964,5.0,2000-01-01_2020-01-01,True,
RGI60-13.39349,geodetic_temp_bias,117.7,-2.4209515099688006,5.506257059307301,10.54461975310064,2000-01-01_2020-01-01,True,
RGI60-13.39350,geodetic_temp_bias,-62.9,-1.0398630862452607,5.506257059307301,17.0,2000-01-01_2020-01-01,True,
RGI60-13.39351,geodetic_temp_bias,57.0,-2.4209515099688006,5.506257059307301,14.029206946953433,2000-01-01_2020-01-01,True,
RGI60-13.39352,geodetic_temp_bias,-57.6,-2.4209515099688006,5.506257059307301,11.996165708952159,2000-01-01_2020-01-01,True,
RGI60-13.39353,geodetic_temp_bias,355.8,-2.4209515099688006,6.055898624567948,5.0,2000-01-01_2020-01-01,True,
RGI60-13.39354,geodetic_temp_bias,225.0,-2.4209515099688006,6.161904055538675,5.0,2000-01-01_2020-01-01,True,
RGI60-13.39355,geodetic_temp_bias,310.90000000000003,-2.4209515099688006,7.4501610212544565,5.0,2000-01-01_2020-01-01,True,
RGI60-13.39356,geodetic_temp_bias,359.09999999999997,-2.4209515099688006,6.068271814265505,5.0,2000-01-01_2020-01-01,True,
RGI60-13.39357,geodetic_temp_bias,369.40000000000003,-2.4209515099688006,6.314269386505546,5.0,2000-01-01_2020-01-01,True,
RGI60-13.39358,geodetic_temp_bias,61.699999999999996,-1.4072808007806956,5.506257059307301,17.0,2000-01-01_2020-01-01,True,
RGI60-13.39359,geodetic_temp_bias,355.9,-2.4209515099688006,8.259385588960951,3.678783278061653,2000-01-01_2020-01-01,True,
RGI60-13.39360,geodetic_temp_bias,318.40000000000003,-2.4209515099688006,7.683148095666223,5.0,2000-01-01_2020-01-01,True,
RGI60-13.39361,geodetic_temp_bias,-51.1,-1.2191105455229758,5.506257059307301,17.0,2000-01-01_2020-01-01,True,
RGI60-13.39362,geodetic_temp_bias,121.7,-2.4209515099688006,5.506257059307301,13.042342011961157,2000-01-01_2020-01-01,True,
RGI60-13.39363,geodetic_temp_bias,180.4,-2.4209515099688006,5.506257059307301,6.644778555583656,2000-01-01_2020-01-01,True,
RGI60-13.39364,geodetic_temp_bias,191.6,-2.4209515099688006,5.506257059307301,6.633472716351027,2000-01-01_2020-01-01,True,
RGI60-13.39365,geodetic_temp_bias,217.9,-1.9424375237447522,5.506257059307301,17.0,2000-01-01_2020-01-01,True,
RGI60-13.39366,geodetic_temp_bias,298.9,-2.4209515099688006,5.8029120339908475,5.0,2000-01-01_2020-01-01,True,
RGI60-13.39367,geodetic_temp_bias,214.60000000000002,-1.871382268997398,5.506257059307301,17.0,2000-01-01_2020-01-01,True,
RGI60-13.39368,geodetic_temp_bias,42.1,-0.8655668732078812,5.506257059307301,17.0,2000-01-01_2020-01-01,True,
RGI60-13.39369,geodetic_temp_bias,242.0,-0.2577166903851516,5.506257059307301,17.0,2000-01-01_2020-01-01,True,
RGI60-13.39370,geodetic_temp_bias,-44.5,-0.313054294828143,5.506257059307301,17.0,2000-01-01_2020-01-01,True,
RGI60-13.39371,geodetic_temp_bias,-38.5,0.13422279928769265,5.506257059307301,17.0,2000-01-01_2020-01-01,True,
RGI60-13.39372,geodetic_temp_bias,225.5,0.34077346073125897,5.506257059307301,17.0,2000-01-01_2020-01-01,True,
RGI60-13.39373,geodetic_temp_bias,-121.6,0.676989067220224,5.506257059307301,17.0,2000-01-01_2020-01-01,True,
RGI60-13.39374,geodetic_temp_bias,-116.5,0.4761350453940292,5.506257059307301,17.0,2000-01-01_2020-01-01,True,
RGI60-13.39375,geodetic_temp_bias,-171.8,0.30947231310783574,5.506257059307301,17.0,2000-01-01_2020-01-01,True,
RGI60-13.39376,geodetic_temp_bias,459.9,-2.4209515099688006,7.771646358620735,5.0,2000-01-01_2020-01-01,True,
RGI60-13.39377,geodetic_temp_bias,-68.1,-0.7676702666251127,5.506257059307301,17.0,2000-01-01_2020-01-01,True,
RGI60-13.39378,geodetic_temp_bias,48.599999999999994,-0.2737073998138845,5.506257059307301,17.0,2000-01-01_2020-01-01,True,
RGI60-13.39379,geodetic_temp_bias,84.4,-0.1934328588402775,5.506257059307301,17.0,2000-01-01_2020-01-01,True,
RGI60-13.39380,geodetic_temp_bias,136.5,-3.581583897139613,5.241739562300486,5.0,2000-01-01_2020-01-01,True,
RGI60-13.39381,geodetic_temp_bias,-22.8,-3.581583897139613,5.175706197942124,9.020693607269644,2000-01-01_2020-01-01,True,
RGI60-13.39382,geodetic_temp_bias,110.0,-3.581583897139613,5.175706197942124,5.928166078654965,2000-01-01_2020-01-01,True,
RGI60-13.39383,geodetic_temp_bias,-21.9,0.1920076609304049,5.506257059307301,17.0,2000-01-01_2020-01-01,True,
RGI60-13.39384,geodetic_temp_bias,139.5,-0.40502615835862743,5.506257059307301,17.0,2000-01-01_2020-01-01,True,
RGI60-13.39385,geodetic_temp_bias,-53.1,-0.3785724680687179,5.506257059307301,17.0,2000-01-01_2020-01-01,True,
RGI60-13.39386,geodetic_temp_bias,166.3,0.22802614811495037,5.506257059307301,17.0,2000-01-01_2020-01-01,True,
RGI60-13.39387,geodetic_temp_bias,-221.0,0.8576324876657837,5.506257059307301,17.0,2000-01-01_2020-01-01,True,
RGI60-13.39388,geodetic_temp_bias,30.4,-0.5648301447017045,5.506257059307301,17.0,2000-01-01_2020-01-01,True,
RGI60-13.39389,geodetic_temp_bias,-206.5,0.7015143605714841,5.506257059307301,17.0,2000-01-01_2020-01-01,True,
RGI60-13.39390,geodetic_temp_bias,-544.3,-2.5878814039791114,5.175706197942124,17.0,2000-01-01_2020-01-01,True,
RGI60-13.39391,geodetic_temp_bias,-274.3,-2.802531111199405,5.175706197942124,17.0,2000-01-01_2020-01-01,True,
RGI60-13.39392,geodetic_temp_bias,223.8,-3.581583897139613,7.279462874998849,5.0,2000-01-01_2020-01-01,True,
RGI60-13.39393,geodetic_temp_bias,31.9,-3.581583897139613,6.229358567544038,5.0,2000-01-01_2020-01-01,True,
RGI60-13.39394,geodetic_temp_bias,138.5,-3.581583897139613,6.1451566138026825,5.0,2000-01-01_2020-01-01,True,
RGI60-13.39395,geodetic_temp_bias,166.0,-3.581583897139613,7.7635592969131855,3.769683575424649,2000-01-01_2020-01-01,True,
RGI60-13.39396,geodetic_temp_bias,-363.8,-3.581583897139613,5.175706197942124,6.31518990695188,2000-01-01_2020-01-01,True,
RGI60-13.39397,geodetic_temp_bias,62.7,-3.581583897139613,7.7635592969131855,3.0692019955988488,2000-01-01_2020-01-01,True,
RGI60-13.39398,geodetic_temp_bias,37.400000000000006,-3.581583897139613,7.7635592969131855,4.428789537651438,2000-01-01_2020-01-01,True,
RGI60-13.39399,geodetic_temp_bias,129.8,-3.581583897139613,7.7635592969131855,2.6654400702237724,2000-01-01_2020-01-01,True,
RGI60-13.39400,geodetic_temp_bias,82.60000000000001,-3.581583897139613,7.7635592969131855,4.218470278594767,2000-01-01_2020-01-01,True,
RGI60-13.39401,geodetic_temp_bias,63.1,-3.581583897139613,7.291230799714002,5.0,2000-01-01_2020-01-01,True,
RGI60-13.39402,geodetic_temp_bias,173.7,-3.581583897139613,6.257914085657012,5.0,2000-01-01_2020-01-01,True,
RGI60-13.39403,geodetic_temp_bias,17.3,-3.581583897139613,7.7635592969131855,4.195922978475574,2000-01-01_2020-01-01,True,
RGI60-13.39404,geodetic_temp_bias,219.5,0.721337784425027,5.506257059307301,17.0,2000-01-01_2020-01-01,True,
RGI60-13.39405,geodetic_temp_bias,148.0,-3.581583897139613,7.7635592969131855,3.9385080231361913,2000-01-01_2020-01-01,True,
RGI60-13.39406,geodetic_temp_bias,41.300000000000004,-3.581583897139613,7.089282454127073,5.0,2000-01-01_2020-01-01,True,
RGI60-13.39407,geodetic_temp_bias,163.39999999999998,-3.581583897139613,7.7635592969131855,3.415337361546384,2000-01-01_2020-01-01,True,
RGI60-13.39408,geodetic_temp_bias,-8.7,-0.07289941092516584,5.506257059307301,17.0,2000-01-01_2020-01-01,True,
RGI60-13.39409,geodetic_temp_bias,82.5,-3.581583897139613,5.175706197942124,6.740009413984888,2000-01-01_2020-01-01,True,
RGI60-13.39410,geodetic_temp_bias,41.099999999999994,-3.581583897139613,7.7635592969131855,3.5647060176893537,2000-01-01_2020-01-01,True,
RGI60-13.39411,geodetic_temp_bias,324.1,-4.202112357613322,7.7635592969131855,1.5,2000-01-01_2020-01-01,True,
RGI60-13.39412,geodetic_temp_bias,104.3,-1.0782688800102087,5.506257059307301,17.0,2000-01-01_2020-01-01,True,
RGI60-13.39413,geodetic_temp_bias,-8.7,-3.3574414640419983,5.175706197942124,17.0,2000-01-01_2020-01-01,True,
RGI60-13.39414,geodetic_temp_bias,196.70000000000002,-3.581583897139613,5.29542482404638,5.0,2000-01-01_2020-01-01,True,
RGI60-13.39415,geodetic_temp_bias,52.8,-1.642008508107932,5.175706197942124,17.0,2000-01-01_2020-01-01,True,
RGI60-13.39416,geodetic_temp_bias,-44.8,-2.685630474476674,5.175706197942124,17.0,2000-01-01_2020-01-01,True,
RGI60-13.39417,geodetic_temp_bias,39.6,-1.7960710842242027,5.175706197942124,17.0,2000-01-01_2020-01-01,True,
RGI60-13.39418,geodetic_temp_bias,191.89999999999998,-2.934967619107893,5.175706197942124,17.0,2000-01-01_2020-01-01,True,
RGI60-13.39419,geodetic_temp_bias,235.6,-3.581583897139613,7.7635592969131855,4.367051218150685,2000-01-01_2020-01-01,True,
RGI60-13.39420,geodetic_temp_bias,146.9,-1.8483666042472384,5.506257059307301,17.0,2000-01-01_2020-01-01,True,
RGI60-13.39421,geodetic_temp_bias,200.2,-3.581583897139613,5.175706197942124,5.187441856132529,2000-01-01_2020-01-01,True,
RGI60-13.39422,geodetic_temp_bias,9.0,-1.3071617653947167,5.506257059307301,17.0,2000-01-01_2020-01-01,True,
RGI60-13.39423,geodetic_temp_bias,217.5,-0.7183493443893323,5.506257059307301,17.0,2000-01-01_2020-01-01,True,
RGI60-13.39424,geodetic_temp_bias,17.6,-0.9119533053112221,5.506257059307301,17.0,2000-01-01_2020-01-01,True,
RGI60-13.39425,geodetic_temp_bias,-24.400000000000002,0.478304260685644,5.506257059307301,17.0,2000-01-01_2020-01-01,True,
RGI60-13.39426,geodetic_temp_bias,-92.39999999999999,0.4269340459678304,5.506257059307301,17.0,2000-01-01_2020-01-01,True,
RGI60-13.39427,geodetic_temp_bias,172.5,-3.581583897139613,6.926161232680908,5.0,2000-01-01_2020-01-01,True,
RGI60-13.39428,geodetic_temp_bias,362.3,-2.4209515099688006,6.128823963887752,5.0,2000-01-01_2020-01-01,True,
RGI60-13.39429,geodetic_temp_bias,234.0,-3.581583897139613,7.7635592969131855,2.7418675203500857,2000-01-01_2020-01-01,True,
RGI60-13.39430,geodetic_temp_bias,-119.3,-1.2781178167795406,5.175706197942124,17.0,2000-01-01_2020-01-01,True,
RGI60-13.39431,geodetic_temp_bias,297.4,-1.8736093875114845,5.506257059307301,17.0,2000-01-01_2020-01-01,True,
RGI60-13.39432,geodetic_temp_bias,126.1,-3.581583897139613,5.175706197942124,7.069129874404819,2000-01-01_2020-01-01,True,
RGI60-13.39433,geodetic_temp_bias,95.5,-3.581583897139613,7.7635592969131855,4.295769688413765,2000-01-01_2020-01-01,True,
RGI60-13.39434,geodetic_temp_bias,-63.8,0.2836069980393616,5.506257059307301,17.0,2000-01-01_2020-01-01,True,
RGI60-13.39435,geodetic_temp_bias,-85.3,-1.5227513971710671,5.175706197942124,17.0,2000-01-01_2020-01-01,True,
RGI60-13.39436,geodetic_temp_bias,121.6,-3.581583897139613,5.571750122703043,5.0,2000-01-01_2020-01-01,True,
RGI60-13.39437,geodetic_temp_bias,13.899999999999999,-2.3144818365681443,5.175706197942124,17.0,2000-01-01_2020-01-01,True,
RGI60-13.39438,geodetic_temp_bias,96.9,-3.50398107206795,5.175706197942124,17.0,2000-01-01_2020-01-01,True,
RGI60-13.39439,geodetic_temp_bias,300.9,-2.4209515099688006,5.506257059307301,10.151169763559508,2000-01-01_2020-01-01,True,
RGI60-13.39440,geodetic_temp_bias,313.5,-3.581583897139613,7.0396739298935,5.0,2000-01-01_2020-01-01,True,
RGI60-13.39441,geodetic_temp_bias,193.89999999999998,-3.581583897139613,5.175706197942124,15.104583104498518,2000-01-01_2020-01-01,True,
RGI60-13.39442,geodetic_temp_bias,48.300000000000004,-3.581583897139613,5.175706197942124,12.062286480202863,2000-01-01_2020-01-01,True,
RGI60-13.39443,geodetic_temp_bias,44.4,-3.732895638887003,5.440661612252727,17.0,2000-01-01_2020-01-01,True,
RGI60-13.39444,geodetic_temp_bias,-97.4,-3.3567281274448066,5.440661612252727,17.0,2000-01-01_2020-01-01,True,
RGI60-13.39445,geodetic_temp_bias,419.0,-3.9375749286182895,7.1718085345849065,5.0,2000-01-01_2020-01-01,True,
RGI60-13.39446,geodetic_temp_bias,-5.5,-3.1501207748382334,5.440661612252727,17.0,2000-01-01_2020-01-01,True,
RGI60-13.39447,geodetic_temp_bias,337.7,-3.9375749286182895,6.645420454140371,5.0,2000-01-01_2020-01-01,True,
RGI60-13.39448,geodetic_temp_bias,-242.7,-1.0834177738656539,5.440661612252727,17.0,2000-01-01_2020-01-01,True,
RGI60-13.39449,geodetic_temp_bias,-48.7,-3.3037513664014355,5.440661612252727,17.0,2000-01-01_2020-01-01,True,
RGI60-13.39450,geodetic_temp_bias,486.5,-3.9375749286182895,8.16099241837909,1.6973082703074382,2000-01-01_2020-01-01,True,
RGI60-13.39451,geodetic_temp_bias,165.7,-2.449197141400008,5.440661612252727,17.0,2000-01-01_2020-01-01,True,
RGI60-13.39452,geodetic_temp_bias,212.2,-3.9375749286182895,5.440661612252727,7.5670647045035695,2000-01-01_2020-01-01,True,
RGI60-13.39453,geodetic_temp_bias,152.10000000000002,-3.9375749286182895,5.440661612252727,16.92876981790282,2000-01-01_2020-01-01,True,
RGI60-13.39454,geodetic_temp_bias,253.4,-3.256688267783763,5.440661612252727,17.0,2000-01-01_2020-01-01,True,
RGI60-13.39455,geodetic_temp_bias,49.2,-3.416266142428857,5.440661612252727,17.0,2000-01-01_2020-01-01,True,
RGI60-13.39456,geodetic_temp_bias,-66.9,-2.018106021822058,5.440661612252727,17.0,2000-01-01_2020-01-01,True,
RGI60-13.39457,geodetic_temp_bias,-67.5,-2.2514261641687905,5.440661612252727,17.0,2000-01-01_2020-01-01,True,
RGI60-13.39458,geodetic_temp_bias,195.6,-2.364107883344397,5.440661612252727,17.0,2000-01-01_2020-01-01,True,
RGI60-13.39459,geodetic_temp_bias,226.39999999999998,-3.9375749286182895,5.440661612252727,7.809644154592772,2000-01-01_2020-01-01,True,
RGI60-13.39460,geodetic_temp_bias,224.39999999999998,-3.581583897139613,5.175706197942124,5.170929628633418,2000-01-01_2020-01-01,True,
RGI60-13.39461,geodetic_temp_bias,72.6,-3.581583897139613,5.175706197942124,5.463469017273448,2000-01-01_2020-01-01,True,
RGI60-13.39462,geodetic_temp_bias,108.10000000000001,-3.581583897139613,7.7635592969131855,4.331561886501927,2000-01-01_2020-01-01,True,
RGI60-13.39463,geodetic_temp_bias,83.2,-3.581583897139613,6.821142954477315,5.0,2000-01-01_2020-01-01,True,
RGI60-13.39464,geodetic_temp_bias,174.7,-3.5426314186162218,5.175706197942124,17.0,2000-01-01_2020-01-01,True,
RGI60-13.39465,geodetic_temp_bias,49.7,-3.581583897139613,5.175706197942124,5.544382790806511,2000-01-01_2020-01-01,True,
RGI60-13.39466,geodetic_temp_bias,-93.39999999999999,-2.996025949517097,5.175706197942124,17.0,2000-01-01_2020-01-01,True,
RGI60-13.39467,geodetic_temp_bias,-0.1,-3.581583897139613,5.175706197942124,8.079304401522268,2000-01-01_2020-01-01,True,
RGI60-13.39468,geodetic_temp_bias,6.5,-3.1584809175629265,5.175706197942124,17.0,2000-01-01_2020-01-01,True,
RGI60-13.39469,geodetic_temp_bias,-179.29999999999998,-3.581583897139613,5.175706197942124,8.24258518685794,2000-01-01_2020-01-01,True,
RGI60-13.39470,geodetic_temp_bias,-46.9,-3.581583897139613,5.175706197942124,7.35186713637074,2000-01-01_2020-01-01,True,
RGI60-13.39471,geodetic_temp_bias,24.1,-3.581583897139613,5.175706197942124,6.860024196260495,2000-01-01_2020-01-01,True,
RGI60-13.39472,geodetic_temp_bias,-52.400000000000006,-3.581583897139613,5.175706197942124,7.6429023859193785,2000-01-01_2020-01-01,True,
RGI60-13.39473,geodetic_temp_bias,21.1,-3.581583897139613,7.04132498461581,5.0,2000-01-01_2020-01-01,True,
RGI60-13.39474,geodetic_temp_bias,259.79999999999995,-3.581583897139613,6.98920019181821,5.0,2000-01-01_2020-01-01,True,
RGI60-13.39475,geodetic_temp_bias,185.4,-3.581583897139613,5.555475093155027,5.0,2000-01-01_2020-01-01,True,
RGI60-13.39476,geodetic_temp_bias,63.6,-3.581583897139613,6.610530411612657,5.0,2000-01-01_2020-01-01,True,
RGI60-13.39477,geodetic_temp_bias,-6.2,-3.581583897139613,5.175706197942124,6.233993594194127,2000-01-01_2020-01-01,True,
RGI60-13.39478,geodetic_temp_bias,-44.8,-3.4788833722021466,5.175706197942124,17.0,2000-01-01_2020-01-01,True,
RGI60-13.39479,geodetic_temp_bias,104.7,-3.581583897139613,5.175706197942124,5.279160615796119,2000-01-01_2020-01-01,True,
RGI60-13.39480,geodetic_temp_bias,108.7,-3.581583897139613,6.894829409683876,5.0,2000-01-01_2020-01-01,True,
RGI60-13.39481,geodetic_temp_bias,132.20000000000002,-3.581583897139613,7.7635592969131855,2.7944482499828056,2000-01-01_2020-01-01,True,
RGI60-13.39482,geodetic_temp_bias,204.5,-3.581583897139613,7.7635592969131855,2.4182457947360616,2000-01-01_2020-01-01,True,
RGI60-13.39483,geodetic_temp_bias,202.0,-3.581583897139613,7.7635592969131855,2.3457859401879855,2000-01-01_2020-01-01,True,
RGI60-13.39484,geodetic_temp_bias,170.9,-3.581583897139613,6.958990496749832,5.0,2000-01-01_2020-01-01,True,
RGI60-13.39485,geodetic_temp_bias,117.9,-3.581583897139613,7.216951949226871,5.0,2000-01-01_2020-01-01,True,
RGI60-13.39486,geodetic_temp_bias,5.8,-3.581583897139613,5.175706197942124,5.729066094824257,2000-01-01_2020-01-01,True,
RGI60-13.39487,geodetic_temp_bias,261.2,-3.581583897139613,7.7635592969131855,3.320307606124425,2000-01-01_2020-01-01,True,
RGI60-13.39488,geodetic_temp_bias,249.5,-3.581583897139613,7.7635592969131855,3.10283263272665,2000-01-01_2020-01-01,True,
RGI60-13.39489,geodetic_temp_bias,2.9,-3.581583897139613,5.175706197942124,6.646279291749061,2000-01-01_2020-01-01,True,
RGI60-13.39490,geodetic_temp_bias,22.1,-3.581583897139613,5.175706197942124,9.352777695257203,2000-01-01_2020-01-01,True,
RGI60-13.39491,geodetic_temp_bias,-40.099999999999994,-3.581583897139613,5.175706197942124,7.337290599738746,2000-01-01_2020-01-01,True,
RGI60-13.39492,geodetic_temp_bias,-3.8,-3.581583897139613,5.175706197942124,8.757820624745854,2000-01-01_2020-01-01,True,
RGI60-13.39493,geodetic_temp_bias,74.80000000000001,-3.581583897139613,5.175706197942124,9.842086240614325,2000-01-01_2020-01-01,True,
RGI60-13.39494,geodetic_temp_bias,-27.099999999999998,-3.581583897139613,5.175706197942124,7.369777669500546,2000-01-01_2020-01-01,True,
RGI60-13.39495,geodetic_temp_bias,-25.4,-2.9747510696545936,7.242395328930748,5.0,2000-01-01_2020-01-01,True,
RGI60-13.39496,geodetic_temp_bias,1.3,-2.9747510696545936,7.315670920881394,3.629605242635843,2000-01-01_2020-01-01,True,
RGI60-13.39497,geodetic_temp_bias,78.10000000000001,-2.9747510696545936,7.315670920881394,4.092679391888414,2000-01-01_2020-01-01,True,
RGI60-13.39498,geodetic_temp_bias,184.0,-2.9747510696545936,7.315670920881394,3.310172621713389,2000-01-01_2020-01-01,True,
RGI60-13.39499,geodetic_temp_bias,34.6,-2.9747510696545936,7.315670920881394,4.172984948571155,2000-01-01_2020-01-01,True,
RGI60-13.39500,geodetic_temp_bias,5.1000000000000005,-2.9747510696545936,4.877113947254263,7.360095137743582,2000-01-01_2020-01-01,True,
RGI60-13.39501,geodetic_temp_bias,53.699999999999996,-2.9747510696545936,6.800784501299613,5.0,2000-01-01_2020-01-01,True,
RGI60-13.39502,geodetic_temp_bias,105.0,-2.9747510696545936,5.47097642988399,5.0,2000-01-01_2020-01-01,True,
RGI60-13.39503,geodetic_temp_bias,-65.9,-2.9747510696545936,7.315670920881394,4.711924245388117,2000-01-01_2020-01-01,True,
RGI60-13.39504,geodetic_temp_bias,86.6,-2.9747510696545936,5.744794002495295,5.0,2000-01-01_2020-01-01,True,
RGI60-13.39505,geodetic_temp_bias,141.1,-2.9747510696545936,7.315670920881394,4.443539651912147,2000-01-01_2020-01-01,True,
RGI60-13.39506,geodetic_temp_bias,-116.9,-2.9747510696545936,4.877113947254263,6.813028500787254,2000-01-01_2020-01-01,True,
RGI60-13.39507,geodetic_temp_bias,90.6,-2.5691413835997365,4.877113947254263,17.0,2000-01-01_2020-01-01,True,
RGI60-13.39508,geodetic_temp_bias,186.6,-2.855349753176841,4.877113947254263,17.0,2000-01-01_2020-01-01,True,
RGI60-13.39509,geodetic_temp_bias,33.0,-2.9747510696545936,6.1246500365463445,5.0,2000-01-01_2020-01-01,True,
RGI60-13.39510,geodetic_temp_bias,13.6,-2.9747510696545936,7.315670920881394,3.2282006438672974,2000-01-01_2020-01-01,True,
RGI60-13.39511,geodetic_temp_bias,142.8,-2.9747510696545936,7.315670920881394,4.843229327902927,2000-01-01_2020-01-01,True,
RGI60-13.39512,geodetic_temp_bias,72.1,-2.9747510696545936,5.603858171345311,5.0,2000-01-01_2020-01-01,True,
RGI60-13.39513,geodetic_temp_bias,49.9,-2.9747510696545936,6.843396416530517,5.0,2000-01-01_2020-01-01,True,
RGI60-13.39514,geodetic_temp_bias,86.3,-2.9747510696545936,7.315670920881394,3.2357643384024533,2000-01-01_2020-01-01,True,
RGI60-13.39515,geodetic_temp_bias,94.7,-2.9747510696545936,7.315670920881394,3.1441960851794377,2000-01-01_2020-01-01,True,
RGI60-13.39516,geodetic_temp_bias,273.0,-3.3015054395347656,7.315670920881394,1.5,2000-01-01_2020-01-01,True,
RGI60-13.39517,geodetic_temp_bias,38.9,-2.9747510696545936,6.013798748454013,5.0,2000-01-01_2020-01-01,True,
RGI60-13.39518,geodetic_temp_bias,191.5,-2.9747510696545936,7.315670920881394,3.0584352274455604,2000-01-01_2020-01-01,True,
RGI60-13.39519,geodetic_temp_bias,99.4,-2.9747510696545936,7.315670920881394,3.8902821716412515,2000-01-01_2020-01-01,True,
RGI60-13.39520,geodetic_temp_bias,124.7,-2.9747510696545936,7.315670920881394,2.98171358645442,2000-01-01_2020-01-01,True,
RGI60-13.39521,geodetic_temp_bias,71.8,-2.9747510696545936,5.926652249766548,5.0,2000-01-01_2020-01-01,True,
RGI60-13.39522,geodetic_temp_bias,83.8,-2.9747510696545936,4.877113947254263,5.020439694026802,2000-01-01_2020-01-01,True,
RGI60-13.39523,geodetic_temp_bias,78.0,-2.9747510696545936,7.315670920881394,4.983459635351241,2000-01-01_2020-01-01,True,
RGI60-13.39524,geodetic_temp_bias,139.3,-2.7261956000721073,4.877113947254263,17.0,2000-01-01_2020-01-01,True,
RGI60-13.39525,geodetic_temp_bias,-78.8,-2.9747510696545936,4.877113947254263,8.471833995253807,2000-01-01_2020-01-01,True,
RGI60-13.39526,geodetic_temp_bias,40.5,-2.9747510696545936,6.710841808807297,5.0,2000-01-01_2020-01-01,True,
RGI60-13.39527,geodetic_temp_bias,6.8999999999999995,-2.9747510696545936,4.877113947254263,6.2753175179905565,2000-01-01_2020-01-01,True,
RGI60-13.39528,geodetic_temp_bias,-76.89999999999999,-2.1495897552455876,4.877113947254263,17.0,2000-01-01_2020-01-01,True,
RGI60-13.39529,geodetic_temp_bias,-139.1,-2.207845331083326,4.877113947254263,17.0,2000-01-01_2020-01-01,True,
RGI60-13.39530,geodetic_temp_bias,-2.6,-2.9747510696545936,6.400987640627083,5.0,2000-01-01_2020-01-01,True,
RGI60-13.39531,geodetic_temp_bias,-44.699999999999996,-2.9747510696545936,5.601491921971182,5.0,2000-01-01_2020-01-01,True,
RGI60-13.39532,geodetic_temp_bias,36.4,-2.9747510696545936,5.7861781446114895,5.0,2000-01-01_2020-01-01,True,
RGI60-13.39533,geodetic_temp_bias,-43.9,-2.9747510696545936,4.877113947254263,7.869157672314026,2000-01-01_2020-01-01,True,
RGI60-13.39534,geodetic_temp_bias,-148.5,-2.799467301683081,4.877113947254263,17.0,2000-01-01_2020-01-01,True,
RGI60-13.39535,geodetic_temp_bias,66.5,-2.9747510696545936,4.877113947254263,5.2957490225631645,2000-01-01_2020-01-01,True,
RGI60-13.39536,geodetic_temp_bias,35.3,-2.9747510696545936,4.877113947254263,5.6452159894542335,2000-01-01_2020-01-01,True,
RGI60-13.39537,geodetic_temp_bias,-31.9,-2.9747510696545936,4.877113947254263,11.455202815151647,2000-01-01_2020-01-01,True,
RGI60-13.39538,geodetic_temp_bias,60.699999999999996,-2.9747510696545936,6.828701560894586,5.0,2000-01-01_2020-01-01,True,
RGI60-13.39539,geodetic_temp_bias,99.7,-2.9747510696545936,7.315670920881394,3.156212709714595,2000-01-01_2020-01-01,True,
RGI60-13.39540,geodetic_temp_bias,113.3,-2.9747510696545936,4.877113947254263,6.366717520507505,2000-01-01_2020-01-01,True,
RGI60-13.39541,geodetic_temp_bias,66.60000000000001,-2.7901249119421205,4.877113947254263,17.0,2000-01-01_2020-01-01,True,
RGI60-13.39542,geodetic_temp_bias,-62.6,-2.9747510696545936,4.877113947254263,7.094601812147131,2000-01-01_2020-01-01,True,
RGI60-13.39543,geodetic_temp_bias,-49.8,-2.9747510696545936,7.315670920881394,4.774885181452671,2000-01-01_2020-01-01,True,
RGI60-13.39544,geodetic_temp_bias,99.2,-2.9747510696545936,4.877113947254263,10.303941350259866,2000-01-01_2020-01-01,True,
RGI60-13.39545,geodetic_temp_bias,-259.79999999999995,-2.786661429881184,4.877113947254263,17.0,2000-01-01_2020-01-01,True,
RGI60-13.39546,geodetic_temp_bias,235.2,-2.9747510696545936,7.315670920881394,3.398753424668972,2000-01-01_2020-01-01,True,
RGI60-13.39547,geodetic_temp_bias,4.0,-2.9747510696545936,4.962113710947392,5.0,2000-01-01_2020-01-01,True,
RGI60-13.39548,geodetic_temp_bias,-7.0,-2.9747510696545936,4.9431213155949445,5.0,2000-01-01_2020-01-01,True,
RGI60-13.39549,geodetic_temp_bias,-9.5,-2.9747510696545936,7.315670920881394,4.328167162811119,2000-01-01_2020-01-01,True,
RGI60-13.39550,geodetic_temp_bias,137.8,-2.9747510696545936,7.315670920881394,4.1580154351425405,2000-01-01_2020-01-01,True,
RGI60-13.39551,geodetic_temp_bias,-95.9,-2.9747510696545936,5.630371010801752,5.0,2000-01-01_2020-01-01,True,
RGI60-13.39552,geodetic_temp_bias,-45.8,-2.9747510696545936,7.315670920881394,4.231283198405379,2000-01-01_2020-01-01,True,
RGI60-13.39553,geodetic_temp_bias,-26.599999999999998,-2.9747510696545936,4.877113947254263,5.52171932538697,2000-01-01_2020-01-01,True,
RGI60-13.39554,geodetic_temp_bias,-61.3,-2.9747510696545936,7.206824859708241,5.0,2000-01-01_2020-01-01,True,
RGI60-13.39555,geodetic_temp_bias,-171.9,-2.9747510696545936,4.877113947254263,5.984387421175472,2000-01-01_2020-01-01,True,
RGI60-13.39556,geodetic_temp_bias,-49.4,-2.9747510696545936,4.877113947254263,5.41464733732132,2000-01-01_2020-01-01,True,
RGI60-13.39557,geodetic_temp_bias,-142.0,-2.9747510696545936,4.877113947254263,5.515922344900104,2000-01-01_2020-01-01,True,
RGI60-13.39558,geodetic_temp_bias,-148.9,-2.9747510696545936,7.315670920881394,4.130568831927685,2000-01-01_2020-01-01,True,
RGI60-13.39559,geodetic_temp_bias,-3.8,-2.9747510696545936,6.690392295212539,5.0,2000-01-01_2020-01-01,True,
RGI60-13.39560,geodetic_temp_bias,13.700000000000001,-2.9747510696545936,7.015820432177476,5.0,2000-01-01_2020-01-01,True,
RGI60-13.39561,geodetic_temp_bias,9.5,-2.9747510696545936,4.877113947254263,8.847047011026227,2000-01-01_2020-01-01,True,
RGI60-13.39562,geodetic_temp_bias,-136.1,-2.9747510696545936,4.877113947254263,6.5523489338049306,2000-01-01_2020-01-01,True,
RGI60-13.39563,geodetic_temp_bias,-26.700000000000003,-2.9747510696545936,4.877113947254263,6.069067214614521,2000-01-01_2020-01-01,True,
RGI60-13.39564,geodetic_temp_bias,-249.0,-2.9747510696545936,4.877113947254263,11.311491632797566,2000-01-01_2020-01-01,True,
RGI60-13.39565,geodetic_temp_bias,103.8,-2.9747510696545936,5.481477626922771,5.0,2000-01-01_2020-01-01,True,
RGI60-13.39566,geodetic_temp_bias,-6.7,-2.9747510696545936,4.877113947254263,8.924186485908509,2000-01-01_2020-01-01,True,
RGI60-13.39567,geodetic_temp_bias,-11.5,-2.7531716515504203,4.877113947254263,17.0,2000-01-01_2020-01-01,True,
RGI60-13.39568,geodetic_temp_bias,93.0,-2.2053124072002106,4.877113947254263,17.0,2000-01-01_2020-01-01,True,
RGI60-13.39569,geodetic_temp_bias,85.2,-2.9747510696545936,4.877113947254263,10.442874477730422,2000-01-01_2020-01-01,True,
RGI60-13.39570,geodetic_temp_bias,152.4,-3.2375583456907,6.709317778879584,4.362868349455289,2000-01-01_2020-01-01,True,
RGI60-13.39571,geodetic_temp_bias,122.39999999999999,-3.2375583456907,4.971771699596695,5.0,2000-01-01_2020-01-01,True,
RGI60-13.39572,geodetic_temp_bias,-182.5,-2.0539984275735406,4.472878519253057,17.0,2000-01-01_2020-01-01,True,
RGI60-13.39573,geodetic_temp_bias,-83.8,-2.9080317714923303,4.472878519253057,17.0,2000-01-01_2020-01-01,True,
RGI60-13.39574,geodetic_temp_bias,131.6,-3.2375583456907,4.607222643986032,5.0,2000-01-01_2020-01-01,True,
RGI60-13.39575,geodetic_temp_bias,-55.9,-1.7736967956056982,4.472878519253057,17.0,2000-01-01_2020-01-01,True,
RGI60-13.39576,geodetic_temp_bias,11.299999999999999,-2.646363253762256,4.472878519253057,17.0,2000-01-01_2020-01-01,True,
RGI60-13.39577,geodetic_temp_bias,46.800000000000004,-3.2375583456907,4.472878519253057,5.342429074032363,2000-01-01_2020-01-01,True,
RGI60-13.39578,geodetic_temp_bias,51.2,-3.2375583456907,4.472878519253057,5.526715824322368,2000-01-01_2020-01-01,True,
RGI60-13.39579,geodetic_temp_bias,-26.8,-3.2375583456907,4.472878519253057,5.518866351065094,2000-01-01_2020-01-01,True,
RGI60-13.39580,geodetic_temp_bias,4.7,-3.2375583456907,5.112757945903871,5.0,2000-01-01_2020-01-01,True,
RGI60-13.39581,geodetic_temp_bias,130.70000000000002,-3.2375583456907,4.986243981491958,5.0,2000-01-01_2020-01-01,True,
RGI60-13.39582,geodetic_temp_bias,51.0,-3.0671412418691046,4.472878519253057,17.0,2000-01-01_2020-01-01,True,
RGI60-13.39583,geodetic_temp_bias,43.6,-3.2375583456907,6.709317778879584,3.6298377526417274,2000-01-01_2020-01-01,True,
RGI60-13.39584,geodetic_temp_bias,66.9,-3.2375583456907,6.709317778879584,3.233541971668223,2000-01-01_2020-01-01,True,
RGI60-13.39585,geodetic_temp_bias,209.2,-2.9747510696545936,7.315670920881394,4.458222976375302,2000-01-01_2020-01-01,True,
RGI60-13.39586,geodetic_temp_bias,-6.7,-2.9747510696545936,4.877113947254263,6.614586900147617,2000-01-01_2020-01-01,True,
RGI60-13.39587,geodetic_temp_bias,207.1,-2.9747510696545936,4.877113947254263,8.368372714734804,2000-01-01_2020-01-01,True,
RGI60-13.39588,geodetic_temp_bias,-29.0,-2.9747510696545936,7.315670920881394,4.094811224748884,2000-01-01_2020-01-01,True,
RGI60-13.39589,geodetic_temp_bias,-5.8,-2.9747510696545936,5.567966437962126,5.0,2000-01-01_2020-01-01,True,
RGI60-13.39590,geodetic_temp_bias,-31.0,-2.9747510696545936,7.315670920881394,4.518952338080063,2000-01-01_2020-01-01,True,
RGI60-13.39591,geodetic_temp_bias,5.5,-2.9747510696545936,7.315670920881394,4.310221759890873,2000-01-01_2020-01-01,True,
RGI60-13.39592,geodetic_temp_bias,32.5,-2.9747510696545936,7.315670920881394,3.1230180000719514,2000-01-01_2020-01-01,True,
RGI60-13.39593,geodetic_temp_bias,6.7,-2.9747510696545936,7.315670920881394,4.118213480698261,2000-01-01_2020-01-01,True,
RGI60-13.39594,geodetic_temp_bias,-30.200000000000003,-2.9747510696545936,7.315670920881394,4.499095546125998,2000-01-01_2020-01-01,True,
RGI60-13.39595,geodetic_temp_bias,216.0,-2.9747510696545936,7.315670920881394,1.751464090934168,2000-01-01_2020-01-01,True,
RGI60-13.39596,geodetic_temp_bias,294.3,-2.9747510696545936,6.262688300762502,5.0,2000-01-01_2020-01-01,True,
RGI60-13.39597,geodetic_temp_bias,83.1,-2.9747510696545936,4.877113947254263,11.469163298433696,2000-01-01_2020-01-01,True,
RGI60-13.39598,geodetic_temp_bias,45.900000000000006,-2.9747510696545936,4.877113947254263,6.103024247687002,2000-01-01_2020-01-01,True,
RGI60-13.39599,geodetic_temp_bias,-122.0,-2.9747510696545936,4.877113947254263,13.437988187050466,2000-01-01_2020-01-01,True,
RGI60-13.39600,geodetic_temp_bias,199.7,-2.9747510696545936,4.877113947254263,6.991694598578122,2000-01-01_2020-01-01,True,
RGI60-13.39601,geodetic_temp_bias,129.39999999999998,-2.9747510696545936,7.315670920881394,4.031437974372787,2000-01-01_2020-01-01,True,
RGI60-13.39602,geodetic_temp_bias,65.60000000000001,-2.9747510696545936,4.877113947254263,11.439594644233631,2000-01-01_2020-01-01,True,
RGI60-13.39603,geodetic_temp_bias,206.2,-2.213302395113847,4.877113947254263,17.0,2000-01-01_2020-01-01,True,
RGI60-13.39604,geodetic_temp_bias,87.9,-2.9747510696545936,5.47583875097669,5.0,2000-01-01_2020-01-01,True,
RGI60-13.39605,geodetic_temp_bias,75.39999999999999,-2.9747510696545936,7.315670920881394,3.467464566859893,2000-01-01_2020-01-01,True,
RGI60-13.39606,geodetic_temp_bias,-204.65888913841167,-2.9747510696545936,7.12342727178498,5.0,2000-01-01_2020-01-01,True,
RGI60-13.39607,geodetic_temp_bias,93.3,-2.9747510696545936,7.315670920881394,3.300907641340839,2000-01-01_2020-01-01,True,
RGI60-13.39608,geodetic_temp_bias,16.7,-2.9747510696545936,7.315670920881394,4.02935854597853,2000-01-01_2020-01-01,True,
RGI60-13.39609,geodetic_temp_bias,-30.8,-2.9747510696545936,6.082689188994867,5.0,2000-01-01_2020-01-01,True,
RGI60-13.39610,geodetic_temp_bias,-17.0,-2.9747510696545936,6.014805383736915,5.0,2000-01-01_2020-01-01,True,
RGI60-13.39611,geodetic_temp_bias,-121.1,-2.9747510696545936,4.877113947254263,5.055851103701569,2000-01-01_2020-01-01,True,
RGI60-13.39612,geodetic_temp_bias,-154.9,-2.9747510696545936,7.315670920881394,3.926136082776962,2000-01-01_2020-01-01,True,
RGI60-13.39613,geodetic_temp_bias,-40.599999999999994,-2.9747510696545936,7.315670920881394,3.313034731243861,2000-01-01_2020-01-01,True,
RGI60-13.39614,geodetic_temp_bias,-71.5,-2.9747510696545936,7.315670920881394,3.688402700523734,2000-01-01_2020-01-01,True,
RGI60-13.39615,geodetic_temp_bias,-99.2,-2.9747510696545936,7.315670920881394,3.5518240607834226,2000-01-01_2020-01-01,True,
RGI60-13.39616,geodetic_temp_bias,7.6,-2.9747510696545936,7.315670920881394,2.7917653172455834,2000-01-01_2020-01-01,True,
RGI60-13.39617,geodetic_temp_bias,140.8,-2.9747510696545936,7.315670920881394,2.2180491959110205,2000-01-01_2020-01-01,True,
RGI60-13.39618,geodetic_temp_bias,-39.800000000000004,-2.9747510696545936,7.315670920881394,3.2668703275311737,2000-01-01_2020-01-01,True,
RGI60-13.39619,geodetic_temp_bias,159.20000000000002,-2.9747510696545936,7.315670920881394,1.5751506867634908,2000-01-01_2020-01-01,True,
RGI60-13.39620,geodetic_temp_bias,12.4,-2.9747510696545936,7.315670920881394,3.084636921790837,2000-01-01_2020-01-01,True,
RGI60-13.39621,geodetic_temp_bias,144.1,-2.9747510696545936,5.989235015613187,5.0,2000-01-01_2020-01-01,True,
RGI60-13.39622,geodetic_temp_bias,67.5,-2.9747510696545936,4.877113947254263,7.637273262081726,2000-01-01_2020-01-01,True,
RGI60-13.39623,geodetic_temp_bias,-7.1000000000000005,-2.9747510696545936,4.877113947254263,5.887514718162269,2000-01-01_2020-01-01,True,
RGI60-13.39624,geodetic_temp_bias,273.7,-2.9747510696545936,6.081943575553199,5.0,2000-01-01_2020-01-01,True,
RGI60-13.39625,geodetic_temp_bias,164.6,-2.9747510696545936,7.315670920881394,4.299584236639864,2000-01-01_2020-01-01,True,
RGI60-13.39626,geodetic_temp_bias,154.79999999999998,-2.9747510696545936,7.315670920881394,4.02860972474223,2000-01-01_2020-01-01,True,
RGI60-13.39627,geodetic_temp_bias,-20.1,-2.9747510696545936,4.877113947254263,5.3545984684881365,2000-01-01_2020-01-01,True,
RGI60-13.39628,geodetic_temp_bias,388.90000000000003,-2.9747510696545936,7.315670920881394,2.6290784620812264,2000-01-01_2020-01-01,True,
RGI60-13.39629,geodetic_temp_bias,176.7,-2.9747510696545936,7.315670920881394,3.927623061143612,2000-01-01_2020-01-01,True,
RGI60-13.39630,geodetic_temp_bias,157.4,-2.9747510696545936,7.315670920881394,3.865853520288346,2000-01-01_2020-01-01,True,
RGI60-13.39631,geodetic_temp_bias,26.3,-2.9747510696545936,5.634370919840177,5.0,2000-01-01_2020-01-01,True,
RGI60-13.39632,geodetic_temp_bias,127.6,-2.9747510696545936,5.216136948164961,5.0,2000-01-01_2020-01-01,True,
RGI60-13.39633,geodetic_temp_bias,36.4,-2.9747510696545936,7.315670920881394,3.7254456287165194,2000-01-01_2020-01-01,True,
RGI60-13.39634,geodetic_temp_bias,43.0,-3.2375583456907,6.709317778879584,2.757232175630352,2000-01-01_2020-01-01,True,
RGI60-13.39635,geodetic_temp_bias,136.1,-3.2375583456907,6.709317778879584,2.6193237810295598,2000-01-01_2020-01-01,True,
RGI60-13.39636,geodetic_temp_bias,65.9,-3.2375583456907,6.709317778879584,3.367667891939182,2000-01-01_2020-01-01,True,
RGI60-13.39637,geodetic_temp_bias,132.39999999999998,-3.2375583456907,6.709317778879584,2.3310214948216417,2000-01-01_2020-01-01,True,
RGI60-13.39638,geodetic_temp_bias,183.10000000000002,-3.2375583456907,6.709317778879584,2.4588007348641154,2000-01-01_2020-01-01,True,
RGI60-13.39639,geodetic_temp_bias,267.2,-3.2375583456907,6.709317778879584,2.1966067498110133,2000-01-01_2020-01-01,True,
RGI60-13.39640,geodetic_temp_bias,232.3,-3.2375583456907,6.709317778879584,2.104887868016773,2000-01-01_2020-01-01,True,
RGI60-13.39641,geodetic_temp_bias,94.39999999999999,-3.2375583456907,6.709317778879584,3.283258780704988,2000-01-01_2020-01-01,True,
RGI60-13.39642,geodetic_temp_bias,64.60000000000001,-3.2375583456907,6.709317778879584,3.213787726350267,2000-01-01_2020-01-01,True,
RGI60-13.39643,geodetic_temp_bias,80.69999999999999,-3.2375583456907,6.709317778879584,3.3879298160104883,2000-01-01_2020-01-01,True,
RGI60-13.39644,geodetic_temp_bias,132.6,-3.2375583456907,6.709317778879584,3.8216782734047414,2000-01-01_2020-01-01,True,
RGI60-13.39645,geodetic_temp_bias,150.2,-3.2375583456907,6.332385642624421,5.0,2000-01-01_2020-01-01,True,
RGI60-13.39646,geodetic_temp_bias,103.0,-3.2375583456907,6.709317778879584,4.117839919067777,2000-01-01_2020-01-01,True,
RGI60-13.39647,geodetic_temp_bias,128.6,-4.144959114759274,5.417986034308473,17.0,2000-01-01_2020-01-01,True,
RGI60-13.39648,geodetic_temp_bias,138.8,-3.2375583456907,5.709759335302239,5.0,2000-01-01_2020-01-01,True,
RGI60-13.39649,geodetic_temp_bias,40.599999999999994,-3.2375583456907,5.470935231716269,5.0,2000-01-01_2020-01-01,True,
RGI60-13.39650,geodetic_temp_bias,43.0,-3.2375583456907,4.472878519253057,5.2570804150420445,2000-01-01_2020-01-01,True,
RGI60-13.39651,geodetic_temp_bias,33.7,-3.2375583456907,4.472878519253057,5.262236527914593,2000-01-01_2020-01-01,True,
RGI60-13.39652,geodetic_temp_bias,49.9,-3.2375583456907,5.433459354438306,5.0,2000-01-01_2020-01-01,True,
RGI60-13.39653,geodetic_temp_bias,71.5,-3.2375583456907,5.115431854459494,5.0,2000-01-01_2020-01-01,True,
RGI60-13.39654,geodetic_temp_bias,96.8,-3.2375583456907,6.4878516169735825,5.0,2000-01-01_2020-01-01,True,
RGI60-13.39655,geodetic_temp_bias,168.8,-3.2375583456907,6.2161121788157,5.0,2000-01-01_2020-01-01,True,
RGI60-13.39656,geodetic_temp_bias,412.8,-3.2375583456907,6.709317778879584,2.563332468759892,2000-01-01_2020-01-01,True,
RGI60-13.39657,geodetic_temp_bias,77.5,-3.2375583456907,6.709317778879584,3.3593596052916235,2000-01-01_2020-01-01,True,
RGI60-13.39658,geodetic_temp_bias,307.3,-3.2375583456907,6.709317778879584,1.8864798337353588,2000-01-01_2020-01-01,True,
RGI60-13.39659,geodetic_temp_bias,303.59999999999997,-3.2375583456907,6.709317778879584,3.16441264389208,2000-01-01_2020-01-01,True,
RGI60-13.39660,geodetic_temp_bias,-204.65888913841167,-3.2375583456907,4.9735219462861755,5.0,2000-01-01_2020-01-01,True,
RGI60-13.39661,geodetic_temp_bias,109.3,-3.2375583456907,6.709317778879584,2.7686376434205893,2000-01-01_2020-01-01,True,
RGI60-13.39662,geodetic_temp_bias,430.70000000000005,-4.316149060134908,6.709317778879584,1.5,2000-01-01_2020-01-01,True,
RGI60-13.39663,geodetic_temp_bias,-204.65888913841167,-3.2375583456907,6.709317778879584,4.27992456095617,2000-01-01_2020-01-01,True,
RGI60-13.39664,geodetic_temp_bias,331.6,-3.673885207807291,6.709317778879584,1.5,2000-01-01_2020-01-01,True,
RGI60-13.39665,geodetic_temp_bias,144.7,-3.2375583456907,6.709317778879584,3.593018258953157,2000-01-01_2020-01-01,True,
RGI60-13.39666,geodetic_temp_bias,105.39999999999999,-2.9747510696545936,7.315670920881394,2.617883113293491,2000-01-01_2020-01-01,True,
RGI60-13.39667,geodetic_temp_bias,127.2,-2.9747510696545936,7.315670920881394,2.893428569753156,2000-01-01_2020-01-01,True,
RGI60-13.39668,geodetic_temp_bias,87.9,-2.9747510696545936,7.315670920881394,4.37563972058718,2000-01-01_2020-01-01,True,
RGI60-13.39669,geodetic_temp_bias,139.9,-2.9747510696545936,7.315670920881394,1.9060489217374752,2000-01-01_2020-01-01,True,
RGI60-13.39670,geodetic_temp_bias,132.70000000000002,-2.9747510696545936,7.315670920881394,3.61663848865388,2000-01-01_2020-01-01,True,
RGI60-13.39671,geodetic_temp_bias,167.6,-2.9747510696545936,7.315670920881394,2.4581135309043924,2000-01-01_2020-01-01,True,
RGI60-13.39672,geodetic_temp_bias,161.5,-2.9747510696545936,7.315670920881394,2.5288925711400836,2000-01-01_2020-01-01,True,
RGI60-13.39673,geodetic_temp_bias,296.20000000000005,-3.2195754897811493,7.315670920881394,1.5,2000-01-01_2020-01-01,True,
RGI60-13.39674,geodetic_temp_bias,174.0,-2.9747510696545936,7.315670920881394,1.8336655112940048,2000-01-01_2020-01-01,True,
RGI60-13.39675,geodetic_temp_bias,532.1,-4.143962027272418,7.315670920881394,1.5,2000-01-01_2020-01-01,True,
RGI60-13.39676,geodetic_temp_bias,90.30000000000001,-2.9747510696545936,7.215165758333663,5.0,2000-01-01_2020-01-01,True,
RGI60-13.39677,geodetic_temp_bias,70.4,-2.9747510696545936,4.877113947254263,5.787642483374203,2000-01-01_2020-01-01,True,
RGI60-13.39678,geodetic_temp_bias,165.8,-2.9747510696545936,7.315670920881394,3.686130054894613,2000-01-01_2020-01-01,True,
RGI60-13.39679,geodetic_temp_bias,149.9,-2.9747510696545936,7.315670920881394,3.247213401223932,2000-01-01_2020-01-01,True,
RGI60-13.39680,geodetic_temp_bias,55.300000000000004,-2.9747510696545936,6.724843125452539,5.0,2000-01-01_2020-01-01,True,
RGI60-13.39681,geodetic_temp_bias,196.1,-2.9747510696545936,7.315670920881394,3.051753556774629,2000-01-01_2020-01-01,True,
RGI60-13.39682,geodetic_temp_bias,-103.6,-2.9747510696545936,4.877113947254263,7.780700890144373,2000-01-01_2020-01-01,True,
RGI60-13.39683,geodetic_temp_bias,-93.10000000000001,-2.9747510696545936,4.877113947254263,9.501691049296081,2000-01-01_2020-01-01,True,
RGI60-13.39684,geodetic_temp_bias,-89.7,-2.9747510696545936,4.877113947254263,10.166488295194004,2000-01-01_2020-01-01,True,
RGI60-13.39685,geodetic_temp_bias,-207.6,-2.9747510696545936,4.877113947254263,14.299233389392725,2000-01-01_2020-01-01,True,
RGI60-13.39686,geodetic_temp_bias,174.8,-2.9747510696545936,5.492110991994373,5.0,2000-01-01_2020-01-01,True,
RGI60-13.39687,geodetic_temp_bias,123.60000000000001,-2.9747510696545936,5.338571151433351,5.0,2000-01-01_2020-01-01,True,
RGI60-13.39688,geodetic_temp_bias,163.8,-2.9747510696545936,7.315670920881394,3.6694119902322915,2000-01-01_2020-01-01,True,
RGI60-13.39689,geodetic_temp_bias,79.10000000000001,-2.9747510696545936,6.453383890230938,5.0,2000-01-01_2020-01-01,True,
RGI60-13.39690,geodetic_temp_bias,91.30000000000001,-2.9747510696545936,7.315670920881394,3.810949288900359,2000-01-01_2020-01-01,True,
RGI60-13.39691,geodetic_temp_bias,110.0,-2.9747510696545936,4.877113947254263,6.4795427390268445,2000-01-01_2020-01-01,True,
RGI60-13.39692,geodetic_temp_bias,20.1,-2.9747510696545936,7.315670920881394,4.152503209212677,2000-01-01_2020-01-01,True,
RGI60-13.39693,geodetic_temp_bias,155.9,-2.9747510696545936,7.315670920881394,4.906941065016178,2000-01-01_2020-01-01,True,
RGI60-13.39694,geodetic_temp_bias,-1.5,-2.9747510696545936,4.877113947254263,13.696871660775338,2000-01-01_2020-01-01,True,
RGI60-13.39695,geodetic_temp_bias,389.5,-2.9747510696545936,7.315670920881394,2.310970592031503,2000-01-01_2020-01-01,True,
RGI60-13.39696,geodetic_temp_bias,-8.0,-2.514280088941068,5.5565998814284665,17.0,2000-01-01_2020-01-01,True,
RGI60-13.39697,geodetic_temp_bias,170.9,-4.476469354582636,5.5565998814284665,17.0,2000-01-01_2020-01-01,True,
RGI60-13.39698,geodetic_temp_bias,129.20000000000002,-3.927180448486631,5.5565998814284665,17.0,2000-01-01_2020-01-01,True,
RGI60-13.39699,geodetic_temp_bias,267.1,-2.9747510696545936,7.315670920881394,3.283977196423552,2000-01-01_2020-01-01,True,
RGI60-13.39700,geodetic_temp_bias,104.1,-2.9747510696545936,7.315670920881394,4.087656143943674,2000-01-01_2020-01-01,True,
RGI60-13.39701,geodetic_temp_bias,128.70000000000002,-3.398580501348899,5.5565998814284665,17.0,2000-01-01_2020-01-01,True,
RGI60-13.39702,geodetic_temp_bias,20.9,-3.9954797947045866,5.5565998814284665,17.0,2000-01-01_2020-01-01,True,
RGI60-13.39703,geodetic_temp_bias,283.1,-4.345763447292268,5.5565998814284665,17.0,2000-01-01_2020-01-01,True,
RGI60-13.39704,geodetic_temp_bias,184.6,-3.8020513878185405,5.5565998814284665,17.0,2000-01-01_2020-01-01,True,
RGI60-13.39705,geodetic_temp_bias,-0.9,-4.276325764918096,5.5565998814284665,17.0,2000-01-01_2020-01-01,True,
RGI60-13.39706,geodetic_temp_bias,141.2,-2.9747510696545936,7.315670920881394,3.6497679654553377,2000-01-01_2020-01-01,True,
RGI60-13.39707,geodetic_temp_bias,355.4,-3.7860700750556453,7.315670920881394,1.5,2000-01-01_2020-01-01,True,
RGI60-13.39708,geodetic_temp_bias,522.5,-2.9747510696545936,7.315670920881394,2.154519780870972,2000-01-01_2020-01-01,True,
RGI60-13.39709,geodetic_temp_bias,-219.5,-3.273411215915045,5.5565998814284665,17.0,2000-01-01_2020-01-01,True,
RGI60-13.39710,geodetic_temp_bias,74.5,-3.984668601672591,5.5565998814284665,17.0,2000-01-01_2020-01-01,True,
RGI60-13.39711,geodetic_temp_bias,94.39999999999999,-3.5910431422600864,5.5565998814284665,17.0,2000-01-01_2020-01-01,True,
RGI60-13.39712,geodetic_temp_bias,68.2,-3.497483467429161,5.5565998814284665,17.0,2000-01-01_2020-01-01,True,
RGI60-13.39713,geodetic_temp_bias,355.0,-3.190334898212121,7.315670920881394,1.5,2000-01-01_2020-01-01,True,
RGI60-13.39714,geodetic_temp_bias,117.3,-4.2176548767793065,5.5565998814284665,17.0,2000-01-01_2020-01-01,True,
RGI60-13.39715,geodetic_temp_bias,169.3,-2.9747510696545936,7.315670920881394,3.1904524184406218,2000-01-01_2020-01-01,True,
RGI60-13.39716,geodetic_temp_bias,111.0,-3.3806006223983958,5.5565998814284665,17.0,2000-01-01_2020-01-01,True,
RGI60-13.39717,geodetic_temp_bias,16.400000000000002,-4.580327667957494,5.5565998814284665,17.0,2000-01-01_2020-01-01,True,
RGI60-13.39718,geodetic_temp_bias,6.6,-2.9747510696545936,7.315670920881394,3.802135647201053,2000-01-01_2020-01-01,True,
RGI60-13.39719,geodetic_temp_bias,127.3,-3.42269624623791,5.5565998814284665,17.0,2000-01-01_2020-01-01,True,
RGI60-13.39720,geodetic_temp_bias,147.2,-4.0389902395762505,5.5565998814284665,17.0,2000-01-01_2020-01-01,True,
RGI60-13.39721,geodetic_temp_bias,31.9,-4.785653283709539,5.5565998814284665,17.0,2000-01-01_2020-01-01,True,
RGI60-13.39722,geodetic_temp_bias,-31.4,-4.309187620866547,5.5565998814284665,17.0,2000-01-01_2020-01-01,True,
RGI60-13.39723,geodetic_temp_bias,58.4,-2.9747510696545936,7.315670920881394,4.169498365412235,2000-01-01_2020-01-01,True,
RGI60-13.39724,geodetic_temp_bias,191.3,-4.675677462364388,5.5565998814284665,17.0,2000-01-01_2020-01-01,True,
RGI60-13.39725,geodetic_temp_bias,-215.9,-3.3162348523814216,5.5565998814284665,17.0,2000-01-01_2020-01-01,True,
RGI60-13.39726,geodetic_temp_bias,-185.0,-3.0296654728587056,5.5565998814284665,17.0,2000-01-01_2020-01-01,True,
RGI60-13.39727,geodetic_temp_bias,169.6,-5.2798595845296665,5.5565998814284665,17.0,2000-01-01_2020-01-01,True,
RGI60-13.39728,geodetic_temp_bias,159.39999999999998,-4.322322001323975,5.5565998814284665,17.0,2000-01-01_2020-01-01,True,
RGI60-13.39729,geodetic_temp_bias,193.89999999999998,-2.9747510696545936,7.315670920881394,2.9222918883984548,2000-01-01_2020-01-01,True,
RGI60-13.39730,geodetic_temp_bias,-281.7,-2.9747510696545936,4.877113947254263,6.93276782037073,2000-01-01_2020-01-01,True,
RGI60-13.39731,geodetic_temp_bias,160.1,-4.612700593590711,5.5565998814284665,17.0,2000-01-01_2020-01-01,True,
RGI60-13.39732,geodetic_temp_bias,198.6,-5.624114042604554,5.5565998814284665,17.0,2000-01-01_2020-01-01,True,
RGI60-13.39733,geodetic_temp_bias,-12.8,-2.9747510696545936,4.877113947254263,8.905497062773184,2000-01-01_2020-01-01,True,
RGI60-13.39734,geodetic_temp_bias,41.4,-2.9747510696545936,7.315670920881394,4.750227014423545,2000-01-01_2020-01-01,True,
RGI60-13.39735,geodetic_temp_bias,-13.2,-3.6271671206006486,5.5565998814284665,17.0,2000-01-01_2020-01-01,True,
RGI60-13.39736,geodetic_temp_bias,133.3,-4.579990639513517,5.5565998814284665,17.0,2000-01-01_2020-01-01,True,
RGI60-13.39737,geodetic_temp_bias,106.0,-2.9747510696545936,7.315670920881394,3.2556853118440237,2000-01-01_2020-01-01,True,
RGI60-13.39738,geodetic_temp_bias,73.0,-2.9747510696545936,7.315670920881394,4.49879224408433,2000-01-01_2020-01-01,True,
RGI60-13.39739,geodetic_temp_bias,149.0,-2.9747510696545936,7.315670920881394,3.4996917665458156,2000-01-01_2020-01-01,True,
RGI60-13.39740,geodetic_temp_bias,158.70000000000002,-5.846858739946181,5.5565998814284665,16.941863839757097,2000-01-01_2020-01-01,True,
RGI60-13.39741,geodetic_temp_bias,208.2,-4.354754542277115,5.5565998814284665,17.0,2000-01-01_2020-01-01,True,
RGI60-13.39742,geodetic_temp_bias,317.40000000000003,-2.9747510696545936,7.315670920881394,2.191474263529494,2000-01-01_2020-01-01,True,
RGI60-13.39743,geodetic_temp_bias,2.1,-2.9747510696545936,7.315670920881394,3.0985018225823766,2000-01-01_2020-01-01,True,
RGI60-13.39744,geodetic_temp_bias,219.79999999999998,-5.846858739946181,5.5565998814284665,16.410224520463355,2000-01-01_2020-01-01,True,
RGI60-13.39745,geodetic_temp_bias,-28.2,-2.9747510696545936,7.315670920881394,4.998995907932164,2000-01-01_2020-01-01,True,
RGI60-13.39746,geodetic_temp_bias,48.4,-2.9747510696545936,7.315670920881394,4.726166593922021,2000-01-01_2020-01-01,True,
RGI60-13.39747,geodetic_temp_bias,293.2,-2.9747510696545936,7.315670920881394,3.0396649477107873,2000-01-01_2020-01-01,True,
RGI60-13.39748,geodetic_temp_bias,512.2,-3.6392046824976503,7.315670920881394,1.5,2000-01-01_2020-01-01,True,
RGI60-13.39749,geodetic_temp_bias,-66.0,-2.9747510696545936,7.315670920881394,4.299122174813729,2000-01-01_2020-01-01,True,
RGI60-13.39750,geodetic_temp_bias,230.0,-2.9747510696545936,5.004849719553836,5.0,2000-01-01_2020-01-01,True,
RGI60-13.39751,geodetic_temp_bias,200.9,-2.9747510696545936,7.315670920881394,2.0283653048626724,2000-01-01_2020-01-01,True,
RGI60-13.39752,geodetic_temp_bias,91.89999999999999,-2.9747510696545936,7.315670920881394,3.445253979434966,2000-01-01_2020-01-01,True,
RGI60-13.39753,geodetic_temp_bias,-25.3,-2.9747510696545936,4.877113947254263,9.958286811115153,2000-01-01_2020-01-01,True,
RGI60-13.39754,geodetic_temp_bias,125.9,-2.9747510696545936,7.315670920881394,3.811726426146939,2000-01-01_2020-01-01,True,
RGI60-13.39755,geodetic_temp_bias,21.8,-3.581583897139613,6.211410539323575,5.0,2000-01-01_2020-01-01,True,
RGI60-13.39756,geodetic_temp_bias,24.0,-3.581583897139613,6.654702125086194,5.0,2000-01-01_2020-01-01,True,
RGI60-13.39757,geodetic_temp_bias,63.4,-3.581583897139613,5.175706197942124,5.509116535597499,2000-01-01_2020-01-01,True,
RGI60-13.39758,geodetic_temp_bias,-81.5,-3.581583897139613,7.300340291278892,5.0,2000-01-01_2020-01-01,True,
RGI60-13.39759,geodetic_temp_bias,18.1,-3.581583897139613,5.175706197942124,9.564523638625735,2000-01-01_2020-01-01,True,
RGI60-13.39760,geodetic_temp_bias,117.5,-3.581583897139613,6.861400596628925,5.0,2000-01-01_2020-01-01,True,
RGI60-13.39761,geodetic_temp_bias,163.5,-3.581583897139613,5.175706197942124,8.191083824273704,2000-01-01_2020-01-01,True,
RGI60-13.39762,geodetic_temp_bias,137.6,-3.581583897139613,6.901609428281451,5.0,2000-01-01_2020-01-01,True,
RGI60-13.39763,geodetic_temp_bias,123.60000000000001,-3.581583897139613,7.7635592969131855,4.435938482902831,2000-01-01_2020-01-01,True,
RGI60-13.39764,geodetic_temp_bias,278.7,-3.581583897139613,7.7635592969131855,1.85622724065409,2000-01-01_2020-01-01,True,
RGI60-13.39765,geodetic_temp_bias,160.89999999999998,-3.581583897139613,7.379623648380485,5.0,2000-01-01_2020-01-01,True,
RGI60-13.39766,geodetic_temp_bias,104.0,-3.581583897139613,7.7635592969131855,4.487396999073348,2000-01-01_2020-01-01,True,
RGI60-13.39767,geodetic_temp_bias,83.2,-3.581583897139613,7.7635592969131855,4.996248947482926,2000-01-01_2020-01-01,True,
RGI60-13.39768,geodetic_temp_bias,286.9,-3.581583897139613,7.7635592969131855,2.1818459133378107,2000-01-01_2020-01-01,True,
RGI60-13.39769,geodetic_temp_bias,76.0,-3.581583897139613,6.744380020413525,5.0,2000-01-01_2020-01-01,True,
RGI60-13.39770,geodetic_temp_bias,-25.3,-3.581583897139613,5.175706197942124,8.095459801245447,2000-01-01_2020-01-01,True,
RGI60-13.39771,geodetic_temp_bias,169.4,-3.581583897139613,7.7635592969131855,3.7847108497372375,2000-01-01_2020-01-01,True,
RGI60-13.39772,geodetic_temp_bias,60.8,-3.581583897139613,7.7635592969131855,4.856120119920366,2000-01-01_2020-01-01,True,
RGI60-13.39773,geodetic_temp_bias,103.8,-3.581583897139613,6.676998313492752,5.0,2000-01-01_2020-01-01,True,
RGI60-13.39774,geodetic_temp_bias,194.20000000000002,-3.581583897139613,7.7635592969131855,2.90695630176078,2000-01-01_2020-01-01,True,
RGI60-13.39775,geodetic_temp_bias,40.800000000000004,-3.581583897139613,7.21050473298201,5.0,2000-01-01_2020-01-01,True,
RGI60-13.39776,geodetic_temp_bias,30.200000000000003,-3.581583897139613,7.7635592969131855,3.964443786650932,2000-01-01_2020-01-01,True,
RGI60-13.39777,geodetic_temp_bias,234.6,-3.581583897139613,7.7635592969131855,2.4377067700072246,2000-01-01_2020-01-01,True,
RGI60-13.39778,geodetic_temp_bias,90.39999999999999,-4.095795666344076,5.5565998814284665,17.0,2000-01-01_2020-01-01,True,
RGI60-13.39779,geodetic_temp_bias,146.6,-4.0304371106463,5.5565998814284665,17.0,2000-01-01_2020-01-01,True,
RGI60-13.39780,geodetic_temp_bias,75.39999999999999,-4.527744326708852,5.5565998814284665,17.0,2000-01-01_2020-01-01,True,
RGI60-13.39781,geodetic_temp_bias,264.0,-4.616357805490683,5.5565998814284665,17.0,2000-01-01_2020-01-01,True,
RGI60-13.39782,geodetic_temp_bias,53.0,-3.8506055494831317,5.5565998814284665,17.0,2000-01-01_2020-01-01,True,
RGI60-13.39783,geodetic_temp_bias,-79.39999999999999,-5.10530703997118,5.5565998814284665,17.0,2000-01-01_2020-01-01,True,
RGI60-13.39784,geodetic_temp_bias,362.3,-5.846858739946181,5.828359163218473,5.0,2000-01-01_2020-01-01,True,
RGI60-13.39785,geodetic_temp_bias,92.3,-4.655146314305852,5.5565998814284665,17.0,2000-01-01_2020-01-01,True,
RGI60-13.39786,geodetic_temp_bias,212.7,-4.422180123073517,5.5565998814284665,17.0,2000-01-01_2020-01-01,True,
RGI60-13.39787,geodetic_temp_bias,25.8,-3.913265958024746,5.5565998814284665,17.0,2000-01-01_2020-01-01,True,
RGI60-13.39788,geodetic_temp_bias,41.9,-5.044704698334384,5.5565998814284665,17.0,2000-01-01_2020-01-01,True,
RGI60-13.39789,geodetic_temp_bias,472.7,-5.846858739946181,8.10722997111616,5.0,2000-01-01_2020-01-01,True,
RGI60-13.39790,geodetic_temp_bias,103.5,-4.72389674640564,5.5565998814284665,17.0,2000-01-01_2020-01-01,True,
RGI60-13.39791,geodetic_temp_bias,-42.1,-2.9747510696545936,7.315670920881394,4.630259966165854,2000-01-01_2020-01-01,True,
RGI60-13.39792,geodetic_temp_bias,126.9,-4.978128079970198,5.5565998814284665,17.0,2000-01-01_2020-01-01,True,
RGI60-13.39793,geodetic_temp_bias,385.7,-5.846858739946181,6.1915420523415845,5.0,2000-01-01_2020-01-01,True,
RGI60-13.39794,geodetic_temp_bias,305.8,-3.9191075404828455,5.5565998814284665,17.0,2000-01-01_2020-01-01,True,
RGI60-13.39795,geodetic_temp_bias,157.79999999999998,-3.813467343154596,5.5565998814284665,17.0,2000-01-01_2020-01-01,True,
RGI60-13.39796,geodetic_temp_bias,50.5,-3.745841717887145,5.5565998814284665,17.0,2000-01-01_2020-01-01,True,
RGI60-13.39797,geodetic_temp_bias,127.0,-4.3209748325590045,5.5565998814284665,17.0,2000-01-01_2020-01-01,True,
RGI60-13.39798,geodetic_temp_bias,-93.2,-3.9634695162207905,5.5565998814284665,17.0,2000-01-01_2020-01-01,True,
RGI60-13.39799,geodetic_temp_bias,110.0,-4.011644871991218,5.5565998814284665,17.0,2000-01-01_2020-01-01,True,
RGI60-13.39800,geodetic_temp_bias,58.3,-3.8429572487574175,5.5565998814284665,17.0,2000-01-01_2020-01-01,True,
RGI60-13.39801,geodetic_temp_bias,92.0,-3.1710664106499453,5.5565998814284665,17.0,2000-01-01_2020-01-01,True,
RGI60-13.39802,geodetic_temp_bias,281.8,-2.9747510696545936,7.315670920881394,2.126715779966162,2000-01-01_2020-01-01,True,
RGI60-13.39803,geodetic_temp_bias,-1.6,-4.219627005657242,5.5565998814284665,17.0,2000-01-01_2020-01-01,True,
RGI60-13.39804,geodetic_temp_bias,123.1,-4.406532364491009,5.5565998814284665,17.0,2000-01-01_2020-01-01,True,
RGI60-13.39805,geodetic_temp_bias,-4.8,-3.367354618598853,5.5565998814284665,17.0,2000-01-01_2020-01-01,True,
RGI60-13.39806,geodetic_temp_bias,124.10000000000001,-2.9747510696545936,6.948144003784517,5.0,2000-01-01_2020-01-01,True,
RGI60-13.39807,geodetic_temp_bias,163.39999999999998,-2.9747510696545936,5.102735871970949,5.0,2000-01-01_2020-01-01,True,
RGI60-13.39808,geodetic_temp_bias,119.5,-3.373091765688202,5.5565998814284665,17.0,2000-01-01_2020-01-01,True,
RGI60-13.39809,geodetic_temp_bias,250.0,-4.761609551344607,5.5565998814284665,17.0,2000-01-01_2020-01-01,True,
RGI60-13.39810,geodetic_temp_bias,28.299999999999997,-5.032141498569057,5.5565998814284665,17.0,2000-01-01_2020-01-01,True,
RGI60-13.39811,geodetic_temp_bias,148.0,-4.092739830781127,5.5565998814284665,17.0,2000-01-01_2020-01-01,True,
RGI60-13.39812,geodetic_temp_bias,10.9,-2.2520312924917016,5.5565998814284665,17.0,2000-01-01_2020-01-01,True,
RGI60-13.39813,geodetic_temp_bias,23.7,-2.4646268150056336,5.5565998814284665,17.0,2000-01-01_2020-01-01,True,
RGI60-13.39814,geodetic_temp_bias,171.4,-4.54626011620129,5.5565998814284665,17.0,2000-01-01_2020-01-01,True,
RGI60-13.39815,geodetic_temp_bias,126.9,-2.8966285264538505,5.5565998814284665,17.0,2000-01-01_2020-01-01,True,
RGI60-13.39816,geodetic_temp_bias,160.3,-3.5297935934876317,5.5565998814284665,17.0,2000-01-01_2020-01-01,True,
RGI60-13.39817,geodetic_temp_bias,87.1,-3.6261632075045624,5.5565998814284665,17.0,2000-01-01_2020-01-01,True,
RGI60-13.39818,geodetic_temp_bias,114.9,-2.387815312170808,5.5565998814284665,17.0,2000-01-01_2020-01-01,True,
RGI60-13.39819,geodetic_temp_bias,16.5,-3.855486921280968,5.5565998814284665,17.0,2000-01-01_2020-01-01,True,
RGI60-13.39820,geodetic_temp_bias,83.2,-3.286890061755282,5.5565998814284665,17.0,2000-01-01_2020-01-01,True,
RGI60-13.39821,geodetic_temp_bias,191.8,-3.8225914601383377,5.5565998814284665,17.0,2000-01-01_2020-01-01,True,
RGI60-13.39822,geodetic_temp_bias,75.0,-3.771152382602203,5.5565998814284665,17.0,2000-01-01_2020-01-01,True,
RGI60-13.39823,geodetic_temp_bias,171.4,-3.9598390650473867,5.5565998814284665,17.0,2000-01-01_2020-01-01,True,
RGI60-13.39824,geodetic_temp_bias,149.5,-3.90396233685784,5.5565998814284665,17.0,2000-01-01_2020-01-01,True,
RGI60-13.39825,geodetic_temp_bias,169.0,-4.116113829194269,5.5565998814284665,17.0,2000-01-01_2020-01-01,True,
RGI60-13.39826,geodetic_temp_bias,271.9,-5.252535138012093,5.5565998814284665,17.0,2000-01-01_2020-01-01,True,
RGI60-13.39827,geodetic_temp_bias,423.59999999999997,-5.846858739946181,6.804507089017802,5.0,2000-01-01_2020-01-01,True,
RGI60-13.39828,scalar,,,,,,True,
RGI60-13.39829,geodetic_temp_bias,228.5,-5.846858739946181,5.5565998814284665,15.389573012939898,2000-01-01_2020-01-01,True,
RGI60-13.39830,geodetic_temp_bias,346.2,-5.846858739946181,5.944658700934681,5.0,2000-01-01_2020-01-01,True,
RGI60-13.39831,geodetic_temp_bias,137.3,-5.720751739898767,5.5565998814284665,17.0,2000-01-01_2020-01-01,True,
RGI60-13.39832,geodetic_temp_bias,69.9,-4.320921749492587,5.5565998814284665,17.0,2000-01-01_2020-01-01,True,
RGI60-13.39833,geodetic_temp_bias,53.699999999999996,-5.275327349440023,5.5565998814284665,17.0,2000-01-01_2020-01-01,True,
RGI60-13.39834,geodetic_temp_bias,70.6,-5.846858739946181,5.5565998814284665,12.266441384358501,2000-01-01_2020-01-01,True,
RGI60-13.39835,geodetic_temp_bias,233.2,-5.846858739946181,5.5565998814284665,8.989281177324582,2000-01-01_2020-01-01,True,
RGI60-13.39836,geodetic_temp_bias,117.1,-5.324552559347263,5.5565998814284665,17.0,2000-01-01_2020-01-01,True,
RGI60-13.39837,geodetic_temp_bias,189.79999999999998,-5.467232061026299,5.5565998814284665,17.0,2000-01-01_2020-01-01,True,
RGI60-13.39838,geodetic_temp_bias,409.8,-5.846858739946181,7.626853431180714,5.0,2000-01-01_2020-01-01,True,
RGI60-13.39839,geodetic_temp_bias,275.8,-5.770020934959653,5.5565998814284665,17.0,2000-01-01_2020-01-01,True,
RGI60-13.39840,geodetic_temp_bias,45.199999999999996,-4.925285155323548,5.5565998814284665,17.0,2000-01-01_2020-01-01,True,
RGI60-13.39841,geodetic_temp_bias,120.1,-5.2369284580602775,5.5565998814284665,17.0,2000-01-01_2020-01-01,True,
RGI60-13.39842,scalar,,,,,,True,
RGI60-13.39843,geodetic_temp_bias,205.1,-5.632404587174219,5.5565998814284665,17.0,2000-01-01_2020-01-01,True,
RGI60-13.39844,geodetic_temp_bias,242.60000000000002,-5.416096894323149,5.5565998814284665,17.0,2000-01-01_2020-01-01,True,
RGI60-13.39845,geodetic_temp_bias,206.4,-5.2100503902374875,5.5565998814284665,17.0,2000-01-01_2020-01-01,True,
RGI60-13.39846,geodetic_temp_bias,262.2,-5.097655631176712,5.5565998814284665,17.0,2000-01-01_2020-01-01,True,
RGI60-13.39847,geodetic_temp_bias,312.90000000000003,-5.846858739946181,6.131938941305627,5.0,2000-01-01_2020-01-01,True,
RGI60-13.39848,geodetic_temp_bias,290.4,-4.7449990256005075,5.5565998814284665,17.0,2000-01-01_2020-01-01,True,
RGI60-13.39849,geodetic_temp_bias,-44.0,-5.281756955297737,5.5565998814284665,17.0,2000-01-01_2020-01-01,True,
RGI60-13.39850,geodetic_temp_bias,126.4,-5.363303527516883,5.5565998814284665,17.0,2000-01-01_2020-01-01,True,
RGI60-13.39851,geodetic_temp_bias,183.29999999999998,-4.394555707350465,5.5565998814284665,17.0,2000-01-01_2020-01-01,True,
RGI60-13.39852,geodetic_temp_bias,22.1,-4.428109155502038,5.5565998814284665,17.0,2000-01-01_2020-01-01,True,
RGI60-13.39853,geodetic_temp_bias,77.10000000000001,-4.499079760268428,5.5565998814284665,17.0,2000-01-01_2020-01-01,True,
RGI60-13.39854,geodetic_temp_bias,53.900000000000006,-4.842291905558802,5.5565998814284665,17.0,2000-01-01_2020-01-01,True,
RGI60-13.39855,geodetic_temp_bias,14.7,-4.355289272341101,5.5565998814284665,17.0,2000-01-01_2020-01-01,True,
RGI60-13.39856,geodetic_temp_bias,35.7,-4.593076660618449,5.5565998814284665,17.0,2000-01-01_2020-01-01,True,
RGI60-13.39857,geodetic_temp_bias,173.6,-4.752098742010136,5.5565998814284665,17.0,2000-01-01_2020-01-01,True,
RGI60-13.39858,geodetic_temp_bias,290.4,-3.925146631462349,5.417986034308473,17.0,2000-01-01_2020-01-01,True,
RGI60-13.39859,geodetic_temp_bias,176.7,-3.9381787103413526,5.417986034308473,17.0,2000-01-01_2020-01-01,True,
RGI60-13.39860,geodetic_temp_bias,358.3,-4.464548375904576,5.592896316664558,5.0,2000-01-01_2020-01-01,True,
RGI60-13.39861,geodetic_temp_bias,255.6,-4.166598499110625,5.417986034308473,17.0,2000-01-01_2020-01-01,True,
RGI60-13.39862,geodetic_temp_bias,444.1,-4.464548375904576,7.279984400931143,5.0,2000-01-01_2020-01-01,True,
RGI60-13.39863,geodetic_temp_bias,68.7,-2.521444105686003,5.417986034308473,17.0,2000-01-01_2020-01-01,True,
RGI60-13.39864,geodetic_temp_bias,281.3,-4.464548375904576,5.417986034308473,5.369868964255571,2000-01-01_2020-01-01,True,
RGI60-13.39865,geodetic_temp_bias,252.0,-4.352183554965142,5.417986034308473,17.0,2000-01-01_2020-01-01,True,
RGI60-13.39866,geodetic_temp_bias,299.3,-4.464548375904576,6.440811978366576,5.0,2000-01-01_2020-01-01,True,
RGI60-13.39867,geodetic_temp_bias,232.2,-4.464548375904576,5.417986034308473,13.912383865287362,2000-01-01_2020-01-01,True,
RGI60-13.39868,geodetic_temp_bias,352.6,-4.464548375904576,5.979512430691575,5.0,2000-01-01_2020-01-01,True,
RGI60-13.39869,geodetic_temp_bias,115.6,-3.926727479061437,5.417986034308473,17.0,2000-01-01_2020-01-01,True,
RGI60-13.39870,geodetic_temp_bias,194.89999999999998,-4.464548375904576,5.417986034308473,12.439535652297932,2000-01-01_2020-01-01,True,
RGI60-13.39871,geodetic_temp_bias,318.90000000000003,-4.384399784933059,5.417986034308473,17.0,2000-01-01_2020-01-01,True,
RGI60-13.39872,geodetic_temp_bias,229.2,-4.464548375904576,8.12697905146271,4.568900210759059,2000-01-01_2020-01-01,True,
RGI60-13.39873,geodetic_temp_bias,250.6,-4.464548375904576,5.4512335448678275,5.0,2000-01-01_2020-01-01,True,
RGI60-13.39874,geodetic_temp_bias,203.4,-4.464548375904576,5.417986034308473,5.036381821600325,2000-01-01_2020-01-01,True,
RGI60-13.39875,geodetic_temp_bias,331.1,-4.464548375904576,7.437743196192618,5.0,2000-01-01_2020-01-01,True,
RGI60-13.39876,geodetic_temp_bias,305.9,-4.464548375904576,7.047501785195351,5.0,2000-01-01_2020-01-01,True,
RGI60-13.39877,geodetic_temp_bias,309.2,-4.464548375904576,6.147500740396118,5.0,2000-01-01_2020-01-01,True,
RGI60-13.39878,geodetic_temp_bias,357.4,-4.464548375904576,8.101132502702304,5.0,2000-01-01_2020-01-01,True,
RGI60-13.39879,geodetic_temp_bias,91.0,-4.272367626073308,5.417986034308473,17.0,2000-01-01_2020-01-01,True,
RGI60-13.39880,geodetic_temp_bias,297.59999999999997,-4.464548375904576,7.754696913412378,5.0,2000-01-01_2020-01-01,True,
RGI60-13.39881,geodetic_temp_bias,117.8,-4.275151644209325,5.417986034308473,17.0,2000-01-01_2020-01-01,True,
RGI60-13.39882,geodetic_temp_bias,75.30000000000001,-4.1518847425238565,5.417986034308473,17.0,2000-01-01_2020-01-01,True,
RGI60-13.39883,geodetic_temp_bias,215.5,-4.464548375904576,5.417986034308473,14.421248003761404,2000-01-01_2020-01-01,True,
RGI60-13.39884,geodetic_temp_bias,364.59999999999997,-4.464548375904576,7.0631341882024135,5.0,2000-01-01_2020-01-01,True,
RGI60-13.39885,geodetic_temp_bias,204.4,-4.464548375904576,6.03862889620463,5.0,2000-01-01_2020-01-01,True,
RGI60-13.39886,geodetic_temp_bias,-75.5,-4.723561485157483,5.5565998814284665,17.0,2000-01-01_2020-01-01,True,
RGI60-13.39887,geodetic_temp_bias,176.8,-4.912905111717578,5.5565998814284665,17.0,2000-01-01_2020-01-01,True,
RGI60-13.39888,geodetic_temp_bias,444.5,-5.846858739946181,7.1863609658022085,5.0,2000-01-01_2020-01-01,True,
RGI60-13.39889,geodetic_temp_bias,377.3,-5.846858739946181,6.056699031237956,5.0,2000-01-01_2020-01-01,True,
RGI60-13.39890,geodetic_temp_bias,255.7,-4.778296803380183,5.5565998814284665,17.0,2000-01-01_2020-01-01,True,
RGI60-13.39891,geodetic_temp_bias,256.40000000000003,-4.032196564643533,5.417986034308473,17.0,2000-01-01_2020-01-01,True,
RGI60-13.39892,geodetic_temp_bias,-67.9,-3.030149324406424,5.417986034308473,17.0,2000-01-01_2020-01-01,True,
RGI60-13.39893,geodetic_temp_bias,349.4,-4.06311058700632,5.417986034308473,17.0,2000-01-01_2020-01-01,True,
RGI60-13.39894,geodetic_temp_bias,348.0,-4.464548375904576,6.012507251698789,5.0,2000-01-01_2020-01-01,True,
RGI60-13.39895,geodetic_temp_bias,137.1,-4.464548375904576,6.043102454569658,5.0,2000-01-01_2020-01-01,True,
RGI60-13.39896,geodetic_temp_bias,154.70000000000002,-3.314703554818299,5.417986034308473,17.0,2000-01-01_2020-01-01,True,
RGI60-13.39897,geodetic_temp_bias,215.79999999999998,-4.464548375904576,5.417986034308473,13.616707474839464,2000-01-01_2020-01-01,True,
RGI60-13.39898,geodetic_temp_bias,230.1,-4.464548375904576,5.417986034308473,12.574370228548162,2000-01-01_2020-01-01,True,
RGI60-13.39899,geodetic_temp_bias,259.90000000000003,-4.464548375904576,5.508690023641096,5.0,2000-01-01_2020-01-01,True,
RGI60-13.39900,geodetic_temp_bias,347.8,-4.464548375904576,6.392654137170519,5.0,2000-01-01_2020-01-01,True,
RGI60-13.39901,geodetic_temp_bias,211.29999999999998,-4.464548375904576,5.417986034308473,5.5909447852940115,2000-01-01_2020-01-01,True,
RGI60-13.39902,geodetic_temp_bias,243.10000000000002,-4.464548375904576,6.823133712326335,5.0,2000-01-01_2020-01-01,True,
RGI60-13.39903,geodetic_temp_bias,247.0,-4.464548375904576,5.866103885355003,5.0,2000-01-01_2020-01-01,True,
RGI60-13.39904,geodetic_temp_bias,403.5,-4.5483300310743315,8.12697905146271,1.5,2000-01-01_2020-01-01,True,
RGI60-13.39905,geodetic_temp_bias,192.20000000000002,-4.464548375904576,5.417986034308473,11.345599318860087,2000-01-01_2020-01-01,True,
RGI60-13.39906,geodetic_temp_bias,387.40000000000003,-4.464548375904576,8.000617556326961,5.0,2000-01-01_2020-01-01,True,
RGI60-13.39907,geodetic_temp_bias,269.2,-4.464548375904576,7.583119928911567,5.0,2000-01-01_2020-01-01,True,
RGI60-13.39908,geodetic_temp_bias,403.5,-4.464548375904576,8.12697905146271,3.8978415912127318,2000-01-01_2020-01-01,True,
RGI60-13.39909,geodetic_temp_bias,202.9,-4.464548375904576,6.280553882782088,5.0,2000-01-01_2020-01-01,True,
RGI60-13.39910,geodetic_temp_bias,295.70000000000005,-4.464548375904576,8.12697905146271,1.8589192552719709,2000-01-01_2020-01-01,True,
RGI60-13.39911,geodetic_temp_bias,459.5,-5.71314835175524,8.12697905146271,1.5,2000-01-01_2020-01-01,True,
RGI60-13.39912,geodetic_temp_bias,374.09999999999997,-4.464548375904576,7.650466584295539,5.0,2000-01-01_2020-01-01,True,
RGI60-13.39913,geodetic_temp_bias,299.8,-4.464548375904576,7.0207218138304865,5.0,2000-01-01_2020-01-01,True,
RGI60-13.39914,geodetic_temp_bias,185.6,-4.464548375904576,5.417986034308473,10.838333920760682,2000-01-01_2020-01-01,True,
RGI60-13.39915,geodetic_temp_bias,446.2,-4.464548375904576,6.895273767262156,5.0,2000-01-01_2020-01-01,True,
RGI60-13.39916,geodetic_temp_bias,146.5,-4.464548375904576,5.417986034308473,13.69342870725141,2000-01-01_2020-01-01,True,
RGI60-13.39917,geodetic_temp_bias,329.29999999999995,-4.464548375904576,6.005997067735177,5.0,2000-01-01_2020-01-01,True,
RGI60-13.39918,geodetic_temp_bias,353.7,-4.464548375904576,7.300466607303501,5.0,2000-01-01_2020-01-01,True,
RGI60-13.39919,geodetic_temp_bias,279.3,-4.464548375904576,5.417986034308473,7.956437181599595,2000-01-01_2020-01-01,True,
RGI60-13.39920,geodetic_temp_bias,130.0,-3.3519075233915645,5.417986034308473,17.0,2000-01-01_2020-01-01,True,
RGI60-13.39921,geodetic_temp_bias,39.9,-2.3641180781785565,5.417986034308473,17.0,2000-01-01_2020-01-01,True,
RGI60-13.39922,geodetic_temp_bias,204.2,-3.6395416254909874,5.417986034308473,17.0,2000-01-01_2020-01-01,True,
RGI60-13.39923,geodetic_temp_bias,283.9,-4.464548375904576,8.12697905146271,2.805186861744693,2000-01-01_2020-01-01,True,
RGI60-13.39924,geodetic_temp_bias,135.4,-4.218848844735275,5.417986034308473,17.0,2000-01-01_2020-01-01,True,
RGI60-13.39925,geodetic_temp_bias,255.2,-3.845571225007229,5.417986034308473,17.0,2000-01-01_2020-01-01,True,
RGI60-13.39926,geodetic_temp_bias,306.8,-4.464548375904576,5.655460389332284,5.0,2000-01-01_2020-01-01,True,
RGI60-13.39927,geodetic_temp_bias,356.0,-4.464548375904576,8.12697905146271,4.375915229262503,2000-01-01_2020-01-01,True,
RGI60-13.39928,geodetic_temp_bias,124.3,-2.232258717777208,5.417986034308473,17.0,2000-01-01_2020-01-01,True,
RGI60-13.39929,geodetic_temp_bias,379.2,-4.464548375904576,8.12697905146271,2.827707671071251,2000-01-01_2020-01-01,True,
RGI60-13.39930,geodetic_temp_bias,341.3,-4.464548375904576,5.747360689946432,5.0,2000-01-01_2020-01-01,True,
RGI60-13.39931,geodetic_temp_bias,366.70000000000005,-4.464548375904576,8.12697905146271,1.9099713399357507,2000-01-01_2020-01-01,True,
RGI60-13.39932,geodetic_temp_bias,462.9,-5.334290277543903,8.12697905146271,1.5,2000-01-01_2020-01-01,True,
RGI60-13.39933,scalar,,,,,,True,
RGI60-13.39934,geodetic_temp_bias,213.5,-3.97422046215074,5.417986034308473,17.0,2000-01-01_2020-01-01,True,
RGI60-13.39935,geodetic_temp_bias,244.60000000000002,-4.464548375904576,5.516787123887653,5.0,2000-01-01_2020-01-01,True,
RGI60-13.39936,geodetic_temp_bias,238.8,-4.464548375904576,8.12697905146271,3.265621020423093,2000-01-01_2020-01-01,True,
RGI60-13.39937,geodetic_temp_bias,226.3,-4.464548375904576,5.650845384042485,5.0,2000-01-01_2020-01-01,True,
RGI60-13.39938,geodetic_temp_bias,430.9,-5.046633909487966,8.12697905146271,1.5,2000-01-01_2020-01-01,True,
RGI60-13.39939,geodetic_temp_bias,292.2,-4.464548375904576,5.417986034308473,10.973188859828467,2000-01-01_2020-01-01,True,
RGI60-13.39940,geodetic_temp_bias,484.59999999999997,-4.464548375904576,8.12697905146271,2.2069402091299697,2000-01-01_2020-01-01,True,
RGI60-13.39941,geodetic_temp_bias,200.0,-4.464548375904576,6.252655297895702,5.0,2000-01-01_2020-01-01,True,
RGI60-13.39942,geodetic_temp_bias,285.7,-4.464548375904576,6.657515552937722,5.0,2000-01-01_2020-01-01,True,
RGI60-13.39943,geodetic_temp_bias,192.5,-4.464548375904576,7.057129059680548,5.0,2000-01-01_2020-01-01,True,
RGI60-13.39944,geodetic_temp_bias,198.6,-4.464548375904576,5.417986034308473,8.35661809541698,2000-01-01_2020-01-01,True,
RGI60-13.39945,scalar,,,,,,True,
RGI60-13.39946,geodetic_temp_bias,229.0,-4.464548375904576,5.417986034308473,6.57710327543007,2000-01-01_2020-01-01,True,
RGI60-13.39947,geodetic_temp_bias,279.3,-4.464548375904576,5.528885526005242,5.0,2000-01-01_2020-01-01,True,
RGI60-13.39948,geodetic_temp_bias,220.0,-4.464548375904576,6.564882026474426,5.0,2000-01-01_2020-01-01,True,
RGI60-13.39949,geodetic_temp_bias,116.6,-4.464548375904576,8.12697905146271,3.9536107194451096,2000-01-01_2020-01-01,True,
RGI60-13.39950,geodetic_temp_bias,233.0,-4.464548375904576,8.12697905146271,2.47441994597808,2000-01-01_2020-01-01,True,
RGI60-13.39951,geodetic_temp_bias,76.5,-4.464548375904576,5.417986034308473,7.751221707303849,2000-01-01_2020-01-01,True,
RGI60-13.39952,geodetic_temp_bias,405.4,-4.464548375904576,8.12697905146271,3.663348356790554,2000-01-01_2020-01-01,True,
RGI60-13.39953,geodetic_temp_bias,226.8,-3.650839194051473,5.417986034308473,17.0,2000-01-01_2020-01-01,True,
RGI60-13.39954,geodetic_temp_bias,64.3,-4.464548375904576,5.417986034308473,8.584870424687193,2000-01-01_2020-01-01,True,
RGI60-13.39955,geodetic_temp_bias,337.2,-4.464548375904576,6.834457875910813,5.0,2000-01-01_2020-01-01,True,
RGI60-13.39956,geodetic_temp_bias,398.2,-4.562581137054682,8.12697905146271,1.5,2000-01-01_2020-01-01,True,
RGI60-13.39957,geodetic_temp_bias,366.4,-4.464548375904576,8.12697905146271,3.3540148859697085,2000-01-01_2020-01-01,True,
RGI60-13.39958,geodetic_temp_bias,286.6,-4.464548375904576,8.12697905146271,2.81116643891837,2000-01-01_2020-01-01,True,
RGI60-13.39959,geodetic_temp_bias,274.2,-4.464548375904576,5.7653290370493115,5.0,2000-01-01_2020-01-01,True,
RGI60-13.39960,geodetic_temp_bias,159.89999999999998,-4.464548375904576,5.625840898254884,5.0,2000-01-01_2020-01-01,True,
RGI60-13.39961,geodetic_temp_bias,154.9,-4.464548375904576,5.921678785125568,5.0,2000-01-01_2020-01-01,True,
RGI60-13.39962,geodetic_temp_bias,326.79999999999995,-4.464548375904576,6.530624970867946,5.0,2000-01-01_2020-01-01,True,
RGI60-13.39963,geodetic_temp_bias,270.2,-4.464548375904576,7.652746677731522,5.0,2000-01-01_2020-01-01,True,
RGI60-13.39964,geodetic_temp_bias,246.5,-4.464548375904576,5.417986034308473,9.207016176872182,2000-01-01_2020-01-01,True,
RGI60-13.39965,geodetic_temp_bias,97.4,-4.464548375904576,8.12697905146271,4.7411733044043505,2000-01-01_2020-01-01,True,
RGI60-13.39966,geodetic_temp_bias,268.6,-4.464548375904576,6.282363891377167,5.0,2000-01-01_2020-01-01,True,
RGI60-13.39967,geodetic_temp_bias,107.5,-4.464548375904576,5.417986034308473,10.990516819132322,2000-01-01_2020-01-01,True,
RGI60-13.39968,geodetic_temp_bias,-25.9,-3.2978066076834085,5.417986034308473,17.0,2000-01-01_2020-01-01,True,
RGI60-13.39969,scalar,,,,,,True,
RGI60-13.39970,geodetic_temp_bias,118.6,-3.893043093806178,5.417986034308473,17.0,2000-01-01_2020-01-01,True,
RGI60-13.39971,geodetic_temp_bias,61.199999999999996,-4.464548375904576,5.417986034308473,5.998657730799208,2000-01-01_2020-01-01,True,
RGI60-13.39972,geodetic_temp_bias,403.7,-4.464548375904576,8.12697905146271,4.115253313791325,2000-01-01_2020-01-01,True,
RGI60-13.39973,geodetic_temp_bias,327.7,-4.464548375904576,6.147144416403567,5.0,2000-01-01_2020-01-01,True,
RGI60-13.39974,geodetic_temp_bias,238.4,-4.464548375904576,5.417986034308473,7.119830567460076,2000-01-01_2020-01-01,True,
RGI60-13.39975,geodetic_temp_bias,367.3,-4.464548375904576,6.382872873347848,5.0,2000-01-01_2020-01-01,True,
RGI60-13.39976,geodetic_temp_bias,92.2,-4.464548375904576,5.417986034308473,14.484474646238404,2000-01-01_2020-01-01,True,
RGI60-13.39977,geodetic_temp_bias,346.2,-4.464548375904576,6.059535105278423,5.0,2000-01-01_2020-01-01,True,
RGI60-13.39978,geodetic_temp_bias,271.5,-4.464548375904576,5.417986034308473,5.3813621787885,2000-01-01_2020-01-01,True,
RGI60-13.39979,geodetic_temp_bias,171.2,-3.459449299382943,5.417986034308473,17.0,2000-01-01_2020-01-01,True,
RGI60-13.39980,geodetic_temp_bias,190.89999999999998,-4.464548375904576,5.417986034308473,14.821792962865167,2000-01-01_2020-01-01,True,
RGI60-13.39981,geodetic_temp_bias,275.2,-4.464548375904576,5.925580505447315,5.0,2000-01-01_2020-01-01,True,
RGI60-13.39982,geodetic_temp_bias,191.3,-4.114537781740786,5.417986034308473,17.0,2000-01-01_2020-01-01,True,
RGI60-13.39983,geodetic_temp_bias,-101.4,-3.944957011896908,5.417986034308473,17.0,2000-01-01_2020-01-01,True,
RGI60-13.39984,geodetic_temp_bias,348.1,-4.464548375904576,8.12697905146271,3.930116052308151,2000-01-01_2020-01-01,True,
RGI60-13.39985,geodetic_temp_bias,65.4,-4.464548375904576,5.417986034308473,13.809343146619886,2000-01-01_2020-01-01,True,
RGI60-13.39986,geodetic_temp_bias,-139.6,-3.758921430623203,5.417986034308473,17.0,2000-01-01_2020-01-01,True,
RGI60-13.39987,geodetic_temp_bias,83.8,-3.87209791733983,5.417986034308473,17.0,2000-01-01_2020-01-01,True,
RGI60-13.39988,geodetic_temp_bias,251.5,-4.464548375904576,5.417986034308473,8.228244046064487,2000-01-01_2020-01-01,True,
RGI60-13.39989,geodetic_temp_bias,170.8,-3.959500842917119,5.417986034308473,17.0,2000-01-01_2020-01-01,True,
RGI60-13.39990,geodetic_temp_bias,41.0,-4.231027935985616,5.417986034308473,17.0,2000-01-01_2020-01-01,True,
RGI60-13.39991,geodetic_temp_bias,262.40000000000003,-4.375264664514372,5.417986034308473,17.0,2000-01-01_2020-01-01,True,
RGI60-13.39992,geodetic_temp_bias,285.4,-3.5455223667656695,5.417986034308473,17.0,2000-01-01_2020-01-01,True,
RGI60-13.39993,geodetic_temp_bias,297.4,-4.464548375904576,8.12697905146271,2.632804179128147,2000-01-01_2020-01-01,True,
RGI60-13.39994,geodetic_temp_bias,250.5,-4.464548375904576,7.95216801879595,5.0,2000-01-01_2020-01-01,True,
RGI60-13.39995,geodetic_temp_bias,233.2,-4.464548375904576,8.12697905146271,4.8640706555296935,2000-01-01_2020-01-01,True,
RGI60-13.39996,geodetic_temp_bias,354.1,-4.464548375904576,6.136148476006039,5.0,2000-01-01_2020-01-01,True,
RGI60-13.39997,geodetic_temp_bias,169.4,-3.989986334715436,5.417986034308473,17.0,2000-01-01_2020-01-01,True,
RGI60-13.39998,geodetic_temp_bias,410.7,-4.464548375904576,6.391234302744815,5.0,2000-01-01_2020-01-01,True,
RGI60-13.39999,geodetic_temp_bias,-106.6,-2.6310839769020125,5.417986034308473,17.0,2000-01-01_2020-01-01,True,
RGI60-13.40000,geodetic_temp_bias,391.90000000000003,-4.829116494539502,8.12697905146271,1.5,2000-01-01_2020-01-01,True,
RGI60-13.40001,geodetic_temp_bias,266.0,-4.464548375904576,7.106975743722607,5.0,2000-01-01_2020-01-01,True,
RGI60-13.40002,geodetic_temp_bias,342.7,-4.464548375904576,8.12697905146271,2.177834924816341,2000-01-01_2020-01-01,True,
RGI60-13.40003,geodetic_temp_bias,486.09999999999997,-4.464548375904576,7.589400490461664,5.0,2000-01-01_2020-01-01,True,
RGI60-13.40004,geodetic_temp_bias,292.9,-4.464548375904576,6.135990570864046,5.0,2000-01-01_2020-01-01,True,
RGI60-13.40005,geodetic_temp_bias,-139.3,-4.464548375904576,5.417986034308473,5.027380674621105,2000-01-01_2020-01-01,True,
RGI60-13.40006,geodetic_temp_bias,364.4,-4.464548375904576,8.12697905146271,4.883219408428937,2000-01-01_2020-01-01,True,
RGI60-13.40007,geodetic_temp_bias,193.3,-4.464548375904576,8.12697905146271,2.8027232532160538,2000-01-01_2020-01-01,True,
RGI60-13.40008,geodetic_temp_bias,335.3,-4.464548375904576,7.9349620380088135,5.0,2000-01-01_2020-01-01,True,
RGI60-13.40009,geodetic_temp_bias,56.0,-3.869621618868888,5.417986034308473,17.0,2000-01-01_2020-01-01,True,
RGI60-13.40010,geodetic_temp_bias,207.6,-4.464548375904576,6.3595412412980785,5.0,2000-01-01_2020-01-01,True,
RGI60-13.40011,geodetic_temp_bias,347.1,-4.518023242859406,8.12697905146271,1.5,2000-01-01_2020-01-01,True,
RGI60-13.40012,geodetic_temp_bias,220.20000000000002,-4.464548375904576,5.417986034308473,12.018466393054506,2000-01-01_2020-01-01,True,
RGI60-13.40013,geodetic_temp_bias,202.6,-4.464548375904576,8.12697905146271,2.7172391105267977,2000-01-01_2020-01-01,True,
RGI60-13.40014,geodetic_temp_bias,18.0,-4.464548375904576,5.417986034308473,14.432019963083029,2000-01-01_2020-01-01,True,
RGI60-13.40015,geodetic_temp_bias,172.9,-4.464548375904576,5.417986034308473,12.450723151240654,2000-01-01_2020-01-01,True,
RGI60-13.40016,geodetic_temp_bias,410.1,-4.464548375904576,8.12697905146271,2.9316291073611564,2000-01-01_2020-01-01,True,
RGI60-13.40017,geodetic_temp_bias,-18.4,-4.464548375904576,5.417986034308473,7.7723651352804835,2000-01-01_2020-01-01,True,
RGI60-13.40018,geodetic_temp_bias,158.79999999999998,-4.464548375904576,6.390232400295256,5.0,2000-01-01_2020-01-01,True,
RGI60-13.40019,geodetic_temp_bias,230.6,-4.464548375904576,5.417986034308473,11.127424018096779,2000-01-01_2020-01-01,True,
RGI60-13.40020,geodetic_temp_bias,160.5,-4.464548375904576,5.417986034308473,5.4681521621617915,2000-01-01_2020-01-01,True,
RGI60-13.40021,geodetic_temp_bias,125.2,-4.464548375904576,6.4418062370105265,5.0,2000-01-01_2020-01-01,True,
RGI60-13.40022,geodetic_temp_bias,191.1,-4.464548375904576,8.12697905146271,3.219103138082761,2000-01-01_2020-01-01,True,
RGI60-13.40023,geodetic_temp_bias,333.4,-4.464548375904576,5.734124432476626,5.0,2000-01-01_2020-01-01,True,
RGI60-13.40024,geodetic_temp_bias,210.0,-4.21666811509287,5.417986034308473,17.0,2000-01-01_2020-01-01,True,
RGI60-13.40025,geodetic_temp_bias,287.9,-4.464548375904576,5.417986034308473,6.090103496409289,2000-01-01_2020-01-01,True,
RGI60-13.40026,geodetic_temp_bias,218.79999999999998,-4.464548375904576,5.417986034308473,10.969956068453435,2000-01-01_2020-01-01,True,
RGI60-13.40027,geodetic_temp_bias,199.5,-4.464548375904576,5.417986034308473,6.1289397424588214,2000-01-01_2020-01-01,True,
RGI60-13.40028,geodetic_temp_bias,108.2,-3.7764530080041334,5.417986034308473,17.0,2000-01-01_2020-01-01,True,
RGI60-13.40029,geodetic_temp_bias,281.0,-4.464548375904576,5.417986034308473,15.526652276753438,2000-01-01_2020-01-01,True,
RGI60-13.40030,geodetic_temp_bias,177.3,-4.464548375904576,5.417986034308473,11.27150962162452,2000-01-01_2020-01-01,True,
RGI60-13.40031,geodetic_temp_bias,214.5,-3.939126940124252,5.417986034308473,17.0,2000-01-01_2020-01-01,True,
RGI60-13.40032,geodetic_temp_bias,-204.65888913841167,-3.1107817827054394,5.417986034308473,17.0,2000-01-01_2020-01-01,True,
RGI60-13.40033,geodetic_temp_bias,-48.599999999999994,-2.936612631475045,5.417986034308473,17.0,2000-01-01_2020-01-01,True,
RGI60-13.40034,geodetic_temp_bias,312.8,-4.464548375904576,6.964867924812955,5.0,2000-01-01_2020-01-01,True,
RGI60-13.40035,geodetic_temp_bias,134.20000000000002,-4.464548375904576,5.417986034308473,12.473823087901593,2000-01-01_2020-01-01,True,
RGI60-13.40036,geodetic_temp_bias,-101.4,-4.464548375904576,5.417986034308473,11.32706606200787,2000-01-01_2020-01-01,True,
RGI60-13.40037,geodetic_temp_bias,84.3,-3.4753258488195566,5.779478359354195,5.0,2000-01-01_2020-01-01,True,
RGI60-13.40038,geodetic_temp_bias,69.2,-3.4753258488195566,4.768180814692785,5.2066413499694795,2000-01-01_2020-01-01,True,
RGI60-13.40039,geodetic_temp_bias,150.5,-3.4753258488195566,4.768180814692785,13.283589543446208,2000-01-01_2020-01-01,True,
RGI60-13.40040,geodetic_temp_bias,139.2,-3.4753258488195566,5.974387948664852,5.0,2000-01-01_2020-01-01,True,
RGI60-13.40041,geodetic_temp_bias,139.4,-3.4753258488195566,6.018084709196618,5.0,2000-01-01_2020-01-01,True,
RGI60-13.40042,geodetic_temp_bias,21.2,-3.4753258488195566,6.693011570010003,5.0,2000-01-01_2020-01-01,True,
RGI60-13.40043,geodetic_temp_bias,-99.5,-3.4753258488195566,4.768180814692785,6.294979773872818,2000-01-01_2020-01-01,True,
RGI60-13.40044,geodetic_temp_bias,-40.300000000000004,-3.4753258488195566,7.152271222039177,4.507629345176039,2000-01-01_2020-01-01,True,
RGI60-13.40045,geodetic_temp_bias,36.1,-3.4753258488195566,4.768180814692785,5.575197185725287,2000-01-01_2020-01-01,True,
RGI60-13.40046,geodetic_temp_bias,-37.199999999999996,-3.4753258488195566,6.8442645547735905,5.0,2000-01-01_2020-01-01,True,
RGI60-13.40047,geodetic_temp_bias,-59.1,-3.4753258488195566,4.869980048048774,5.0,2000-01-01_2020-01-01,True,
RGI60-13.40048,geodetic_temp_bias,98.4,-3.4753258488195566,7.152271222039177,3.6327624405413665,2000-01-01_2020-01-01,True,
RGI60-13.40049,geodetic_temp_bias,-22.1,-3.4753258488195566,7.152271222039177,3.859797673605498,2000-01-01_2020-01-01,True,
RGI60-13.40050,geodetic_temp_bias,-62.1,-3.4753258488195566,7.113576695539235,5.0,2000-01-01_2020-01-01,True,
RGI60-13.40051,geodetic_temp_bias,246.2,-3.4753258488195566,7.152271222039177,3.0788046185990177,2000-01-01_2020-01-01,True,
RGI60-13.40052,geodetic_temp_bias,66.10000000000001,-3.4753258488195566,5.593635548935532,5.0,2000-01-01_2020-01-01,True,
RGI60-13.40053,geodetic_temp_bias,132.39999999999998,-3.4753258488195566,5.098656269804803,5.0,2000-01-01_2020-01-01,True,
RGI60-13.40054,geodetic_temp_bias,172.7,-3.4753258488195566,7.152271222039177,4.750058462876131,2000-01-01_2020-01-01,True,
RGI60-13.40055,geodetic_temp_bias,28.2,-3.4753258488195566,4.768180814692785,5.320461348470793,2000-01-01_2020-01-01,True,
RGI60-13.40056,geodetic_temp_bias,260.2,-3.4753258488195566,7.152271222039177,4.065131249375934,2000-01-01_2020-01-01,True,
RGI60-13.40057,geodetic_temp_bias,-76.8,-3.4753258488195566,4.768180814692785,7.527033344290784,2000-01-01_2020-01-01,True,
RGI60-13.40058,geodetic_temp_bias,386.7,-3.4753258488195566,7.152271222039177,3.3204752381187164,2000-01-01_2020-01-01,True,
RGI60-13.40059,geodetic_temp_bias,287.8,-3.4753258488195566,7.134566917372622,5.0,2000-01-01_2020-01-01,True,
RGI60-13.40060,geodetic_temp_bias,76.7,-3.4753258488195566,4.768180814692785,5.358446996829746,2000-01-01_2020-01-01,True,
RGI60-13.40061,geodetic_temp_bias,229.2,-3.4753258488195566,7.152271222039177,3.9908073900906276,2000-01-01_2020-01-01,True,
RGI60-13.40062,geodetic_temp_bias,158.9,-3.4753258488195566,7.152271222039177,3.824636648267337,2000-01-01_2020-01-01,True,
RGI60-13.40063,geodetic_temp_bias,174.6,-3.4753258488195566,6.9253164813682915,5.0,2000-01-01_2020-01-01,True,
RGI60-13.40064,geodetic_temp_bias,98.10000000000001,-3.4753258488195566,4.947606295616496,5.0,2000-01-01_2020-01-01,True,
RGI60-13.40065,geodetic_temp_bias,236.2,-3.4753258488195566,7.152271222039177,4.30628345699109,2000-01-01_2020-01-01,True,
RGI60-13.40066,geodetic_temp_bias,203.0,-3.4753258488195566,5.795516537376468,5.0,2000-01-01_2020-01-01,True,
RGI60-13.40067,geodetic_temp_bias,256.0,-3.4753258488195566,6.438244308179412,5.0,2000-01-01_2020-01-01,True,
RGI60-13.40068,geodetic_temp_bias,246.10000000000002,-3.4753258488195566,7.143328091318825,5.0,2000-01-01_2020-01-01,True,
RGI60-13.40069,geodetic_temp_bias,432.3,-4.464548375904576,8.12697905146271,1.8683834637053034,2000-01-01_2020-01-01,True,
RGI60-13.40070,geodetic_temp_bias,286.5,-4.464548375904576,8.037047164717944,5.0,2000-01-01_2020-01-01,True,
RGI60-13.40071,geodetic_temp_bias,221.4,-4.464548375904576,6.1282737447419775,5.0,2000-01-01_2020-01-01,True,
RGI60-13.40072,geodetic_temp_bias,241.9,-4.464548375904576,5.417986034308473,5.3323367473293475,2000-01-01_2020-01-01,True,
RGI60-13.40073,geodetic_temp_bias,148.60000000000002,-4.464548375904576,5.417986034308473,11.008751010838674,2000-01-01_2020-01-01,True,
RGI60-13.40074,geodetic_temp_bias,211.29999999999998,-4.464548375904576,5.417986034308473,10.030358173716515,2000-01-01_2020-01-01,True,
RGI60-13.40075,geodetic_temp_bias,205.3,-4.464548375904576,5.417986034308473,7.0127447086458075,2000-01-01_2020-01-01,True,
RGI60-13.40076,geodetic_temp_bias,110.8,-4.030469846877221,5.417986034308473,17.0,2000-01-01_2020-01-01,True,
RGI60-13.40077,geodetic_temp_bias,246.7,-3.4753258488195566,4.768180814692785,8.803910810383034,2000-01-01_2020-01-01,True,
RGI60-13.40078,geodetic_temp_bias,75.7,-3.4753258488195566,4.768180814692785,5.263489797976254,2000-01-01_2020-01-01,True,
RGI60-13.40079,geodetic_temp_bias,-219.70000000000002,-3.4753258488195566,4.768180814692785,7.062012914346955,2000-01-01_2020-01-01,True,
RGI60-13.40080,geodetic_temp_bias,149.5,-3.15756543830807,4.768180814692785,17.0,2000-01-01_2020-01-01,True,
RGI60-13.40081,geodetic_temp_bias,-377.3,-3.4753258488195566,4.768180814692785,8.68989736129285,2000-01-01_2020-01-01,True,
RGI60-13.40082,geodetic_temp_bias,121.89999999999999,-3.4753258488195566,4.768180814692785,8.582781188245416,2000-01-01_2020-01-01,True,
RGI60-13.40083,geodetic_temp_bias,-6.8999999999999995,-2.2041609052389446,4.768180814692785,17.0,2000-01-01_2020-01-01,True,
RGI60-13.40084,geodetic_temp_bias,181.5,-3.2752653997587595,4.768180814692785,17.0,2000-01-01_2020-01-01,True,
RGI60-13.40085,geodetic_temp_bias,284.5,-3.0027006114256225,4.768180814692785,17.0,2000-01-01_2020-01-01,True,
RGI60-13.40086,geodetic_temp_bias,-38.3,-3.4753258488195566,7.046566786504174,5.0,2000-01-01_2020-01-01,True,
RGI60-13.40087,geodetic_temp_bias,116.6,-3.4753258488195566,4.768180814692785,9.87901423406067,2000-01-01_2020-01-01,True,
RGI60-13.40088,geodetic_temp_bias,262.7,-3.187934021453751,4.768180814692785,17.0,2000-01-01_2020-01-01,True,
RGI60-13.40089,geodetic_temp_bias,-60.5,-3.4753258488195566,6.521016906025725,5.0,2000-01-01_2020-01-01,True,
RGI60-13.40090,geodetic_temp_bias,166.0,-3.4753258488195566,7.152271222039177,2.6810572259777325,2000-01-01_2020-01-01,True,
RGI60-13.40091,geodetic_temp_bias,-5.5,-3.4753258488195566,4.768180814692785,15.18211855473425,2000-01-01_2020-01-01,True,
RGI60-13.40092,geodetic_temp_bias,75.80000000000001,-3.4753258488195566,4.768180814692785,9.086443190647243,2000-01-01_2020-01-01,True,
RGI60-13.40093,geodetic_temp_bias,328.90000000000003,-3.4753258488195566,7.152271222039177,2.250123941716982,2000-01-01_2020-01-01,True,
RGI60-13.40094,geodetic_temp_bias,87.9,-3.373161942418357,4.768180814692785,17.0,2000-01-01_2020-01-01,True,
RGI60-13.40095,geodetic_temp_bias,-46.800000000000004,-3.4753258488195566,5.551510368883207,5.0,2000-01-01_2020-01-01,True,
RGI60-13.40096,geodetic_temp_bias,193.39999999999998,-3.4753258488195566,4.768180814692785,8.999915696131339,2000-01-01_2020-01-01,True,
RGI60-13.40097,geodetic_temp_bias,-208.2,-2.3473581928132705,4.768180814692785,17.0,2000-01-01_2020-01-01,True,
RGI60-13.40098,geodetic_temp_bias,-161.6,-3.4753258488195566,4.768180814692785,11.45811924176727,2000-01-01_2020-01-01,True,
RGI60-13.40099,geodetic_temp_bias,184.9,-3.4753258488195566,5.210231332635649,5.0,2000-01-01_2020-01-01,True,
RGI60-13.40100,geodetic_temp_bias,68.7,-2.1028337222287954,4.768180814692785,17.0,2000-01-01_2020-01-01,True,
RGI60-13.40101,geodetic_temp_bias,-39.300000000000004,-3.4753258488195566,7.152271222039177,4.914017708192293,2000-01-01_2020-01-01,True,
RGI60-13.40102,geodetic_temp_bias,333.1,-4.810289554466538,5.406073578794595,13.002715223723722,2000-01-01_2020-01-01,True,
RGI60-13.40103,geodetic_temp_bias,-146.0,-3.4753258488195566,6.060331990969029,5.0,2000-01-01_2020-01-01,True,
RGI60-13.40104,geodetic_temp_bias,-103.1,-3.4753258488195566,6.12405386975605,5.0,2000-01-01_2020-01-01,True,
RGI60-13.40105,geodetic_temp_bias,-117.6,-3.4753258488195566,4.768180814692785,15.075639860607287,2000-01-01_2020-01-01,True,
RGI60-13.40106,geodetic_temp_bias,194.8,-3.4753258488195566,4.7764283401282785,5.0,2000-01-01_2020-01-01,True,
RGI60-13.40107,geodetic_temp_bias,393.40000000000003,-3.4753258488195566,5.516230084979801,5.0,2000-01-01_2020-01-01,True,
RGI60-13.40108,geodetic_temp_bias,31.2,-3.4753258488195566,7.152271222039177,3.8453822327481846,2000-01-01_2020-01-01,True,
RGI60-13.40109,geodetic_temp_bias,19.0,-3.4753258488195566,4.768180814692785,9.033345341192245,2000-01-01_2020-01-01,True,
RGI60-13.40110,geodetic_temp_bias,141.7,-3.4753258488195566,4.768180814692785,8.1493614489813,2000-01-01_2020-01-01,True,
RGI60-13.40111,geodetic_temp_bias,-192.89999999999998,-3.1319917876756604,4.768180814692785,17.0,2000-01-01_2020-01-01,True,
RGI60-13.40112,geodetic_temp_bias,-52.1,-3.4753258488195566,6.351014964524763,5.0,2000-01-01_2020-01-01,True,
RGI60-13.40113,geodetic_temp_bias,100.4,-3.4753258488195566,7.152271222039177,3.4984194122612395,2000-01-01_2020-01-01,True,
RGI60-13.40114,geodetic_temp_bias,-120.3,-3.3466796674279666,4.768180814692785,17.0,2000-01-01_2020-01-01,True,
RGI60-13.40115,geodetic_temp_bias,313.40000000000003,-3.4753258488195566,7.152271222039177,1.7472656386295853,2000-01-01_2020-01-01,True,
RGI60-13.40116,geodetic_temp_bias,266.5,-3.4753258488195566,7.152271222039177,1.789381702841586,2000-01-01_2020-01-01,True,
RGI60-13.40117,geodetic_temp_bias,129.89999999999998,-3.2187971459619,4.768180814692785,17.0,2000-01-01_2020-01-01,True,
RGI60-13.40118,geodetic_temp_bias,211.4,-3.4753258488195566,7.152271222039177,3.563005601244069,2000-01-01_2020-01-01,True,
RGI60-13.40119,geodetic_temp_bias,113.4,-3.4753258488195566,4.768180814692785,6.071360718128648,2000-01-01_2020-01-01,True,
RGI60-13.40120,geodetic_temp_bias,-42.0,-3.4753258488195566,4.768180814692785,11.332273109116976,2000-01-01_2020-01-01,True,
RGI60-13.40121,geodetic_temp_bias,76.30000000000001,-2.987384465164182,4.768180814692785,17.0,2000-01-01_2020-01-01,True,
RGI60-13.40122,geodetic_temp_bias,-1.2,-3.4338429029502,5.406073578794595,17.0,2000-01-01_2020-01-01,True,
RGI60-13.40123,geodetic_temp_bias,-94.39999999999999,-3.4753258488195566,4.768180814692785,12.348447885583887,2000-01-01_2020-01-01,True,
RGI60-13.40124,geodetic_temp_bias,208.6,-3.4753258488195566,7.152271222039177,2.229962039864345,2000-01-01_2020-01-01,True,
RGI60-13.40125,geodetic_temp_bias,-13.6,-2.997209136840111,5.406073578794595,17.0,2000-01-01_2020-01-01,True,
RGI60-13.40126,geodetic_temp_bias,182.10000000000002,-3.4753258488195566,7.152271222039177,4.0956594783027285,2000-01-01_2020-01-01,True,
RGI60-13.40127,geodetic_temp_bias,-179.0,-3.3128487811837917,4.768180814692785,17.0,2000-01-01_2020-01-01,True,
RGI60-13.40128,geodetic_temp_bias,229.5,-3.4753258488195566,7.152271222039177,2.198055842485368,2000-01-01_2020-01-01,True,
RGI60-13.40129,geodetic_temp_bias,343.3,-3.4753258488195566,7.152271222039177,3.0796624764943266,2000-01-01_2020-01-01,True,
RGI60-13.40130,geodetic_temp_bias,240.9,-3.4753258488195566,7.152271222039177,2.5412012403389976,2000-01-01_2020-01-01,True,
RGI60-13.40131,geodetic_temp_bias,168.8,-4.464982683954682,5.406073578794595,17.0,2000-01-01_2020-01-01,True,
RGI60-13.40132,geodetic_temp_bias,292.9,-4.204070155549109,5.406073578794595,17.0,2000-01-01_2020-01-01,True,
RGI60-13.40133,geodetic_temp_bias,234.5,-4.542244956749325,5.406073578794595,17.0,2000-01-01_2020-01-01,True,
RGI60-13.40134,geodetic_temp_bias,191.1,-3.4753258488195566,7.152271222039177,1.7876022962923035,2000-01-01_2020-01-01,True,
RGI60-13.40135,geodetic_temp_bias,214.9,-3.4753258488195566,7.152271222039177,3.257704637371077,2000-01-01_2020-01-01,True,
RGI60-13.40136,geodetic_temp_bias,287.3,-3.4753258488195566,7.152271222039177,1.852091011872428,2000-01-01_2020-01-01,True,
RGI60-13.40137,geodetic_temp_bias,1.2,-3.4753258488195566,5.848585700061146,5.0,2000-01-01_2020-01-01,True,
RGI60-13.40138,geodetic_temp_bias,279.2,-3.4753258488195566,7.152271222039177,1.857321300186987,2000-01-01_2020-01-01,True,
RGI60-13.40139,geodetic_temp_bias,141.9,-3.4753258488195566,7.152271222039177,4.115478171740471,2000-01-01_2020-01-01,True,
RGI60-13.40140,geodetic_temp_bias,12.3,-3.4753258488195566,7.152271222039177,3.0956436194405015,2000-01-01_2020-01-01,True,
RGI60-13.40141,geodetic_temp_bias,215.60000000000002,-4.418455616011866,5.406073578794595,17.0,2000-01-01_2020-01-01,True,
RGI60-13.40142,geodetic_temp_bias,172.5,-3.4753258488195566,5.906954252199997,5.0,2000-01-01_2020-01-01,True,
RGI60-13.40143,geodetic_temp_bias,83.1,-4.013132286715069,5.406073578794595,17.0,2000-01-01_2020-01-01,True,
RGI60-13.40144,geodetic_temp_bias,-21.2,-3.4753258488195566,6.583533640754922,5.0,2000-01-01_2020-01-01,True,
RGI60-13.40145,geodetic_temp_bias,198.7,-4.4499276505342875,5.406073578794595,17.0,2000-01-01_2020-01-01,True,
RGI60-13.40146,geodetic_temp_bias,-50.0,-3.4753258488195566,4.768180814692785,11.578552148439053,2000-01-01_2020-01-01,True,
RGI60-13.40147,geodetic_temp_bias,-484.5,-3.910730241224358,5.406073578794595,17.0,2000-01-01_2020-01-01,True,
RGI60-13.40148,geodetic_temp_bias,131.39999999999998,-4.810289554466538,5.406073578794595,12.700988797557713,2000-01-01_2020-01-01,True,
RGI60-13.40149,geodetic_temp_bias,-57.7,-3.737741809436513,5.406073578794595,17.0,2000-01-01_2020-01-01,True,
RGI60-13.40150,geodetic_temp_bias,78.2,-3.4753258488195566,7.152271222039177,2.2802300399311743,2000-01-01_2020-01-01,True,
RGI60-13.40151,geodetic_temp_bias,-0.5,-4.268883537080084,5.406073578794595,17.0,2000-01-01_2020-01-01,True,
RGI60-13.40152,geodetic_temp_bias,-46.4,-3.4753258488195566,7.152271222039177,2.702702422700055,2000-01-01_2020-01-01,True,
RGI60-13.40153,geodetic_temp_bias,-204.65888913841167,-3.8822098744482654,5.406073578794595,17.0,2000-01-01_2020-01-01,True,
RGI60-13.40154,geodetic_temp_bias,5.1000000000000005,-3.4753258488195566,7.152271222039177,3.351152686836044,2000-01-01_2020-01-01,True,
RGI60-13.40155,geodetic_temp_bias,4.0,-3.4753258488195566,7.152271222039177,2.819473233247307,2000-01-01_2020-01-01,True,
RGI60-13.40156,geodetic_temp_bias,-64.69999999999999,-3.4753258488195566,7.152271222039177,4.313205315419223,2000-01-01_2020-01-01,True,
RGI60-13.40157,geodetic_temp_bias,130.5,-3.4753258488195566,7.152271222039177,3.000164106960434,2000-01-01_2020-01-01,True,
RGI60-13.40158,geodetic_temp_bias,-9.0,-3.4753258488195566,4.768180814692785,5.0078091974604,2000-01-01_2020-01-01,True,
RGI60-13.40159,geodetic_temp_bias,-90.7,-3.4753258488195566,7.152271222039177,3.605591312559255,2000-01-01_2020-01-01,True,
RGI60-13.40160,geodetic_temp_bias,281.4,-3.4753258488195566,7.152271222039177,2.0517121209643907,2000-01-01_2020-01-01,True,
RGI60-13.40161,geodetic_temp_bias,222.0,-3.4753258488195566,7.152271222039177,2.054886406379329,2000-01-01_2020-01-01,True,
RGI60-13.40162,geodetic_temp_bias,-204.65888913841167,-3.4753258488195566,4.768180814692785,5.909933135454395,2000-01-01_2020-01-01,True,
RGI60-13.40163,geodetic_temp_bias,167.8,-3.4753258488195566,7.152271222039177,2.335588089442902,2000-01-01_2020-01-01,True,
RGI60-13.40164,geodetic_temp_bias,85.2,-3.4753258488195566,7.152271222039177,2.68053121857589,2000-01-01_2020-01-01,True,
RGI60-13.40165,geodetic_temp_bias,171.0,-3.4753258488195566,7.152271222039177,2.6950597224865156,2000-01-01_2020-01-01,True,
RGI60-13.40166,geodetic_temp_bias,195.1,-3.0639078675414266,5.406073578794595,17.0,2000-01-01_2020-01-01,True,
RGI60-13.40167,geodetic_temp_bias,151.79999999999998,-4.810289554466538,5.406073578794595,14.231629855086444,2000-01-01_2020-01-01,True,
RGI60-13.40168,geodetic_temp_bias,-17.3,-3.4753258488195566,7.152271222039177,3.6960581231089633,2000-01-01_2020-01-01,True,
RGI60-13.40169,geodetic_temp_bias,191.0,-1.8739140982375857,5.118610636618041,17.0,2000-01-01_2020-01-01,True,
RGI60-13.40170,geodetic_temp_bias,72.8,-2.8361038690219673,5.118610636618041,17.0,2000-01-01_2020-01-01,True,
RGI60-13.40171,geodetic_temp_bias,148.79999999999998,-1.7130326371012674,5.118610636618041,17.0,2000-01-01_2020-01-01,True,
RGI60-13.40172,geodetic_temp_bias,198.0,-1.7951790384658872,5.118610636618041,17.0,2000-01-01_2020-01-01,True,
RGI60-13.40173,geodetic_temp_bias,0.1,-2.338785100421161,5.118610636618041,17.0,2000-01-01_2020-01-01,True,
RGI60-13.40174,geodetic_temp_bias,-201.1,-0.9766357497121163,5.118610636618041,17.0,2000-01-01_2020-01-01,True,
RGI60-13.40175,geodetic_temp_bias,-176.1,-2.6923478515117694,5.118610636618041,17.0,2000-01-01_2020-01-01,True,
RGI60-13.40176,geodetic_temp_bias,58.9,-1.860000371662169,5.118610636618041,17.0,2000-01-01_2020-01-01,True,
RGI60-13.40177,geodetic_temp_bias,65.8,-1.531665290725175,5.118610636618041,17.0,2000-01-01_2020-01-01,True,
RGI60-13.40178,geodetic_temp_bias,124.89999999999999,-3.923550340464508,5.118610636618041,13.627428681824657,2000-01-01_2020-01-01,True,
RGI60-13.40179,scalar,,,,,,True,
RGI60-13.40180,geodetic_temp_bias,493.59999999999997,-4.810289554466538,7.147516924097346,5.0,2000-01-01_2020-01-01,True,
RGI60-13.40181,geodetic_temp_bias,72.2,-4.768981685942101,5.406073578794595,17.0,2000-01-01_2020-01-01,True,
RGI60-13.40182,geodetic_temp_bias,-1.1,-4.810289554466538,5.406073578794595,11.754597512281926,2000-01-01_2020-01-01,True,
RGI60-13.40183,geodetic_temp_bias,196.39999999999998,-4.089740235131956,5.406073578794595,17.0,2000-01-01_2020-01-01,True,
RGI60-13.40184,geodetic_temp_bias,228.2,-2.844629787226246,5.406073578794595,17.0,2000-01-01_2020-01-01,True,
RGI60-13.40185,geodetic_temp_bias,93.60000000000001,-4.810289554466538,5.406073578794595,14.260251775933735,2000-01-01_2020-01-01,True,
RGI60-13.40186,geodetic_temp_bias,69.1,-2.49876826334999,5.406073578794595,17.0,2000-01-01_2020-01-01,True,
RGI60-13.40187,geodetic_temp_bias,-101.9,-4.810289554466538,5.406073578794595,9.886256103406007,2000-01-01_2020-01-01,True,
RGI60-13.40188,geodetic_temp_bias,165.39999999999998,-4.77653191267408,5.406073578794595,17.0,2000-01-01_2020-01-01,True,
RGI60-13.40189,geodetic_temp_bias,82.69999999999999,-4.810289554466538,5.406073578794595,5.963901511276321,2000-01-01_2020-01-01,True,
RGI60-13.40190,geodetic_temp_bias,340.9,-3.698624333665383,5.406073578794595,17.0,2000-01-01_2020-01-01,True,
RGI60-13.40192,geodetic_temp_bias,-13.4,-4.451397045235033,5.406073578794595,17.0,2000-01-01_2020-01-01,True,
RGI60-13.40193,geodetic_temp_bias,48.800000000000004,-3.290393299947899,5.406073578794595,17.0,2000-01-01_2020-01-01,True,
RGI60-13.40194,geodetic_temp_bias,247.20000000000002,-3.670886048061915,5.406073578794595,17.0,2000-01-01_2020-01-01,True,
RGI60-13.40195,geodetic_temp_bias,81.8,-3.4753258488195566,5.052698989246411,5.0,2000-01-01_2020-01-01,True,
RGI60-13.40196,geodetic_temp_bias,246.5,-3.2604791738248,5.406073578794595,17.0,2000-01-01_2020-01-01,True,
RGI60-13.40197,geodetic_temp_bias,118.7,-2.6882839538127574,5.406073578794595,17.0,2000-01-01_2020-01-01,True,
RGI60-13.40198,geodetic_temp_bias,225.39999999999998,-4.259108992827728,5.406073578794595,17.0,2000-01-01_2020-01-01,True,
RGI60-13.40199,geodetic_temp_bias,43.9,-4.143341066222259,5.406073578794595,17.0,2000-01-01_2020-01-01,True,
RGI60-13.40200,geodetic_temp_bias,-98.0,-4.810289554466538,5.406073578794595,13.439843500600483,2000-01-01_2020-01-01,True,
RGI60-13.40201,geodetic_temp_bias,144.2,-3.707006587707842,5.406073578794595,17.0,2000-01-01_2020-01-01,True,
RGI60-13.40202,geodetic_temp_bias,266.7,-4.675578462304061,5.406073578794595,17.0,2000-01-01_2020-01-01,True,
RGI60-13.40203,geodetic_temp_bias,190.70000000000002,-3.818873817322686,5.406073578794595,17.0,2000-01-01_2020-01-01,True,
RGI60-13.40204,geodetic_temp_bias,170.9,-2.9311444050710915,5.406073578794595,17.0,2000-01-01_2020-01-01,True,
RGI60-13.40205,geodetic_temp_bias,-203.9,-3.6319016963377586,5.406073578794595,17.0,2000-01-01_2020-01-01,True,
RGI60-13.40206,geodetic_temp_bias,-265.79999999999995,-1.5749773008537666,5.406073578794595,17.0,2000-01-01_2020-01-01,True,
RGI60-13.40207,geodetic_temp_bias,71.7,-2.691560466206803,5.406073578794595,17.0,2000-01-01_2020-01-01,True,
RGI60-13.40208,geodetic_temp_bias,181.4,-2.787129225357953,5.406073578794595,17.0,2000-01-01_2020-01-01,True,
RGI60-13.40209,geodetic_temp_bias,475.2,-4.810289554466538,6.577165318678993,5.0,2000-01-01_2020-01-01,True,
RGI60-13.40210,geodetic_temp_bias,123.2,-4.810289554466538,5.715439110468932,5.0,2000-01-01_2020-01-01,True,
RGI60-13.40211,geodetic_temp_bias,226.8,-4.732129339710488,5.406073578794595,17.0,2000-01-01_2020-01-01,True,
RGI60-13.40212,geodetic_temp_bias,196.39999999999998,-4.810289554466538,5.406073578794595,8.759369338063763,2000-01-01_2020-01-01,True,
RGI60-13.40213,geodetic_temp_bias,112.9,-4.810289554466538,5.550304960147817,5.0,2000-01-01_2020-01-01,True,
RGI60-13.40214,geodetic_temp_bias,197.8,-4.810289554466538,8.10911036819189,3.372825386799305,2000-01-01_2020-01-01,True,
RGI60-13.40215,geodetic_temp_bias,46.699999999999996,-4.810289554466538,5.406073578794595,11.956585458877218,2000-01-01_2020-01-01,True,
RGI60-13.40216,geodetic_temp_bias,2.7,-4.810289554466538,5.406073578794595,6.3829378539779835,2000-01-01_2020-01-01,True,
RGI60-13.40217,geodetic_temp_bias,-175.9,-4.810289554466538,5.406073578794595,12.769586783848238,2000-01-01_2020-01-01,True,
RGI60-13.40218,geodetic_temp_bias,149.10000000000002,-4.621083072093382,5.406073578794595,17.0,2000-01-01_2020-01-01,True,
RGI60-13.40219,geodetic_temp_bias,-362.70000000000005,-4.490964733653052,5.406073578794595,17.0,2000-01-01_2020-01-01,True,
RGI60-13.40220,geodetic_temp_bias,358.9,-4.810289554466538,5.786658277609711,5.0,2000-01-01_2020-01-01,True,
RGI60-13.40221,geodetic_temp_bias,173.0,-4.810289554466538,5.406073578794595,9.87571485534333,2000-01-01_2020-01-01,True,
RGI60-13.40222,geodetic_temp_bias,190.5,-4.810289554466538,5.406073578794595,6.888929613819867,2000-01-01_2020-01-01,True,
RGI60-13.40223,geodetic_temp_bias,89.80000000000001,-3.620163206755606,5.406073578794595,17.0,2000-01-01_2020-01-01,True,
RGI60-13.40224,geodetic_temp_bias,162.6,-4.810289554466538,8.10911036819189,4.664915709183326,2000-01-01_2020-01-01,True,
RGI60-13.40225,geodetic_temp_bias,201.1,-4.810289554466538,8.10911036819189,3.0650913498306958,2000-01-01_2020-01-01,True,
RGI60-13.40226,geodetic_temp_bias,131.70000000000002,-4.810289554466538,8.10911036819189,2.4807771587531926,2000-01-01_2020-01-01,True,
RGI60-13.40227,geodetic_temp_bias,185.29999999999998,-4.810289554466538,5.406073578794595,6.366656751364432,2000-01-01_2020-01-01,True,
RGI60-13.40228,geodetic_temp_bias,72.9,-4.810289554466538,8.10911036819189,3.5296022060831898,2000-01-01_2020-01-01,True,
RGI60-13.40229,geodetic_temp_bias,158.9,-4.810289554466538,5.406073578794595,5.645050868052658,2000-01-01_2020-01-01,True,
RGI60-13.40230,geodetic_temp_bias,86.1,-4.810289554466538,8.10911036819189,4.112342536466238,2000-01-01_2020-01-01,True,
RGI60-13.40231,geodetic_temp_bias,170.0,-4.810289554466538,6.1182311044160285,5.0,2000-01-01_2020-01-01,True,
RGI60-13.40232,geodetic_temp_bias,336.9,-4.810289554466538,8.10911036819189,1.5154472104634924,2000-01-01_2020-01-01,True,
RGI60-13.40233,geodetic_temp_bias,201.2,-4.400169053607917,5.406073578794595,17.0,2000-01-01_2020-01-01,True,
RGI60-13.40234,geodetic_temp_bias,117.5,-4.810289554466538,7.468832207811559,5.0,2000-01-01_2020-01-01,True,
RGI60-13.40235,geodetic_temp_bias,-73.89999999999999,-4.18579998257609,5.406073578794595,17.0,2000-01-01_2020-01-01,True,
RGI60-13.40236,geodetic_temp_bias,264.0,-4.810289554466538,8.10911036819189,4.771152923426373,2000-01-01_2020-01-01,True,
RGI60-13.40237,geodetic_temp_bias,91.89999999999999,-4.810289554466538,5.406073578794595,11.538703726511864,2000-01-01_2020-01-01,True,
RGI60-13.40238,geodetic_temp_bias,195.8,-4.810289554466538,5.406073578794595,6.338498517166251,2000-01-01_2020-01-01,True,
RGI60-13.40239,geodetic_temp_bias,379.2,-3.9750635852186718,5.406073578794595,17.0,2000-01-01_2020-01-01,True,
RGI60-13.40240,geodetic_temp_bias,271.6,-4.810289554466538,6.838084339296925,5.0,2000-01-01_2020-01-01,True,
RGI60-13.40241,geodetic_temp_bias,292.4,-4.810289554466538,8.10911036819189,3.1791853381839905,2000-01-01_2020-01-01,True,
RGI60-13.40242,geodetic_temp_bias,185.79999999999998,-4.810289554466538,5.406073578794595,5.1724426426934444,2000-01-01_2020-01-01,True,
RGI60-13.40243,geodetic_temp_bias,212.9,-4.810289554466538,5.406073578794595,5.509508524119111,2000-01-01_2020-01-01,True,
RGI60-13.40244,geodetic_temp_bias,69.5,-4.810289554466538,5.406073578794595,7.554138881415624,2000-01-01_2020-01-01,True,
RGI60-13.40245,geodetic_temp_bias,197.7,-4.810289554466538,6.208631252730698,5.0,2000-01-01_2020-01-01,True,
RGI60-13.40246,geodetic_temp_bias,-40.0,-4.810289554466538,5.406073578794595,10.582490942266697,2000-01-01_2020-01-01,True,
RGI60-13.40247,geodetic_temp_bias,193.5,-4.735728645163989,5.406073578794595,17.0,2000-01-01_2020-01-01,True,
RGI60-13.40248,geodetic_temp_bias,60.8,-3.6129254515838825,5.406073578794595,17.0,2000-01-01_2020-01-01,True,
RGI60-13.40249,geodetic_temp_bias,244.9,-4.810289554466538,5.406073578794595,8.064520262200519,2000-01-01_2020-01-01,True,
RGI60-13.40250,geodetic_temp_bias,198.3,-1.5876341295059213,5.406073578794595,17.0,2000-01-01_2020-01-01,True,
RGI60-13.40251,geodetic_temp_bias,156.79999999999998,-4.810289554466538,5.406073578794595,9.036709341464263,2000-01-01_2020-01-01,True,
RGI60-13.40252,geodetic_temp_bias,298.9,-4.810289554466538,8.10911036819189,4.625635151660953,2000-01-01_2020-01-01,True,
RGI60-13.40253,geodetic_temp_bias,75.30000000000001,-4.692972151348528,5.406073578794595,17.0,2000-01-01_2020-01-01,True,
RGI60-13.40254,geodetic_temp_bias,252.7,-4.3501980637862605,5.406073578794595,17.0,2000-01-01_2020-01-01,True,
RGI60-13.40255,geodetic_temp_bias,302.8,-4.528188682611517,5.406073578794595,17.0,2000-01-01_2020-01-01,True,
RGI60-13.40256,geodetic_temp_bias,342.7,-4.810289554466538,5.406073578794595,11.877358603717385,2000-01-01_2020-01-01,True,
RGI60-13.40257,geodetic_temp_bias,270.0,-4.810289554466538,7.906581037410769,5.0,2000-01-01_2020-01-01,True,
RGI60-13.40258,geodetic_temp_bias,161.0,-4.549922489912281,5.406073578794595,17.0,2000-01-01_2020-01-01,True,
RGI60-13.40259,geodetic_temp_bias,143.0,-4.810289554466538,8.10911036819189,4.596483175844773,2000-01-01_2020-01-01,True,
RGI60-13.40260,geodetic_temp_bias,239.2,-4.810289554466538,5.406073578794595,5.644329963068278,2000-01-01_2020-01-01,True,
RGI60-13.40261,geodetic_temp_bias,407.5,-4.810289554466538,7.861499670379955,5.0,2000-01-01_2020-01-01,True,
RGI60-13.40262,geodetic_temp_bias,169.1,-4.810289554466538,5.406073578794595,8.680044040443615,2000-01-01_2020-01-01,True,
RGI60-13.40263,scalar,,,,,,True,
RGI60-13.40264,geodetic_temp_bias,177.5,-4.810289554466538,5.406073578794595,5.929227334081657,2000-01-01_2020-01-01,True,
RGI60-13.40265,geodetic_temp_bias,196.1,-4.810289554466538,5.406073578794595,11.060520341435044,2000-01-01_2020-01-01,True,
RGI60-13.40266,geodetic_temp_bias,312.90000000000003,-4.810289554466538,5.406073578794595,5.550125410141584,2000-01-01_2020-01-01,True,
RGI60-13.40267,geodetic_temp_bias,60.0,-4.577123691773103,5.406073578794595,17.0,2000-01-01_2020-01-01,True,
RGI60-13.40268,geodetic_temp_bias,272.1,-4.810289554466538,6.861290931901822,5.0,2000-01-01_2020-01-01,True,
RGI60-13.40269,geodetic_temp_bias,222.1,-4.810289554466538,5.5321663871345566,5.0,2000-01-01_2020-01-01,True,
RGI60-13.40270,geodetic_temp_bias,315.0,-4.810289554466538,8.10911036819189,2.5468693478781077,2000-01-01_2020-01-01,True,
RGI60-13.40271,geodetic_temp_bias,330.1,-4.810289554466538,5.993751642123462,5.0,2000-01-01_2020-01-01,True,
RGI60-13.40272,geodetic_temp_bias,216.6,-4.810289554466538,6.585388842862729,5.0,2000-01-01_2020-01-01,True,
RGI60-13.40273,geodetic_temp_bias,141.0,-3.9572878996188052,5.406073578794595,17.0,2000-01-01_2020-01-01,True,
RGI60-13.40274,geodetic_temp_bias,-204.65888913841167,-4.810289554466538,5.406073578794595,7.533129768094664,2000-01-01_2020-01-01,True,
RGI60-13.40275,geodetic_temp_bias,61.800000000000004,-4.504755896261757,5.406073578794595,17.0,2000-01-01_2020-01-01,True,
RGI60-13.40276,geodetic_temp_bias,-14.0,-4.810289554466538,8.10911036819189,4.064335576517646,2000-01-01_2020-01-01,True,
RGI60-13.40277,geodetic_temp_bias,200.7,-4.810289554466538,5.406073578794595,11.818335481086155,2000-01-01_2020-01-01,True,
RGI60-13.40278,geodetic_temp_bias,251.0,-4.810289554466538,5.406073578794595,5.545011248438559,2000-01-01_2020-01-01,True,
RGI60-13.40279,geodetic_temp_bias,490.70000000000005,-4.810289554466538,8.10911036819189,2.7332275178481216,2000-01-01_2020-01-01,True,
RGI60-13.40280,geodetic_temp_bias,146.3,-4.810289554466538,5.406073578794595,8.282824207574693,2000-01-01_2020-01-01,True,
RGI60-13.40281,geodetic_temp_bias,137.3,-4.810289554466538,5.525952507750096,5.0,2000-01-01_2020-01-01,True,
RGI60-13.40282,geodetic_temp_bias,234.8,-4.810289554466538,5.406073578794595,9.466881076660759,2000-01-01_2020-01-01,True,
RGI60-13.40283,geodetic_temp_bias,268.5,-4.810289554466538,6.104438497203122,5.0,2000-01-01_2020-01-01,True,
RGI60-13.40284,geodetic_temp_bias,159.8,-4.810289554466538,7.907391378669459,5.0,2000-01-01_2020-01-01,True,
RGI60-13.40285,geodetic_temp_bias,299.59999999999997,-4.810289554466538,5.656000045582392,5.0,2000-01-01_2020-01-01,True,
RGI60-13.40286,geodetic_temp_bias,266.2,-4.810289554466538,5.74420792133375,5.0,2000-01-01_2020-01-01,True,
RGI60-13.40287,geodetic_temp_bias,392.6,-4.810289554466538,6.416523248233784,5.0,2000-01-01_2020-01-01,True,
RGI60-13.40288,geodetic_temp_bias,153.79999999999998,-4.810289554466538,5.406073578794595,11.088819497242678,2000-01-01_2020-01-01,True,
RGI60-13.40289,geodetic_temp_bias,283.5,-4.810289554466538,8.10911036819189,4.0346926987249425,2000-01-01_2020-01-01,True,
RGI60-13.40290,geodetic_temp_bias,218.79999999999998,-4.810289554466538,6.038072678573091,5.0,2000-01-01_2020-01-01,True,
RGI60-13.40291,geodetic_temp_bias,138.9,-4.810289554466538,5.406073578794595,7.362692929106222,2000-01-01_2020-01-01,True,
RGI60-13.40292,geodetic_temp_bias,420.8,-4.810289554466538,7.704928749637923,5.0,2000-01-01_2020-01-01,True,
RGI60-13.40293,geodetic_temp_bias,40.5,-2.8694633440820696,5.406073578794595,17.0,2000-01-01_2020-01-01,True,
RGI60-13.40294,geodetic_temp_bias,291.7,-4.810289554466538,8.10911036819189,2.5689441158329576,2000-01-01_2020-01-01,True,
RGI60-13.40295,geodetic_temp_bias,437.7,-4.810289554466538,7.576592135475007,5.0,2000-01-01_2020-01-01,True,
RGI60-13.40296,geodetic_temp_bias,377.2,-4.810289554466538,7.789877796074862,5.0,2000-01-01_2020-01-01,True,
RGI60-13.40297,geodetic_temp_bias,354.7,-4.810289554466538,8.10911036819189,1.766827511152799,2000-01-01_2020-01-01,True,
RGI60-13.40298,geodetic_temp_bias,87.1,-3.248900096636835,5.406073578794595,17.0,2000-01-01_2020-01-01,True,
RGI60-13.40299,geodetic_temp_bias,423.4,-4.810289554466538,5.860210008267437,5.0,2000-01-01_2020-01-01,True,
RGI60-13.40300,geodetic_temp_bias,175.1,-4.810289554466538,5.406073578794595,5.416294540055768,2000-01-01_2020-01-01,True,
RGI60-13.40301,geodetic_temp_bias,50.5,-4.810289554466538,5.406073578794595,12.863262996664401,2000-01-01_2020-01-01,True,
RGI60-13.40302,geodetic_temp_bias,64.9,-3.97983224040602,5.406073578794595,17.0,2000-01-01_2020-01-01,True,
RGI60-13.40303,geodetic_temp_bias,103.0,-4.810289554466538,7.604870411756462,5.0,2000-01-01_2020-01-01,True,
RGI60-13.40304,geodetic_temp_bias,172.8,-4.810289554466538,5.406073578794595,12.212982022901901,2000-01-01_2020-01-01,True,
RGI60-13.40305,geodetic_temp_bias,166.3,-4.810289554466538,5.591557457997242,5.0,2000-01-01_2020-01-01,True,
RGI60-13.40306,geodetic_temp_bias,131.20000000000002,-4.810289554466538,5.406073578794595,7.153365001317638,2000-01-01_2020-01-01,True,
RGI60-13.40307,geodetic_temp_bias,196.70000000000002,-4.7543120965797,5.406073578794595,17.0,2000-01-01_2020-01-01,True,
RGI60-13.40308,geodetic_temp_bias,366.9,-4.810289554466538,8.10911036819189,2.3303677743180895,2000-01-01_2020-01-01,True,
RGI60-13.40309,geodetic_temp_bias,65.19999999999999,-3.999678655155485,5.406073578794595,17.0,2000-01-01_2020-01-01,True,
RGI60-13.40310,geodetic_temp_bias,-204.65888913841167,-3.20592382815335,5.406073578794595,17.0,2000-01-01_2020-01-01,True,
RGI60-13.40311,geodetic_temp_bias,245.2,-4.810289554466538,8.10911036819189,3.0279788502863703,2000-01-01_2020-01-01,True,
RGI60-13.40312,geodetic_temp_bias,317.40000000000003,-4.810289554466538,6.581428088352376,5.0,2000-01-01_2020-01-01,True,
RGI60-13.40313,geodetic_temp_bias,231.7,-4.810289554466538,5.406073578794595,10.913597883997731,2000-01-01_2020-01-01,True,
RGI60-13.40314,geodetic_temp_bias,201.8,-4.810289554466538,8.10911036819189,4.7031389556318155,2000-01-01_2020-01-01,True,
RGI60-13.40315,geodetic_temp_bias,46.199999999999996,-4.810289554466538,6.090288868437022,5.0,2000-01-01_2020-01-01,True,
RGI60-13.40316,geodetic_temp_bias,165.5,-4.810289554466538,6.919540769049399,5.0,2000-01-01_2020-01-01,True,
RGI60-13.40317,geodetic_temp_bias,328.79999999999995,-4.810289554466538,8.10911036819189,1.6631239134214528,2000-01-01_2020-01-01,True,
RGI60-13.40318,geodetic_temp_bias,89.30000000000001,-4.810289554466538,6.890152905773192,5.0,2000-01-01_2020-01-01,True,
RGI60-13.40319,geodetic_temp_bias,194.8,-4.810289554466538,8.10911036819189,4.0053230405775295,2000-01-01_2020-01-01,True,
RGI60-13.40320,geodetic_temp_bias,132.89999999999998,-4.810289554466538,5.406073578794595,8.917783719305135,2000-01-01_2020-01-01,True,
RGI60-13.40321,geodetic_temp_bias,-217.6,-4.810289554466538,5.563528663423584,5.0,2000-01-01_2020-01-01,True,
RGI60-13.40322,geodetic_temp_bias,187.29999999999998,-4.810289554466538,8.10911036819189,2.8825271581563463,2000-01-01_2020-01-01,True,
RGI60-13.40323,geodetic_temp_bias,174.5,-4.810289554466538,6.919680669808647,5.0,2000-01-01_2020-01-01,True,
RGI60-13.40324,geodetic_temp_bias,239.8,-4.810289554466538,8.10911036819189,4.845271517228556,2000-01-01_2020-01-01,True,
RGI60-13.40325,geodetic_temp_bias,234.9,-4.810289554466538,8.10911036819189,2.9720987424271166,2000-01-01_2020-01-01,True,
RGI60-13.40326,geodetic_temp_bias,140.4,-4.810289554466538,6.712665422178351,5.0,2000-01-01_2020-01-01,True,
RGI60-13.40327,geodetic_temp_bias,12.9,-4.810289554466538,8.10911036819189,4.53689849518806,2000-01-01_2020-01-01,True,
RGI60-13.40328,geodetic_temp_bias,-170.8,-4.810289554466538,5.406073578794595,5.503608013067046,2000-01-01_2020-01-01,True,
RGI60-13.40329,geodetic_temp_bias,123.0,-4.810289554466538,8.10911036819189,4.416158838311393,2000-01-01_2020-01-01,True,
RGI60-13.40330,geodetic_temp_bias,180.60000000000002,-4.810289554466538,6.925938106036295,5.0,2000-01-01_2020-01-01,True,
RGI60-13.40331,geodetic_temp_bias,12.5,-4.810289554466538,6.678402772663449,5.0,2000-01-01_2020-01-01,True,
RGI60-13.40332,geodetic_temp_bias,273.8,-4.810289554466538,8.10911036819189,3.2334795888518513,2000-01-01_2020-01-01,True,
RGI60-13.40333,geodetic_temp_bias,178.79999999999998,-4.810289554466538,8.10911036819189,4.010142067280263,2000-01-01_2020-01-01,True,
RGI60-13.40334,geodetic_temp_bias,18.2,-4.810289554466538,8.046242190174915,5.0,2000-01-01_2020-01-01,True,
RGI60-13.40335,geodetic_temp_bias,-44.699999999999996,-4.810289554466538,5.406073578794595,5.220494945296837,2000-01-01_2020-01-01,True,
RGI60-13.40336,geodetic_temp_bias,78.60000000000001,-4.810289554466538,7.371212613193498,5.0,2000-01-01_2020-01-01,True,
RGI60-13.40337,geodetic_temp_bias,247.0,-4.810289554466538,7.4890278294878,5.0,2000-01-01_2020-01-01,True,
RGI60-13.40338,geodetic_temp_bias,234.2,-4.810289554466538,8.10911036819189,4.19114624566275,2000-01-01_2020-01-01,True,
RGI60-13.40339,geodetic_temp_bias,396.7,-4.810289554466538,5.587237857841541,5.0,2000-01-01_2020-01-01,True,
RGI60-13.40340,geodetic_temp_bias,141.8,-2.8497997864869835,5.406073578794595,17.0,2000-01-01_2020-01-01,True,
RGI60-13.40341,geodetic_temp_bias,372.2,-4.810289554466538,8.10911036819189,4.63455835334535,2000-01-01_2020-01-01,True,
RGI60-13.40342,geodetic_temp_bias,298.59999999999997,-4.810289554466538,7.377182979295233,5.0,2000-01-01_2020-01-01,True,
RGI60-13.40343,geodetic_temp_bias,-152.10000000000002,-4.043170128322114,5.406073578794595,17.0,2000-01-01_2020-01-01,True,
RGI60-13.40344,geodetic_temp_bias,461.0,-4.810289554466538,8.10911036819189,2.2035302564789436,2000-01-01_2020-01-01,True,
RGI60-13.40345,geodetic_temp_bias,294.3,-4.810289554466538,8.10911036819189,3.1301551469565427,2000-01-01_2020-01-01,True,
RGI60-13.40346,geodetic_temp_bias,326.1,-4.810289554466538,8.10911036819189,3.018910988270227,2000-01-01_2020-01-01,True,
RGI60-13.40347,geodetic_temp_bias,302.0,-4.810289554466538,8.10911036819189,4.87129475794603,2000-01-01_2020-01-01,True,
RGI60-13.40348,geodetic_temp_bias,516.3,-4.984498343530792,8.10911036819189,1.5,2000-01-01_2020-01-01,True,
RGI60-13.40349,geodetic_temp_bias,164.5,-4.668667876144881,5.406073578794595,17.0,2000-01-01_2020-01-01,True,
RGI60-13.40350,geodetic_temp_bias,303.0,-4.810289554466538,7.515692583496885,5.0,2000-01-01_2020-01-01,True,
RGI60-13.40351,geodetic_temp_bias,308.40000000000003,-4.931700567548946,8.10911036819189,1.5,2000-01-01_2020-01-01,True,
RGI60-13.40352,geodetic_temp_bias,312.2,-4.810289554466538,8.10911036819189,3.133482089775209,2000-01-01_2020-01-01,True,
RGI60-13.40353,geodetic_temp_bias,247.1,-4.810289554466538,8.10911036819189,3.17439635339829,2000-01-01_2020-01-01,True,
RGI60-13.40354,geodetic_temp_bias,189.79999999999998,-4.810289554466538,5.406073578794595,9.500927458044673,2000-01-01_2020-01-01,True,
RGI60-13.40355,geodetic_temp_bias,-66.5,-4.810289554466538,5.406073578794595,10.316289706827213,2000-01-01_2020-01-01,True,
RGI60-13.40356,geodetic_temp_bias,267.5,-4.810289554466538,6.42163391070331,5.0,2000-01-01_2020-01-01,True,
RGI60-13.40357,geodetic_temp_bias,295.3,-4.810289554466538,8.10911036819189,2.1114188895750745,2000-01-01_2020-01-01,True,
RGI60-13.40358,geodetic_temp_bias,457.2,-5.346661690731943,8.10911036819189,1.5,2000-01-01_2020-01-01,True,
RGI60-13.40359,geodetic_temp_bias,241.5,-4.810289554466538,8.10911036819189,3.8238092338751466,2000-01-01_2020-01-01,True,
RGI60-13.40360,scalar,,,,,,True,
RGI60-13.40361,geodetic_temp_bias,121.1,-4.810289554466538,8.10911036819189,3.3746533666087477,2000-01-01_2020-01-01,True,
RGI60-13.40362,geodetic_temp_bias,323.6,-4.810289554466538,8.10911036819189,2.283910992337713,2000-01-01_2020-01-01,True,
RGI60-13.40363,geodetic_temp_bias,94.3,-4.810289554466538,8.10911036819189,2.7103983459135628,2000-01-01_2020-01-01,True,
RGI60-13.40364,geodetic_temp_bias,382.40000000000003,-4.810289554466538,8.10911036819189,1.6555602125123172,2000-01-01_2020-01-01,True,
RGI60-13.40365,geodetic_temp_bias,104.80000000000001,-4.810289554466538,8.10911036819189,3.0485751697569725,2000-01-01_2020-01-01,True,
RGI60-13.40366,geodetic_temp_bias,89.0,-4.810289554466538,8.10911036819189,3.1709727891604125,2000-01-01_2020-01-01,True,
RGI60-13.40367,geodetic_temp_bias,392.1,-4.818885482782851,8.10911036819189,1.5,2000-01-01_2020-01-01,True,
RGI60-13.40368,geodetic_temp_bias,267.79999999999995,-4.810289554466538,8.10911036819189,1.9927147129906733,2000-01-01_2020-01-01,True,
RGI60-13.40369,geodetic_temp_bias,46.1,-9.904838166624454,5.541287262138383,12.187984433705077,2000-01-01_2020-01-01,True,
RGI60-13.40370,geodetic_temp_bias,187.1,-9.904838166624454,5.541287262138383,7.036916606202733,2000-01-01_2020-01-01,True,
RGI60-13.40371,geodetic_temp_bias,392.1,-9.904838166624454,7.607010702386409,5.0,2000-01-01_2020-01-01,True,
RGI60-13.40372,geodetic_temp_bias,164.0,-9.904838166624454,5.541287262138383,5.414535614972166,2000-01-01_2020-01-01,True,
RGI60-13.40373,geodetic_temp_bias,98.19999999999999,-9.706110528880924,5.541287262138383,17.0,2000-01-01_2020-01-01,True,
RGI60-13.40374,geodetic_temp_bias,377.2,-9.904838166624454,6.192116151585345,5.0,2000-01-01_2020-01-01,True,
RGI60-13.40375,geodetic_temp_bias,178.29999999999998,-9.425837566761485,5.541287262138383,17.0,2000-01-01_2020-01-01,True,
RGI60-13.40376,geodetic_temp_bias,116.1,-9.644948710712988,5.541287262138383,17.0,2000-01-01_2020-01-01,True,
RGI60-13.40377,geodetic_temp_bias,476.2,-9.904838166624454,7.277238656507654,5.0,2000-01-01_2020-01-01,True,
RGI60-13.40378,geodetic_temp_bias,211.0,-8.668994557693736,5.541287262138383,17.0,2000-01-01_2020-01-01,True,
RGI60-13.40379,geodetic_temp_bias,180.9,-9.904838166624454,5.541287262138383,14.167757815530154,2000-01-01_2020-01-01,True,
RGI60-13.40380,geodetic_temp_bias,247.20000000000002,-9.904838166624454,7.753882148715991,5.0,2000-01-01_2020-01-01,True,
RGI60-13.40381,geodetic_temp_bias,75.2,-9.904838166624454,5.541287262138383,6.6048783537521105,2000-01-01_2020-01-01,True,
RGI60-13.40382,geodetic_temp_bias,242.7,-9.904838166624454,5.541287262138383,7.359591816711952,2000-01-01_2020-01-01,True,
RGI60-13.40383,geodetic_temp_bias,260.90000000000003,-7.845230056001393,5.541287262138383,17.0,2000-01-01_2020-01-01,True,
RGI60-13.40384,geodetic_temp_bias,281.3,-9.425107728610703,5.541287262138383,17.0,2000-01-01_2020-01-01,True,
RGI60-13.40385,geodetic_temp_bias,116.4,-8.792254199028797,5.541287262138383,17.0,2000-01-01_2020-01-01,True,
RGI60-13.40386,geodetic_temp_bias,305.4,-9.046758094289919,5.541287262138383,17.0,2000-01-01_2020-01-01,True,
RGI60-13.40387,geodetic_temp_bias,212.10000000000002,-9.160526685429142,5.541287262138383,17.0,2000-01-01_2020-01-01,True,
RGI60-13.40388,geodetic_temp_bias,135.5,-9.537297610500453,5.541287262138383,17.0,2000-01-01_2020-01-01,True,
RGI60-13.40389,geodetic_temp_bias,232.3,-9.904838166624454,5.541287262138383,9.803067772912089,2000-01-01_2020-01-01,True,
RGI60-13.40390,geodetic_temp_bias,223.5,-9.904838166624454,5.541287262138383,6.472463143579077,2000-01-01_2020-01-01,True,
RGI60-13.40391,geodetic_temp_bias,398.6,-9.904838166624454,6.024303064918969,5.0,2000-01-01_2020-01-01,True,
RGI60-13.40392,geodetic_temp_bias,-47.0,-9.496012858201944,5.541287262138383,17.0,2000-01-01_2020-01-01,True,
RGI60-13.40393,geodetic_temp_bias,264.7,-9.904838166624454,5.541287262138383,9.150748920215628,2000-01-01_2020-01-01,True,
RGI60-13.40394,geodetic_temp_bias,384.7,-9.904838166624454,5.813552616220271,5.0,2000-01-01_2020-01-01,True,
RGI60-13.40395,geodetic_temp_bias,501.4,-9.904838166624454,8.001433310564966,5.0,2000-01-01_2020-01-01,True,
RGI60-13.40396,geodetic_temp_bias,263.0,-9.599939055019814,5.541287262138383,17.0,2000-01-01_2020-01-01,True,
RGI60-13.40397,geodetic_temp_bias,546.4,-9.904838166624454,8.257148815967652,5.0,2000-01-01_2020-01-01,True,
RGI60-13.40398,geodetic_temp_bias,135.6,-8.227505788801745,5.541287262138383,17.0,2000-01-01_2020-01-01,True,
RGI60-13.40399,geodetic_temp_bias,389.79999999999995,-9.904838166624454,5.890797115740346,5.0,2000-01-01_2020-01-01,True,
RGI60-13.40400,geodetic_temp_bias,510.0,-9.904838166624454,7.98756271382764,5.0,2000-01-01_2020-01-01,True,
RGI60-13.40401,geodetic_temp_bias,396.7,-9.904838166624454,5.994895562398185,5.0,2000-01-01_2020-01-01,True,
RGI60-13.40402,geodetic_temp_bias,72.4,-9.066897993631,5.541287262138383,17.0,2000-01-01_2020-01-01,True,
RGI60-13.40403,geodetic_temp_bias,105.1,-8.98542639549272,5.541287262138383,17.0,2000-01-01_2020-01-01,True,
RGI60-13.40404,geodetic_temp_bias,344.0,-9.904838166624454,7.070070927814599,5.0,2000-01-01_2020-01-01,True,
RGI60-13.40405,geodetic_temp_bias,541.0,-10.500120746493486,8.311930893207574,1.5,2000-01-01_2020-01-01,True,
RGI60-13.40406,geodetic_temp_bias,0.3,-8.967977708418738,5.541287262138383,17.0,2000-01-01_2020-01-01,True,
RGI60-13.40407,geodetic_temp_bias,530.0,-10.606048016002624,8.311930893207574,1.5,2000-01-01_2020-01-01,True,
RGI60-13.40408,geodetic_temp_bias,356.1,-9.904838166624454,6.386989373380033,5.0,2000-01-01_2020-01-01,True,
RGI60-13.40409,geodetic_temp_bias,-6.4,-9.904838166624454,5.541287262138383,8.239664948963078,2000-01-01_2020-01-01,True,
RGI60-13.40410,geodetic_temp_bias,331.2,-9.904838166624454,7.759856179502308,5.0,2000-01-01_2020-01-01,True,
RGI60-13.40411,geodetic_temp_bias,442.8,-10.251084970401513,8.311930893207574,1.5,2000-01-01_2020-01-01,True,
RGI60-13.40412,geodetic_temp_bias,200.1,-9.904838166624454,5.541287262138383,5.404871005037689,2000-01-01_2020-01-01,True,
RGI60-13.40413,geodetic_temp_bias,102.4,-9.904838166624454,5.541287262138383,7.253485519681288,2000-01-01_2020-01-01,True,
RGI60-13.40414,geodetic_temp_bias,182.4,-8.269518543930548,5.541287262138383,17.0,2000-01-01_2020-01-01,True,
RGI60-13.40415,geodetic_temp_bias,-69.9,-6.229329720647028,5.541287262138383,17.0,2000-01-01_2020-01-01,True,
RGI60-13.40416,geodetic_temp_bias,532.2,-9.904838166624454,8.042559662990456,5.0,2000-01-01_2020-01-01,True,
RGI60-13.40417,geodetic_temp_bias,263.2,-9.904838166624454,6.121737070364585,5.0,2000-01-01_2020-01-01,True,
RGI60-13.40418,geodetic_temp_bias,234.8,-9.904838166624454,5.541287262138383,7.979316398444848,2000-01-01_2020-01-01,True,
RGI60-13.40419,geodetic_temp_bias,-46.699999999999996,-6.004229147544374,5.541287262138383,17.0,2000-01-01_2020-01-01,True,
RGI60-13.40420,geodetic_temp_bias,173.2,-8.14700221271611,5.541287262138383,17.0,2000-01-01_2020-01-01,True,
RGI60-13.40421,geodetic_temp_bias,312.3,-9.904838166624454,5.541287262138383,5.156200159774247,2000-01-01_2020-01-01,True,
RGI60-13.40422,geodetic_temp_bias,440.3,-9.904838166624454,6.663316424292345,5.0,2000-01-01_2020-01-01,True,
RGI60-13.40423,geodetic_temp_bias,-95.0,-8.505303895867344,5.541287262138383,17.0,2000-01-01_2020-01-01,True,
RGI60-13.40424,geodetic_temp_bias,132.89999999999998,-7.214613562826644,5.541287262138383,17.0,2000-01-01_2020-01-01,True,
RGI60-13.40425,geodetic_temp_bias,166.6,-8.82172844042959,5.541287262138383,17.0,2000-01-01_2020-01-01,True,
RGI60-13.40426,geodetic_temp_bias,166.3,-8.499759442689529,5.541287262138383,17.0,2000-01-01_2020-01-01,True,
RGI60-13.40427,geodetic_temp_bias,277.4,-9.904838166624454,6.294442255582277,5.0,2000-01-01_2020-01-01,True,
RGI60-13.40428,geodetic_temp_bias,314.40000000000003,-9.904838166624454,5.541287262138383,5.831543812355874,2000-01-01_2020-01-01,True,
RGI60-13.40429,geodetic_temp_bias,148.29999999999998,-9.904838166624454,5.541287262138383,5.987586707589098,2000-01-01_2020-01-01,True,
RGI60-13.40430,geodetic_temp_bias,210.79999999999998,-8.044455945984433,5.541287262138383,17.0,2000-01-01_2020-01-01,True,
RGI60-13.40431,geodetic_temp_bias,395.8,-9.904838166624454,6.1149781797710725,5.0,2000-01-01_2020-01-01,True,
RGI60-13.40432,geodetic_temp_bias,167.0,-8.727500077595607,5.541287262138383,17.0,2000-01-01_2020-01-01,True,
RGI60-13.40433,geodetic_temp_bias,233.8,-9.904838166624454,5.541287262138383,16.92887447272541,2000-01-01_2020-01-01,True,
RGI60-13.40434,geodetic_temp_bias,-63.9,-7.885182475450632,5.541287262138383,17.0,2000-01-01_2020-01-01,True,
RGI60-13.40435,geodetic_temp_bias,238.7,-9.101671492200316,5.541287262138383,17.0,2000-01-01_2020-01-01,True,
RGI60-13.40436,geodetic_temp_bias,398.9,-9.904838166624454,8.311930893207574,2.330837012459208,2000-01-01_2020-01-01,True,
RGI60-13.40437,geodetic_temp_bias,218.0,-9.904838166624454,8.311930893207574,3.767728939608391,2000-01-01_2020-01-01,True,
RGI60-13.40438,geodetic_temp_bias,415.8,-10.370357381703682,8.311930893207574,1.5,2000-01-01_2020-01-01,True,
RGI60-13.40439,scalar,,,,,,True,
RGI60-13.40440,geodetic_temp_bias,549.6999999999999,-12.563519408873319,8.311930893207574,1.5,2000-01-01_2020-01-01,True,
RGI60-13.40441,geodetic_temp_bias,539.3,-9.904838166624454,8.311930893207574,1.9746714937166345,2000-01-01_2020-01-01,True,
RGI60-13.40442,geodetic_temp_bias,304.9,-9.904838166624454,6.121894468759566,5.0,2000-01-01_2020-01-01,True,
RGI60-13.40443,scalar,,,,,,True,
RGI60-13.40444,geodetic_temp_bias,468.2,-9.904838166624454,7.547941752859705,5.0,2000-01-01_2020-01-01,True,
RGI60-13.40445,geodetic_temp_bias,413.9,-9.904838166624454,6.442864717342415,5.0,2000-01-01_2020-01-01,True,
RGI60-13.40446,geodetic_temp_bias,335.9,-9.904838166624454,7.534094105903942,5.0,2000-01-01_2020-01-01,True,
RGI60-13.40447,geodetic_temp_bias,306.8,-9.904838166624454,5.6993896232069785,5.0,2000-01-01_2020-01-01,True,
RGI60-13.40448,scalar,,,,,,True,
RGI60-13.40449,geodetic_temp_bias,289.8,-9.544931137488756,5.541287262138383,17.0,2000-01-01_2020-01-01,True,
RGI60-13.40450,scalar,,,,,,True,
RGI60-13.40451,geodetic_temp_bias,274.3,-9.904838166624454,5.541287262138383,10.175238492453138,2000-01-01_2020-01-01,True,
RGI60-13.40452,geodetic_temp_bias,430.4,-9.904838166624454,7.236535343343379,5.0,2000-01-01_2020-01-01,True,
RGI60-13.40453,geodetic_temp_bias,375.40000000000003,-9.904838166624454,5.809059594882641,5.0,2000-01-01_2020-01-01,True,
RGI60-13.40454,geodetic_temp_bias,169.4,-8.988449301883163,5.541287262138383,17.0,2000-01-01_2020-01-01,True,
RGI60-13.40455,geodetic_temp_bias,296.09999999999997,-9.904838166624454,5.541287262138383,8.55745821900766,2000-01-01_2020-01-01,True,
RGI60-13.40456,geodetic_temp_bias,217.0,-9.904838166624454,5.541287262138383,9.97898530344629,2000-01-01_2020-01-01,True,
RGI60-13.40457,geodetic_temp_bias,411.7,-9.904838166624454,7.6849756371276055,5.0,2000-01-01_2020-01-01,True,
RGI60-13.40458,geodetic_temp_bias,128.0,-9.371960389641277,5.541287262138383,17.0,2000-01-01_2020-01-01,True,
RGI60-13.40459,geodetic_temp_bias,392.5,-9.904838166624454,8.311930893207574,4.644065817633975,2000-01-01_2020-01-01,True,
RGI60-13.40460,geodetic_temp_bias,359.09999999999997,-5.730758377258315,6.222698446257354,5.0,2000-01-01_2020-01-01,True,
RGI60-13.40461,geodetic_temp_bias,361.4,-5.811586456229228,8.325300443169686,1.5,2000-01-01_2020-01-01,True,
RGI60-13.40462,geodetic_temp_bias,290.3,-5.730758377258315,5.772043273233949,5.0,2000-01-01_2020-01-01,True,
RGI60-13.40463,geodetic_temp_bias,309.0,-5.730758377258315,6.059769726578813,5.0,2000-01-01_2020-01-01,True,
RGI60-13.40464,geodetic_temp_bias,221.89999999999998,-5.730758377258315,8.325300443169686,3.1603804437578957,2000-01-01_2020-01-01,True,
RGI60-13.40465,geodetic_temp_bias,109.5,-5.284609855251805,5.550200295446458,17.0,2000-01-01_2020-01-01,True,
RGI60-13.40466,geodetic_temp_bias,338.8,-5.730758377258315,6.320301965688698,5.0,2000-01-01_2020-01-01,True,
RGI60-13.40467,geodetic_temp_bias,424.9,-6.140087951757716,8.325300443169686,1.5,2000-01-01_2020-01-01,True,
RGI60-13.40468,scalar,,,,,,True,
RGI60-13.40469,geodetic_temp_bias,355.3,-5.730758377258315,8.325300443169686,4.32274815487888,2000-01-01_2020-01-01,True,
RGI60-13.40470,geodetic_temp_bias,307.0,-6.916494968201337,8.325300443169686,1.5,2000-01-01_2020-01-01,True,
RGI60-13.40471,geodetic_temp_bias,251.9,-5.730758377258315,8.325300443169686,1.7052942223211616,2000-01-01_2020-01-01,True,
RGI60-13.40472,geodetic_temp_bias,116.6,-5.730758377258315,8.325300443169686,2.617501392059446,2000-01-01_2020-01-01,True,
RGI60-13.40473,geodetic_temp_bias,484.59999999999997,-8.04070984830764,8.325300443169686,1.5,2000-01-01_2020-01-01,True,
RGI60-13.40474,geodetic_temp_bias,469.1,-7.174070650728309,8.325300443169686,1.5,2000-01-01_2020-01-01,True,
RGI60-13.40475,scalar,,,,,,True,
RGI60-13.40476,scalar,,,,,,True,
RGI60-13.40477,geodetic_temp_bias,265.40000000000003,-9.904838166624454,8.311930893207574,2.647675416726981,2000-01-01_2020-01-01,True,
RGI60-13.40478,geodetic_temp_bias,376.5,-9.904838166624454,8.311930893207574,4.513700996924307,2000-01-01_2020-01-01,True,
RGI60-13.40479,geodetic_temp_bias,277.5,-9.904838166624454,6.753113496777612,5.0,2000-01-01_2020-01-01,True,
RGI60-13.40480,geodetic_temp_bias,464.0,-10.631389024267232,8.311930893207574,1.5,2000-01-01_2020-01-01,True,
RGI60-13.40481,geodetic_temp_bias,451.90000000000003,-10.463819084597102,8.311930893207574,1.5,2000-01-01_2020-01-01,True,
RGI60-13.40482,geodetic_temp_bias,298.5,-9.904838166624454,7.13856062376667,5.0,2000-01-01_2020-01-01,True,
RGI60-13.40483,geodetic_temp_bias,455.40000000000003,-10.033629959877434,8.311930893207574,1.5,2000-01-01_2020-01-01,True,
RGI60-13.40484,geodetic_temp_bias,404.9,-10.410177301908123,8.311930893207574,1.5,2000-01-01_2020-01-01,True,
RGI60-13.40485,geodetic_temp_bias,485.70000000000005,-10.25176325714903,8.311930893207574,1.5,2000-01-01_2020-01-01,True,
RGI60-13.40486,geodetic_temp_bias,316.90000000000003,-9.904838166624454,8.23897433633892,5.0,2000-01-01_2020-01-01,True,
RGI60-13.40487,geodetic_temp_bias,359.3,-9.904838166624454,8.311930893207574,1.609797421767115,2000-01-01_2020-01-01,True,
RGI60-13.40488,geodetic_temp_bias,279.0,-9.904838166624454,7.005517680728788,5.0,2000-01-01_2020-01-01,True,
RGI60-13.40489,geodetic_temp_bias,216.9,-9.904838166624454,7.246967386604179,5.0,2000-01-01_2020-01-01,True,
RGI60-13.40490,geodetic_temp_bias,211.0,-9.904838166624454,8.311930893207574,4.392350876234078,2000-01-01_2020-01-01,True,
RGI60-13.40491,geodetic_temp_bias,396.6,-10.892502579831064,8.311930893207574,1.5,2000-01-01_2020-01-01,True,
RGI60-13.40492,geodetic_temp_bias,513.1,-11.201209003139766,8.311930893207574,1.5,2000-01-01_2020-01-01,True,
RGI60-13.40493,geodetic_temp_bias,128.8,-9.904838166624454,5.603299778697011,5.0,2000-01-01_2020-01-01,True,
RGI60-13.40494,geodetic_temp_bias,386.1,-12.030758750340508,8.311930893207574,1.5,2000-01-01_2020-01-01,True,
RGI60-13.40495,geodetic_temp_bias,38.199999999999996,-9.904838166624454,5.541287262138383,5.284273891935781,2000-01-01_2020-01-01,True,
RGI60-13.40496,geodetic_temp_bias,464.8,-9.904838166624454,8.311930893207574,1.9641120906466036,2000-01-01_2020-01-01,True,
RGI60-13.40497,geodetic_temp_bias,523.0,-11.897281268742336,8.311930893207574,1.5,2000-01-01_2020-01-01,True,
RGI60-13.40498,geodetic_temp_bias,230.2,-9.904838166624454,8.311930893207574,2.7088519429589732,2000-01-01_2020-01-01,True,
RGI60-13.40499,geodetic_temp_bias,148.7,-9.904838166624454,8.311930893207574,2.576204980455267,2000-01-01_2020-01-01,True,
RGI60-13.40500,geodetic_temp_bias,334.6,-10.757153030439827,8.311930893207574,1.5,2000-01-01_2020-01-01,True,
RGI60-13.40501,geodetic_temp_bias,180.5,-9.904838166624454,8.311930893207574,1.7650361727693624,2000-01-01_2020-01-01,True,
RGI60-13.40502,geodetic_temp_bias,161.39999999999998,-9.904838166624454,8.311930893207574,2.4650123436801454,2000-01-01_2020-01-01,True,
RGI60-13.40503,geodetic_temp_bias,505.70000000000005,-11.391744596326017,8.311930893207574,1.5,2000-01-01_2020-01-01,True,
RGI60-13.40504,geodetic_temp_bias,431.59999999999997,-10.500179451307762,8.311930893207574,1.5,2000-01-01_2020-01-01,True,
RGI60-13.40505,geodetic_temp_bias,451.40000000000003,-11.207096352663623,8.311930893207574,1.5,2000-01-01_2020-01-01,True,
RGI60-13.40506,scalar,,,,,,True,
RGI60-13.40507,geodetic_temp_bias,415.1,-9.904838166624454,8.311930893207574,2.4757282405119567,2000-01-01_2020-01-01,True,
RGI60-13.40508,geodetic_temp_bias,464.9,-10.537109108485769,8.311930893207574,1.5,2000-01-01_2020-01-01,True,
RGI60-13.40509,geodetic_temp_bias,475.4,-9.904838166624454,8.311930893207574,2.2573543792500432,2000-01-01_2020-01-01,True,
RGI60-13.40510,geodetic_temp_bias,178.60000000000002,-9.904838166624454,8.311930893207574,4.280286798681272,2000-01-01_2020-01-01,True,
RGI60-13.40511,geodetic_temp_bias,449.29999999999995,-10.038650714566394,8.311930893207574,1.5,2000-01-01_2020-01-01,True,
RGI60-13.40512,geodetic_temp_bias,368.20000000000005,-11.272135644878526,8.311930893207574,1.5,2000-01-01_2020-01-01,True,
RGI60-13.40513,geodetic_temp_bias,529.1,-11.59786658242892,8.311930893207574,1.5,2000-01-01_2020-01-01,True,
RGI60-13.40514,geodetic_temp_bias,316.8,-9.904838166624454,8.311930893207574,3.4614441242681284,2000-01-01_2020-01-01,True,
RGI60-13.40515,geodetic_temp_bias,539.2,-11.526995576733476,8.311930893207574,1.5,2000-01-01_2020-01-01,True,
RGI60-13.40516,geodetic_temp_bias,456.7,-10.257620006221421,8.311930893207574,1.5,2000-01-01_2020-01-01,True,
RGI60-13.40517,scalar,,,,,,True,
RGI60-13.40518,geodetic_temp_bias,172.6,-9.904838166624454,8.311930893207574,1.9634356615612818,2000-01-01_2020-01-01,True,
RGI60-13.40519,geodetic_temp_bias,259.2,-9.904838166624454,8.311930893207574,1.8966327062390553,2000-01-01_2020-01-01,True,
RGI60-13.40520,geodetic_temp_bias,176.8,-9.904838166624454,7.620902605890143,5.0,2000-01-01_2020-01-01,True,
RGI60-13.40521,geodetic_temp_bias,300.4,-9.904838166624454,8.311930893207574,1.7988603279782724,2000-01-01_2020-01-01,True,
RGI60-13.40522,geodetic_temp_bias,374.8,-9.904838166624454,8.311930893207574,3.9273663621047232,2000-01-01_2020-01-01,True,
RGI60-13.40523,geodetic_temp_bias,262.2,-9.904838166624454,7.504565325646053,5.0,2000-01-01_2020-01-01,True,
RGI60-13.40524,geodetic_temp_bias,346.8,-9.904838166624454,6.783114205805166,5.0,2000-01-01_2020-01-01,True,
RGI60-13.40525,geodetic_temp_bias,317.8,-9.904838166624454,8.311930893207574,3.935670945329773,2000-01-01_2020-01-01,True,
RGI60-13.40526,geodetic_temp_bias,434.3,-9.904838166624454,8.311930893207574,1.9554832727937885,2000-01-01_2020-01-01,True,
RGI60-13.40527,geodetic_temp_bias,225.39999999999998,-9.904838166624454,6.328115161627502,5.0,2000-01-01_2020-01-01,True,
RGI60-13.40528,geodetic_temp_bias,141.2,-9.904838166624454,8.311930893207574,4.884379895754003,2000-01-01_2020-01-01,True,
RGI60-13.40529,geodetic_temp_bias,458.1,-11.231176131174418,8.311930893207574,1.5,2000-01-01_2020-01-01,True,
RGI60-13.40530,geodetic_temp_bias,4.2,-7.86072333373012,5.541287262138383,17.0,2000-01-01_2020-01-01,True,
RGI60-13.40531,geodetic_temp_bias,301.0,-9.904838166624454,8.311930893207574,4.017212182450638,2000-01-01_2020-01-01,True,
RGI60-13.40532,geodetic_temp_bias,78.7,-8.359989153896036,5.541287262138383,17.0,2000-01-01_2020-01-01,True,
RGI60-13.40533,geodetic_temp_bias,84.4,-8.142713428248243,5.541287262138383,17.0,2000-01-01_2020-01-01,True,
RGI60-13.40534,geodetic_temp_bias,461.0,-10.251923487395109,8.311930893207574,1.5,2000-01-01_2020-01-01,True,
RGI60-13.40535,geodetic_temp_bias,373.59999999999997,-10.134147950481212,8.311930893207574,1.5,2000-01-01_2020-01-01,True,
RGI60-13.40536,geodetic_temp_bias,234.1,-9.904838166624454,7.61768086005928,5.0,2000-01-01_2020-01-01,True,
RGI60-13.40537,geodetic_temp_bias,497.59999999999997,-10.093846423885857,8.311930893207574,1.5,2000-01-01_2020-01-01,True,
RGI60-13.40538,geodetic_temp_bias,185.0,-9.904838166624454,8.311930893207574,1.9011234476261185,2000-01-01_2020-01-01,True,
RGI60-13.40539,geodetic_temp_bias,533.5,-10.569050428868447,8.311930893207574,1.5,2000-01-01_2020-01-01,True,
RGI60-13.40540,geodetic_temp_bias,264.0,-9.904838166624454,6.238074291332859,5.0,2000-01-01_2020-01-01,True,
RGI60-13.40541,geodetic_temp_bias,480.8,-9.904838166624454,8.311930893207574,2.673838738684924,2000-01-01_2020-01-01,True,
RGI60-13.40542,geodetic_temp_bias,379.8,-9.904838166624454,5.953822480794931,5.0,2000-01-01_2020-01-01,True,
RGI60-13.40543,geodetic_temp_bias,51.8,-8.960721414246793,5.541287262138383,17.0,2000-01-01_2020-01-01,True,
RGI60-13.40544,geodetic_temp_bias,339.5,-9.904838166624454,7.375816516116926,5.0,2000-01-01_2020-01-01,True,
RGI60-13.40545,geodetic_temp_bias,345.2,-9.904838166624454,6.689161255843548,5.0,2000-01-01_2020-01-01,True,
RGI60-13.40546,geodetic_temp_bias,532.1,-11.565276003641975,8.311930893207574,1.5,2000-01-01_2020-01-01,True,
RGI60-13.40547,geodetic_temp_bias,409.4,-9.904838166624454,6.540464437685155,5.0,2000-01-01_2020-01-01,True,
RGI60-13.40548,geodetic_temp_bias,161.89999999999998,-9.904838166624454,6.819829397713948,5.0,2000-01-01_2020-01-01,True,
RGI60-13.40549,geodetic_temp_bias,411.9,-9.904838166624454,7.301540853849565,5.0,2000-01-01_2020-01-01,True,
RGI60-13.40550,geodetic_temp_bias,295.09999999999997,-9.904838166624454,5.541287262138383,8.548973775509806,2000-01-01_2020-01-01,True,
RGI60-13.40551,geodetic_temp_bias,256.40000000000003,-9.904838166624454,8.311930893207574,2.8025250316647545,2000-01-01_2020-01-01,True,
RGI60-13.40552,geodetic_temp_bias,262.1,-9.904838166624454,7.336617541649998,5.0,2000-01-01_2020-01-01,True,
RGI60-13.40553,geodetic_temp_bias,477.2,-9.904838166624454,8.311930893207574,3.3082893636108035,2000-01-01_2020-01-01,True,
RGI60-13.40554,geodetic_temp_bias,265.2,-9.761008963387173,5.541287262138383,17.0,2000-01-01_2020-01-01,True,
RGI60-13.40555,geodetic_temp_bias,373.8,-9.904838166624454,7.003242235792586,5.0,2000-01-01_2020-01-01,True,
RGI60-13.40556,geodetic_temp_bias,448.2,-11.46374947134313,8.311930893207574,1.5,2000-01-01_2020-01-01,True,
RGI60-13.40557,geodetic_temp_bias,-140.0,-9.65877263767964,5.541287262138383,17.0,2000-01-01_2020-01-01,True,
RGI60-13.40558,geodetic_temp_bias,255.7,-9.493983751804684,5.541287262138383,17.0,2000-01-01_2020-01-01,True,
RGI60-13.40559,scalar,,,,,,True,
RGI60-13.40560,geodetic_temp_bias,258.5,-9.904838166624454,7.938048128884652,5.0,2000-01-01_2020-01-01,True,
RGI60-13.40561,scalar,,,,,,True,
RGI60-13.40562,geodetic_temp_bias,111.19999999999999,-9.453965746408263,5.541287262138383,17.0,2000-01-01_2020-01-01,True,
RGI60-13.40563,geodetic_temp_bias,-73.0,-8.891739464438855,5.541287262138383,17.0,2000-01-01_2020-01-01,True,
RGI60-13.40564,geodetic_temp_bias,417.1,-10.280720540636347,8.311930893207574,1.5,2000-01-01_2020-01-01,True,
RGI60-13.40565,geodetic_temp_bias,528.1,-10.718557475093732,8.311930893207574,1.5,2000-01-01_2020-01-01,True,
RGI60-13.40566,geodetic_temp_bias,547.5,-11.413974894005754,8.311930893207574,1.5,2000-01-01_2020-01-01,True,
RGI60-13.40567,geodetic_temp_bias,347.2,-9.904838166624454,8.311930893207574,3.5496034970421975,2000-01-01_2020-01-01,True,
RGI60-13.40568,geodetic_temp_bias,461.1,-9.904838166624454,8.311930893207574,1.6655372454100381,2000-01-01_2020-01-01,True,
RGI60-13.40569,geodetic_temp_bias,324.5,-9.943999961574335,8.311930893207574,1.5,2000-01-01_2020-01-01,True,
RGI60-13.40570,scalar,,,,,,True,
RGI60-13.40571,scalar,,,,,,True,
RGI60-13.40572,geodetic_temp_bias,348.3,-9.904838166624454,8.311930893207574,2.7794121885879597,2000-01-01_2020-01-01,True,
RGI60-13.40573,scalar,,,,,,True,
RGI60-13.40574,geodetic_temp_bias,283.1,-5.730758377258315,5.550200295446458,7.630035889219058,2000-01-01_2020-01-01,True,
RGI60-13.40575,geodetic_temp_bias,223.8,-4.810289554466538,8.10911036819189,3.3362362830276857,2000-01-01_2020-01-01,True,
RGI60-13.40576,geodetic_temp_bias,-869.0,-4.810289554466538,8.10911036819189,3.0503585911539535,2000-01-01_2020-01-01,True,
RGI60-13.40577,geodetic_temp_bias,152.29999999999998,-4.810289554466538,8.10911036819189,3.009271302103893,2000-01-01_2020-01-01,True,
RGI60-13.40578,geodetic_temp_bias,431.59999999999997,-6.962507965478657,8.10911036819189,1.5,2000-01-01_2020-01-01,True,
RGI60-13.40579,geodetic_temp_bias,122.6,-6.7749807545262595,8.10911036819189,1.5,2000-01-01_2020-01-01,True,
RGI60-13.40580,geodetic_temp_bias,146.3,-5.8045658524329955,8.10911036819189,1.5,2000-01-01_2020-01-01,True,
RGI60-13.40581,geodetic_temp_bias,118.3,-4.810289554466538,8.10911036819189,1.7960099310728506,2000-01-01_2020-01-01,True,
RGI60-13.40582,geodetic_temp_bias,220.70000000000002,-4.810289554466538,8.10911036819189,2.0289296850901914,2000-01-01_2020-01-01,True,
RGI60-13.40583,geodetic_temp_bias,46.0,-4.810289554466538,8.10911036819189,1.8105119556014806,2000-01-01_2020-01-01,True,
RGI60-13.40584,geodetic_temp_bias,53.699999999999996,-4.810289554466538,8.10911036819189,1.5472551093819404,2000-01-01_2020-01-01,True,
RGI60-13.40585,geodetic_temp_bias,271.5,-4.810289554466538,8.10911036819189,2.222002858253795,2000-01-01_2020-01-01,True,
RGI60-13.40586,geodetic_temp_bias,137.0,-4.810289554466538,5.406073578794595,11.403702970370018,2000-01-01_2020-01-01,True,
RGI60-13.40587,geodetic_temp_bias,-23.2,-5.395188549337577,8.10911036819189,1.5,2000-01-01_2020-01-01,True,
RGI60-13.40588,geodetic_temp_bias,441.3,-6.642675169123715,8.10911036819189,1.5,2000-01-01_2020-01-01,True,
RGI60-13.40589,scalar,,,,,,True,
RGI60-13.40590,geodetic_temp_bias,140.8,-5.514299996709842,8.10911036819189,1.5,2000-01-01_2020-01-01,True,
RGI60-13.40591,geodetic_temp_bias,159.8,-5.418649174370466,8.10911036819189,1.5,2000-01-01_2020-01-01,True,
RGI60-13.40592,geodetic_temp_bias,-545.4,-4.810289554466538,8.10911036819189,3.643914792124802,2000-01-01_2020-01-01,True,
RGI60-13.40593,geodetic_temp_bias,-364.0,-4.810289554466538,8.10911036819189,3.4438403533050064,2000-01-01_2020-01-01,True,
RGI60-13.40594,geodetic_temp_bias,220.4,-4.810289554466538,8.10911036819189,2.8102706715494867,2000-01-01_2020-01-01,True,
RGI60-13.40595,geodetic_temp_bias,370.5,-5.535692228935951,8.10911036819189,1.5,2000-01-01_2020-01-01,True,
RGI60-13.40596,geodetic_temp_bias,46.199999999999996,-4.810289554466538,8.10911036819189,1.6024214449512488,2000-01-01_2020-01-01,True,
RGI60-13.40597,geodetic_temp_bias,-115.1,-4.810289554466538,8.10911036819189,1.7617394433045552,2000-01-01_2020-01-01,True,
RGI60-13.40598,geodetic_temp_bias,334.9,-6.167282737797716,8.10911036819189,1.5,2000-01-01_2020-01-01,True,
RGI60-13.40599,geodetic_temp_bias,197.9,-5.333021608285615,8.10911036819189,1.5,2000-01-01_2020-01-01,True,
RGI60-13.40600,geodetic_temp_bias,517.5999999999999,-7.416981108812186,8.10911036819189,1.5,2000-01-01_2020-01-01,True,
RGI60-13.40601,geodetic_temp_bias,-13.6,-4.810289554466538,6.265935886561349,5.0,2000-01-01_2020-01-01,True,
RGI60-13.40602,geodetic_temp_bias,383.5,-5.610372468290058,8.10911036819189,1.5,2000-01-01_2020-01-01,True,
RGI60-13.40603,geodetic_temp_bias,221.70000000000002,-9.904838166624454,8.311930893207574,3.6708573464977263,2000-01-01_2020-01-01,True,
RGI60-13.40604,geodetic_temp_bias,235.1,-9.904838166624454,8.311930893207574,2.993014421032147,2000-01-01_2020-01-01,True,
RGI60-13.40605,scalar,,,,,,True,
RGI60-13.40606,geodetic_temp_bias,142.0,-9.904838166624454,8.311930893207574,3.490318781444815,2000-01-01_2020-01-01,True,
RGI60-13.40607,geodetic_temp_bias,277.7,-10.165759434153104,8.311930893207574,1.5,2000-01-01_2020-01-01,True,
RGI60-13.40608,geodetic_temp_bias,269.3,-9.904838166624454,8.311930893207574,2.0472606482239977,2000-01-01_2020-01-01,True,
RGI60-13.40609,geodetic_temp_bias,379.5,-10.1804457839796,8.311930893207574,1.5,2000-01-01_2020-01-01,True,
RGI60-13.40610,geodetic_temp_bias,491.09999999999997,-10.73021714189177,8.311930893207574,1.5,2000-01-01_2020-01-01,True,
RGI60-13.40611,geodetic_temp_bias,271.8,-9.91953595025654,8.311930893207574,1.5,2000-01-01_2020-01-01,True,
RGI60-13.40612,geodetic_temp_bias,204.4,-9.904838166624454,8.311930893207574,2.8179488300513937,2000-01-01_2020-01-01,True,
RGI60-13.40613,geodetic_temp_bias,246.2,-9.904838166624454,8.311930893207574,1.9575309651933246,2000-01-01_2020-01-01,True,
RGI60-13.40614,geodetic_temp_bias,159.5,-9.904838166624454,8.311930893207574,4.320651894862438,2000-01-01_2020-01-01,True,
RGI60-13.40615,geodetic_temp_bias,473.5,-11.512440148218264,8.311930893207574,1.5,2000-01-01_2020-01-01,True,
RGI60-13.40616,geodetic_temp_bias,476.4,-11.076793314515252,8.311930893207574,1.5,2000-01-01_2020-01-01,True,
RGI60-13.40617,geodetic_temp_bias,506.29999999999995,-11.662128955321428,8.311930893207574,1.5,2000-01-01_2020-01-01,True,
RGI60-13.40618,geodetic_temp_bias,379.59999999999997,-10.199229350613223,8.311930893207574,1.5,2000-01-01_2020-01-01,True,
RGI60-13.40619,geodetic_temp_bias,406.0,-10.434611673512123,8.311930893207574,1.5,2000-01-01_2020-01-01,True,
RGI60-13.40620,geodetic_temp_bias,452.40000000000003,-10.536039373063653,8.311930893207574,1.5,2000-01-01_2020-01-01,True,
RGI60-13.40621,geodetic_temp_bias,305.0,-9.904838166624454,8.311930893207574,4.475020685338194,2000-01-01_2020-01-01,True,
RGI60-13.40622,geodetic_temp_bias,284.9,-9.904838166624454,5.565934882199349,5.0,2000-01-01_2020-01-01,True,
RGI60-13.40623,geodetic_temp_bias,497.5,-11.20314700807518,8.311930893207574,1.5,2000-01-01_2020-01-01,True,
RGI60-13.40624,geodetic_temp_bias,70.3,-9.904838166624454,8.311930893207574,3.196135469834269,2000-01-01_2020-01-01,True,
RGI60-13.40625,geodetic_temp_bias,501.49999999999994,-11.426587932848365,8.311930893207574,1.5,2000-01-01_2020-01-01,True,
RGI60-13.40626,scalar,,,,,,True,
RGI60-13.40627,geodetic_temp_bias,16.1,-9.904838166624454,8.311930893207574,4.486348380107274,2000-01-01_2020-01-01,True,
RGI60-13.40628,geodetic_temp_bias,412.2,-10.831419808612367,8.311930893207574,1.5,2000-01-01_2020-01-01,True,
RGI60-13.40629,geodetic_temp_bias,150.29999999999998,-9.904838166624454,8.311930893207574,1.9197791052096556,2000-01-01_2020-01-01,True,
RGI60-13.40630,geodetic_temp_bias,130.0,-4.810289554466538,8.10911036819189,2.07890800562154,2000-01-01_2020-01-01,True,
RGI60-13.40631,geodetic_temp_bias,242.79999999999998,-4.810289554466538,8.10911036819189,2.868789539384285,2000-01-01_2020-01-01,True,
RGI60-13.40632,geodetic_temp_bias,149.7,-4.810289554466538,8.10911036819189,2.3490640265490317,2000-01-01_2020-01-01,True,
RGI60-13.40633,geodetic_temp_bias,148.2,-4.810289554466538,8.10911036819189,3.2561745650454377,2000-01-01_2020-01-01,True,
RGI60-13.40634,geodetic_temp_bias,-613.1,-4.810289554466538,5.912586880399003,5.0,2000-01-01_2020-01-01,True,
RGI60-13.40635,geodetic_temp_bias,-729.1,-4.810289554466538,5.406073578794595,11.435374440907953,2000-01-01_2020-01-01,True,
RGI60-13.40636,geodetic_temp_bias,175.0,-4.810289554466538,8.10911036819189,3.865969614855808,2000-01-01_2020-01-01,True,
RGI60-13.40637,geodetic_temp_bias,101.1,-5.298113543009531,8.10911036819189,1.5,2000-01-01_2020-01-01,True,
RGI60-13.40638,geodetic_temp_bias,109.3,-4.810289554466538,8.10911036819189,3.5574788808292523,2000-01-01_2020-01-01,True,
RGI60-13.40639,geodetic_temp_bias,-85.2,-4.810289554466538,8.10911036819189,3.1445288817748214,2000-01-01_2020-01-01,True,
RGI60-13.40640,geodetic_temp_bias,261.90000000000003,-5.047765802073177,8.10911036819189,1.5,2000-01-01_2020-01-01,True,
RGI60-13.40641,geodetic_temp_bias,173.0,-4.810289554466538,8.10911036819189,2.9673477231760863,2000-01-01_2020-01-01,True,
RGI60-13.40642,geodetic_temp_bias,231.7,-4.810289554466538,8.10911036819189,1.657746924811567,2000-01-01_2020-01-01,True,
RGI60-13.40643,geodetic_temp_bias,393.40000000000003,-6.490143572323709,8.10911036819189,1.5,2000-01-01_2020-01-01,True,
RGI60-13.40644,geodetic_temp_bias,352.7,-5.338529184173414,8.10911036819189,1.5,2000-01-01_2020-01-01,True,
RGI60-13.40645,geodetic_temp_bias,292.7,-4.810289554466538,8.10911036819189,2.2392556965863735,2000-01-01_2020-01-01,True,
RGI60-13.40646,geodetic_temp_bias,259.0,-4.810289554466538,5.406073578794595,5.071551656971635,2000-01-01_2020-01-01,True,
RGI60-13.40647,geodetic_temp_bias,227.8,-4.810289554466538,8.10911036819189,3.1111762221687997,2000-01-01_2020-01-01,True,
RGI60-13.40648,geodetic_temp_bias,182.5,-4.810289554466538,8.10911036819189,1.8429264641775702,2000-01-01_2020-01-01,True,
RGI60-13.40649,geodetic_temp_bias,151.7,-4.810289554466538,8.10911036819189,1.7473402104755154,2000-01-01_2020-01-01,True,
RGI60-13.40650,geodetic_temp_bias,207.1,-4.810289554466538,8.10911036819189,3.225527797734478,2000-01-01_2020-01-01,True,
RGI60-13.40651,geodetic_temp_bias,61.400000000000006,-4.810289554466538,7.837509968114333,5.0,2000-01-01_2020-01-01,True,
RGI60-13.40652,geodetic_temp_bias,197.1,-4.810289554466538,7.817010179704177,5.0,2000-01-01_2020-01-01,True,
RGI60-13.40653,geodetic_temp_bias,112.4,-4.810289554466538,8.10911036819189,2.7648506939490423,2000-01-01_2020-01-01,True,
RGI60-13.40654,geodetic_temp_bias,341.4,-4.810289554466538,8.10911036819189,1.6184201066197277,2000-01-01_2020-01-01,True,
RGI60-13.40655,geodetic_temp_bias,323.2,-4.810289554466538,8.10911036819189,2.928578045832621,2000-01-01_2020-01-01,True,
RGI60-13.40656,geodetic_temp_bias,270.3,-4.810289554466538,8.10911036819189,1.5977265480542486,2000-01-01_2020-01-01,True,
RGI60-13.40657,geodetic_temp_bias,235.6,-4.810289554466538,8.10911036819189,2.8277448535575687,2000-01-01_2020-01-01,True,
RGI60-13.40658,geodetic_temp_bias,193.70000000000002,-6.094561657282165,8.10911036819189,1.5,2000-01-01_2020-01-01,True,
RGI60-13.40659,geodetic_temp_bias,54.300000000000004,-4.810289554466538,8.10911036819189,2.487427343776125,2000-01-01_2020-01-01,True,
RGI60-13.40660,geodetic_temp_bias,257.6,-4.810289554466538,6.087928356582916,5.0,2000-01-01_2020-01-01,True,
RGI60-13.40661,geodetic_temp_bias,281.1,-5.779463339853113,8.10911036819189,1.5,2000-01-01_2020-01-01,True,
RGI60-13.40662,geodetic_temp_bias,-192.20000000000002,-4.810289554466538,8.10911036819189,2.6957126629184747,2000-01-01_2020-01-01,True,
RGI60-13.40663,geodetic_temp_bias,170.2,-4.810289554466538,8.10911036819189,1.5942016916515922,2000-01-01_2020-01-01,True,
RGI60-13.40664,geodetic_temp_bias,60.5,-3.91696979371135,5.406073578794595,17.0,2000-01-01_2020-01-01,True,
RGI60-13.40665,geodetic_temp_bias,223.0,-4.810289554466538,6.733926160672862,5.0,2000-01-01_2020-01-01,True,
RGI60-13.40666,geodetic_temp_bias,236.6,-4.810289554466538,8.10911036819189,2.2658806373868217,2000-01-01_2020-01-01,True,
RGI60-13.40667,geodetic_temp_bias,-203.2,-4.810289554466538,8.10911036819189,3.550132052218088,2000-01-01_2020-01-01,True,
RGI60-13.40668,geodetic_temp_bias,542.0,-7.544400318827253,8.10911036819189,1.5,2000-01-01_2020-01-01,True,
RGI60-13.40669,geodetic_temp_bias,198.5,-4.810289554466538,8.10911036819189,1.7379547163971525,2000-01-01_2020-01-01,True,
RGI60-13.40670,geodetic_temp_bias,43.1,-4.810289554466538,8.10911036819189,3.090774361797851,2000-01-01_2020-01-01,True,
RGI60-13.40671,geodetic_temp_bias,308.7,-6.594474634603267,8.10911036819189,1.5,2000-01-01_2020-01-01,True,
RGI60-13.40696,geodetic_temp_bias,20.2,-4.810289554466538,8.10911036819189,2.4039448183849137,2000-01-01_2020-01-01,True,
RGI60-13.40704,geodetic_temp_bias,75.2,-4.810289554466538,8.10911036819189,2.191334826075997,2000-01-01_2020-01-01,True,
RGI60-13.40709,geodetic_temp_bias,256.7,-4.810289554466538,6.205744426316333,5.0,2000-01-01_2020-01-01,True,
RGI60-13.40711,geodetic_temp_bias,85.8,-4.810289554466538,8.10911036819189,2.256780674834926,2000-01-01_2020-01-01,True,
RGI60-13.40712,geodetic_temp_bias,92.0,-4.810289554466538,8.10911036819189,1.6952592169361103,2000-01-01_2020-01-01,True,
RGI60-13.40713,geodetic_temp_bias,233.0,-5.0739098489530745,8.10911036819189,1.5,2000-01-01_2020-01-01,True,
RGI60-13.40715,geodetic_temp_bias,213.79999999999998,-5.153597015473837,8.10911036819189,1.5,2000-01-01_2020-01-01,True,
RGI60-13.40718,geodetic_temp_bias,214.60000000000002,-5.083344544744825,8.10911036819189,1.5,2000-01-01_2020-01-01,True,
RGI60-13.40796,geodetic_temp_bias,188.0,-3.923550340464508,5.256815687105565,5.0,2000-01-01_2020-01-01,True,
RGI60-13.40818,geodetic_temp_bias,80.4,-3.923550340464508,5.118610636618041,6.502541932192106,2000-01-01_2020-01-01,True,
RGI60-13.40826,geodetic_temp_bias,179.5,-3.923550340464508,5.118610636618041,14.05870575564485,2000-01-01_2020-01-01,True,
RGI60-13.40829,geodetic_temp_bias,76.39999999999999,-3.923550340464508,5.118610636618041,9.629473066221827,2000-01-01_2020-01-01,True,
RGI60-13.41108,geodetic_temp_bias,152.5,0.6847407724099994,5.118610636618041,17.0,2000-01-01_2020-01-01,True,
RGI60-13.41110,geodetic_temp_bias,-53.1,-2.6230416671699306,3.998994921336308,17.0,2000-01-01_2020-01-01,True,
RGI60-13.41112,geodetic_temp_bias,154.1,-3.0715155202385094,3.998994921336308,17.0,2000-01-01_2020-01-01,True,
RGI60-13.41113,geodetic_temp_bias,-0.0,-3.4783218242590648,3.998994921336308,17.0,2000-01-01_2020-01-01,True,
RGI60-13.41114,geodetic_temp_bias,-134.9,-2.7103177675029184,4.768180814692785,17.0,2000-01-01_2020-01-01,True,
RGI60-13.41115,geodetic_temp_bias,3.2,-3.435540905872083,4.768180814692785,17.0,2000-01-01_2020-01-01,True,
RGI60-13.41118,geodetic_temp_bias,-48.9,-3.4753258488195566,7.152271222039177,3.831092044153223,2000-01-01_2020-01-01,True,
RGI60-13.41123,geodetic_temp_bias,306.4,-4.464548375904576,7.6451516248496025,5.0,2000-01-01_2020-01-01,True,
RGI60-13.41124,geodetic_temp_bias,113.3,-3.9320472073745085,5.417986034308473,17.0,2000-01-01_2020-01-01,True,
RGI60-13.41125,geodetic_temp_bias,164.20000000000002,-3.8256379567588104,5.417986034308473,17.0,2000-01-01_2020-01-01,True,
RGI60-13.41126,geodetic_temp_bias,226.89999999999998,-4.12313374705934,5.417986034308473,17.0,2000-01-01_2020-01-01,True,
RGI60-13.41127,geodetic_temp_bias,217.70000000000002,-3.0270896001598255,5.417986034308473,17.0,2000-01-01_2020-01-01,True,
RGI60-13.41128,geodetic_temp_bias,177.0,-4.359361681642336,5.417986034308473,17.0,2000-01-01_2020-01-01,True,
RGI60-13.41129,geodetic_temp_bias,202.9,-4.464548375904576,5.417986034308473,14.01689658557793,2000-01-01_2020-01-01,True,
RGI60-13.41130,geodetic_temp_bias,179.7,-3.6144053078900984,5.417986034308473,17.0,2000-01-01_2020-01-01,True,
RGI60-13.41131,geodetic_temp_bias,171.6,-4.089193922090342,5.417986034308473,17.0,2000-01-01_2020-01-01,True,
RGI60-13.41132,geodetic_temp_bias,143.1,-3.824809525609513,6.060596876419179,2.9394798192066003,2000-01-01_2020-01-01,True,
RGI60-13.41133,geodetic_temp_bias,93.39999999999999,-3.824809525609513,6.060596876419179,3.038490894099391,2000-01-01_2020-01-01,True,
RGI60-13.53223,geodetic_temp_bias,-200.2,-3.848605162610069,5.58435538914506,5.54335875533004,2000-01-01_2020-01-01,True,
RGI60-13.53230,geodetic_temp_bias,-99.9,-3.848605162610069,5.58435538914506,5.309463050842853,2000-01-01_2020-01-01,True,
RGI60-13.53231,geodetic_temp_bias,76.6,-3.848605162610069,5.58435538914506,12.181218792052636,2000-01-01_2020-01-01,True,
RGI60-13.53234,geodetic_temp_bias,-71.3,-3.848605162610069,7.164345165466574,5.0,2000-01-01_2020-01-01,True,
RGI60-13.53235,geodetic_temp_bias,40.599999999999994,-3.610117235190272,5.58435538914506,17.0,2000-01-01_2020-01-01,True,
RGI60-13.53237,geodetic_temp_bias,-180.2,-3.848605162610069,7.255314984061125,5.0,2000-01-01_2020-01-01,True,
RGI60-13.53241,geodetic_temp_bias,-230.9,-3.848605162610069,6.5258495980158235,5.0,2000-01-01_2020-01-01,True,
RGI60-13.53242,geodetic_temp_bias,-83.7,-3.848605162610069,8.156615171894353,5.0,2000-01-01_2020-01-01,True,
RGI60-13.53243,geodetic_temp_bias,-232.1,-3.848605162610069,5.58435538914506,5.848827950711082,2000-01-01_2020-01-01,True,
RGI60-13.53616,geodetic_temp_bias,-145.4,-3.9375749286182895,5.440661612252727,10.361689622368749,2000-01-01_2020-01-01,True,
RGI60-13.53621,geodetic_temp_bias,106.5,-3.7990183043918004,5.440661612252727,17.0,2000-01-01_2020-01-01,True,
RGI60-13.53622,geodetic_temp_bias,80.19999999999999,-3.6228683131721797,5.440661612252727,17.0,2000-01-01_2020-01-01,True,
RGI60-13.53623,geodetic_temp_bias,169.9,-3.313628564922095,5.574049499276345,16.73441439276759,2000-01-01_2020-01-01,True,
RGI60-13.53624,geodetic_temp_bias,114.3,-3.313628564922095,5.574049499276345,6.43074606060332,2000-01-01_2020-01-01,True,
RGI60-13.53625,geodetic_temp_bias,262.90000000000003,-3.035384968069733,5.574049499276345,17.0,2000-01-01_2020-01-01,True,
RGI60-13.53626,geodetic_temp_bias,-473.5,-2.523400224606213,5.574049499276345,17.0,2000-01-01_2020-01-01,True,
RGI60-13.53627,geodetic_temp_bias,216.20000000000002,-3.313628564922095,5.574049499276345,6.416190650257229,2000-01-01_2020-01-01,True,
RGI60-13.53628,geodetic_temp_bias,-182.0,-2.5451099409494296,5.574049499276345,17.0,2000-01-01_2020-01-01,True,
RGI60-13.53629,geodetic_temp_bias,38.199999999999996,-2.3379168089587545,5.574049499276345,17.0,2000-01-01_2020-01-01,True,
RGI60-13.53630,geodetic_temp_bias,128.89999999999998,-3.313628564922095,6.075575224463464,5.0,2000-01-01_2020-01-01,True,
RGI60-13.53631,geodetic_temp_bias,310.40000000000003,-3.313628564922095,8.361074248914516,3.0225426646228124,2000-01-01_2020-01-01,True,
RGI60-13.53632,geodetic_temp_bias,41.5,-3.313628564922095,5.574049499276345,10.206927097304792,2000-01-01_2020-01-01,True,
RGI60-13.53633,geodetic_temp_bias,152.10000000000002,-3.313628564922095,5.574049499276345,8.403068888214012,2000-01-01_2020-01-01,True,
RGI60-13.53634,geodetic_temp_bias,-127.0,-2.525407226830221,8.084548893813785,4.7249998315695265,2000-01-01_2020-01-01,True,
RGI60-13.53635,geodetic_temp_bias,137.8,-3.258732617652961,5.574049499276345,17.0,2000-01-01_2020-01-01,True,
RGI60-13.53636,geodetic_temp_bias,54.9,-3.313628564922095,5.574049499276345,9.781701977111599,2000-01-01_2020-01-01,True,
RGI60-13.53637,geodetic_temp_bias,289.4,-3.019331190208004,5.574049499276345,17.0,2000-01-01_2020-01-01,True,
RGI60-13.53638,geodetic_temp_bias,-57.7,-3.040013733466498,5.574049499276345,17.0,2000-01-01_2020-01-01,True,
RGI60-13.53639,geodetic_temp_bias,48.9,-3.313628564922095,6.921978619677831,5.0,2000-01-01_2020-01-01,True,
RGI60-13.53640,geodetic_temp_bias,49.099999999999994,-3.313628564922095,5.574049499276345,5.549579075021767,2000-01-01_2020-01-01,True,
RGI60-13.53641,geodetic_temp_bias,188.29999999999998,-3.105837327880862,5.574049499276345,17.0,2000-01-01_2020-01-01,True,
RGI60-13.53642,geodetic_temp_bias,143.4,-3.313628564922095,7.380084938216425,5.0,2000-01-01_2020-01-01,True,
RGI60-13.53643,geodetic_temp_bias,-126.1,-3.313628564922095,5.574049499276345,11.297543472346437,2000-01-01_2020-01-01,True,
RGI60-13.53644,geodetic_temp_bias,-204.65888913841167,-2.2151322812626324,5.574049499276345,17.0,2000-01-01_2020-01-01,True,
RGI60-13.53645,geodetic_temp_bias,13.799999999999999,-3.313628564922095,5.574049499276345,8.384882527084017,2000-01-01_2020-01-01,True,
RGI60-13.53646,geodetic_temp_bias,464.3,-3.313628564922095,7.794609029701352,5.0,2000-01-01_2020-01-01,True,
RGI60-13.53647,geodetic_temp_bias,48.800000000000004,-2.525407226830221,8.084548893813785,4.327982805028095,2000-01-01_2020-01-01,True,
RGI60-13.53648,geodetic_temp_bias,-8.200000000000001,-2.525407226830221,8.084548893813785,4.4401425713591625,2000-01-01_2020-01-01,True,
RGI60-13.53649,geodetic_temp_bias,-161.39999999999998,-3.2205685521752887,5.574049499276345,17.0,2000-01-01_2020-01-01,True,
RGI60-13.53650,geodetic_temp_bias,116.4,-2.525407226830221,5.389699262542525,8.888876056835176,2000-01-01_2020-01-01,True,
RGI60-13.53651,geodetic_temp_bias,125.9,-2.525407226830221,8.084548893813785,3.508662268888745,2000-01-01_2020-01-01,True,
RGI60-13.53652,geodetic_temp_bias,153.9,-2.227298497885702,5.574049499276345,17.0,2000-01-01_2020-01-01,True,
RGI60-13.53653,geodetic_temp_bias,128.70000000000002,-3.313628564922095,5.574049499276345,16.3381763654993,2000-01-01_2020-01-01,True,
RGI60-13.53654,geodetic_temp_bias,181.2,-3.313628564922095,5.574049499276345,6.016721741195863,2000-01-01_2020-01-01,True,
RGI60-13.53655,geodetic_temp_bias,76.1,-2.525407226830221,5.882581655324451,5.0,2000-01-01_2020-01-01,True,
RGI60-13.53656,geodetic_temp_bias,-74.89999999999999,-2.1336513426715156,5.389699262542525,17.0,2000-01-01_2020-01-01,True,
RGI60-13.53657,geodetic_temp_bias,184.4,-2.525407226830221,5.623797428203396,5.0,2000-01-01_2020-01-01,True,
RGI60-13.53658,geodetic_temp_bias,120.80000000000001,-2.98920798697273,5.574049499276345,17.0,2000-01-01_2020-01-01,True,
RGI60-13.53659,geodetic_temp_bias,78.5,-3.313628564922095,5.574049499276345,12.76863044215719,2000-01-01_2020-01-01,True,
RGI60-13.53660,geodetic_temp_bias,111.19999999999999,-2.525407226830221,8.084548893813785,3.596414369408384,2000-01-01_2020-01-01,True,
RGI60-13.53661,geodetic_temp_bias,-114.3,-1.8801166097735362,5.389699262542525,17.0,2000-01-01_2020-01-01,True,
RGI60-13.53662,geodetic_temp_bias,36.0,-3.313628564922095,5.574049499276345,8.458189420574584,2000-01-01_2020-01-01,True,
RGI60-13.53663,geodetic_temp_bias,3.6,-2.525407226830221,5.389699262542525,5.24029567224148,2000-01-01_2020-01-01,True,
RGI60-13.53664,geodetic_temp_bias,-112.10000000000001,-2.525407226830221,5.389699262542525,12.893627535397911,2000-01-01_2020-01-01,True,
RGI60-13.53665,geodetic_temp_bias,77.10000000000001,-2.525407226830221,5.389699262542525,9.308083769061506,2000-01-01_2020-01-01,True,
RGI60-13.53666,geodetic_temp_bias,276.8,-2.525407226830221,5.672035156520175,5.0,2000-01-01_2020-01-01,True,
RGI60-13.53667,geodetic_temp_bias,69.4,-2.525407226830221,5.389699262542525,9.666430052314366,2000-01-01_2020-01-01,True,
RGI60-13.53668,geodetic_temp_bias,244.5,-2.525407226830221,8.084548893813785,2.860008967679781,2000-01-01_2020-01-01,True,
RGI60-13.53669,geodetic_temp_bias,-0.3,-2.525407226830221,5.389699262542525,7.337070307676214,2000-01-01_2020-01-01,True,
RGI60-13.53670,geodetic_temp_bias,104.2,-2.525407226830221,7.083249043821449,5.0,2000-01-01_2020-01-01,True,
RGI60-13.53671,geodetic_temp_bias,395.6,-2.8480175026362433,8.084548893813785,1.5,2000-01-01_2020-01-01,True,
RGI60-13.53672,geodetic_temp_bias,30.0,-0.978398032315609,5.389699262542525,17.0,2000-01-01_2020-01-01,True,
RGI60-13.53673,geodetic_temp_bias,-99.2,-2.525407226830221,5.389699262542525,11.427127845082321,2000-01-01_2020-01-01,True,
RGI60-13.53679,geodetic_temp_bias,158.4,-2.525407226830221,8.084548893813785,4.58261562541716,2000-01-01_2020-01-01,True,
RGI60-13.53682,geodetic_temp_bias,86.0,-4.780660063278595,5.562870610660167,7.11443756895557,2000-01-01_2020-01-01,True,
RGI60-13.53689,geodetic_temp_bias,108.10000000000001,-4.780660063278595,8.34430591599025,3.293680422274992,2000-01-01_2020-01-01,True,
RGI60-13.53696,geodetic_temp_bias,-155.0,-4.780660063278595,6.540956930506152,5.0,2000-01-01_2020-01-01,True,
RGI60-13.53720,geodetic_temp_bias,-87.7,-4.780660063278595,6.25366923329846,5.0,2000-01-01_2020-01-01,True,
RGI60-13.53756,geodetic_temp_bias,224.70000000000002,-3.581583897139613,7.7635592969131855,3.2957243463958648,2000-01-01_2020-01-01,True,
RGI60-13.53757,geodetic_temp_bias,90.39999999999999,-3.581583897139613,5.576093967003939,5.0,2000-01-01_2020-01-01,True,
RGI60-13.53758,geodetic_temp_bias,73.5,-3.581583897139613,7.32334487268649,5.0,2000-01-01_2020-01-01,True,
RGI60-13.53759,geodetic_temp_bias,225.1,-3.581583897139613,7.7635592969131855,3.3045105110139774,2000-01-01_2020-01-01,True,
RGI60-13.53760,geodetic_temp_bias,-934.0,-3.581583897139613,5.175706197942124,15.188997755305136,2000-01-01_2020-01-01,True,
RGI60-13.53761,geodetic_temp_bias,59.7,-3.581583897139613,7.7635592969131855,3.608189582525567,2000-01-01_2020-01-01,True,
RGI60-13.53762,geodetic_temp_bias,38.199999999999996,-3.581583897139613,5.266336541872405,5.0,2000-01-01_2020-01-01,True,
RGI60-13.53763,geodetic_temp_bias,-16.400000000000002,-1.7055456785722247,5.440661612252727,17.0,2000-01-01_2020-01-01,True,
RGI60-13.53764,geodetic_temp_bias,206.7,-3.1265870161654408,5.440661612252727,17.0,2000-01-01_2020-01-01,True,
RGI60-13.53765,geodetic_temp_bias,95.0,-3.3857672504494616,5.440661612252727,17.0,2000-01-01_2020-01-01,True,
RGI60-13.53766,geodetic_temp_bias,483.5,-3.9375749286182895,8.16099241837909,4.045728129630267,2000-01-01_2020-01-01,True,
RGI60-13.53767,geodetic_temp_bias,287.6,-3.9375749286182895,6.714305767902859,5.0,2000-01-01_2020-01-01,True,
RGI60-13.53768,geodetic_temp_bias,117.7,-3.9375749286182895,5.440661612252727,9.02597929514165,2000-01-01_2020-01-01,True,
RGI60-13.53769,geodetic_temp_bias,227.39999999999998,-3.9375749286182895,5.440661612252727,10.130421660287926,2000-01-01_2020-01-01,True,
RGI60-13.53770,geodetic_temp_bias,149.2,-3.9375749286182895,5.440661612252727,11.281055926999436,2000-01-01_2020-01-01,True,
RGI60-13.53771,geodetic_temp_bias,361.09999999999997,-3.9375749286182895,6.469579441688537,5.0,2000-01-01_2020-01-01,True,
RGI60-13.53789,geodetic_temp_bias,6.3,-2.665178818724684,4.877113947254263,17.0,2000-01-01_2020-01-01,True,
RGI60-13.53790,geodetic_temp_bias,240.9,-2.9747510696545936,5.121325189787719,5.0,2000-01-01_2020-01-01,True,
RGI60-13.53791,geodetic_temp_bias,160.20000000000002,-2.5029158897185053,6.429290685647844,2.905549681508683,2000-01-01_2020-01-01,True,
RGI60-13.53792,geodetic_temp_bias,52.699999999999996,-2.5029158897185053,6.429290685647844,4.838678477347011,2000-01-01_2020-01-01,True,
RGI60-13.53793,geodetic_temp_bias,58.4,-2.5029158897185053,4.286193790431897,5.901647756742056,2000-01-01_2020-01-01,True,
RGI60-13.53794,geodetic_temp_bias,48.599999999999994,-2.5029158897185053,6.429290685647844,2.9514127059410002,2000-01-01_2020-01-01,True,
RGI60-13.53795,geodetic_temp_bias,73.5,-3.4539759391642355,6.124413270918984,5.0,2000-01-01_2020-01-01,True,
RGI60-13.53796,geodetic_temp_bias,-89.7,-3.4539759391642355,4.530662530855855,5.6964829726892745,2000-01-01_2020-01-01,True,
RGI60-13.53797,geodetic_temp_bias,-98.0,-3.4539759391642355,4.530662530855855,7.303341859761007,2000-01-01_2020-01-01,True,
RGI60-13.53798,geodetic_temp_bias,111.9,-3.4539759391642355,6.795993796283781,4.926644552554105,2000-01-01_2020-01-01,True,
