RGI_ID,Year,Specific_MB
RGI60-13.44959,1901,1094.4077977750126
RGI60-13.44959,1902,705.4708698465068
RGI60-13.44959,1903,1018.4880904802205
RGI60-13.44959,1904,-342.5866675437082
RGI60-13.44959,1905,-68.39636914356328
RGI60-13.44959,1906,-439.54454263151536
RGI60-13.44959,1907,810.1358848514953
RGI60-13.44959,1908,256.5482353908243
RGI60-13.44959,1909,-607.4320374251723
RGI60-13.44959,1910,-302.92143028797796
RGI60-13.44959,1911,863.2502914924762
RGI60-13.44959,1912,322.9726603742701
RGI60-13.44959,1913,1012.9314922197084
RGI60-13.44959,1914,155.30498374835844
RGI60-13.44959,1915,-804.7596113619418
RGI60-13.44959,1916,-366.25288657725594
RGI60-13.44959,1917,-346.2693260757858
RGI60-13.44959,1918,-543.0795664767727
RGI60-13.44959,1919,1281.049666713578
RGI60-13.44959,1920,194.28060133937257
RGI60-13.44959,1921,266.87285056502606
RGI60-13.44959,1922,-503.7216888363279
RGI60-13.44959,1923,-614.8548576683833
RGI60-13.44959,1924,-519.5968945855305
RGI60-13.44959,1925,680.7092351387314
RGI60-13.44959,1926,694.8894887274306
RGI60-13.44959,1927,213.81920976223142
RGI60-13.44959,1928,628.8814272719884
RGI60-13.44959,1929,715.9343019555984
RGI60-13.44959,1930,1482.4761169052317
RGI60-13.44959,1931,-27.49539824367879
RGI60-13.44959,1932,759.084872417501
RGI60-13.44959,1933,-518.7686168638181
RGI60-13.44959,1934,846.5088656942906
RGI60-13.44959,1935,-580.1852289202899
RGI60-13.44959,1936,419.21927032181657
RGI60-13.44959,1937,726.6489879269282
RGI60-13.44959,1938,581.1348717459791
RGI60-13.44959,1939,146.6651851171665
RGI60-13.44959,1940,-295.223547032147
RGI60-13.44959,1941,545.4924330079803
RGI60-13.44959,1942,2611.3921865079546
RGI60-13.44959,1943,-879.6327758554688
RGI60-13.44959,1944,-740.2808065118926
RGI60-13.44959,1945,-1030.1356426649572
RGI60-13.44959,1946,1140.0843183976922
RGI60-13.44959,1947,347.99053240694855
RGI60-13.44959,1948,-507.7528280275279
RGI60-13.44959,1949,572.148220541776
RGI60-13.44959,1950,-624.5488368719036
RGI60-13.44959,1951,-336.1671116566041
RGI60-13.44959,1952,-18.4719486763307
RGI60-13.44959,1953,33.51306776686497
RGI60-13.44959,1954,597.0556327546717
RGI60-13.44959,1955,-458.40026218283117
RGI60-13.44959,1956,66.74358976021904
RGI60-13.44959,1957,-285.34110092993836
RGI60-13.44959,1958,782.4865786612228
RGI60-13.44959,1959,554.7594012560058
RGI60-13.44959,1960,405.97657674187025
RGI60-13.44959,1961,360.21716297811173
RGI60-13.44959,1962,-836.2992996644457
RGI60-13.44959,1963,65.04894570160675
RGI60-13.44959,1964,-182.70652903742345
RGI60-13.44959,1965,-638.9255469079388
RGI60-13.44959,1966,-104.02664476423615
RGI60-13.44959,1967,169.18054970813364
RGI60-13.44959,1968,-566.5950720593074
RGI60-13.44959,1969,575.8611488516761
RGI60-13.44959,1970,89.7422953609806
RGI60-13.44959,1971,360.44396167260635
RGI60-13.44959,1972,414.4703136641113
RGI60-13.44959,1973,-507.3684014159117
RGI60-13.44959,1974,-873.4848432843183
RGI60-13.44959,1975,-237.99295239182447
RGI60-13.44959,1976,392.92104672316964
RGI60-13.44959,1977,-661.2057566804588
RGI60-13.44959,1978,96.87136224801785
RGI60-13.44959,1979,817.6069653755985
RGI60-13.44959,1980,-105.81593113857673
RGI60-13.44959,1981,-151.57464240325348
RGI60-13.44959,1982,213.26306706583043
RGI60-13.44959,1983,-147.28843330644813
RGI60-13.44959,1984,238.03025915279557
RGI60-13.44959,1985,-450.2316791242926
RGI60-13.44959,1986,63.59394096946277
RGI60-13.44959,1987,-236.1334254984322
RGI60-13.44959,1988,706.7008050927118
RGI60-13.44959,1989,766.719146127282
RGI60-13.44959,1990,-237.90840173190784
RGI60-13.44959,1991,-310.8090293337948
RGI60-13.44959,1992,645.3733242620243
RGI60-13.44959,1993,803.6180007843712
RGI60-13.44959,1994,318.5208380608172
RGI60-13.44959,1995,-358.0231969406247
RGI60-13.44959,1996,-7.451419675073597
RGI60-13.44959,1997,-412.2730800816428
RGI60-13.44959,1998,-721.5315987367105
RGI60-13.44959,1999,-266.88879488874926
RGI60-13.44959,2000,-43.78177584134217
RGI60-13.44959,2001,-1110.8667709638617
RGI60-13.44959,2002,-638.9841054143936
RGI60-13.44959,2003,206.58615242296352
RGI60-13.44959,2004,-518.9605702741696
RGI60-13.44959,2005,-536.4411475745472
RGI60-13.44959,2006,-868.007503403931
RGI60-13.44959,2007,-754.9092406929328
RGI60-13.44959,2008,-1130.1168820930536
RGI60-13.44959,2009,-55.55594074295957
RGI60-13.44959,2010,-575.9677288082886
RGI60-13.44959,2011,-1026.8620871075104
RGI60-13.44959,2012,-979.2329710570436
RGI60-13.44959,2013,-58.32521772864576
RGI60-13.44959,2014,-3.0772713970196315
RGI60-13.44959,2015,52.59673727253023
RGI60-13.44959,2016,-771.0664858620921
RGI60-13.44959,2017,-722.8013772369006
RGI60-13.44959,2018,-644.451387740017
RGI60-13.44959,2019,104.22557424321285
RGI60-13.44971,1901,56.00249423687224
RGI60-13.44971,1902,-156.47295324003716
RGI60-13.44971,1903,343.63396609121077
RGI60-13.44971,1904,-871.8339310170913
RGI60-13.44971,1905,-546.5308873282905
RGI60-13.44971,1906,-930.9603454327022
RGI60-13.44971,1907,9.956864144955427
RGI60-13.44971,1908,-356.88677458943624
RGI60-13.44971,1909,-1184.9881118463663
RGI60-13.44971,1910,-755.0796041026188
RGI60-13.44971,1911,177.83069706382358
RGI60-13.44971,1912,-103.06560619160611
RGI60-13.44971,1913,241.02288167792295
RGI60-13.44971,1914,-330.5011402356957
RGI60-13.44971,1915,-1311.3360880531845
RGI60-13.44971,1916,-898.1187051182047
RGI60-13.44971,1917,-745.9350627271039
RGI60-13.44971,1918,-1031.440230275206
RGI60-13.44971,1919,510.9067709165651
RGI60-13.44971,1920,-422.1293981969369
RGI60-13.44971,1921,-327.83529928548654
RGI60-13.44971,1922,-927.2027132129333
RGI60-13.44971,1923,-1069.937233513963
RGI60-13.44971,1924,-885.7855183501165
RGI60-13.44971,1925,266.99327331277203
RGI60-13.44971,1926,145.96172312313962
RGI60-13.44971,1927,-422.3527836235852
RGI60-13.44971,1928,-2.6394834919750108
RGI60-13.44971,1929,11.295191110016118
RGI60-13.44971,1930,657.1845157007592
RGI60-13.44971,1931,-492.3800688012884
RGI60-13.44971,1932,107.01707314007234
RGI60-13.44971,1933,-959.5507634260306
RGI60-13.44971,1934,137.46765354330321
RGI60-13.44971,1935,-1082.0775563286752
RGI60-13.44971,1936,-10.35755725141454
RGI60-13.44971,1937,237.60219605270441
RGI60-13.44971,1938,83.71003162199625
RGI60-13.44971,1939,-398.6976881578132
RGI60-13.44971,1940,-680.7833905544354
RGI60-13.44971,1941,-325.6053184990557
RGI60-13.44971,1942,1039.6387574885434
RGI60-13.44971,1943,-1190.2707917967173
RGI60-13.44971,1944,-1128.8557850037905
RGI60-13.44971,1945,-1467.9950042958742
RGI60-13.44971,1946,443.9292712352229
RGI60-13.44971,1947,-29.19787884215492
RGI60-13.44971,1948,-959.6860677313947
RGI60-13.44971,1949,-211.949976111188
RGI60-13.44971,1950,-981.834733863683
RGI60-13.44971,1951,-575.5495267178607
RGI60-13.44971,1952,-426.1023125165509
RGI60-13.44971,1953,-373.334657790457
RGI60-13.44971,1954,308.7571647601534
RGI60-13.44971,1955,-780.8962926095459
RGI60-13.44971,1956,-186.82983497076359
RGI60-13.44971,1957,-508.86059709643973
RGI60-13.44971,1958,576.4772721504223
RGI60-13.44971,1959,378.4239032237037
RGI60-13.44971,1960,193.73329773949345
RGI60-13.44971,1961,10.078241081926874
RGI60-13.44971,1962,-1336.1692008946675
RGI60-13.44971,1963,-420.52250157709426
RGI60-13.44971,1964,-445.4316078145395
RGI60-13.44971,1965,-1056.5893306959435
RGI60-13.44971,1966,-759.0574744751312
RGI60-13.44971,1967,-305.3852714469403
RGI60-13.44971,1968,-876.8873014464286
RGI60-13.44971,1969,87.66139946732582
RGI60-13.44971,1970,-278.33802561144483
RGI60-13.44971,1971,-145.7641770841943
RGI60-13.44971,1972,119.5956597346487
RGI60-13.44971,1973,-854.1457969454707
RGI60-13.44971,1974,-1409.789323975884
RGI60-13.44971,1975,-718.040476547611
RGI60-13.44971,1976,-27.70050148314775
RGI60-13.44971,1977,-1094.420648827921
RGI60-13.44971,1978,-231.45684200454
RGI60-13.44971,1979,368.68231706265084
RGI60-13.44971,1980,-404.52677414351416
RGI60-13.44971,1981,-457.306925662949
RGI60-13.44971,1982,-234.77424592272658
RGI60-13.44971,1983,-420.9901748723138
RGI60-13.44971,1984,40.82930565745821
RGI60-13.44971,1985,-449.26489967507206
RGI60-13.44971,1986,-354.62132292299674
RGI60-13.44971,1987,-528.8179508138445
RGI60-13.44971,1988,372.7646262801707
RGI60-13.44971,1989,127.7102131515458
RGI60-13.44971,1990,-473.7033024630874
RGI60-13.44971,1991,-800.7438536866969
RGI60-13.44971,1992,350.511775669425
RGI60-13.44971,1993,540.4163543972938
RGI60-13.44971,1994,-247.94030226880443
RGI60-13.44971,1995,-686.2308922556039
RGI60-13.44971,1996,-297.5513275507903
RGI60-13.44971,1997,-864.9860125183383
RGI60-13.44971,1998,-1023.6350455866046
RGI60-13.44971,1999,-684.4485062230431
RGI60-13.44971,2000,-646.4242515257376
RGI60-13.44971,2001,-1380.648193740225
RGI60-13.44971,2002,-1007.9954457265119
RGI60-13.44971,2003,-3.6379891632357766
RGI60-13.44971,2004,-741.2300468106771
RGI60-13.44971,2005,-882.2342512963044
RGI60-13.44971,2006,-1120.0600627374663
RGI60-13.44971,2007,-964.8343449153857
RGI60-13.44971,2008,-1533.0365427149495
RGI60-13.44971,2009,-181.72593205065354
RGI60-13.44971,2010,-866.9587099821396
RGI60-13.44971,2011,-1212.8981944459294
RGI60-13.44971,2012,-1223.4617722675168
RGI60-13.44971,2013,-435.73416578941294
RGI60-13.44971,2014,-490.03459152476916
RGI60-13.44971,2015,-562.3657216788108
RGI60-13.44971,2016,-1143.3374334878715
RGI60-13.44971,2017,-1083.0682231664691
RGI60-13.44971,2018,-1013.8543001363007
RGI60-13.44971,2019,-714.4598268396649
RGI60-13.44973,1901,74.08175204475359
RGI60-13.44973,1902,-92.85118447495478
RGI60-13.44973,1903,332.3729928147426
RGI60-13.44973,1904,-828.9273433099071
RGI60-13.44973,1905,-522.6945318847978
RGI60-13.44973,1906,-875.1442970010269
RGI60-13.44973,1907,42.49546974064437
RGI60-13.44973,1908,-314.123538803888
RGI60-13.44973,1909,-1114.5286692245847
RGI60-13.44973,1910,-698.6436659493957
RGI60-13.44973,1911,168.42011705918992
RGI60-13.44973,1912,-123.25842756984837
RGI60-13.44973,1913,213.51040848300502
RGI60-13.44973,1914,-304.3519410691944
RGI60-13.44973,1915,-1212.5198136418437
RGI60-13.44973,1916,-836.7272164995012
RGI60-13.44973,1917,-719.4781331660265
RGI60-13.44973,1918,-936.632142931801
RGI60-13.44973,1919,527.0603426452903
RGI60-13.44973,1920,-360.9066486892509
RGI60-13.44973,1921,-279.9742310834179
RGI60-13.44973,1922,-869.3203865173394
RGI60-13.44973,1923,-974.239836740188
RGI60-13.44973,1924,-827.424052458981
RGI60-13.44973,1925,269.15593826493216
RGI60-13.44973,1926,126.88810822649916
RGI60-13.44973,1927,-348.3446586327196
RGI60-13.44973,1928,22.42181113493243
RGI60-13.44973,1929,7.694864366526593
RGI60-13.44973,1930,637.360336671652
RGI60-13.44973,1931,-421.6414891626169
RGI60-13.44973,1932,105.96847271270126
RGI60-13.44973,1933,-877.0445047572903
RGI60-13.44973,1934,115.45038197733386
RGI60-13.44973,1935,-980.9308467466632
RGI60-13.44973,1936,-30.290402507119413
RGI60-13.44973,1937,205.41303087130663
RGI60-13.44973,1938,91.44475196296047
RGI60-13.44973,1939,-344.23470071143754
RGI60-13.44973,1940,-615.3543016072543
RGI60-13.44973,1941,-259.0575343090932
RGI60-13.44973,1942,1066.476552848101
RGI60-13.44973,1943,-1117.4096333608466
RGI60-13.44973,1944,-1037.7627332963812
RGI60-13.44973,1945,-1378.7790097067377
RGI60-13.44973,1946,452.1976488781817
RGI60-13.44973,1947,-45.74968493104299
RGI60-13.44973,1948,-898.3200151078864
RGI60-13.44973,1949,-170.20408834518798
RGI60-13.44973,1950,-912.6736427965046
RGI60-13.44973,1951,-564.627078623277
RGI60-13.44973,1952,-348.4274933068202
RGI60-13.44973,1953,-355.9924388790194
RGI60-13.44973,1954,297.983051396121
RGI60-13.44973,1955,-687.515606460551
RGI60-13.44973,1956,-132.06312865329247
RGI60-13.44973,1957,-463.7054484211753
RGI60-13.44973,1958,558.1723997663793
RGI60-13.44973,1959,297.6172802826328
RGI60-13.44973,1960,180.43308569273844
RGI60-13.44973,1961,-3.8052910798419757
RGI60-13.44973,1962,-1235.3967873945405
RGI60-13.44973,1963,-397.9052318009002
RGI60-13.44973,1964,-401.57068541956187
RGI60-13.44973,1965,-990.4062907837699
RGI60-13.44973,1966,-689.482862911139
RGI60-13.44973,1967,-288.3338128633341
RGI60-13.44973,1968,-815.7608708139257
RGI60-13.44973,1969,90.834428143676
RGI60-13.44973,1970,-273.5332295118228
RGI60-13.44973,1971,-123.42960924606048
RGI60-13.44973,1972,83.52375493114228
RGI60-13.44973,1973,-790.0994751276285
RGI60-13.44973,1974,-1318.3018085319018
RGI60-13.44973,1975,-660.9846661556157
RGI60-13.44973,1976,-24.23606223884911
RGI60-13.44973,1977,-1015.5729071485648
RGI60-13.44973,1978,-225.03531407371324
RGI60-13.44973,1979,356.8293320632819
RGI60-13.44973,1980,-361.83598674536427
RGI60-13.44973,1981,-419.28097327836593
RGI60-13.44973,1982,-217.78849582901088
RGI60-13.44973,1983,-365.84779217847523
RGI60-13.44973,1984,41.70295609268845
RGI60-13.44973,1985,-419.6604318381998
RGI60-13.44973,1986,-302.2722441993057
RGI60-13.44973,1987,-432.1441180928021
RGI60-13.44973,1988,345.30750406528983
RGI60-13.44973,1989,143.94258555489787
RGI60-13.44973,1990,-429.967016481198
RGI60-13.44973,1991,-751.0632107012665
RGI60-13.44973,1992,316.7758563378733
RGI60-13.44973,1993,482.8060095419114
RGI60-13.44973,1994,-191.002056208793
RGI60-13.44973,1995,-623.9384676283759
RGI60-13.44973,1996,-242.86968593052546
RGI60-13.44973,1997,-801.2593449520593
RGI60-13.44973,1998,-886.6820712336228
RGI60-13.44973,1999,-608.4310641210647
RGI60-13.44973,2000,-559.8084022619972
RGI60-13.44973,2001,-1252.4890626657073
RGI60-13.44973,2002,-898.2361573849774
RGI60-13.44973,2003,-4.762480919034913
RGI60-13.44973,2004,-676.2518067376668
RGI60-13.44973,2005,-814.402090112082
RGI60-13.44973,2006,-1017.5809932947536
RGI60-13.44973,2007,-855.8416928929677
RGI60-13.44973,2008,-1430.9448633108225
RGI60-13.44973,2009,-145.10864470567108
RGI60-13.44973,2010,-781.7371219386745
RGI60-13.44973,2011,-1093.0979922149356
RGI60-13.44973,2012,-1100.9961170493589
RGI60-13.44973,2013,-377.3983674385496
RGI60-13.44973,2014,-426.2653799461294
RGI60-13.44973,2015,-471.64494746378745
RGI60-13.44973,2016,-1049.3905536915738
RGI60-13.44973,2017,-973.3237694623739
RGI60-13.44973,2018,-881.099420178111
RGI60-13.44973,2019,-635.6201363308337
RGI60-13.44974,1901,343.50000710751664
RGI60-13.44974,1902,227.7934015407431
RGI60-13.44974,1903,578.6301327126237
RGI60-13.44974,1904,-526.0185016104277
RGI60-13.44974,1905,-237.29622803316178
RGI60-13.44974,1906,-576.3292657077797
RGI60-13.44974,1907,313.51619984889004
RGI60-13.44974,1908,-45.68787489113201
RGI60-13.44974,1909,-787.0171853638936
RGI60-13.44974,1910,-420.8256323310057
RGI60-13.44974,1911,456.95105537801436
RGI60-13.44974,1912,116.24836223032982
RGI60-13.44974,1913,492.16502977143
RGI60-13.44974,1914,-19.16643993581536
RGI60-13.44974,1915,-911.855224132216
RGI60-13.44974,1916,-550.3000083977408
RGI60-13.44974,1917,-449.6097862441823
RGI60-13.44974,1918,-640.599632318335
RGI60-13.44974,1919,801.2942765497536
RGI60-13.44974,1920,-43.71497073937876
RGI60-13.44974,1921,-3.8679616653691475
RGI60-13.44974,1922,-603.9333617220076
RGI60-13.44974,1923,-659.8361040112148
RGI60-13.44974,1924,-552.0126008492532
RGI60-13.44974,1925,479.14133793863624
RGI60-13.44974,1926,374.33467948648826
RGI60-13.44974,1927,-107.35471738881797
RGI60-13.44974,1928,309.3439433952486
RGI60-13.44974,1929,261.84483052798555
RGI60-13.44974,1930,886.7544482224604
RGI60-13.44974,1931,-116.62286983923528
RGI60-13.44974,1932,300.63661301584773
RGI60-13.44974,1933,-598.2506037577191
RGI60-13.44974,1934,398.0268276216254
RGI60-13.44974,1935,-675.9530607694138
RGI60-13.44974,1936,202.74719844520186
RGI60-13.44974,1937,428.5096315904924
RGI60-13.44974,1938,310.5870861673142
RGI60-13.44974,1939,-28.89321614436816
RGI60-13.44974,1940,-275.3023484027965
RGI60-13.44974,1941,66.22741154106033
RGI60-13.44974,1942,1415.104598216612
RGI60-13.44974,1943,-820.8677631344733
RGI60-13.44974,1944,-730.1137607763051
RGI60-13.44974,1945,-1008.9635689533661
RGI60-13.44974,1946,659.0566827214806
RGI60-13.44974,1947,193.3821141977638
RGI60-13.44974,1948,-595.0348422132383
RGI60-13.44974,1949,143.41417765774034
RGI60-13.44974,1950,-613.3029409641517
RGI60-13.44974,1951,-231.07113228029903
RGI60-13.44974,1952,-115.58341858388819
RGI60-13.44974,1953,9.514929103868424
RGI60-13.44974,1954,514.8745346656827
RGI60-13.44974,1955,-371.9169431224169
RGI60-13.44974,1956,87.30651938748005
RGI60-13.44974,1957,-160.38680786939835
RGI60-13.44974,1958,740.3906413030588
RGI60-13.44974,1959,618.8834296566229
RGI60-13.44974,1960,380.458953767174
RGI60-13.44974,1961,254.65168126012975
RGI60-13.44974,1962,-900.3362337614814
RGI60-13.44974,1963,-104.91249975423392
RGI60-13.44974,1964,-124.49644070087163
RGI60-13.44974,1965,-661.2745663132996
RGI60-13.44974,1966,-339.60252526295784
RGI60-13.44974,1967,-33.86520527049211
RGI60-13.44974,1968,-526.7180153633609
RGI60-13.44974,1969,311.77197374422843
RGI60-13.44974,1970,-0.02878019992468763
RGI60-13.44974,1971,165.16197926914572
RGI60-13.44974,1972,359.5793231042738
RGI60-13.44974,1973,-496.99783701175505
RGI60-13.44974,1974,-952.2585688400547
RGI60-13.44974,1975,-376.84676927042426
RGI60-13.44974,1976,259.8653832706581
RGI60-13.44974,1977,-672.8294531069613
RGI60-13.44974,1978,55.56590288046693
RGI60-13.44974,1979,613.4738707502275
RGI60-13.44974,1980,-112.96215990104481
RGI60-13.44974,1981,-148.28652407163025
RGI60-13.44974,1982,93.22170835053949
RGI60-13.44974,1983,-126.21378097846444
RGI60-13.44974,1984,300.48546486474635
RGI60-13.44974,1985,-183.7334870085659
RGI60-13.44974,1986,-48.076260842955584
RGI60-13.44974,1987,-194.65664701720806
RGI60-13.44974,1988,619.3049967812582
RGI60-13.44974,1989,390.9079630937883
RGI60-13.44974,1990,-142.65759056829813
RGI60-13.44974,1991,-420.9099595751711
RGI60-13.44974,1992,568.9874978821954
RGI60-13.44974,1993,724.7699338610038
RGI60-13.44974,1994,113.73408363336843
RGI60-13.44974,1995,-333.8526170629248
RGI60-13.44974,1996,20.009935694699596
RGI60-13.44974,1997,-475.8283028185191
RGI60-13.44974,1998,-575.5586583145487
RGI60-13.44974,1999,-249.4034021614437
RGI60-13.44974,2000,-249.91583970262943
RGI60-13.44974,2001,-914.9573133909695
RGI60-13.44974,2002,-521.1391244734915
RGI60-13.44974,2003,303.93618693544676
RGI60-13.44974,2004,-348.0052629065788
RGI60-13.44974,2005,-453.45839475912805
RGI60-13.44974,2006,-683.6461286181208
RGI60-13.44974,2007,-541.9677335147192
RGI60-13.44974,2008,-1035.5432624465197
RGI60-13.44974,2009,132.90623775200385
RGI60-13.44974,2010,-444.41312888880043
RGI60-13.44974,2011,-771.4129009388804
RGI60-13.44974,2012,-765.0549136581147
RGI60-13.44974,2013,-86.23123380538436
RGI60-13.44974,2014,-103.60476786066835
RGI60-13.44974,2015,-103.68076687686481
RGI60-13.44974,2016,-651.1231841850449
RGI60-13.44974,2017,-605.0757896639811
RGI60-13.44974,2018,-561.8354871920479
RGI60-13.44974,2019,-269.77719180550474
RGI60-13.44975,1901,-35.1603171759577
RGI60-13.44975,1902,-202.3314065203654
RGI60-13.44975,1903,194.4483524280969
RGI60-13.44975,1904,-934.0009362509865
RGI60-13.44975,1905,-635.2468477259592
RGI60-13.44975,1906,-979.7451006845238
RGI60-13.44975,1907,-48.32859393682463
RGI60-13.44975,1908,-401.5461523907929
RGI60-13.44975,1909,-1189.873601923656
RGI60-13.44975,1910,-786.1033937655295
RGI60-13.44975,1911,18.193831625862938
RGI60-13.44975,1912,-266.74116084029464
RGI60-13.44975,1913,60.987126986905295
RGI60-13.44975,1914,-422.14511425751175
RGI60-13.44975,1915,-1272.7409964800122
RGI60-13.44975,1916,-931.3261871333556
RGI60-13.44975,1917,-839.5110376626257
RGI60-13.44975,1918,-996.4092168348658
RGI60-13.44975,1919,410.95428321960384
RGI60-13.44975,1920,-459.8234574273827
RGI60-13.44975,1921,-364.17527640268867
RGI60-13.44975,1922,-958.45896778922
RGI60-13.44975,1923,-1022.0960437097225
RGI60-13.44975,1924,-871.0349328258171
RGI60-13.44975,1925,158.78890674129215
RGI60-13.44975,1926,-9.290078989991587
RGI60-13.44975,1927,-388.3586140022952
RGI60-13.44975,1928,-96.73162570724008
RGI60-13.44975,1929,-130.3134804454512
RGI60-13.44975,1930,504.54967153436553
RGI60-13.44975,1931,-505.96880164513396
RGI60-13.44975,1932,25.26603629879636
RGI60-13.44975,1933,-935.6323918928883
RGI60-13.44975,1934,-53.35905389098127
RGI60-13.44975,1935,-1046.3212372319615
RGI60-13.44975,1936,-155.63288946388462
RGI60-13.44975,1937,86.61790925853451
RGI60-13.44975,1938,-16.073179498891957
RGI60-13.44975,1939,-431.20074583788676
RGI60-13.44975,1940,-707.4169882779805
RGI60-13.44975,1941,-352.79739724787834
RGI60-13.44975,1942,925.9527682384536
RGI60-13.44975,1943,-1150.697166879503
RGI60-13.44975,1944,-1095.1877301900608
RGI60-13.44975,1945,-1445.8162594541348
RGI60-13.44975,1946,347.25773425008094
RGI60-13.44975,1947,-163.6855567768364
RGI60-13.44975,1948,-941.4070509267062
RGI60-13.44975,1949,-268.464011438896
RGI60-13.44975,1950,-995.4876728751531
RGI60-13.44975,1951,-713.519832747565
RGI60-13.44975,1952,-394.80417436979064
RGI60-13.44975,1953,-506.2669156797602
RGI60-13.44975,1954,178.05008651493728
RGI60-13.44975,1955,-756.834494776281
RGI60-13.44975,1956,-165.46110481079666
RGI60-13.44975,1957,-567.2317499260073
RGI60-13.44975,1958,466.38692199464094
RGI60-13.44975,1959,84.34067352085792
RGI60-13.44975,1960,58.671784940567065
RGI60-13.44975,1961,-146.49246352406703
RGI60-13.44975,1962,-1303.2729126131785
RGI60-13.44975,1963,-521.812188602471
RGI60-13.44975,1964,-496.1160510665663
RGI60-13.44975,1965,-1091.2284915160103
RGI60-13.44975,1966,-801.8911990848522
RGI60-13.44975,1967,-419.3125789386011
RGI60-13.44975,1968,-912.919610560421
RGI60-13.44975,1969,-22.264100387254814
RGI60-13.44975,1970,-391.94971156989146
RGI60-13.44975,1971,-253.6887179779117
RGI60-13.44975,1972,-94.875056462339
RGI60-13.44975,1973,-862.7418474127193
RGI60-13.44975,1974,-1387.6199445349428
RGI60-13.44975,1975,-739.9914294267495
RGI60-13.44975,1976,-163.34407079519758
RGI60-13.44975,1977,-1103.124882600405
RGI60-13.44975,1978,-345.87119722526336
RGI60-13.44975,1979,224.909838696772
RGI60-13.44975,1980,-427.0985370046081
RGI60-13.44975,1981,-521.48113394685
RGI60-13.44975,1982,-356.71618477601965
RGI60-13.44975,1983,-420.12939312228946
RGI60-13.44975,1984,-65.65642107396572
RGI60-13.44975,1985,-489.9972676078941
RGI60-13.44975,1986,-354.2640745838407
RGI60-13.44975,1987,-435.7511407115674
RGI60-13.44975,1988,193.34043735498392
RGI60-13.44975,1989,44.19701938031782
RGI60-13.44975,1990,-535.3969850487983
RGI60-13.44975,1991,-860.5747302858437
RGI60-13.44975,1992,159.45208934928806
RGI60-13.44975,1993,313.5817864376389
RGI60-13.44975,1994,-289.36230208908773
RGI60-13.44975,1995,-716.7424988180007
RGI60-13.44975,1996,-351.95510628808677
RGI60-13.44975,1997,-911.8940631446626
RGI60-13.44975,1998,-946.9261018784347
RGI60-13.44975,1999,-694.3227669694788
RGI60-13.44975,2000,-601.104112683952
RGI60-13.44975,2001,-1296.9689451806216
RGI60-13.44975,2002,-967.2948328686323
RGI60-13.44975,2003,-170.27445465261337
RGI60-13.44975,2004,-766.8806461000221
RGI60-13.44975,2005,-926.4020471057554
RGI60-13.44975,2006,-1071.7814350156414
RGI60-13.44975,2007,-926.332923746622
RGI60-13.44975,2008,-1483.6301490653666
RGI60-13.44975,2009,-245.64841969044042
RGI60-13.44975,2010,-849.4873343453623
RGI60-13.44975,2011,-1129.7615421080195
RGI60-13.44975,2012,-1132.4128845655534
RGI60-13.44975,2013,-474.59604954322947
RGI60-13.44975,2014,-515.0954574058109
RGI60-13.44975,2015,-550.7664411332407
RGI60-13.44975,2016,-1133.6356245700886
RGI60-13.44975,2017,-1035.0465359289594
RGI60-13.44975,2018,-913.5895563702563
RGI60-13.44975,2019,-711.2906079198006
RGI60-13.44986,1901,1334.7828070657704
RGI60-13.44986,1902,1273.0071710682203
RGI60-13.44986,1903,1313.9560761429086
RGI60-13.44986,1904,401.9120393418072
RGI60-13.44986,1905,593.2984235752369
RGI60-13.44986,1906,444.10638470809727
RGI60-13.44986,1907,1115.6390188280766
RGI60-13.44986,1908,727.7217039940014
RGI60-13.44986,1909,19.144166238664372
RGI60-13.44986,1910,376.9185759214861
RGI60-13.44986,1911,1227.8419434587747
RGI60-13.44986,1912,702.0630266223285
RGI60-13.44986,1913,1352.0983738689085
RGI60-13.44986,1914,694.3831749682897
RGI60-13.44986,1915,106.16477503411696
RGI60-13.44986,1916,395.28973639660677
RGI60-13.44986,1917,396.47775196366683
RGI60-13.44986,1918,143.92048205055875
RGI60-13.44986,1919,1454.1446367309602
RGI60-13.44986,1920,900.2480449686487
RGI60-13.44986,1921,719.0371995973061
RGI60-13.44986,1922,234.9981123222194
RGI60-13.44986,1923,-25.347359148164166
RGI60-13.44986,1924,-120.86695107150825
RGI60-13.44986,1925,928.4851747912505
RGI60-13.44986,1926,1039.204237113614
RGI60-13.44986,1927,478.32807022018756
RGI60-13.44986,1928,1006.8566356004812
RGI60-13.44986,1929,1018.8151547943065
RGI60-13.44986,1930,1504.0001261509908
RGI60-13.44986,1931,719.0526877391006
RGI60-13.44986,1932,741.2328421009411
RGI60-13.44986,1933,73.40262057026744
RGI60-13.44986,1934,1248.5569557156207
RGI60-13.44986,1935,288.10447297162943
RGI60-13.44986,1936,689.195543937254
RGI60-13.44986,1937,874.5755418020797
RGI60-13.44986,1938,896.4252797456782
RGI60-13.44986,1939,527.1189030464658
RGI60-13.44986,1940,337.4427874428722
RGI60-13.44986,1941,1216.856031118648
RGI60-13.44986,1942,2723.6788360419305
RGI60-13.44986,1943,-430.2131324899663
RGI60-13.44986,1944,16.649834996550542
RGI60-13.44986,1945,-210.36025948137512
RGI60-13.44986,1946,1135.9650141514628
RGI60-13.44986,1947,709.8284196758152
RGI60-13.44986,1948,-186.40347117028327
RGI60-13.44986,1949,845.3797800944221
RGI60-13.44986,1950,-18.635972687426943
RGI60-13.44986,1951,413.2022023791337
RGI60-13.44986,1952,379.74922667833
RGI60-13.44986,1953,568.2627666496378
RGI60-13.44986,1954,976.0702488038606
RGI60-13.44986,1955,416.49164095228986
RGI60-13.44986,1956,161.91335353757154
RGI60-13.44986,1957,548.0951402424715
RGI60-13.44986,1958,889.9815028740653
RGI60-13.44986,1959,1029.5649637043314
RGI60-13.44986,1960,737.059341308441
RGI60-13.44986,1961,711.3603435422664
RGI60-13.44986,1962,-40.38341517615881
RGI60-13.44986,1963,629.7251317407707
RGI60-13.44986,1964,422.75381645768266
RGI60-13.44986,1965,130.8262990236216
RGI60-13.44986,1966,679.0553767996154
RGI60-13.44986,1967,674.9216524864298
RGI60-13.44986,1968,183.75391048451763
RGI60-13.44986,1969,860.5815605871384
RGI60-13.44986,1970,742.8672886880215
RGI60-13.44986,1971,1084.1474961774964
RGI60-13.44986,1972,893.6884239170998
RGI60-13.44986,1973,75.91595327138496
RGI60-13.44986,1974,-152.79417120086174
RGI60-13.44986,1975,321.2594505866292
RGI60-13.44986,1976,895.7235870351766
RGI60-13.44986,1977,108.55119181386108
RGI60-13.44986,1978,442.86822851490246
RGI60-13.44986,1979,1077.6207181712582
RGI60-13.44986,1980,263.846161544512
RGI60-13.44986,1981,589.3223730615991
RGI60-13.44986,1982,893.7019805204413
RGI60-13.44986,1983,184.21213207277492
RGI60-13.44986,1984,512.471362661291
RGI60-13.44986,1985,-34.22174395235813
RGI60-13.44986,1986,258.22961115803474
RGI60-13.44986,1987,108.75933477117289
RGI60-13.44986,1988,996.4551775801402
RGI60-13.44986,1989,1049.4235158307101
RGI60-13.44986,1990,534.6944205286751
RGI60-13.44986,1991,482.61471976576746
RGI60-13.44986,1992,1020.5927760689792
RGI60-13.44986,1993,1078.9360065711996
RGI60-13.44986,1994,833.1226133080105
RGI60-13.44986,1995,367.667236938198
RGI60-13.44986,1996,769.6767270185297
RGI60-13.44986,1997,323.6444118294945
RGI60-13.44986,1998,335.9406282585594
RGI60-13.44986,1999,375.5870744390467
RGI60-13.44986,2000,247.23841066443197
RGI60-13.44986,2001,-360.2246265961817
RGI60-13.44986,2002,138.3438317069397
RGI60-13.44986,2003,926.8262850895259
RGI60-13.44986,2004,269.1655055625374
RGI60-13.44986,2005,147.77965858368728
RGI60-13.44986,2006,-121.44475914233301
RGI60-13.44986,2007,238.86877801312144
RGI60-13.44986,2008,-365.5620732172625
RGI60-13.44986,2009,456.84438280136783
RGI60-13.44986,2010,103.59105725129064
RGI60-13.44986,2011,-312.9980691764522
RGI60-13.44986,2012,-157.76318197350747
RGI60-13.44986,2013,605.4576753809573
RGI60-13.44986,2014,615.8206152775732
RGI60-13.44986,2015,479.38184039269595
RGI60-13.44986,2016,306.7190495829481
RGI60-13.44986,2017,-96.91868711417031
RGI60-13.44986,2018,105.60451917589015
RGI60-13.44986,2019,411.2697877369317
RGI60-13.44990,1901,1584.1130776965178
RGI60-13.44990,1902,1414.4517496835495
RGI60-13.44990,1903,1569.345051701488
RGI60-13.44990,1904,377.48838488943494
RGI60-13.44990,1905,611.1159149411468
RGI60-13.44990,1906,330.68426597560455
RGI60-13.44990,1907,1294.431963229041
RGI60-13.44990,1908,777.36953199727
RGI60-13.44990,1909,-22.919239902217807
RGI60-13.44990,1910,328.955908822062
RGI60-13.44990,1911,1471.5364400244657
RGI60-13.44990,1912,833.8955524056474
RGI60-13.44990,1913,1600.5063490440011
RGI60-13.44990,1914,762.2147569809723
RGI60-13.44990,1915,-99.20117576425415
RGI60-13.44990,1916,311.74953212596813
RGI60-13.44990,1917,306.0237003617973
RGI60-13.44990,1918,50.461579870378195
RGI60-13.44990,1919,1748.5072239988358
RGI60-13.44990,1920,934.1147300066467
RGI60-13.44990,1921,781.4019573301223
RGI60-13.44990,1922,149.94237962630612
RGI60-13.44990,1923,-84.45413439142517
RGI60-13.44990,1924,-153.80407022091984
RGI60-13.44990,1925,1093.2493615640617
RGI60-13.44990,1926,1213.593378221989
RGI60-13.44990,1927,580.9395792922651
RGI60-13.44990,1928,1194.9043907338164
RGI60-13.44990,1929,1260.9433503572775
RGI60-13.44990,1930,1893.9581199079664
RGI60-13.44990,1931,674.6492064895316
RGI60-13.44990,1932,959.1577585943613
RGI60-13.44990,1933,32.12479827369154
RGI60-13.44990,1934,1513.304850368046
RGI60-13.44990,1935,134.3910681827516
RGI60-13.44990,1936,841.9811702565856
RGI60-13.44990,1937,1078.5240713599417
RGI60-13.44990,1938,1037.5000417283838
RGI60-13.44990,1939,669.526960686016
RGI60-13.44990,1940,373.4177998703621
RGI60-13.44990,1941,1323.19364248331
RGI60-13.44990,1942,3336.338980302673
RGI60-13.44990,1943,-500.3736489383837
RGI60-13.44990,1944,-118.89558800247491
RGI60-13.44990,1945,-377.5050123371403
RGI60-13.44990,1946,1463.7877469180519
RGI60-13.44990,1947,805.1281117109131
RGI60-13.44990,1948,-93.33805833815642
RGI60-13.44990,1949,1115.1121231137938
RGI60-13.44990,1950,-75.53598153664002
RGI60-13.44990,1951,376.3399059176339
RGI60-13.44990,1952,399.06370727383995
RGI60-13.44990,1953,678.6452619674702
RGI60-13.44990,1954,1116.0102779842528
RGI60-13.44990,1955,279.962846226739
RGI60-13.44990,1956,334.9302338712498
RGI60-13.44990,1957,456.13378678045524
RGI60-13.44990,1958,1091.3635769368734
RGI60-13.44990,1959,1235.036836524274
RGI60-13.44990,1960,803.676542457725
RGI60-13.44990,1961,882.0861114129287
RGI60-13.44990,1962,-215.5560251467769
RGI60-13.44990,1963,689.1561305571222
RGI60-13.44990,1964,409.2596162182584
RGI60-13.44990,1965,12.641866525357928
RGI60-13.44990,1966,642.3459951207365
RGI60-13.44990,1967,737.7353383958352
RGI60-13.44990,1968,88.38446377891201
RGI60-13.44990,1969,1017.3486995389945
RGI60-13.44990,1970,792.348612346916
RGI60-13.44990,1971,1216.3857965572165
RGI60-13.44990,1972,1050.5933774725895
RGI60-13.44990,1973,65.00248324982459
RGI60-13.44990,1974,-194.11957298737084
RGI60-13.44990,1975,294.80649771337215
RGI60-13.44990,1976,1045.72412067848
RGI60-13.44990,1977,21.970495883402975
RGI60-13.44990,1978,582.1184029218658
RGI60-13.44990,1979,1283.7529811858133
RGI60-13.44990,1980,304.84102499299365
RGI60-13.44990,1981,488.07438250849685
RGI60-13.44990,1982,941.7442055328344
RGI60-13.44990,1983,206.43853080858153
RGI60-13.44990,1984,617.7750084827723
RGI60-13.44990,1985,-76.23096104394654
RGI60-13.44990,1986,366.45601985086904
RGI60-13.44990,1987,67.13734444604727
RGI60-13.44990,1988,1194.5431488313877
RGI60-13.44990,1989,1206.3157448992572
RGI60-13.44990,1990,453.1064482031055
RGI60-13.44990,1991,389.50261099619917
RGI60-13.44990,1992,1239.321011791091
RGI60-13.44990,1993,1342.9410468896274
RGI60-13.44990,1994,921.1599601531367
RGI60-13.44990,1995,277.1258106305066
RGI60-13.44990,1996,707.0268410106061
RGI60-13.44990,1997,320.514265705653
RGI60-13.44990,1998,71.97535844116474
RGI60-13.44990,1999,388.67119302889733
RGI60-13.44990,2000,294.32006136899486
RGI60-13.44990,2001,-541.9934720665996
RGI60-13.44990,2002,145.2772305329975
RGI60-13.44990,2003,980.638072153399
RGI60-13.44990,2004,194.13096975313542
RGI60-13.44990,2005,170.01781496757445
RGI60-13.44990,2006,-198.8302399421568
RGI60-13.44990,2007,-19.97004573914514
RGI60-13.44990,2008,-488.68314995552083
RGI60-13.44990,2009,490.9258311747619
RGI60-13.44990,2010,82.71164393902795
RGI60-13.44990,2011,-463.36056762071814
RGI60-13.44990,2012,-380.56936463891634
RGI60-13.44990,2013,598.0460183717024
RGI60-13.44990,2014,641.2234157338771
RGI60-13.44990,2015,684.4865077874608
RGI60-13.44990,2016,58.28343364175054
RGI60-13.44990,2017,-68.89332754090397
RGI60-13.44990,2018,-16.3249359572379
RGI60-13.44990,2019,584.5641040364942
RGI60-13.44992,1901,1528.6290833010455
RGI60-13.44992,1902,1246.0850362090675
RGI60-13.44992,1903,1475.2648425404948
RGI60-13.44992,1904,153.4080964780409
RGI60-13.44992,1905,379.06583085686236
RGI60-13.44992,1906,37.44939235194115
RGI60-13.44992,1907,1234.7836613355053
RGI60-13.44992,1908,655.5118816664312
RGI60-13.44992,1909,-164.83081087104048
RGI60-13.44992,1910,112.83147738254989
RGI60-13.44992,1911,1382.164807948408
RGI60-13.44992,1912,718.5115744241745
RGI60-13.44992,1913,1535.982191538264
RGI60-13.44992,1914,614.9723262921625
RGI60-13.44992,1915,-389.65168531376503
RGI60-13.44992,1916,67.43739857226099
RGI60-13.44992,1917,75.70912149980724
RGI60-13.44992,1918,-144.83521330193946
RGI60-13.44992,1919,1736.9719203281622
RGI60-13.44992,1920,718.4054127999336
RGI60-13.44992,1921,661.6599431324386
RGI60-13.44992,1922,-95.40517969221771
RGI60-13.44992,1923,-175.10425910285804
RGI60-13.44992,1924,-162.32553717704982
RGI60-13.44992,1925,1035.622889771465
RGI60-13.44992,1926,1127.1420108241123
RGI60-13.44992,1927,562.5394655523627
RGI60-13.44992,1928,1118.1235812508266
RGI60-13.44992,1929,1168.2362128066293
RGI60-13.44992,1930,1920.6039663058486
RGI60-13.44992,1931,444.405931207499
RGI60-13.44992,1932,1026.3122427747915
RGI60-13.44992,1933,-140.02984065741563
RGI60-13.44992,1934,1382.3936130981385
RGI60-13.44992,1935,-130.94405221810442
RGI60-13.44992,1936,789.2957423400044
RGI60-13.44992,1937,1086.4473348903243
RGI60-13.44992,1938,982.9507494353696
RGI60-13.44992,1939,619.7291780869621
RGI60-13.44992,1940,224.00963073040185
RGI60-13.44992,1941,1090.3391341122096
RGI60-13.44992,1942,3283.511918408005
RGI60-13.44992,1943,-505.71923383540087
RGI60-13.44992,1944,-313.3457561412304
RGI60-13.44992,1945,-541.5156564772491
RGI60-13.44992,1946,1504.9937168669624
RGI60-13.44992,1947,746.9687488002465
RGI60-13.44992,1948,-88.44133509146349
RGI60-13.44992,1949,1076.393517278662
RGI60-13.44992,1950,-201.56855065375316
RGI60-13.44992,1951,180.06656322240732
RGI60-13.44992,1952,311.97582182628656
RGI60-13.44992,1953,625.315672127676
RGI60-13.44992,1954,1009.7695190171146
RGI60-13.44992,1955,3.53936237025359
RGI60-13.44992,1956,399.5260545554679
RGI60-13.44992,1957,214.62078971879623
RGI60-13.44992,1958,1085.5922120224038
RGI60-13.44992,1959,1104.7257265991846
RGI60-13.44992,1960,741.2744770701961
RGI60-13.44992,1961,792.4428773396916
RGI60-13.44992,1962,-387.8416297592491
RGI60-13.44992,1963,529.8436306945744
RGI60-13.44992,1964,233.94714717144194
RGI60-13.44992,1965,-143.76273229327424
RGI60-13.44992,1966,381.29806123656886
RGI60-13.44992,1967,586.6828747201653
RGI60-13.44992,1968,-113.44495426536952
RGI60-13.44992,1969,918.8539246801482
RGI60-13.44992,1970,544.1897357158838
RGI60-13.44992,1971,885.262349576631
RGI60-13.44992,1972,902.6188652148795
RGI60-13.44992,1973,-85.00835557025107
RGI60-13.44992,1974,-347.84736576040865
RGI60-13.44992,1975,152.9473555046112
RGI60-13.44992,1976,886.2307263351895
RGI60-13.44992,1977,-185.2706909530159
RGI60-13.44992,1978,537.8720572360667
RGI60-13.44992,1979,1246.906579414708
RGI60-13.44992,1980,255.01101127246872
RGI60-13.44992,1981,283.44760240390804
RGI60-13.44992,1982,760.391801668696
RGI60-13.44992,1983,173.2669917435822
RGI60-13.44992,1984,618.8143360420827
RGI60-13.44992,1985,-132.1637287002554
RGI60-13.44992,1986,420.67559651270784
RGI60-13.44992,1987,54.694916807256824
RGI60-13.44992,1988,1152.189760933389
RGI60-13.44992,1989,1161.0330910054938
RGI60-13.44992,1990,210.78202715627145
RGI60-13.44992,1991,242.66130384659516
RGI60-13.44992,1992,1099.6694297738427
RGI60-13.44992,1993,1246.205887502231
RGI60-13.44992,1994,808.892960351386
RGI60-13.44992,1995,85.25162964519446
RGI60-13.44992,1996,377.6632900874501
RGI60-13.44992,1997,124.09919427032473
RGI60-13.44992,1998,-317.954802232342
RGI60-13.44992,1999,305.67528745246864
RGI60-13.44992,2000,358.06076682178826
RGI60-13.44992,2001,-673.3931221719661
RGI60-13.44992,2002,-87.49728534337498
RGI60-13.44992,2003,731.5901598550646
RGI60-13.44992,2004,-2.6393597002257527
RGI60-13.44992,2005,17.10499504203812
RGI60-13.44992,2006,-397.4448329933055
RGI60-13.44992,2007,-328.6659928939792
RGI60-13.44992,2008,-594.6491736021271
RGI60-13.44992,2009,369.6368317037492
RGI60-13.44992,2010,-80.57123982243587
RGI60-13.44992,2011,-599.6412274688676
RGI60-13.44992,2012,-541.612834476172
RGI60-13.44992,2013,404.81509703264794
RGI60-13.44992,2014,513.5551127206545
RGI60-13.44992,2015,601.4429444296076
RGI60-13.44992,2016,-238.63036927946487
RGI60-13.44992,2017,-187.32428209018116
RGI60-13.44992,2018,-221.4712594404454
RGI60-13.44992,2019,659.3350716769847
RGI60-13.44993,1901,1168.8104145910713
RGI60-13.44993,1902,993.3951463059121
RGI60-13.44993,1903,1188.349108697274
RGI60-13.44993,1904,167.53127820642814
RGI60-13.44993,1905,358.822894698879
RGI60-13.44993,1906,115.78021991951765
RGI60-13.44993,1907,924.3979133638536
RGI60-13.44993,1908,495.91482351669003
RGI60-13.44993,1909,-195.69843835484818
RGI60-13.44993,1910,121.43569917757712
RGI60-13.44993,1911,1104.0152750133366
RGI60-13.44993,1912,616.5509887376688
RGI60-13.44993,1913,1208.9786810261542
RGI60-13.44993,1914,498.8855317045474
RGI60-13.44993,1915,-276.35302712016045
RGI60-13.44993,1916,95.49654512106952
RGI60-13.44993,1917,105.53954150939751
RGI60-13.44993,1918,-139.1173285736859
RGI60-13.44993,1919,1295.4723089837044
RGI60-13.44993,1920,598.9865575554169
RGI60-13.44993,1921,488.38880932747196
RGI60-13.44993,1922,-18.76101460250542
RGI60-13.44993,1923,-257.7935465462401
RGI60-13.44993,1924,-283.52791620784103
RGI60-13.44993,1925,808.9218034015246
RGI60-13.44993,1926,899.8723498134934
RGI60-13.44993,1927,315.90199356702317
RGI60-13.44993,1928,847.3115087596057
RGI60-13.44993,1929,945.309939133913
RGI60-13.44993,1930,1466.457369511579
RGI60-13.44993,1931,375.8844688836797
RGI60-13.44993,1932,688.6267007263749
RGI60-13.44993,1933,-142.0123908244917
RGI60-13.44993,1934,1147.950968345286
RGI60-13.44993,1935,-90.57134939018896
RGI60-13.44993,1936,615.2502022118853
RGI60-13.44993,1937,808.3045711982761
RGI60-13.44993,1938,746.722359959316
RGI60-13.44993,1939,377.33026086680786
RGI60-13.44993,1940,108.48549471225905
RGI60-13.44993,1941,900.1887656454091
RGI60-13.44993,1942,2554.8250647241525
RGI60-13.44993,1943,-596.3119657099252
RGI60-13.44993,1944,-291.77994203332213
RGI60-13.44993,1945,-534.7593144866264
RGI60-13.44993,1946,1107.8836767192572
RGI60-13.44993,1947,569.4218825228318
RGI60-13.44993,1948,-251.73659394300657
RGI60-13.44993,1949,753.8519462704174
RGI60-13.44993,1950,-229.882274352233
RGI60-13.44993,1951,158.91888599746292
RGI60-13.44993,1952,171.4858086764157
RGI60-13.44993,1953,398.51265511327387
RGI60-13.44993,1954,820.2835438124213
RGI60-13.44993,1955,23.542594184389596
RGI60-13.44993,1956,139.68753843482725
RGI60-13.44993,1957,217.64053142286653
RGI60-13.44993,1958,825.0901143704776
RGI60-13.44993,1959,930.5460746855894
RGI60-13.44993,1960,583.8997014473723
RGI60-13.44993,1961,641.9879682976388
RGI60-13.44993,1962,-382.63195526835665
RGI60-13.44993,1963,433.8328180549433
RGI60-13.44993,1964,196.93062612011502
RGI60-13.44993,1965,-164.82429978021506
RGI60-13.44993,1966,322.2117611926712
RGI60-13.44993,1967,507.2062936133374
RGI60-13.44993,1968,-80.13033582183155
RGI60-13.44993,1969,733.0828077890761
RGI60-13.44993,1970,531.7750442387978
RGI60-13.44993,1971,857.454595757963
RGI60-13.44993,1972,792.9266026874191
RGI60-13.44993,1973,-100.81740008479656
RGI60-13.44993,1974,-370.7172475083998
RGI60-13.44993,1975,83.85783443993473
RGI60-13.44993,1976,744.6176107883626
RGI60-13.44993,1977,-181.25961679062416
RGI60-13.44993,1978,358.7122612329295
RGI60-13.44993,1979,955.9352682504331
RGI60-13.44993,1980,113.97666980086242
RGI60-13.44993,1981,266.1075506847612
RGI60-13.44993,1982,633.5952392914704
RGI60-13.44993,1983,25.511276198495562
RGI60-13.44993,1984,406.08484149801865
RGI60-13.44993,1985,-181.9323667059547
RGI60-13.44993,1986,154.0941524355526
RGI60-13.44993,1987,-121.73987590623639
RGI60-13.44993,1988,890.8960930740565
RGI60-13.44993,1989,868.6623292467405
RGI60-13.44993,1990,225.0260123875115
RGI60-13.44993,1991,155.97002564811064
RGI60-13.44993,1992,942.7515501431992
RGI60-13.44993,1993,1032.6553318912727
RGI60-13.44993,1994,581.1284359531869
RGI60-13.44993,1995,64.00685549842797
RGI60-13.44993,1996,432.1533166008965
RGI60-13.44993,1997,76.22120091513034
RGI60-13.44993,1998,-188.66777785201148
RGI60-13.44993,1999,106.71722562878783
RGI60-13.44993,2000,36.75959159478826
RGI60-13.44993,2001,-691.1286246993263
RGI60-13.44993,2002,-138.83775093781128
RGI60-13.44993,2003,672.9536129957215
RGI60-13.44993,2004,-27.7129834552422
RGI60-13.44993,2005,-58.05576934383559
RGI60-13.44993,2006,-382.0918657112289
RGI60-13.44993,2007,-238.62109802857057
RGI60-13.44993,2008,-638.6308465366063
RGI60-13.44993,2009,265.88199790915303
RGI60-13.44993,2010,-144.04777860331674
RGI60-13.44993,2011,-607.2088141468461
RGI60-13.44993,2012,-549.7573227057072
RGI60-13.44993,2013,321.4561999845764
RGI60-13.44993,2014,344.7840027616218
RGI60-13.44993,2015,339.8010682755213
RGI60-13.44993,2016,-202.87459833978946
RGI60-13.44993,2017,-284.27169275234456
RGI60-13.44993,2018,-243.9147051430319
RGI60-13.44993,2019,265.5173768822697
RGI60-13.44996,1901,374.88746249235163
RGI60-13.44996,1902,94.97381927165408
RGI60-13.44996,1903,325.03434217082923
RGI60-13.44996,1904,-895.7233619082352
RGI60-13.44996,1905,-626.41836406568
RGI60-13.44996,1906,-904.3658135996112
RGI60-13.44996,1907,257.9280271576885
RGI60-13.44996,1908,-168.84231019589097
RGI60-13.44996,1909,-960.8688376575473
RGI60-13.44996,1910,-728.3222749435374
RGI60-13.44996,1911,160.80013671361183
RGI60-13.44996,1912,-374.0468522837493
RGI60-13.44996,1913,162.9341371868848
RGI60-13.44996,1914,-290.90889220390676
RGI60-13.44996,1915,-1105.0784178525737
RGI60-13.44996,1916,-765.8550202876586
RGI60-13.44996,1917,-756.4158993350869
RGI60-13.44996,1918,-760.2582579963761
RGI60-13.44996,1919,846.1754790175019
RGI60-13.44996,1920,-383.38721537672563
RGI60-13.44996,1921,-229.252969920482
RGI60-13.44996,1922,-875.2884694057583
RGI60-13.44996,1923,-810.3960339476199
RGI60-13.44996,1924,-702.9983576448512
RGI60-13.44996,1925,354.70061822146414
RGI60-13.44996,1926,126.87437927291482
RGI60-13.44996,1927,5.407861035639262
RGI60-13.44996,1928,152.54052438923415
RGI60-13.44996,1929,136.18671550550613
RGI60-13.44996,1930,766.7421082162583
RGI60-13.44996,1931,-220.81724359146205
RGI60-13.44996,1932,365.3748413677499
RGI60-13.44996,1933,-762.4983541875841
RGI60-13.44996,1934,55.65913715219871
RGI60-13.44996,1935,-837.4721632021356
RGI60-13.44996,1936,-121.96008013860181
RGI60-13.44996,1937,237.02782594465108
RGI60-13.44996,1938,115.26349665961806
RGI60-13.44996,1939,-115.5333250811789
RGI60-13.44996,1940,-555.6751337113249
RGI60-13.44996,1941,-106.8886390928326
RGI60-13.44996,1942,1750.9348313740932
RGI60-13.44996,1943,-917.6005256472168
RGI60-13.44996,1944,-897.0312183382986
RGI60-13.44996,1945,-1144.0266486391242
RGI60-13.44996,1946,607.9639753910091
RGI60-13.44996,1947,-132.55573465235608
RGI60-13.44996,1948,-693.547642399477
RGI60-13.44996,1949,63.95396294046042
RGI60-13.44996,1950,-853.9213077398337
RGI60-13.44996,1951,-763.8700870088328
RGI60-13.44996,1952,-224.82871780548604
RGI60-13.44996,1953,-415.9573948001026
RGI60-13.44996,1954,81.40797330452078
RGI60-13.44996,1955,-691.1213606050213
RGI60-13.44996,1956,-118.10677468239099
RGI60-13.44996,1957,-671.0492919576857
RGI60-13.44996,1958,397.28358637172914
RGI60-13.44996,1959,-83.20611199182952
RGI60-13.44996,1960,4.499790666978879
RGI60-13.44996,1961,-159.58904252193594
RGI60-13.44996,1962,-996.9233238490385
RGI60-13.44996,1963,-442.2127342070281
RGI60-13.44996,1964,-455.01917897434754
RGI60-13.44996,1965,-971.9695390400292
RGI60-13.44996,1966,-589.0387020819362
RGI60-13.44996,1967,-335.5614606992317
RGI60-13.44996,1968,-884.3181975848958
RGI60-13.44996,1969,2.3147603683915827
RGI60-13.44996,1970,-415.2006394237858
RGI60-13.44996,1971,-340.5251939344045
RGI60-13.44996,1972,-244.04946895760457
RGI60-13.44996,1973,-673.8472136176454
RGI60-13.44996,1974,-1163.5414430410053
RGI60-13.44996,1975,-547.9543350354089
RGI60-13.44996,1976,-198.3314432192389
RGI60-13.44996,1977,-940.3429017338316
RGI60-13.44996,1978,-330.44595590708957
RGI60-13.44996,1979,261.62737725380424
RGI60-13.44996,1980,-305.9037442333636
RGI60-13.44996,1981,-455.16025699867635
RGI60-13.44996,1982,-267.2109197673232
RGI60-13.44996,1983,-195.77731000587943
RGI60-13.44996,1984,-48.41100877150085
RGI60-13.44996,1985,-522.525913064111
RGI60-13.44996,1986,-182.1532913107659
RGI60-13.44996,1987,-171.66335160825184
RGI60-13.44996,1988,19.552528053502545
RGI60-13.44996,1989,153.76976405433757
RGI60-13.44996,1990,-695.1645064891859
RGI60-13.44996,1991,-761.8571323342144
RGI60-13.44996,1992,74.9044778069687
RGI60-13.44996,1993,111.9251925232135
RGI60-13.44996,1994,-141.47445569502833
RGI60-13.44996,1995,-599.8723025339071
RGI60-13.44996,1996,-393.9762971514009
RGI60-13.44996,1997,-801.6215649285683
RGI60-13.44996,1998,-781.5575440519721
RGI60-13.44996,1999,-624.561393647517
RGI60-13.44996,2000,-263.5856108423036
RGI60-13.44996,2001,-1083.976538205431
RGI60-13.44996,2002,-884.834676630498
RGI60-13.44996,2003,-252.87240236645198
RGI60-13.44996,2004,-787.3066802039144
RGI60-13.44996,2005,-857.5095292452055
RGI60-13.44996,2006,-994.870037953661
RGI60-13.44996,2007,-842.0980951707359
RGI60-13.44996,2008,-1171.7881961944
RGI60-13.44996,2009,-390.61663889374574
RGI60-13.44996,2010,-760.7229171852697
RGI60-13.44996,2011,-1010.0326325647633
RGI60-13.44996,2012,-943.7588294300654
RGI60-13.44996,2013,-416.72327792119285
RGI60-13.44996,2014,-406.4382769571771
RGI60-13.44996,2015,-311.5677970878261
RGI60-13.44996,2016,-978.2266672037114
RGI60-13.44996,2017,-811.4268784879292
RGI60-13.44996,2018,-616.3133094590288
RGI60-13.44996,2019,-259.33100799671496
RGI60-13.45274,1901,-34.60244862133207
RGI60-13.45274,1902,1.107539954437606
RGI60-13.45274,1903,217.27184890259977
RGI60-13.45274,1904,-840.9774619791815
RGI60-13.45274,1905,-579.5879554028735
RGI60-13.45274,1906,-922.5571053442346
RGI60-13.45274,1907,39.573647162204544
RGI60-13.45274,1908,-275.13795351900313
RGI60-13.45274,1909,-1137.5893352829241
RGI60-13.45274,1910,-702.779481506078
RGI60-13.45274,1911,177.7458604568675
RGI60-13.45274,1912,-218.06389002779483
RGI60-13.45274,1913,164.31753478772842
RGI60-13.45274,1914,-254.21802017676495
RGI60-13.45274,1915,-1148.2880303325796
RGI60-13.45274,1916,-781.9043247231964
RGI60-13.45274,1917,-699.2924615086763
RGI60-13.45274,1918,-852.1569414136698
RGI60-13.45274,1919,620.1364755870811
RGI60-13.45274,1920,-293.6705385381988
RGI60-13.45274,1921,-292.9885195253478
RGI60-13.45274,1922,-868.6251099780665
RGI60-13.45274,1923,-851.78152254395
RGI60-13.45274,1924,-740.2054152626265
RGI60-13.45274,1925,305.13829690121986
RGI60-13.45274,1926,119.17455941072042
RGI60-13.45274,1927,-223.98854814044742
RGI60-13.45274,1928,33.505177879113575
RGI60-13.45274,1929,54.92749702112317
RGI60-13.45274,1930,554.699569706366
RGI60-13.45274,1931,-243.84134273480004
RGI60-13.45274,1932,2.484960372396581
RGI60-13.45274,1933,-766.4691842146406
RGI60-13.45274,1934,2.544391744490901
RGI60-13.45274,1935,-817.399863099551
RGI60-13.45274,1936,-116.47722350085753
RGI60-13.45274,1937,146.3911381284761
RGI60-13.45274,1938,115.14442305027407
RGI60-13.45274,1939,-311.3879904185713
RGI60-13.45274,1940,-476.2487212331325
RGI60-13.45274,1941,-202.7767531378089
RGI60-13.45274,1942,1330.3927387719
RGI60-13.45274,1943,-963.4804770808739
RGI60-13.45274,1944,-896.7562747924558
RGI60-13.45274,1945,-1246.5475527815354
RGI60-13.45274,1946,392.9672475959873
RGI60-13.45274,1947,-116.95208979684416
RGI60-13.45274,1948,-792.8597892656621
RGI60-13.45274,1949,-71.32304548660895
RGI60-13.45274,1950,-898.2002431679463
RGI60-13.45274,1951,-561.4192264652416
RGI60-13.45274,1952,-170.70250476618781
RGI60-13.45274,1953,-117.3759179574426
RGI60-13.45274,1954,266.41517304257303
RGI60-13.45274,1955,-510.42301714862975
RGI60-13.45274,1956,-66.44350710804919
RGI60-13.45274,1957,-386.11767847541535
RGI60-13.45274,1958,681.0340412414125
RGI60-13.45274,1959,381.2458362041607
RGI60-13.45274,1960,243.76559286285777
RGI60-13.45274,1961,-61.16855766857614
RGI60-13.45274,1962,-1132.6492515982898
RGI60-13.45274,1963,-387.76902913643244
RGI60-13.45274,1964,-289.25584918239457
RGI60-13.45274,1965,-920.3508215212673
RGI60-13.45274,1966,-578.5340685874949
RGI60-13.45274,1967,-364.38218551645593
RGI60-13.45274,1968,-747.766635066711
RGI60-13.45274,1969,-61.871028458638925
RGI60-13.45274,1970,-213.44470811503768
RGI60-13.45274,1971,-129.4025658858872
RGI60-13.45274,1972,20.263325136606984
RGI60-13.45274,1973,-656.7757867441563
RGI60-13.45274,1974,-1294.197610809653
RGI60-13.45274,1975,-605.3634680498193
RGI60-13.45274,1976,40.51187863887129
RGI60-13.45274,1977,-873.795367422085
RGI60-13.45274,1978,-172.08382677850864
RGI60-13.45274,1979,409.2212803887323
RGI60-13.45274,1980,-199.4651971735618
RGI60-13.45274,1981,-254.5676948088729
RGI60-13.45274,1982,-217.8974893667462
RGI60-13.45274,1983,-161.25045672268598
RGI60-13.45274,1984,233.24054608609995
RGI60-13.45274,1985,-191.8378626526446
RGI60-13.45274,1986,-174.17093923407336
RGI60-13.45274,1987,-95.10792956230654
RGI60-13.45274,1988,422.0088055751194
RGI60-13.45274,1989,156.5896510416137
RGI60-13.45274,1990,-217.0351990396042
RGI60-13.45274,1991,-634.619098620553
RGI60-13.45274,1992,371.34709815756725
RGI60-13.45274,1993,415.06672189571503
RGI60-13.45274,1994,-119.05248619996829
RGI60-13.45274,1995,-471.1064694440794
RGI60-13.45274,1996,-57.22948567763939
RGI60-13.45274,1997,-734.1498023430861
RGI60-13.45274,1998,-511.33473671801823
RGI60-13.45274,1999,-515.1856404744159
RGI60-13.45274,2000,-375.58015117442636
RGI60-13.45274,2001,-974.4943021900356
RGI60-13.45274,2002,-660.6214824693841
RGI60-13.45274,2003,95.02003625952979
RGI60-13.45274,2004,-453.3474830005731
RGI60-13.45274,2005,-627.2986469289305
RGI60-13.45274,2006,-751.5233670846836
RGI60-13.45274,2007,-560.1051691508994
RGI60-13.45274,2008,-1193.7234752570878
RGI60-13.45274,2009,26.69661221674293
RGI60-13.45274,2010,-570.4856336676038
RGI60-13.45274,2011,-817.6256540711306
RGI60-13.45274,2012,-775.841776409278
RGI60-13.45274,2013,-254.58350660145356
RGI60-13.45274,2014,-336.2808424427765
RGI60-13.45274,2015,-285.62475264883153
RGI60-13.45274,2016,-765.0346554620199
RGI60-13.45274,2017,-687.1474211799992
RGI60-13.45274,2018,-546.4328477048763
RGI60-13.45274,2019,-521.9654810322792
RGI60-13.45281,1901,231.65146730213448
RGI60-13.45281,1902,406.7972037613881
RGI60-13.45281,1903,284.11370090536514
RGI60-13.45281,1904,-706.9451881646618
RGI60-13.45281,1905,-510.05253387282
RGI60-13.45281,1906,-813.5839197723076
RGI60-13.45281,1907,379.3289334215061
RGI60-13.45281,1908,-0.4211631564698649
RGI60-13.45281,1909,-904.375310165931
RGI60-13.45281,1910,-512.7626356239623
RGI60-13.45281,1911,360.0188799677122
RGI60-13.45281,1912,-261.8054304676415
RGI60-13.45281,1913,177.4679556572095
RGI60-13.45281,1914,-114.60781403399197
RGI60-13.45281,1915,-877.1733741936946
RGI60-13.45281,1916,-627.6522513475774
RGI60-13.45281,1917,-656.0697081265847
RGI60-13.45281,1918,-486.4900867833838
RGI60-13.45281,1919,903.9705825774349
RGI60-13.45281,1920,47.17476826935032
RGI60-13.45281,1921,60.46261028332146
RGI60-13.45281,1922,-704.1648784600911
RGI60-13.45281,1923,-428.18795123394654
RGI60-13.45281,1924,-407.44114081019626
RGI60-13.45281,1925,483.57489810960635
RGI60-13.45281,1926,154.56400989740138
RGI60-13.45281,1927,137.72557227739966
RGI60-13.45281,1928,291.3592178083581
RGI60-13.45281,1929,166.20148949058043
RGI60-13.45281,1930,814.9551696367137
RGI60-13.45281,1931,159.15274174132665
RGI60-13.45281,1932,190.65131404882987
RGI60-13.45281,1933,-457.1758547651204
RGI60-13.45281,1934,20.295077213275416
RGI60-13.45281,1935,-469.40302485895626
RGI60-13.45281,1936,-46.89370599235485
RGI60-13.45281,1937,254.1768373758852
RGI60-13.45281,1938,288.5904049645564
RGI60-13.45281,1939,51.471432861438124
RGI60-13.45281,1940,-137.087149300675
RGI60-13.45281,1941,229.549939851433
RGI60-13.45281,1942,1945.6464151862383
RGI60-13.45281,1943,-646.6233730536048
RGI60-13.45281,1944,-535.7342650270369
RGI60-13.45281,1945,-853.3417621396652
RGI60-13.45281,1946,622.6020916253534
RGI60-13.45281,1947,-26.150390966974353
RGI60-13.45281,1948,-426.6300597397974
RGI60-13.45281,1949,318.0899326941311
RGI60-13.45281,1950,-606.739682933099
RGI60-13.45281,1951,-411.4459130574196
RGI60-13.45281,1952,189.58548892910736
RGI60-13.45281,1953,169.71195280816326
RGI60-13.45281,1954,320.9127431635565
RGI60-13.45281,1955,-75.10960849822902
RGI60-13.45281,1956,342.24499088384954
RGI60-13.45281,1957,-149.46510163723244
RGI60-13.45281,1958,875.3135655644357
RGI60-13.45281,1959,346.1584111521213
RGI60-13.45281,1960,337.1023213611519
RGI60-13.45281,1961,-13.477211857080343
RGI60-13.45281,1962,-725.0766844367529
RGI60-13.45281,1963,-281.06766984275174
RGI60-13.45281,1964,2.3313768608483034
RGI60-13.45281,1965,-698.5229947561483
RGI60-13.45281,1966,-258.16275277072185
RGI60-13.45281,1967,-302.19373490581575
RGI60-13.45281,1968,-529.4653567426174
RGI60-13.45281,1969,77.91969823514133
RGI60-13.45281,1970,-90.99481158938922
RGI60-13.45281,1971,100.0733614485984
RGI60-13.45281,1972,-18.905630757848623
RGI60-13.45281,1973,-365.30664688028816
RGI60-13.45281,1974,-911.0729748783542
RGI60-13.45281,1975,-368.31497585759405
RGI60-13.45281,1976,204.82520645737276
RGI60-13.45281,1977,-540.9275716004067
RGI60-13.45281,1978,-22.006128111706488
RGI60-13.45281,1979,612.1223090229322
RGI60-13.45281,1980,98.4848682938624
RGI60-13.45281,1981,-44.897079852587595
RGI60-13.45281,1982,-81.56894169530389
RGI60-13.45281,1983,210.84405050870495
RGI60-13.45281,1984,423.45698897926565
RGI60-13.45281,1985,74.89887234070196
RGI60-13.45281,1986,206.50725872474982
RGI60-13.45281,1987,474.43369197954405
RGI60-13.45281,1988,503.7371576673275
RGI60-13.45281,1989,373.28475654169495
RGI60-13.45281,1990,0.9885586482321606
RGI60-13.45281,1991,-488.6114824627752
RGI60-13.45281,1992,437.87433761848496
RGI60-13.45281,1993,405.7163949038459
RGI60-13.45281,1994,260.6252635853727
RGI60-13.45281,1995,-227.41507220637328
RGI60-13.45281,1996,228.2867590760515
RGI60-13.45281,1997,-534.3915105855453
RGI60-13.45281,1998,-16.576896521512072
RGI60-13.45281,1999,-141.46912334124505
RGI60-13.45281,2000,100.50425901202259
RGI60-13.45281,2001,-493.08605850828314
RGI60-13.45281,2002,-156.53689273042693
RGI60-13.45281,2003,159.41138384232028
RGI60-13.45281,2004,-92.36261726759781
RGI60-13.45281,2005,-381.0583973429284
RGI60-13.45281,2006,-291.88386626885597
RGI60-13.45281,2007,-153.82581046479336
RGI60-13.45281,2008,-746.4434642327586
RGI60-13.45281,2009,352.3165218250926
RGI60-13.45281,2010,-119.44623721839369
RGI60-13.45281,2011,-331.7668753721277
RGI60-13.45281,2012,-267.92626093109726
RGI60-13.45281,2013,17.228957470943087
RGI60-13.45281,2014,54.279259052363095
RGI60-13.45281,2015,150.84076755807538
RGI60-13.45281,2016,-332.71961017505026
RGI60-13.45281,2017,-198.04957179219306
RGI60-13.45281,2018,47.03330322509575
RGI60-13.45281,2019,-62.50878968140403
RGI60-13.45301,1901,-276.26056524073516
RGI60-13.45301,1902,-309.81809595270556
RGI60-13.45301,1903,12.410595828698264
RGI60-13.45301,1904,-1054.7599231806432
RGI60-13.45301,1905,-789.4573781682598
RGI60-13.45301,1906,-1123.6686890556894
RGI60-13.45301,1907,-235.54673445140588
RGI60-13.45301,1908,-516.9448363891453
RGI60-13.45301,1909,-1410.4251469687283
RGI60-13.45301,1910,-930.1591355038158
RGI60-13.45301,1911,-57.25814485994525
RGI60-13.45301,1912,-377.14669840516024
RGI60-13.45301,1913,-38.829452113912495
RGI60-13.45301,1914,-479.7639629535747
RGI60-13.45301,1915,-1384.891774823683
RGI60-13.45301,1916,-990.4097142061466
RGI60-13.45301,1917,-888.9108153451845
RGI60-13.45301,1918,-1126.7742048815674
RGI60-13.45301,1919,327.3207418961936
RGI60-13.45301,1920,-562.8183058436764
RGI60-13.45301,1921,-552.8703166116377
RGI60-13.45301,1922,-1069.779166637172
RGI60-13.45301,1923,-1151.4723523559717
RGI60-13.45301,1924,-1001.2179201385809
RGI60-13.45301,1925,115.76036971228402
RGI60-13.45301,1926,-73.21074309753932
RGI60-13.45301,1927,-487.4348845398308
RGI60-13.45301,1928,-223.83743462422797
RGI60-13.45301,1929,-155.81873662639993
RGI60-13.45301,1930,310.7348757528727
RGI60-13.45301,1931,-513.397505080287
RGI60-13.45301,1932,-200.6562832368129
RGI60-13.45301,1933,-1020.5071480769913
RGI60-13.45301,1934,-184.6511921312202
RGI60-13.45301,1935,-1082.1960258946342
RGI60-13.45301,1936,-298.08115396512454
RGI60-13.45301,1937,-38.60046592251196
RGI60-13.45301,1938,-94.4997083000099
RGI60-13.45301,1939,-610.5682974824023
RGI60-13.45301,1940,-775.0240976952597
RGI60-13.45301,1941,-491.04212379891044
RGI60-13.45301,1942,949.4537933941754
RGI60-13.45301,1943,-1221.6485026559892
RGI60-13.45301,1944,-1158.8800854498731
RGI60-13.45301,1945,-1562.6367504739717
RGI60-13.45301,1946,159.79384064088472
RGI60-13.45301,1947,-292.66799548259087
RGI60-13.45301,1948,-1069.8022209688622
RGI60-13.45301,1949,-375.7173007717534
RGI60-13.45301,1950,-1173.7774282195724
RGI60-13.45301,1951,-825.8879180148078
RGI60-13.45301,1952,-426.0945294320657
RGI60-13.45301,1953,-438.0635959012381
RGI60-13.45301,1954,102.93391962784341
RGI60-13.45301,1955,-795.6305587915696
RGI60-13.45301,1956,-328.82522412745317
RGI60-13.45301,1957,-621.7852450003139
RGI60-13.45301,1958,495.20674447147263
RGI60-13.45301,1959,174.19446676867682
RGI60-13.45301,1960,69.93956353964742
RGI60-13.45301,1961,-249.5365011962657
RGI60-13.45301,1962,-1469.6333072363018
RGI60-13.45301,1963,-618.4064441743784
RGI60-13.45301,1964,-538.5192221885243
RGI60-13.45301,1965,-1193.9140632412639
RGI60-13.45301,1966,-878.2380410568335
RGI60-13.45301,1967,-562.8607236456606
RGI60-13.45301,1968,-987.7342447591212
RGI60-13.45301,1969,-275.20290925913145
RGI60-13.45301,1970,-399.0674114726158
RGI60-13.45301,1971,-351.1594655578676
RGI60-13.45301,1972,-163.50358252069532
RGI60-13.45301,1973,-916.6818943660719
RGI60-13.45301,1974,-1626.1499056063303
RGI60-13.45301,1975,-863.0926951758231
RGI60-13.45301,1976,-184.3267874269161
RGI60-13.45301,1977,-1168.1438549684108
RGI60-13.45301,1978,-417.0323815595136
RGI60-13.45301,1979,182.4718994155929
RGI60-13.45301,1980,-442.22076322025686
RGI60-13.45301,1981,-467.2276584368233
RGI60-13.45301,1982,-442.3941537802412
RGI60-13.45301,1983,-420.1608073465031
RGI60-13.45301,1984,-1.6099347226219027
RGI60-13.45301,1985,-414.4519823093149
RGI60-13.45301,1986,-450.6494430133366
RGI60-13.45301,1987,-387.08650931830147
RGI60-13.45301,1988,198.94514388564798
RGI60-13.45301,1989,-66.40246449842927
RGI60-13.45301,1990,-442.9251302815888
RGI60-13.45301,1991,-875.6023667404429
RGI60-13.45301,1992,176.85065439449647
RGI60-13.45301,1993,236.61929843392284
RGI60-13.45301,1994,-399.7988661516703
RGI60-13.45301,1995,-703.3246329473891
RGI60-13.45301,1996,-300.3774811063421
RGI60-13.45301,1997,-996.8936408526009
RGI60-13.45301,1998,-828.2896828501167
RGI60-13.45301,1999,-837.9446180532788
RGI60-13.45301,2000,-739.7474398493391
RGI60-13.45301,2001,-1304.3346590790895
RGI60-13.45301,2002,-1027.0778197373766
RGI60-13.45301,2003,-125.09650457134157
RGI60-13.45301,2004,-736.2182465290043
RGI60-13.45301,2005,-926.3502318928042
RGI60-13.45301,2006,-1066.5782265048172
RGI60-13.45301,2007,-851.1191805896948
RGI60-13.45301,2008,-1537.8119006048637
RGI60-13.45301,2009,-236.3655123866669
RGI60-13.45301,2010,-876.1519809322989
RGI60-13.45301,2011,-1130.8633884951964
RGI60-13.45301,2012,-1105.6659415114343
RGI60-13.45301,2013,-509.8126338794937
RGI60-13.45301,2014,-624.4422693725858
RGI60-13.45301,2015,-664.3117397941148
RGI60-13.45301,2016,-1091.7031436850095
RGI60-13.45301,2017,-1055.6207759882968
RGI60-13.45301,2018,-885.2231546486098
RGI60-13.45301,2019,-885.5052499479792
RGI60-13.45322,1901,-107.20454194096732
RGI60-13.45322,1902,-61.17665156092434
RGI60-13.45322,1903,130.53463199476826
RGI60-13.45322,1904,-1003.2231067701324
RGI60-13.45322,1905,-730.7252250276763
RGI60-13.45322,1906,-1098.2738320755527
RGI60-13.45322,1907,-15.477962486682296
RGI60-13.45322,1908,-371.63828089937334
RGI60-13.45322,1909,-1308.1187287009689
RGI60-13.45322,1910,-844.7133246971882
RGI60-13.45322,1911,98.71339058008931
RGI60-13.45322,1912,-358.6968989730299
RGI60-13.45322,1913,58.00258370425635
RGI60-13.45322,1914,-371.9331862263643
RGI60-13.45322,1915,-1308.8891201264578
RGI60-13.45322,1916,-937.131636012468
RGI60-13.45322,1917,-879.7594150473916
RGI60-13.45322,1918,-974.9157735089068
RGI60-13.45322,1919,595.7426687810865
RGI60-13.45322,1920,-381.6123807635573
RGI60-13.45322,1921,-369.5511149436336
RGI60-13.45322,1922,-1024.4335547209496
RGI60-13.45322,1923,-962.1259043698526
RGI60-13.45322,1924,-847.0847691702695
RGI60-13.45322,1925,260.75226684773463
RGI60-13.45322,1926,19.814685197208572
RGI60-13.45322,1927,-277.30047254523373
RGI60-13.45322,1928,-42.97956301945337
RGI60-13.45322,1929,-40.060353861581326
RGI60-13.45322,1930,528.1790576217992
RGI60-13.45322,1931,-313.93751688475027
RGI60-13.45322,1932,-57.70437243726363
RGI60-13.45322,1933,-889.2601269551245
RGI60-13.45322,1934,-118.4933134295884
RGI60-13.45322,1935,-946.2696132658917
RGI60-13.45322,1936,-223.62963813960047
RGI60-13.45322,1937,70.35263835584846
RGI60-13.45322,1938,47.782585552881415
RGI60-13.45322,1939,-394.94560100561716
RGI60-13.45322,1940,-579.276516521493
RGI60-13.45322,1941,-268.2003916739929
RGI60-13.45322,1942,1405.5654515758158
RGI60-13.45322,1943,-1091.0846733416863
RGI60-13.45322,1944,-1021.8011332450391
RGI60-13.45322,1945,-1424.463072873929
RGI60-13.45322,1946,360.66201620276865
RGI60-13.45322,1947,-219.19939104190684
RGI60-13.45322,1948,-900.6045129469469
RGI60-13.45322,1949,-132.06140675554838
RGI60-13.45322,1950,-1052.871998786982
RGI60-13.45322,1951,-731.8241652947321
RGI60-13.45322,1952,-222.3688934112633
RGI60-13.45322,1953,-234.1997894981488
RGI60-13.45322,1954,201.35868175226835
RGI60-13.45322,1955,-597.7203459137625
RGI60-13.45322,1956,-86.85024492101736
RGI60-13.45322,1957,-497.6559587062394
RGI60-13.45322,1958,688.5188349056697
RGI60-13.45322,1959,260.14390910805145
RGI60-13.45322,1960,175.20817842753934
RGI60-13.45322,1961,-176.4297961608983
RGI60-13.45322,1962,-1297.8394666356035
RGI60-13.45322,1963,-524.6463261010595
RGI60-13.45322,1964,-381.5200159405275
RGI60-13.45322,1965,-1094.8256041024697
RGI60-13.45322,1966,-715.9933179272347
RGI60-13.45322,1967,-513.3795305924009
RGI60-13.45322,1968,-900.9710010632365
RGI60-13.45322,1969,-152.03857173977048
RGI60-13.45322,1970,-324.8731040712908
RGI60-13.45322,1971,-220.52983928887002
RGI60-13.45322,1972,-116.72669133509199
RGI60-13.45322,1973,-776.0079541262097
RGI60-13.45322,1974,-1470.952903533262
RGI60-13.45322,1975,-731.0291318195824
RGI60-13.45322,1976,-46.95983385440306
RGI60-13.45322,1977,-1024.4468868600259
RGI60-13.45322,1978,-284.76572172955156
RGI60-13.45322,1979,359.4002080696001
RGI60-13.45322,1980,-271.26017298003325
RGI60-13.45322,1981,-357.687485687896
RGI60-13.45322,1982,-336.19444740513444
RGI60-13.45322,1983,-214.37985052855376
RGI60-13.45322,1984,167.685684372669
RGI60-13.45322,1985,-266.6453754503237
RGI60-13.45322,1986,-225.587984139015
RGI60-13.45322,1987,-89.02607459381899
RGI60-13.45322,1988,339.7768018993052
RGI60-13.45322,1989,95.65699687783668
RGI60-13.45322,1990,-317.8495577823593
RGI60-13.45322,1991,-783.109961388537
RGI60-13.45322,1992,294.5113428066778
RGI60-13.45322,1993,333.9796336638459
RGI60-13.45322,1994,-185.8837841593865
RGI60-13.45322,1995,-593.10002986168
RGI60-13.45322,1996,-134.5198763222127
RGI60-13.45322,1997,-898.1182563871187
RGI60-13.45322,1998,-600.6498231549343
RGI60-13.45322,1999,-623.5705323522574
RGI60-13.45322,2000,-449.7714074515699
RGI60-13.45322,2001,-1105.1018647916435
RGI60-13.45322,2002,-752.2158425744374
RGI60-13.45322,2003,-16.31031538684095
RGI60-13.45322,2004,-550.348165313685
RGI60-13.45322,2005,-772.914351184388
RGI60-13.45322,2006,-850.8514592574427
RGI60-13.45322,2007,-664.9144321392082
RGI60-13.45322,2008,-1355.5564846609138
RGI60-13.45322,2009,-35.766445200881705
RGI60-13.45322,2010,-658.0397826359442
RGI60-13.45322,2011,-918.0165220298812
RGI60-13.45322,2012,-874.9040938303407
RGI60-13.45322,2013,-350.97322333948483
RGI60-13.45322,2014,-417.8160015780764
RGI60-13.45322,2015,-371.1361968433455
RGI60-13.45322,2016,-899.2442947497518
RGI60-13.45322,2017,-794.7942822328686
RGI60-13.45322,2018,-609.6578171654985
RGI60-13.45322,2019,-619.6670176337908
RGI60-13.48092,1901,1297.127419655719
RGI60-13.48092,1902,937.8239001498521
RGI60-13.48092,1903,1221.065099302158
RGI60-13.48092,1904,-160.01464681572298
RGI60-13.48092,1905,108.59238517869278
RGI60-13.48092,1906,-260.9952733537418
RGI60-13.48092,1907,1001.0875684939697
RGI60-13.48092,1908,426.6920024292088
RGI60-13.48092,1909,-441.8190505274678
RGI60-13.48092,1910,-138.3707947909458
RGI60-13.48092,1911,1080.987968311071
RGI60-13.48092,1912,483.0762507734397
RGI60-13.48092,1913,1230.8477850800937
RGI60-13.48092,1914,341.3771642614723
RGI60-13.48092,1915,-643.753628706184
RGI60-13.48092,1916,-195.90094388845756
RGI60-13.48092,1917,-182.26370731243284
RGI60-13.48092,1918,-384.8300429860364
RGI60-13.48092,1919,1494.8604434860526
RGI60-13.48092,1920,407.9934508552292
RGI60-13.48092,1921,441.611319372817
RGI60-13.48092,1922,-348.8610202419225
RGI60-13.48092,1923,-451.24821792279585
RGI60-13.48092,1924,-387.64180408445003
RGI60-13.48092,1925,834.521240608405
RGI60-13.48092,1926,875.6768508605085
RGI60-13.48092,1927,365.1859580805423
RGI60-13.48092,1928,836.7603872956387
RGI60-13.48092,1929,908.844658863
RGI60-13.48092,1930,1692.7134978016522
RGI60-13.48092,1931,168.27296480178245
RGI60-13.48092,1932,891.1675791192679
RGI60-13.48092,1933,-365.70725926094934
RGI60-13.48092,1934,1067.4334853298187
RGI60-13.48092,1935,-404.234719893557
RGI60-13.48092,1936,573.2420863720608
RGI60-13.48092,1937,883.1122122967771
RGI60-13.48092,1938,750.4697582540089
RGI60-13.48092,1939,340.83384414149754
RGI60-13.48092,1940,-92.21665118179548
RGI60-13.48092,1941,781.053315757873
RGI60-13.48092,1942,2946.7234752251816
RGI60-13.48092,1943,-749.1809154568067
RGI60-13.48092,1944,-578.7785668614551
RGI60-13.48092,1945,-850.7039439862633
RGI60-13.48092,1946,1314.6056093683155
RGI60-13.48092,1947,507.4559178060316
RGI60-13.48092,1948,-354.7060789098746
RGI60-13.48092,1949,787.9788532708974
RGI60-13.48092,1950,-466.9520615281093
RGI60-13.48092,1951,-139.55996338322137
RGI60-13.48092,1952,123.19714619747766
RGI60-13.48092,1953,258.5360398960173
RGI60-13.48092,1954,767.9097483523204
RGI60-13.48092,1955,-272.96180570706434
RGI60-13.48092,1956,199.62593381335572
RGI60-13.48092,1957,-95.84114647788354
RGI60-13.48092,1958,919.9659113565345
RGI60-13.48092,1959,770.7852436116945
RGI60-13.48092,1960,548.8396055425097
RGI60-13.48092,1961,532.7535066174383
RGI60-13.48092,1962,-665.6809685724367
RGI60-13.48092,1963,251.3767936416993
RGI60-13.48092,1964,-17.02777999452637
RGI60-13.48092,1965,-454.6270090693802
RGI60-13.48092,1966,102.6988903401968
RGI60-13.48092,1967,337.4493858626419
RGI60-13.48092,1968,-398.87964534626406
RGI60-13.48092,1969,733.997874980434
RGI60-13.48092,1970,270.32931495339284
RGI60-13.48092,1971,578.6516181843896
RGI60-13.48092,1972,603.7114480583153
RGI60-13.48092,1973,-349.06404370960445
RGI60-13.48092,1974,-684.1934084569174
RGI60-13.48092,1975,-78.16269127472977
RGI60-13.48092,1976,595.4458464858367
RGI60-13.48092,1977,-481.54794133257064
RGI60-13.48092,1978,268.22674505704276
RGI60-13.48092,1979,1007.4567718554557
RGI60-13.48092,1980,37.35703269391732
RGI60-13.48092,1981,18.462123570487165
RGI60-13.48092,1982,428.96604272510257
RGI60-13.48092,1983,-14.893072744244062
RGI60-13.48092,1984,392.07725321813354
RGI60-13.48092,1985,-333.1808258450307
RGI60-13.48092,1986,209.94089256517302
RGI60-13.48092,1987,-112.86170097488612
RGI60-13.48092,1988,894.3788505430534
RGI60-13.48092,1989,944.2885497122941
RGI60-13.48092,1990,-62.16415825725186
RGI60-13.48092,1991,-101.21913119406892
RGI60-13.48092,1992,836.8343864655309
RGI60-13.48092,1993,992.3725303757518
RGI60-13.48092,1994,526.6671772180873
RGI60-13.48092,1995,-185.91040582270043
RGI60-13.48092,1996,169.2440879796924
RGI60-13.48092,1997,-207.31267329221345
RGI60-13.48092,1998,-543.3248663346217
RGI60-13.48092,1999,-47.51724810868076
RGI60-13.48092,2000,127.26681453379273
RGI60-13.48092,2001,-947.8411934686312
RGI60-13.48092,2002,-422.22631107682764
RGI60-13.48092,2003,418.6158412676591
RGI60-13.48092,2004,-324.2394349892106
RGI60-13.48092,2005,-329.8595437844952
RGI60-13.48092,2006,-691.3474615317205
RGI60-13.48092,2007,-585.2935689444967
RGI60-13.48092,2008,-939.065090868874
RGI60-13.48092,2009,113.11191047148041
RGI60-13.48092,2010,-387.9427095895844
RGI60-13.48092,2011,-869.8609209122374
RGI60-13.48092,2012,-817.1149513964485
RGI60-13.48092,2013,129.47447490237465
RGI60-13.48092,2014,203.91475261436864
RGI60-13.48092,2015,275.1535877012199
RGI60-13.48092,2016,-564.3338333785583
RGI60-13.48092,2017,-524.7736028174907
RGI60-13.48092,2018,-471.01076901292083
RGI60-13.48092,2019,322.718914400347
RGI60-13.48093,1901,1209.3817980597337
RGI60-13.48093,1902,861.3953080736187
RGI60-13.48093,1903,1097.3091847330277
RGI60-13.48093,1904,-276.5733461981236
RGI60-13.48093,1905,20.5155941719342
RGI60-13.48093,1906,-333.91478546243735
RGI60-13.48093,1907,923.8337717365071
RGI60-13.48093,1908,363.8373494487008
RGI60-13.48093,1909,-551.3332244154028
RGI60-13.48093,1910,-211.04813857921366
RGI60-13.48093,1911,933.1041823840316
RGI60-13.48093,1912,350.1752167510484
RGI60-13.48093,1913,1084.1994463900708
RGI60-13.48093,1914,229.71304710302178
RGI60-13.48093,1915,-682.205880125204
RGI60-13.48093,1916,-265.8737710929329
RGI60-13.48093,1917,-268.3123107312794
RGI60-13.48093,1918,-442.6450568991841
RGI60-13.48093,1919,1389.2785276241166
RGI60-13.48093,1920,334.48711929519743
RGI60-13.48093,1921,375.77251607566393
RGI60-13.48093,1922,-427.6205616906595
RGI60-13.48093,1923,-530.0562589192659
RGI60-13.48093,1924,-469.5128563422935
RGI60-13.48093,1925,747.3665327196126
RGI60-13.48093,1926,751.091467299261
RGI60-13.48093,1927,314.0763022326901
RGI60-13.48093,1928,719.8953681354959
RGI60-13.48093,1929,769.2055102496494
RGI60-13.48093,1930,1562.5691352767847
RGI60-13.48093,1931,122.67200743416785
RGI60-13.48093,1932,800.130114422326
RGI60-13.48093,1933,-436.9429211228276
RGI60-13.48093,1934,903.084252339647
RGI60-13.48093,1935,-438.5923183025676
RGI60-13.48093,1936,447.6784264922824
RGI60-13.48093,1937,761.7918334562758
RGI60-13.48093,1938,644.6104380195552
RGI60-13.48093,1939,239.18708539979784
RGI60-13.48093,1940,-185.9594317200471
RGI60-13.48093,1941,725.1393819141938
RGI60-13.48093,1942,2852.05701674053
RGI60-13.48093,1943,-837.4862945684548
RGI60-13.48093,1944,-633.0262034498215
RGI60-13.48093,1945,-930.7710382496308
RGI60-13.48093,1946,1197.3370546808112
RGI60-13.48093,1947,394.08563950585034
RGI60-13.48093,1948,-459.50276199889083
RGI60-13.48093,1949,665.0701593293609
RGI60-13.48093,1950,-573.5649907932276
RGI60-13.48093,1951,-277.6030353874055
RGI60-13.48093,1952,77.53076390247489
RGI60-13.48093,1953,74.89150033467125
RGI60-13.48093,1954,672.795063201791
RGI60-13.48093,1955,-297.0675505729154
RGI60-13.48093,1956,110.91068868787126
RGI60-13.48093,1957,-173.26947849045823
RGI60-13.48093,1958,830.8310356542609
RGI60-13.48093,1959,572.5701344799099
RGI60-13.48093,1960,443.1853769824979
RGI60-13.48093,1961,383.80437554600417
RGI60-13.48093,1962,-742.4302012387651
RGI60-13.48093,1963,139.78533291205818
RGI60-13.48093,1964,-91.11649354532696
RGI60-13.48093,1965,-570.718777053346
RGI60-13.48093,1966,40.74598896316425
RGI60-13.48093,1967,214.65328656956694
RGI60-13.48093,1968,-505.0696078172643
RGI60-13.48093,1969,637.158267896069
RGI60-13.48093,1970,187.38200560919282
RGI60-13.48093,1971,488.37464112910175
RGI60-13.48093,1972,425.377734025885
RGI60-13.48093,1973,-434.60714922281426
RGI60-13.48093,1974,-798.5826568363467
RGI60-13.48093,1975,-155.85227413539891
RGI60-13.48093,1976,451.03974869272025
RGI60-13.48093,1977,-562.9366652600548
RGI60-13.48093,1978,128.44507859621353
RGI60-13.48093,1979,870.8149500863965
RGI60-13.48093,1980,-53.36782509768464
RGI60-13.48093,1981,-49.703951625857286
RGI60-13.48093,1982,310.02684992546574
RGI60-13.48093,1983,-89.5158774247411
RGI60-13.48093,1984,269.6675355964788
RGI60-13.48093,1985,-419.04776767433583
RGI60-13.48093,1986,111.98371153949043
RGI60-13.48093,1987,-134.87217980415184
RGI60-13.48093,1988,766.9323602442382
RGI60-13.48093,1989,856.6542641745326
RGI60-13.48093,1990,-134.39886579868732
RGI60-13.48093,1991,-213.93407569860204
RGI60-13.48093,1992,692.68056633438
RGI60-13.48093,1993,832.7468343370305
RGI60-13.48093,1994,435.060945638849
RGI60-13.48093,1995,-256.60718015502147
RGI60-13.48093,1996,122.66385593695347
RGI60-13.48093,1997,-332.55556617963816
RGI60-13.48093,1998,-529.8840563026126
RGI60-13.48093,1999,-158.56978396184013
RGI60-13.48093,2000,21.5467064836992
RGI60-13.48093,2001,-1012.0506148686025
RGI60-13.48093,2002,-502.1951770322796
RGI60-13.48093,2003,305.3495308786982
RGI60-13.48093,2004,-419.69814182446436
RGI60-13.48093,2005,-457.0466223858473
RGI60-13.48093,2006,-770.963535282662
RGI60-13.48093,2007,-598.7510654739757
RGI60-13.48093,2008,-1040.9937253963672
RGI60-13.48093,2009,13.111238500444884
RGI60-13.48093,2010,-468.2022195769756
RGI60-13.48093,2011,-926.0847839340203
RGI60-13.48093,2012,-854.79940621006
RGI60-13.48093,2013,60.468383868839155
RGI60-13.48093,2014,102.9433062134317
RGI60-13.48093,2015,166.14210692839248
RGI60-13.48093,2016,-593.0545098514497
RGI60-13.48093,2017,-635.3660907485411
RGI60-13.48093,2018,-496.37494002389246
RGI60-13.48093,2019,178.01955973560698
RGI60-13.48094,1901,1013.1664461928126
RGI60-13.48094,1902,756.4365141758803
RGI60-13.48094,1903,972.0493861728359
RGI60-13.48094,1904,-134.78913587846975
RGI60-13.48094,1905,102.39472296001088
RGI60-13.48094,1906,-179.4182233748981
RGI60-13.48094,1907,777.4818431925881
RGI60-13.48094,1908,326.3041106774354
RGI60-13.48094,1909,-414.1057809570001
RGI60-13.48094,1910,-112.58796990329844
RGI60-13.48094,1911,843.8234155243284
RGI60-13.48094,1912,377.31127473399425
RGI60-13.48094,1913,984.3181089843567
RGI60-13.48094,1914,253.31233491748776
RGI60-13.48094,1915,-513.4535703250792
RGI60-13.48094,1916,-153.7503651908943
RGI60-13.48094,1917,-132.41096217007114
RGI60-13.48094,1918,-345.72222317575967
RGI60-13.48094,1919,1159.9052310029729
RGI60-13.48094,1920,333.466399000589
RGI60-13.48094,1921,329.6241779237844
RGI60-13.48094,1922,-282.6754254362336
RGI60-13.48094,1923,-444.50546712588124
RGI60-13.48094,1924,-401.6377377974545
RGI60-13.48094,1925,653.1701214405126
RGI60-13.48094,1926,698.062493454811
RGI60-13.48094,1927,221.33525029786108
RGI60-13.48094,1928,626.9079888650924
RGI60-13.48094,1929,699.4739304778827
RGI60-13.48094,1930,1307.754573092004
RGI60-13.48094,1931,136.24961620849496
RGI60-13.48094,1932,645.865021582788
RGI60-13.48094,1933,-345.7949178523414
RGI60-13.48094,1934,845.5210194509405
RGI60-13.48094,1935,-325.8799733073495
RGI60-13.48094,1936,424.90162659743766
RGI60-13.48094,1937,668.7866375922421
RGI60-13.48094,1938,578.9168691366473
RGI60-13.48094,1939,189.90791240369873
RGI60-13.48094,1940,-136.67244295261438
RGI60-13.48094,1941,639.9866705581076
RGI60-13.48094,1942,2337.156329482522
RGI60-13.48094,1943,-714.8511220698689
RGI60-13.48094,1944,-507.2601479543809
RGI60-13.48094,1945,-758.060821106869
RGI60-13.48094,1946,991.911506867169
RGI60-13.48094,1947,381.3391077158192
RGI60-13.48094,1948,-412.2978599921928
RGI60-13.48094,1949,545.5165121058918
RGI60-13.48094,1950,-446.64027115125646
RGI60-13.48094,1951,-139.59580082755306
RGI60-13.48094,1952,54.83203031804185
RGI60-13.48094,1953,129.1517286207032
RGI60-13.48094,1954,620.4096592477329
RGI60-13.48094,1955,-212.15272955145184
RGI60-13.48094,1956,41.557248534972125
RGI60-13.48094,1957,-63.89116002709523
RGI60-13.48094,1958,713.1648166075039
RGI60-13.48094,1959,610.2093018366529
RGI60-13.48094,1960,413.771317316301
RGI60-13.48094,1961,391.60793907242413
RGI60-13.48094,1962,-590.0784674396732
RGI60-13.48094,1963,175.8831605006788
RGI60-13.48094,1964,-34.30281723903802
RGI60-13.48094,1965,-411.4809489242642
RGI60-13.48094,1966,77.46106032144327
RGI60-13.48094,1967,254.91473516195268
RGI60-13.48094,1968,-351.0346958719186
RGI60-13.48094,1969,571.6960917668276
RGI60-13.48094,1970,244.89295329291411
RGI60-13.48094,1971,505.9974559609067
RGI60-13.48094,1972,478.59716035555596
RGI60-13.48094,1973,-334.77299716736485
RGI60-13.48094,1974,-638.1404403213384
RGI60-13.48094,1975,-97.27472221925457
RGI60-13.48094,1976,465.13171449188434
RGI60-13.48094,1977,-430.29953721589413
RGI60-13.48094,1978,145.46667905421094
RGI60-13.48094,1979,764.3463347717353
RGI60-13.48094,1980,-34.3517791768538
RGI60-13.48094,1981,21.03707194124556
RGI60-13.48094,1982,342.6402138319698
RGI60-13.48094,1983,-86.10954426569947
RGI60-13.48094,1984,242.97764105924594
RGI60-13.48094,1985,-331.99936514213795
RGI60-13.48094,1986,60.226447084836565
RGI60-13.48094,1987,-160.72117275003984
RGI60-13.48094,1988,678.0393759725795
RGI60-13.48094,1989,726.9350825775834
RGI60-13.48094,1990,-44.26706949805141
RGI60-13.48094,1991,-96.14966458836915
RGI60-13.48094,1992,669.4307786338326
RGI60-13.48094,1993,785.4026926719739
RGI60-13.48094,1994,385.73137544071034
RGI60-13.48094,1995,-172.95821860147922
RGI60-13.48094,1996,180.22372777847823
RGI60-13.48094,1997,-212.57875549445563
RGI60-13.48094,1998,-394.8876142794176
RGI60-13.48094,1999,-102.65509719095358
RGI60-13.48094,2000,-9.280877711518436
RGI60-13.48094,2001,-852.3031893854323
RGI60-13.48094,2002,-400.44438588919087
RGI60-13.48094,2003,348.79323189817626
RGI60-13.48094,2004,-290.2257439178253
RGI60-13.48094,2005,-334.9394089801309
RGI60-13.48094,2006,-624.2883263050156
RGI60-13.48094,2007,-448.569130163162
RGI60-13.48094,2008,-866.6626982601044
RGI60-13.48094,2009,46.68943148400131
RGI60-13.48094,2010,-378.3050926515439
RGI60-13.48094,2011,-782.5969501031682
RGI60-13.48094,2012,-707.8844338898521
RGI60-13.48094,2013,91.26839813562394
RGI60-13.48094,2014,125.58525518642371
RGI60-13.48094,2015,115.7928984864898
RGI60-13.48094,2016,-437.3789411086376
RGI60-13.48094,2017,-536.0747980598438
RGI60-13.48094,2018,-425.72277756112607
RGI60-13.48094,2019,122.54753879582353
RGI60-13.48095,1901,1125.120209618017
RGI60-13.48095,1902,699.8529584715742
RGI60-13.48095,1903,1033.5762076760097
RGI60-13.48095,1904,-379.91632032233724
RGI60-13.48095,1905,-101.52512522648821
RGI60-13.48095,1906,-493.3128995728588
RGI60-13.48095,1907,831.1586075935703
RGI60-13.48095,1908,254.673277497178
RGI60-13.48095,1909,-619.0863105416394
RGI60-13.48095,1910,-332.0992951455026
RGI60-13.48095,1911,879.1323161914448
RGI60-13.48095,1912,322.70182829550237
RGI60-13.48095,1913,1030.1128319865766
RGI60-13.48095,1914,150.13300709248784
RGI60-13.48095,1915,-853.3637578121819
RGI60-13.48095,1916,-399.82921762368755
RGI60-13.48095,1917,-378.03154874334376
RGI60-13.48095,1918,-564.958457539176
RGI60-13.48095,1919,1325.5783950684402
RGI60-13.48095,1920,168.75816517265653
RGI60-13.48095,1921,273.1722711349919
RGI60-13.48095,1922,-540.5912164176586
RGI60-13.48095,1923,-624.6347683549703
RGI60-13.48095,1924,-513.2894770443615
RGI60-13.48095,1925,693.9442963695429
RGI60-13.48095,1926,705.1749521587565
RGI60-13.48095,1927,233.8869424364733
RGI60-13.48095,1928,646.0300750607615
RGI60-13.48095,1929,734.7144735297841
RGI60-13.48095,1930,1538.990338632378
RGI60-13.48095,1931,-54.18434515780455
RGI60-13.48095,1932,811.01106202737
RGI60-13.48095,1933,-530.8087984607874
RGI60-13.48095,1934,854.238175813692
RGI60-13.48095,1935,-623.6292000846149
RGI60-13.48095,1936,436.7777078375524
RGI60-13.48095,1937,759.0143569801531
RGI60-13.48095,1938,595.9306353330542
RGI60-13.48095,1939,163.50448117218423
RGI60-13.48095,1940,-308.94374346364026
RGI60-13.48095,1941,524.3394702208476
RGI60-13.48095,1942,2669.8912359977703
RGI60-13.48095,1943,-876.914508144306
RGI60-13.48095,1944,-770.941697054509
RGI60-13.48095,1945,-1054.5914009398366
RGI60-13.48095,1946,1193.5764750591936
RGI60-13.48095,1947,355.6592941094156
RGI60-13.48095,1948,-498.85689856817675
RGI60-13.48095,1949,601.1224404066579
RGI60-13.48095,1950,-635.2359802577504
RGI60-13.48095,1951,-356.83230298615143
RGI60-13.48095,1952,-15.075948962003558
RGI60-13.48095,1953,44.508733138151335
RGI60-13.48095,1954,595.8159534403907
RGI60-13.48095,1955,-501.56754682068157
RGI60-13.48095,1956,97.9348423827517
RGI60-13.48095,1957,-325.7984310394692
RGI60-13.48095,1958,808.3558944565352
RGI60-13.48095,1959,555.8304908203553
RGI60-13.48095,1960,420.52290542458456
RGI60-13.48095,1961,369.68263714540393
RGI60-13.48095,1962,-858.4243241174108
RGI60-13.48095,1963,55.53214943893653
RGI60-13.48095,1964,-201.1749744247898
RGI60-13.48095,1965,-659.1497841009002
RGI60-13.48095,1966,-128.2030558626061
RGI60-13.48095,1967,165.57045943121403
RGI60-13.48095,1968,-595.1702706368866
RGI60-13.48095,1969,595.6570493055883
RGI60-13.48095,1970,50.94255539485144
RGI60-13.48095,1971,318.71630666655903
RGI60-13.48095,1972,410.3923505321215
RGI60-13.48095,1973,-526.7381469206874
RGI60-13.48095,1974,-899.1705908525773
RGI60-13.48095,1975,-245.532086640017
RGI60-13.48095,1976,390.24255594233995
RGI60-13.48095,1977,-692.923022725297
RGI60-13.48095,1978,109.82568538329839
RGI60-13.48095,1979,849.7155144608473
RGI60-13.48095,1980,-98.79151245621688
RGI60-13.48095,1981,-179.5680730758262
RGI60-13.48095,1982,195.94761059688017
RGI60-13.48095,1983,-132.64655028435232
RGI60-13.48095,1984,262.2613672216731
RGI60-13.48095,1985,-452.23024584070106
RGI60-13.48095,1986,96.6698502264075
RGI60-13.48095,1987,-222.3713582989649
RGI60-13.48095,1988,727.5317604304003
RGI60-13.48095,1989,792.289800491289
RGI60-13.48095,1990,-273.85433198344725
RGI60-13.48095,1991,-331.15438921468893
RGI60-13.48095,1992,647.8032588645491
RGI60-13.48095,1993,817.4020771409968
RGI60-13.48095,1994,325.398109414956
RGI60-13.48095,1995,-383.7072717113055
RGI60-13.48095,1996,-36.68056496618136
RGI60-13.48095,1997,-434.5734462199637
RGI60-13.48095,1998,-774.8926457625062
RGI60-13.48095,1999,-268.60565324398
RGI60-13.48095,2000,2.6852410115936287
RGI60-13.48095,2001,-1126.6641503523847
RGI60-13.48095,2002,-665.8466044179852
RGI60-13.48095,2003,179.0625279490642
RGI60-13.48095,2004,-550.8121670139257
RGI60-13.48095,2005,-553.5576690734165
RGI60-13.48095,2006,-895.3902416154652
RGI60-13.48095,2007,-806.3065917538045
RGI60-13.48095,2008,-1146.6712877688117
RGI60-13.48095,2009,-59.64242116239443
RGI60-13.48095,2010,-599.3056003752663
RGI60-13.48095,2011,-1048.3915562254792
RGI60-13.48095,2012,-1006.941242575155
RGI60-13.48095,2013,-77.8790157884359
RGI60-13.48095,2014,-6.892119938271909
RGI60-13.48095,2015,62.185716547989145
RGI60-13.48095,2016,-824.1393395653685
RGI60-13.48095,2017,-735.2763678963169
RGI60-13.48095,2018,-667.402771252981
RGI60-13.48095,2019,143.18566126682526
RGI60-13.48096,1901,946.1859636217516
RGI60-13.48096,1902,685.7583466200405
RGI60-13.48096,1903,908.2716278227313
RGI60-13.48096,1904,-182.55372581424305
RGI60-13.48096,1905,50.40333550213285
RGI60-13.48096,1906,-225.40852174714718
RGI60-13.48096,1907,713.4597216664168
RGI60-13.48096,1908,272.8110543409954
RGI60-13.48096,1909,-462.1276340495674
RGI60-13.48096,1910,-159.69637042082275
RGI60-13.48096,1911,776.6418406165652
RGI60-13.48096,1912,327.17336233034933
RGI60-13.48096,1913,912.8089673470004
RGI60-13.48096,1914,198.09876241497656
RGI60-13.48096,1915,-556.8355287246974
RGI60-13.48096,1916,-201.5021768832265
RGI60-13.48096,1917,-180.64395524393788
RGI60-13.48096,1918,-389.17753584406165
RGI60-13.48096,1919,1084.2881092932907
RGI60-13.48096,1920,274.51361553660934
RGI60-13.48096,1921,272.4644029376065
RGI60-13.48096,1922,-323.56941576840677
RGI60-13.48096,1923,-486.74165097850425
RGI60-13.48096,1924,-440.4052083045183
RGI60-13.48096,1925,603.2656595460353
RGI60-13.48096,1926,638.0273483953158
RGI60-13.48096,1927,173.05054232451684
RGI60-13.48096,1928,563.6873828364927
RGI60-13.48096,1929,637.3974395953335
RGI60-13.48096,1930,1233.7509487936902
RGI60-13.48096,1931,84.38960336998929
RGI60-13.48096,1932,593.4420652134039
RGI60-13.48096,1933,-390.35007886635697
RGI60-13.48096,1934,779.1760170741932
RGI60-13.48096,1935,-372.6548562076938
RGI60-13.48096,1936,374.721266832239
RGI60-13.48096,1937,614.1374664522857
RGI60-13.48096,1938,524.8938968225519
RGI60-13.48096,1939,130.6859921541596
RGI60-13.48096,1940,-191.466781751018
RGI60-13.48096,1941,570.6376415451471
RGI60-13.48096,1942,2225.7780240275692
RGI60-13.48096,1943,-752.523640607934
RGI60-13.48096,1944,-549.3176883467542
RGI60-13.48096,1945,-807.8975358104703
RGI60-13.48096,1946,929.2237748409891
RGI60-13.48096,1947,331.8841120250282
RGI60-13.48096,1948,-456.30775349512936
RGI60-13.48096,1949,479.0343538491427
RGI60-13.48096,1950,-490.10377697738056
RGI60-13.48096,1951,-195.16558217911236
RGI60-13.48096,1952,10.50408950740228
RGI60-13.48096,1953,61.198376405950086
RGI60-13.48096,1954,568.9075134447457
RGI60-13.48096,1955,-261.7674385075788
RGI60-13.48096,1956,1.2476440789477092
RGI60-13.48096,1957,-112.25107323402347
RGI60-13.48096,1958,664.6411002787977
RGI60-13.48096,1959,544.2479251809002
RGI60-13.48096,1960,372.62700790071676
RGI60-13.48096,1961,336.9535724822734
RGI60-13.48096,1962,-634.6068939000459
RGI60-13.48096,1963,123.94073682800706
RGI60-13.48096,1964,-80.15092592190884
RGI60-13.48096,1965,-459.88628417869273
RGI60-13.48096,1966,17.329260689264256
RGI60-13.48096,1967,205.5751068887411
RGI60-13.48096,1968,-392.05079387298633
RGI60-13.48096,1969,515.8377982671101
RGI60-13.48096,1970,193.60705517169956
RGI60-13.48096,1971,445.6368122697236
RGI60-13.48096,1972,423.51079790456026
RGI60-13.48096,1973,-376.5061847104845
RGI60-13.48096,1974,-685.8903531682892
RGI60-13.48096,1975,-145.7677686068077
RGI60-13.48096,1976,405.3249473493079
RGI60-13.48096,1977,-477.9443980085077
RGI60-13.48096,1978,92.11582715499176
RGI60-13.48096,1979,705.3138684132558
RGI60-13.48096,1980,-79.01621263822742
RGI60-13.48096,1981,-20.60987088323304
RGI60-13.48096,1982,285.14521675741173
RGI60-13.48096,1983,-128.28738027574587
RGI60-13.48096,1984,196.496301779771
RGI60-13.48096,1985,-365.08889934417016
RGI60-13.48096,1986,13.252721608268912
RGI60-13.48096,1987,-201.94971359736678
RGI60-13.48096,1988,619.3552216762153
RGI60-13.48096,1989,668.3179052567116
RGI60-13.48096,1990,-88.6379913631411
RGI60-13.48096,1991,-153.66758972427812
RGI60-13.48096,1992,608.8452628663865
RGI60-13.48096,1993,723.3028029787096
RGI60-13.48096,1994,319.4621370618733
RGI60-13.48096,1995,-217.27352388814217
RGI60-13.48096,1996,125.86677730222075
RGI60-13.48096,1997,-268.1953320828284
RGI60-13.48096,1998,-449.25140287817413
RGI60-13.48096,1999,-168.79198190914138
RGI60-13.48096,2000,-75.0255635667069
RGI60-13.48096,2001,-897.466707181032
RGI60-13.48096,2002,-460.6843646931659
RGI60-13.48096,2003,293.75672652132323
RGI60-13.48096,2004,-341.5624014593548
RGI60-13.48096,2005,-392.443034889189
RGI60-13.48096,2006,-669.1787687678424
RGI60-13.48096,2007,-496.053140925977
RGI60-13.48096,2008,-916.9794715235471
RGI60-13.48096,2009,-1.700081655156832
RGI60-13.48096,2010,-428.15076182723
RGI60-13.48096,2011,-824.0383165804515
RGI60-13.48096,2012,-753.0406133579767
RGI60-13.48096,2013,37.969457937395845
RGI60-13.48096,2014,63.67936238090625
RGI60-13.48096,2015,52.21333487797333
RGI60-13.48096,2016,-494.98867614634054
RGI60-13.48096,2017,-584.8387437869782
RGI60-13.48096,2018,-473.6029973993079
RGI60-13.48096,2019,52.134762042647196
RGI60-13.48097,1901,877.1495973684852
RGI60-13.48097,1902,537.8900459456452
RGI60-13.48097,1903,835.9884129656328
RGI60-13.48097,1904,-357.01235304933385
RGI60-13.48097,1905,-111.42483623252926
RGI60-13.48097,1906,-433.5960067146515
RGI60-13.48097,1907,629.036769095559
RGI60-13.48097,1908,152.288025340639
RGI60-13.48097,1909,-619.2998481570522
RGI60-13.48097,1910,-325.1414539522917
RGI60-13.48097,1911,688.1214667743734
RGI60-13.48097,1912,238.9496621099998
RGI60-13.48097,1913,826.1190661397293
RGI60-13.48097,1914,68.3177633316343
RGI60-13.48097,1915,-774.1713925332555
RGI60-13.48097,1916,-384.09290051123514
RGI60-13.48097,1917,-355.32542064039933
RGI60-13.48097,1918,-558.7506042762925
RGI60-13.48097,1919,1029.354287939915
RGI60-13.48097,1920,100.59284879283963
RGI60-13.48097,1921,154.52295876013366
RGI60-13.48097,1922,-497.672077248952
RGI60-13.48097,1923,-639.8202046543436
RGI60-13.48097,1924,-548.0154464815397
RGI60-13.48097,1925,541.2732074891428
RGI60-13.48097,1926,553.3595085468294
RGI60-13.48097,1927,92.20906460139905
RGI60-13.48097,1928,466.38484475608914
RGI60-13.48097,1929,560.7908362110861
RGI60-13.48097,1930,1215.1366888577015
RGI60-13.48097,1931,-98.13142400450539
RGI60-13.48097,1932,585.7398088084284
RGI60-13.48097,1933,-540.4589136109521
RGI60-13.48097,1934,683.7017146756248
RGI60-13.48097,1935,-584.6735188109978
RGI60-13.48097,1936,308.45774311198346
RGI60-13.48097,1937,573.6571980687476
RGI60-13.48097,1938,446.7588584878961
RGI60-13.48097,1939,21.756660515365528
RGI60-13.48097,1940,-356.4300992083697
RGI60-13.48097,1941,398.52706751166124
RGI60-13.48097,1942,2168.3849791694165
RGI60-13.48097,1943,-876.6629838353044
RGI60-13.48097,1944,-735.9422450121102
RGI60-13.48097,1945,-1013.5752898698672
RGI60-13.48097,1946,917.8637030065537
RGI60-13.48097,1947,246.6543299887104
RGI60-13.48097,1948,-557.3388744503637
RGI60-13.48097,1949,393.66693801818263
RGI60-13.48097,1950,-637.3366772467486
RGI60-13.48097,1951,-368.67259364825526
RGI60-13.48097,1952,-95.80303689572283
RGI60-13.48097,1953,-71.39974929932234
RGI60-13.48097,1954,477.2297227981345
RGI60-13.48097,1955,-478.3214633892176
RGI60-13.48097,1956,-42.48921897811733
RGI60-13.48097,1957,-307.59894435303767
RGI60-13.48097,1958,633.4566316313451
RGI60-13.48097,1959,436.8269503521469
RGI60-13.48097,1960,304.2894756541658
RGI60-13.48097,1961,253.9654939642457
RGI60-13.48097,1962,-826.749032094681
RGI60-13.48097,1963,-11.17662460267551
RGI60-13.48097,1964,-228.74077549401775
RGI60-13.48097,1965,-641.0125881641138
RGI60-13.48097,1966,-174.38642241931504
RGI60-13.48097,1967,91.13101374731029
RGI60-13.48097,1968,-563.9037504479317
RGI60-13.48097,1969,442.76789836463297
RGI60-13.48097,1970,36.16517684394946
RGI60-13.48097,1971,269.9786178712502
RGI60-13.48097,1972,320.14677644471766
RGI60-13.48097,1973,-525.2231448888004
RGI60-13.48097,1974,-869.8902711843102
RGI60-13.48097,1975,-285.23765427236503
RGI60-13.48097,1976,286.6448283597845
RGI60-13.48097,1977,-667.3828397737659
RGI60-13.48097,1978,1.5109563185107375
RGI60-13.48097,1979,644.5593984278644
RGI60-13.48097,1980,-174.00678131864944
RGI60-13.48097,1981,-188.5521758660161
RGI60-13.48097,1982,125.50098240341107
RGI60-13.48097,1983,-215.72959804906847
RGI60-13.48097,1984,130.91494869173377
RGI60-13.48097,1985,-465.812459414812
RGI60-13.48097,1986,-47.11783776109823
RGI60-13.48097,1987,-301.75752012017034
RGI60-13.48097,1988,549.0822709399787
RGI60-13.48097,1989,595.0793522921674
RGI60-13.48097,1990,-265.7842819418795
RGI60-13.48097,1991,-342.29440686998294
RGI60-13.48097,1992,518.2998943996714
RGI60-13.48097,1993,656.7495214761772
RGI60-13.48097,1994,186.1617393079117
RGI60-13.48097,1995,-388.5214633638386
RGI60-13.48097,1996,-56.380600786335656
RGI60-13.48097,1997,-447.5658789658177
RGI60-13.48097,1998,-708.0867922014442
RGI60-13.48097,1999,-339.90140594217706
RGI60-13.48097,2000,-162.90819760630336
RGI60-13.48097,2001,-1090.1859476875604
RGI60-13.48097,2002,-670.9713842682165
RGI60-13.48097,2003,128.7688634453178
RGI60-13.48097,2004,-534.6295982956912
RGI60-13.48097,2005,-568.8077191557319
RGI60-13.48097,2006,-860.4252800018647
RGI60-13.48097,2007,-735.3203584979831
RGI60-13.48097,2008,-1117.3676016657198
RGI60-13.48097,2009,-125.9519525895072
RGI60-13.48097,2010,-605.3541404305355
RGI60-13.48097,2011,-1008.7998288209943
RGI60-13.48097,2012,-960.6795877214885
RGI60-13.48097,2013,-127.76951669551187
RGI60-13.48097,2014,-92.1594557544373
RGI60-13.48097,2015,-80.82312636407988
RGI60-13.48097,2016,-761.9777778612126
RGI60-13.48097,2017,-754.3981132628833
RGI60-13.48097,2018,-668.144043055946
RGI60-13.48097,2019,-48.09523370967672
RGI60-13.48098,1901,483.23341525384615
RGI60-13.48098,1902,100.54603819758344
RGI60-13.48098,1903,492.4316225194179
RGI60-13.48098,1904,-594.5782282899539
RGI60-13.48098,1905,-379.1090312688972
RGI60-13.48098,1906,-702.2112015938499
RGI60-13.48098,1907,263.8759937336924
RGI60-13.48098,1908,-153.63085286674254
RGI60-13.48098,1909,-828.0038258651098
RGI60-13.48098,1910,-577.345119380727
RGI60-13.48098,1911,341.26232351031916
RGI60-13.48098,1912,23.365586935460865
RGI60-13.48098,1913,474.48698761748983
RGI60-13.48098,1914,-215.49389702923952
RGI60-13.48098,1915,-1032.2304801322753
RGI60-13.48098,1916,-654.1612368640655
RGI60-13.48098,1917,-583.9719697215584
RGI60-13.48098,1918,-814.7509736520677
RGI60-13.48098,1919,603.7725694238876
RGI60-13.48098,1920,-269.5356201616895
RGI60-13.48098,1921,-161.47978107137715
RGI60-13.48098,1922,-718.4779434434265
RGI60-13.48098,1923,-872.4976669392887
RGI60-13.48098,1924,-711.9598130711615
RGI60-13.48098,1925,267.22159040680214
RGI60-13.48098,1926,262.7930883267238
RGI60-13.48098,1927,-190.58604895294098
RGI60-13.48098,1928,113.39333626707227
RGI60-13.48098,1929,256.5931569113561
RGI60-13.48098,1930,822.4092538657742
RGI60-13.48098,1931,-452.1160595897322
RGI60-13.48098,1932,348.55347168134847
RGI60-13.48098,1933,-774.6351883491421
RGI60-13.48098,1934,351.1469680041236
RGI60-13.48098,1935,-887.8917551816913
RGI60-13.48098,1936,87.81082296055247
RGI60-13.48098,1937,329.34453861721533
RGI60-13.48098,1938,167.88377083082526
RGI60-13.48098,1939,-291.9097497890148
RGI60-13.48098,1940,-654.9477268646731
RGI60-13.48098,1941,-49.99117848653586
RGI60-13.48098,1942,1445.274720975628
RGI60-13.48098,1943,-1012.7196534456001
RGI60-13.48098,1944,-980.3956250195771
RGI60-13.48098,1945,-1253.2542454738207
RGI60-13.48098,1946,599.4184613702864
RGI60-13.48098,1947,14.084204804619501
RGI60-13.48098,1948,-741.0653854557592
RGI60-13.48098,1949,39.44192663142773
RGI60-13.48098,1950,-833.5552323600965
RGI60-13.48098,1951,-619.6023419429595
RGI60-13.48098,1952,-348.91114027653515
RGI60-13.48098,1953,-355.2990922630239
RGI60-13.48098,1954,190.82135633369396
RGI60-13.48098,1955,-812.212196795741
RGI60-13.48098,1956,-246.90682184039505
RGI60-13.48098,1957,-597.2155048193246
RGI60-13.48098,1958,390.2283307449438
RGI60-13.48098,1959,174.49793174482065
RGI60-13.48098,1960,87.174953974657
RGI60-13.48098,1961,17.859690704241398
RGI60-13.48098,1962,-1064.3259938741894
RGI60-13.48098,1963,-292.63588943268473
RGI60-13.48098,1964,-489.98000623584625
RGI60-13.48098,1965,-863.7076280141215
RGI60-13.48098,1966,-540.0542054911585
RGI60-13.48098,1967,-157.8165592760121
RGI60-13.48098,1968,-780.4445490915997
RGI60-13.48098,1969,164.3422325605991
RGI60-13.48098,1970,-242.38549678790176
RGI60-13.48098,1971,-96.0924907369532
RGI60-13.48098,1972,77.55392450310474
RGI60-13.48098,1973,-742.0535417390211
RGI60-13.48098,1974,-1093.7250713498995
RGI60-13.48098,1975,-534.4097977236016
RGI60-13.48098,1976,-4.152910973515315
RGI60-13.48098,1977,-926.6258401404311
RGI60-13.48098,1978,-229.58926078205167
RGI60-13.48098,1979,338.3438393017449
RGI60-13.48098,1980,-382.6348171087043
RGI60-13.48098,1981,-462.3627151636307
RGI60-13.48098,1982,-203.53980347596988
RGI60-13.48098,1983,-418.94483388515687
RGI60-13.48098,1984,-84.99386001718226
RGI60-13.48098,1985,-599.9969134975472
RGI60-13.48098,1986,-267.5904216062686
RGI60-13.48098,1987,-528.6769575706033
RGI60-13.48098,1988,245.3921103101497
RGI60-13.48098,1989,264.17535754378235
RGI60-13.48098,1990,-540.9727305268699
RGI60-13.48098,1991,-621.6129835230582
RGI60-13.48098,1992,233.50617312659114
RGI60-13.48098,1993,387.2847252020689
RGI60-13.48098,1994,-175.05882952711872
RGI60-13.48098,1995,-659.1762919211046
RGI60-13.48098,1996,-383.4545975172036
RGI60-13.48098,1997,-722.6571263209921
RGI60-13.48098,1998,-1068.03043215408
RGI60-13.48098,1999,-660.2961905206789
RGI60-13.48098,2000,-424.7302719325614
RGI60-13.48098,2001,-1313.5527013775709
RGI60-13.48098,2002,-993.9632228747653
RGI60-13.48098,2003,-193.86422585256653
RGI60-13.48098,2004,-804.3188833701486
RGI60-13.48098,2005,-833.0769951364796
RGI60-13.48098,2006,-1098.888667359683
RGI60-13.48098,2007,-1040.6446956895236
RGI60-13.48098,2008,-1349.5639716496823
RGI60-13.48098,2009,-381.32648725685584
RGI60-13.48098,2010,-878.5596040270284
RGI60-13.48098,2011,-1228.998148593561
RGI60-13.48098,2012,-1212.467751520967
RGI60-13.48098,2013,-449.5671247226078
RGI60-13.48098,2014,-416.5564707591753
RGI60-13.48098,2015,-445.4848064061648
RGI60-13.48098,2016,-1105.6636952243384
RGI60-13.48098,2017,-1015.6368646380497
RGI60-13.48098,2018,-978.3016122614898
RGI60-13.48098,2019,-368.83379934678663
RGI60-13.48099,1901,673.335855235515
RGI60-13.48099,1902,391.38255987300585
RGI60-13.48099,1903,693.5406382681601
RGI60-13.48099,1904,-346.3327381282134
RGI60-13.48099,1905,-137.63565053933664
RGI60-13.48099,1906,-413.2558646097301
RGI60-13.48099,1907,453.1241471638403
RGI60-13.48099,1908,42.71270516110137
RGI60-13.48099,1909,-660.703396910627
RGI60-13.48099,1910,-351.2792357574602
RGI60-13.48099,1911,565.7646848982706
RGI60-13.48099,1912,196.99378933576097
RGI60-13.48099,1913,686.9339822841171
RGI60-13.48099,1914,-1.756350182872477
RGI60-13.48099,1915,-776.1270595857027
RGI60-13.48099,1916,-405.04373578358246
RGI60-13.48099,1917,-370.4719028926107
RGI60-13.48099,1918,-605.0224263000124
RGI60-13.48099,1919,788.1534122023288
RGI60-13.48099,1920,21.452721921229287
RGI60-13.48099,1921,26.177077271141307
RGI60-13.48099,1922,-486.9505473597087
RGI60-13.48099,1923,-701.8049511735567
RGI60-13.48099,1924,-621.8383984239563
RGI60-13.48099,1925,427.84361954365295
RGI60-13.48099,1926,448.1891004981588
RGI60-13.48099,1927,-64.37290478397603
RGI60-13.48099,1928,326.9428230984834
RGI60-13.48099,1929,449.57838009018724
RGI60-13.48099,1930,982.5369676262886
RGI60-13.48099,1931,-176.43227398615474
RGI60-13.48099,1932,392.98345898754576
RGI60-13.48099,1933,-595.1975018556836
RGI60-13.48099,1934,588.2808402566943
RGI60-13.48099,1935,-617.9917744038505
RGI60-13.48099,1936,223.5879317476794
RGI60-13.48099,1937,441.87581621285307
RGI60-13.48099,1938,327.29517089279926
RGI60-13.48099,1939,-118.63065051207528
RGI60-13.48099,1940,-437.2934839149851
RGI60-13.48099,1941,271.65795627593195
RGI60-13.48099,1942,1779.0031466539701
RGI60-13.48099,1943,-934.7587536217937
RGI60-13.48099,1944,-765.0885492861054
RGI60-13.48099,1945,-1049.1075708750584
RGI60-13.48099,1946,704.7169516039733
RGI60-13.48099,1947,170.96226566113
RGI60-13.48099,1948,-639.4492509165874
RGI60-13.48099,1949,219.53252269865126
RGI60-13.48099,1950,-674.811075988408
RGI60-13.48099,1951,-388.6833455872065
RGI60-13.48099,1952,-207.9119214269944
RGI60-13.48099,1953,-165.8011593036499
RGI60-13.48099,1954,389.5320188426014
RGI60-13.48099,1955,-525.557414182561
RGI60-13.48099,1956,-175.07019606553544
RGI60-13.48099,1957,-318.53655010478946
RGI60-13.48099,1958,503.57983144974685
RGI60-13.48099,1959,387.11854879829787
RGI60-13.48099,1960,219.1566492811494
RGI60-13.48099,1961,191.6527974387607
RGI60-13.48099,1962,-873.6820731496812
RGI60-13.48099,1963,-67.73158571854776
RGI60-13.48099,1964,-273.62163992683304
RGI60-13.48099,1965,-673.174493199971
RGI60-13.48099,1966,-269.6325656204145
RGI60-13.48099,1967,40.97761160838011
RGI60-13.48099,1968,-564.8443957881436
RGI60-13.48099,1969,315.5622538181008
RGI60-13.48099,1970,27.610408271304834
RGI60-13.48099,1971,237.50417169419416
RGI60-13.48099,1972,295.0935043661374
RGI60-13.48099,1973,-552.4520161979085
RGI60-13.48099,1974,-898.0929094014085
RGI60-13.48099,1975,-357.8743327823196
RGI60-13.48099,1976,212.58825222890337
RGI60-13.48099,1977,-700.0469496676754
RGI60-13.48099,1978,-79.84116313205297
RGI60-13.48099,1979,496.56896286197144
RGI60-13.48099,1980,-258.8930483741277
RGI60-13.48099,1981,-214.43255943735895
RGI60-13.48099,1982,63.816579037642185
RGI60-13.48099,1983,-320.1729451474261
RGI60-13.48099,1984,30.910959725077223
RGI60-13.48099,1985,-498.6464160706475
RGI60-13.48099,1986,-194.09202385813725
RGI60-13.48099,1987,-434.59417280866
RGI60-13.48099,1988,429.19299245362623
RGI60-13.48099,1989,430.4036875630789
RGI60-13.48099,1990,-279.9080715986651
RGI60-13.48099,1991,-389.29995166043096
RGI60-13.48099,1992,446.47836569701315
RGI60-13.48099,1993,565.642124947824
RGI60-13.48099,1994,45.158893536339306
RGI60-13.48099,1995,-428.42485184621665
RGI60-13.48099,1996,-111.05455402040401
RGI60-13.48099,1997,-495.02897336177506
RGI60-13.48099,1998,-764.0554817731819
RGI60-13.48099,1999,-454.88189294257774
RGI60-13.48099,2000,-372.7318191608197
RGI60-13.48099,2001,-1158.0580093614753
RGI60-13.48099,2002,-754.461308220462
RGI60-13.48099,2003,90.74695826358679
RGI60-13.48099,2004,-565.2613935084745
RGI60-13.48099,2005,-622.4876176556626
RGI60-13.48099,2006,-897.588620512985
RGI60-13.48099,2007,-767.8268076263313
RGI60-13.48099,2008,-1166.8895657390785
RGI60-13.48099,2009,-189.81112884379579
RGI60-13.48099,2010,-661.9628749048417
RGI60-13.48099,2011,-1056.4802281665093
RGI60-13.48099,2012,-1016.1259424203599
RGI60-13.48099,2013,-201.2185828757485
RGI60-13.48099,2014,-195.674664962495
RGI60-13.48099,2015,-239.22381199470462
RGI60-13.48099,2016,-806.8827058448243
RGI60-13.48099,2017,-826.5204313186405
RGI60-13.48099,2018,-753.85560651416
RGI60-13.48099,2019,-241.68583863222128
RGI60-13.48100,1901,1111.2561999973577
RGI60-13.48100,1902,685.7655993109883
RGI60-13.48100,1903,960.4059934655219
RGI60-13.48100,1904,-395.01434560113785
RGI60-13.48100,1905,-128.03198097695676
RGI60-13.48100,1906,-501.18108326928365
RGI60-13.48100,1907,836.0845829207169
RGI60-13.48100,1908,277.8630480703986
RGI60-13.48100,1909,-560.9855372341735
RGI60-13.48100,1910,-320.87061377247556
RGI60-13.48100,1911,821.4992942224986
RGI60-13.48100,1912,273.5391372757066
RGI60-13.48100,1913,956.6519923671872
RGI60-13.48100,1914,141.752883129514
RGI60-13.48100,1915,-797.192921280112
RGI60-13.48100,1916,-381.6643689227015
RGI60-13.48100,1917,-379.9997141680598
RGI60-13.48100,1918,-498.56641285115313
RGI60-13.48100,1919,1315.0897352778552
RGI60-13.48100,1920,159.69888775091675
RGI60-13.48100,1921,298.4711056353694
RGI60-13.48100,1922,-524.4619251370162
RGI60-13.48100,1923,-528.0641089701528
RGI60-13.48100,1924,-417.893834716476
RGI60-13.48100,1925,670.214128845599
RGI60-13.48100,1926,658.7503934708978
RGI60-13.48100,1927,305.13807782963573
RGI60-13.48100,1928,638.3453363977321
RGI60-13.48100,1929,694.9803974409823
RGI60-13.48100,1930,1501.1905166192225
RGI60-13.48100,1931,-29.04736460008241
RGI60-13.48100,1932,839.1924190950966
RGI60-13.48100,1933,-462.3952375453308
RGI60-13.48100,1934,769.6066669811033
RGI60-13.48100,1935,-565.5782194076891
RGI60-13.48100,1936,417.7426313087756
RGI60-13.48100,1937,739.1298203407847
RGI60-13.48100,1938,577.5664136278672
RGI60-13.48100,1939,222.01161838336898
RGI60-13.48100,1940,-258.26884396474605
RGI60-13.48100,1941,511.08529581685127
RGI60-13.48100,1942,2598.8411994917356
RGI60-13.48100,1943,-749.095703863063
RGI60-13.48100,1944,-688.3904687527853
RGI60-13.48100,1945,-932.243285978163
RGI60-13.48100,1946,1180.2468931156955
RGI60-13.48100,1947,341.49229550273276
RGI60-13.48100,1948,-393.65044841665036
RGI60-13.48100,1949,626.6454379804815
RGI60-13.48100,1950,-562.96519114744
RGI60-13.48100,1951,-347.8194955311039
RGI60-13.48100,1952,42.59195269226687
RGI60-13.48100,1953,61.48235712415597
RGI60-13.48100,1954,543.9290967423826
RGI60-13.48100,1955,-449.8936943028624
RGI60-13.48100,1956,180.50191781577885
RGI60-13.48100,1957,-329.36572311028647
RGI60-13.48100,1958,783.9045036840013
RGI60-13.48100,1959,459.57310552903436
RGI60-13.48100,1960,403.1986064490138
RGI60-13.48100,1961,341.7135291572408
RGI60-13.48100,1962,-769.4731864783886
RGI60-13.48100,1963,46.1237100494287
RGI60-13.48100,1964,-174.72657712763967
RGI60-13.48100,1965,-618.1734219514891
RGI60-13.48100,1966,-102.58714298353914
RGI60-13.48100,1967,144.85366979322652
RGI60-13.48100,1968,-573.4686109738489
RGI60-13.48100,1969,579.3085416081966
RGI60-13.48100,1970,4.669640266219108
RGI60-13.48100,1971,243.99054905910563
RGI60-13.48100,1972,327.22183128923075
RGI60-13.48100,1973,-471.24533144781515
RGI60-13.48100,1974,-818.8558889238685
RGI60-13.48100,1975,-202.75092714644444
RGI60-13.48100,1976,331.4764707301464
RGI60-13.48100,1977,-631.8738322260892
RGI60-13.48100,1978,131.8464420044491
RGI60-13.48100,1979,819.7469596513127
RGI60-13.48100,1980,-46.18758232398997
RGI60-13.48100,1981,-172.1802126562967
RGI60-13.48100,1982,155.59928708864024
RGI60-13.48100,1983,-58.88709425756528
RGI60-13.48100,1984,285.06002178207774
RGI60-13.48100,1985,-390.7756929532027
RGI60-13.48100,1986,180.0842798824932
RGI60-13.48100,1987,-109.0484914286692
RGI60-13.48100,1988,704.4692970728477
RGI60-13.48100,1989,795.9030087532473
RGI60-13.48100,1990,-271.0298212849261
RGI60-13.48100,1991,-330.70679959460284
RGI60-13.48100,1992,572.7907499739058
RGI60-13.48100,1993,729.9217354224098
RGI60-13.48100,1994,353.24659642019367
RGI60-13.48100,1995,-341.85510163112497
RGI60-13.48100,1996,-51.77457290778574
RGI60-13.48100,1997,-415.4900198339604
RGI60-13.48100,1998,-705.6509647108977
RGI60-13.48100,1999,-211.45574155384423
RGI60-13.48100,2000,121.25408318680833
RGI60-13.48100,2001,-984.3375182381054
RGI60-13.48100,2002,-594.7847479550436
RGI60-13.48100,2003,121.13833206140716
RGI60-13.48100,2004,-521.3000201591317
RGI60-13.48100,2005,-510.2369679964962
RGI60-13.48100,2006,-809.8188255926784
RGI60-13.48100,2007,-733.8030287117396
RGI60-13.48100,2008,-1005.1497231343996
RGI60-13.48100,2009,-30.847148530913838
RGI60-13.48100,2010,-525.7652615961017
RGI60-13.48100,2011,-917.6892421534271
RGI60-13.48100,2012,-879.5359198462389
RGI60-13.48100,2013,-51.7479335251463
RGI60-13.48100,2014,19.556312584186305
RGI60-13.48100,2015,134.7013595795966
RGI60-13.48100,2016,-748.5165276308719
RGI60-13.48100,2017,-639.9045998058898
RGI60-13.48100,2018,-560.001016589932
RGI60-13.48100,2019,237.86436722067617
RGI60-13.48101,1901,1020.4643151585977
RGI60-13.48101,1902,680.9208957814102
RGI60-13.48101,1903,1014.7471580445753
RGI60-13.48101,1904,-221.4974302411171
RGI60-13.48101,1905,5.244348669569783
RGI60-13.48101,1906,-336.925210530073
RGI60-13.48101,1907,755.9827448028046
RGI60-13.48101,1908,247.09596878373716
RGI60-13.48101,1909,-528.1916059827938
RGI60-13.48101,1910,-239.06727391634658
RGI60-13.48101,1911,892.2508200284057
RGI60-13.48101,1912,401.6157570513527
RGI60-13.48101,1913,1038.065105446629
RGI60-13.48101,1914,205.51865028155154
RGI60-13.48101,1915,-743.4747274295722
RGI60-13.48101,1916,-306.7931487427125
RGI60-13.48101,1917,-256.14360882275844
RGI60-13.48101,1918,-512.8276410154596
RGI60-13.48101,1919,1184.2191447287435
RGI60-13.48101,1920,224.74458385902884
RGI60-13.48101,1921,241.84606032143552
RGI60-13.48101,1922,-416.7125078714434
RGI60-13.48101,1923,-566.896552305636
RGI60-13.48101,1924,-475.5901530559979
RGI60-13.48101,1925,665.8690514432308
RGI60-13.48101,1926,720.7424973274713
RGI60-13.48101,1927,155.7227572294649
RGI60-13.48101,1928,623.7470131318379
RGI60-13.48101,1929,739.7051454919964
RGI60-13.48101,1930,1405.4669571233321
RGI60-13.48101,1931,-17.291757649541132
RGI60-13.48101,1932,688.3798898474254
RGI60-13.48101,1933,-487.79045953600814
RGI60-13.48101,1934,904.6471390882723
RGI60-13.48101,1935,-541.7391770480533
RGI60-13.48101,1936,457.4823665527334
RGI60-13.48101,1937,731.0513212078502
RGI60-13.48101,1938,586.1094650511967
RGI60-13.48101,1939,143.32311562917903
RGI60-13.48101,1940,-243.609385356129
RGI60-13.48101,1941,524.2304152977041
RGI60-13.48101,1942,2406.019244532332
RGI60-13.48101,1943,-813.114786605177
RGI60-13.48101,1944,-685.7866053982748
RGI60-13.48101,1945,-947.3053547456375
RGI60-13.48101,1946,1065.7430286851163
RGI60-13.48101,1947,395.25666714113834
RGI60-13.48101,1948,-455.1640635051333
RGI60-13.48101,1949,552.3031890748861
RGI60-13.48101,1950,-548.5081138654859
RGI60-13.48101,1951,-220.40855742828197
RGI60-13.48101,1952,-46.12989354353854
RGI60-13.48101,1953,132.62649609464862
RGI60-13.48101,1954,618.9480706838598
RGI60-13.48101,1955,-434.42624211066465
RGI60-13.48101,1956,45.59534543806584
RGI60-13.48101,1957,-196.48145311685357
RGI60-13.48101,1958,756.4874167732418
RGI60-13.48101,1959,686.1013154087434
RGI60-13.48101,1960,428.91659395242505
RGI60-13.48101,1961,427.11766275924373
RGI60-13.48101,1962,-771.1151017927272
RGI60-13.48101,1963,121.70390204764739
RGI60-13.48101,1964,-136.37959935929754
RGI60-13.48101,1965,-531.0030284389795
RGI60-13.48101,1966,-100.80936557493798
RGI60-13.48101,1967,227.47991897976743
RGI60-13.48101,1968,-462.9811700831635
RGI60-13.48101,1969,553.9831089334085
RGI60-13.48101,1970,172.1630874552003
RGI60-13.48101,1971,421.0146208568202
RGI60-13.48101,1972,528.2028978464587
RGI60-13.48101,1973,-435.7011751492581
RGI60-13.48101,1974,-762.6407296505834
RGI60-13.48101,1975,-209.05328775638577
RGI60-13.48101,1976,462.8871841424354
RGI60-13.48101,1977,-590.5050964534282
RGI60-13.48101,1978,151.9106515290802
RGI60-13.48101,1979,814.9341651485399
RGI60-13.48101,1980,-80.56461231356907
RGI60-13.48101,1981,-91.55965154336138
RGI60-13.48101,1982,287.9999180597079
RGI60-13.48101,1983,-149.8455424718783
RGI60-13.48101,1984,268.39336374137014
RGI60-13.48101,1985,-385.8493770425599
RGI60-13.48101,1986,47.76225533975085
RGI60-13.48101,1987,-286.43822997362184
RGI60-13.48101,1988,721.7283641057362
RGI60-13.48101,1989,721.0282689308738
RGI60-13.48101,1990,-168.43439190995028
RGI60-13.48101,1991,-201.63578000724124
RGI60-13.48101,1992,706.7130841073141
RGI60-13.48101,1993,859.9948247051306
RGI60-13.48101,1994,306.3628206793869
RGI60-13.48101,1995,-306.1053487370673
RGI60-13.48101,1996,-0.25644496110126463
RGI60-13.48101,1997,-321.6237687486853
RGI60-13.48101,1998,-737.7717518574751
RGI60-13.48101,1999,-214.03732691993102
RGI60-13.48101,2000,-83.28223293080264
RGI60-13.48101,2001,-1065.2306182507004
RGI60-13.48101,2002,-592.1930057502699
RGI60-13.48101,2003,286.9296424422918
RGI60-13.48101,2004,-427.3832342541427
RGI60-13.48101,2005,-439.7320603726854
RGI60-13.48101,2006,-796.9172338077002
RGI60-13.48101,2007,-727.4134725647006
RGI60-13.48101,2008,-1032.119445737427
RGI60-13.48101,2009,-13.82457890266835
RGI60-13.48101,2010,-518.5563558955553
RGI60-13.48101,2011,-976.4922666655858
RGI60-13.48101,2012,-939.9527179561403
RGI60-13.48101,2013,-36.22427931708548
RGI60-13.48101,2014,31.03804074611555
RGI60-13.48101,2015,42.91082747285823
RGI60-13.48101,2016,-712.5996247985701
RGI60-13.48101,2017,-653.8978485786818
RGI60-13.48101,2018,-653.2973871523891
RGI60-13.48101,2019,104.23785227386104
RGI60-13.48102,1901,905.471433188239
RGI60-13.48102,1902,679.9227489691524
RGI60-13.48102,1903,949.196442511039
RGI60-13.48102,1904,-59.687645575185364
RGI60-13.48102,1905,126.1946995366965
RGI60-13.48102,1906,-131.85658332445064
RGI60-13.48102,1907,675.0441718140186
RGI60-13.48102,1908,270.02299950423344
RGI60-13.48102,1909,-416.8538103360954
RGI60-13.48102,1910,-99.1745692028857
RGI60-13.48102,1911,856.2533452876784
RGI60-13.48102,1912,452.400782742254
RGI60-13.48102,1913,971.9782649776984
RGI60-13.48102,1914,265.5966550420447
RGI60-13.48102,1915,-533.5523643242802
RGI60-13.48102,1916,-149.28906603780396
RGI60-13.48102,1917,-109.01897403942009
RGI60-13.48102,1918,-377.10459407240285
RGI60-13.48102,1919,1020.9672119841437
RGI60-13.48102,1920,311.2509460186618
RGI60-13.48102,1921,250.5585625049246
RGI60-13.48102,1922,-235.90504795702452
RGI60-13.48102,1923,-473.1970572855721
RGI60-13.48102,1924,-441.80436452417877
RGI60-13.48102,1925,619.3586356578389
RGI60-13.48102,1926,690.221089231906
RGI60-13.48102,1927,101.46906744500862
RGI60-13.48102,1928,593.5121029733369
RGI60-13.48102,1929,718.4646806712369
RGI60-13.48102,1930,1232.2649518835613
RGI60-13.48102,1931,90.22851790520164
RGI60-13.48102,1932,529.0882036871283
RGI60-13.48102,1933,-369.4468961478048
RGI60-13.48102,1934,898.4292556675896
RGI60-13.48102,1935,-362.4370014826234
RGI60-13.48102,1936,453.6252989870833
RGI60-13.48102,1937,652.3389532078739
RGI60-13.48102,1938,547.9565698158001
RGI60-13.48102,1939,127.7255377639838
RGI60-13.48102,1940,-160.57648130069325
RGI60-13.48102,1941,564.9699888240146
RGI60-13.48102,1942,2110.8909327327588
RGI60-13.48102,1943,-750.11000062648
RGI60-13.48102,1944,-530.0845440317468
RGI60-13.48102,1945,-776.741308565274
RGI60-13.48102,1946,899.3263213517595
RGI60-13.48102,1947,398.13301062246535
RGI60-13.48102,1948,-426.57005642819837
RGI60-13.48102,1949,484.8159410637247
RGI60-13.48102,1950,-435.90398343167686
RGI60-13.48102,1951,-76.31505372732094
RGI60-13.48102,1952,-38.17914649136022
RGI60-13.48102,1953,160.4692084334879
RGI60-13.48102,1954,616.117732224142
RGI60-13.48102,1955,-265.19223033645926
RGI60-13.48102,1956,-20.389401818870304
RGI60-13.48102,1957,-31.39786124123682
RGI60-13.48102,1958,671.8997283800809
RGI60-13.48102,1959,724.0559042753836
RGI60-13.48102,1960,419.75109911638094
RGI60-13.48102,1961,449.8861406671566
RGI60-13.48102,1962,-620.0653856812693
RGI60-13.48102,1963,202.6387390355982
RGI60-13.48102,1964,-23.752545754592692
RGI60-13.48102,1965,-392.61503683924735
RGI60-13.48102,1966,11.091167107459276
RGI60-13.48102,1967,300.6051447747138
RGI60-13.48102,1968,-296.15595233466814
RGI60-13.48102,1969,525.4517915303117
RGI60-13.48102,1970,303.97105195479855
RGI60-13.48102,1971,554.1859927377645
RGI60-13.48102,1972,594.3641967148874
RGI60-13.48102,1973,-309.0409606074807
RGI60-13.48102,1974,-612.1657193178082
RGI60-13.48102,1975,-130.35909366938006
RGI60-13.48102,1976,510.1011279638256
RGI60-13.48102,1977,-434.6206511197294
RGI60-13.48102,1978,164.60284168934817
RGI60-13.48102,1979,744.898416072954
RGI60-13.48102,1980,-64.07980352813998
RGI60-13.48102,1981,39.788645098883514
RGI60-13.48102,1982,376.47007678757785
RGI60-13.48102,1983,-151.5920789084572
RGI60-13.48102,1984,247.08701648456852
RGI60-13.48102,1985,-319.39545214516113
RGI60-13.48102,1986,-21.082700133475548
RGI60-13.48102,1987,-311.79484037686115
RGI60-13.48102,1988,688.0146541516584
RGI60-13.48102,1989,642.4089786827811
RGI60-13.48102,1990,-16.622321293809446
RGI60-13.48102,1991,-83.74745335809004
RGI60-13.48102,1992,732.0908764125708
RGI60-13.48102,1993,841.0631480535452
RGI60-13.48102,1994,302.0858512070175
RGI60-13.48102,1995,-174.81529843651347
RGI60-13.48102,1996,144.9456504328381
RGI60-13.48102,1997,-191.16102990161102
RGI60-13.48102,1998,-525.491168307839
RGI60-13.48102,1999,-160.61852532708323
RGI60-13.48102,2000,-185.4108567163431
RGI60-13.48102,2001,-931.7508514284642
RGI60-13.48102,2002,-465.3016622352807
RGI60-13.48102,2003,403.7513708695732
RGI60-13.48102,2004,-282.1052125250551
RGI60-13.48102,2005,-318.1577041984468
RGI60-13.48102,2006,-642.0527854909781
RGI60-13.48102,2007,-527.1078976227697
RGI60-13.48102,2008,-875.4355014349134
RGI60-13.48102,2009,49.49922009794197
RGI60-13.48102,2010,-403.6089629966474
RGI60-13.48102,2011,-838.9628992563516
RGI60-13.48102,2012,-795.4645178231409
RGI60-13.48102,2013,58.140969563907994
RGI60-13.48102,2014,77.9307007244325
RGI60-13.48102,2015,40.57252886695076
RGI60-13.48102,2016,-511.9501073479386
RGI60-13.48102,2017,-545.5679779147827
RGI60-13.48102,2018,-524.884112235406
RGI60-13.48102,2019,9.866259103717915
RGI60-13.48103,1901,944.7649911463948
RGI60-13.48103,1902,579.1520678390343
RGI60-13.48103,1903,927.7990469661544
RGI60-13.48103,1904,-318.62412860252044
RGI60-13.48103,1905,-84.35733853828289
RGI60-13.48103,1906,-433.1077489960345
RGI60-13.48103,1907,681.912339392316
RGI60-13.48103,1908,174.63300999040766
RGI60-13.48103,1909,-598.5087145194433
RGI60-13.48103,1910,-316.6215682637315
RGI60-13.48103,1911,793.2743815824706
RGI60-13.48103,1912,321.488841687314
RGI60-13.48103,1913,935.4143411311571
RGI60-13.48103,1914,121.6757904890011
RGI60-13.48103,1915,-815.2366430462678
RGI60-13.48103,1916,-386.1124882408105
RGI60-13.48103,1917,-337.8504727068004
RGI60-13.48103,1918,-576.5403650575649
RGI60-13.48103,1919,1107.2084854842242
RGI60-13.48103,1920,124.80095527468326
RGI60-13.48103,1921,175.8387035973116
RGI60-13.48103,1922,-493.7869279712922
RGI60-13.48103,1923,-635.2792613177149
RGI60-13.48103,1924,-526.9404012697561
RGI60-13.48103,1925,600.1511787589226
RGI60-13.48103,1926,636.712450557362
RGI60-13.48103,1927,107.44240095319033
RGI60-13.48103,1928,537.7981521542885
RGI60-13.48103,1929,656.0273731063213
RGI60-13.48103,1930,1328.708202983965
RGI60-13.48103,1931,-102.78682426113653
RGI60-13.48103,1932,652.3927364986504
RGI60-13.48103,1933,-544.9855330419349
RGI60-13.48103,1934,798.9132879105749
RGI60-13.48103,1935,-620.9540950772404
RGI60-13.48103,1936,388.5112038062005
RGI60-13.48103,1937,664.0771234390019
RGI60-13.48103,1938,512.7703691964024
RGI60-13.48103,1939,69.13028707243463
RGI60-13.48103,1940,-329.5132967277348
RGI60-13.48103,1941,421.26574335896396
RGI60-13.48103,1942,2286.628775791091
RGI60-13.48103,1943,-865.815661432672
RGI60-13.48103,1944,-755.6624182935556
RGI60-13.48103,1945,-1026.0658886589229
RGI60-13.48103,1946,1009.0790831155304
RGI60-13.48103,1947,318.7627783166567
RGI60-13.48103,1948,-518.129666514512
RGI60-13.48103,1949,471.38713291820153
RGI60-13.48103,1950,-616.9387277191994
RGI60-13.48103,1951,-317.4167543815875
RGI60-13.48103,1952,-94.59736343920808
RGI60-13.48103,1953,27.285312418940904
RGI60-13.48103,1954,538.4396616523826
RGI60-13.48103,1955,-515.8767337744231
RGI60-13.48103,1956,1.26621632369841
RGI60-13.48103,1957,-292.9073056968024
RGI60-13.48103,1958,700.79476294284
RGI60-13.48103,1959,571.7645612058874
RGI60-13.48103,1960,368.8856517181325
RGI60-13.48103,1961,345.70729663395105
RGI60-13.48103,1962,-840.7811284097602
RGI60-13.48103,1963,36.96250323936784
RGI60-13.48103,1964,-211.42605000489488
RGI60-13.48103,1965,-613.8582072312159
RGI60-13.48103,1966,-183.67751834778122
RGI60-13.48103,1967,148.99958700059847
RGI60-13.48103,1968,-543.5273363011916
RGI60-13.48103,1969,495.1173023045884
RGI60-13.48103,1970,74.73929587259602
RGI60-13.48103,1971,311.71099385842075
RGI60-13.48103,1972,428.9816303570646
RGI60-13.48103,1973,-507.9241213244887
RGI60-13.48103,1974,-848.480494232868
RGI60-13.48103,1975,-274.1318585110344
RGI60-13.48103,1976,368.901872434008
RGI60-13.48103,1977,-671.0334131507755
RGI60-13.48103,1978,75.37438332704731
RGI60-13.48103,1979,738.1705759680169
RGI60-13.48103,1980,-138.7411940155585
RGI60-13.48103,1981,-174.9009318929712
RGI60-13.48103,1982,183.52872436195554
RGI60-13.48103,1983,-194.41799734586408
RGI60-13.48103,1984,203.33393516418215
RGI60-13.48103,1985,-437.6056975360593
RGI60-13.48103,1986,-0.27817329664331647
RGI60-13.48103,1987,-321.2913837845007
RGI60-13.48103,1988,639.1154574488194
RGI60-13.48103,1989,652.958243097809
RGI60-13.48103,1990,-254.7269140441878
RGI60-13.48103,1991,-298.78780594158064
RGI60-13.48103,1992,616.0229891910766
RGI60-13.48103,1993,770.7304534510088
RGI60-13.48103,1994,223.98477107490163
RGI60-13.48103,1995,-384.3817970147534
RGI60-13.48103,1996,-69.2386646576853
RGI60-13.48103,1997,-413.04264131570454
RGI60-13.48103,1998,-800.5660323143835
RGI60-13.48103,1999,-305.78412605166
RGI60-13.48103,2000,-129.47186169536792
RGI60-13.48103,2001,-1124.0304460956424
RGI60-13.48103,2002,-677.5327288242123
RGI60-13.48103,2003,184.09793169220896
RGI60-13.48103,2004,-517.8725278212083
RGI60-13.48103,2005,-530.261199741507
RGI60-13.48103,2006,-869.4514840385075
RGI60-13.48103,2007,-801.0064498991499
RGI60-13.48103,2008,-1114.569820910892
RGI60-13.48103,2009,-88.23098023648988
RGI60-13.48103,2010,-599.9620951873794
RGI60-13.48103,2011,-1037.493182157049
RGI60-13.48103,2012,-1005.8630386075237
RGI60-13.48103,2013,-119.68729037435469
RGI60-13.48103,2014,-56.23642783892876
RGI60-13.48103,2015,-42.682817295641726
RGI60-13.48103,2016,-809.465512958596
RGI60-13.48103,2017,-734.8582789349773
RGI60-13.48103,2018,-714.8975600125395
RGI60-13.48103,2019,23.475770937758824
RGI60-13.48104,1901,847.528993752095
RGI60-13.48104,1902,459.5802236511036
RGI60-13.48104,1903,835.8585900706647
RGI60-13.48104,1904,-396.6937686796405
RGI60-13.48104,1905,-166.99656069596537
RGI60-13.48104,1906,-523.3470683351612
RGI60-13.48104,1907,593.3599217404998
RGI60-13.48104,1908,87.05260454012729
RGI60-13.48104,1909,-655.905402816564
RGI60-13.48104,1910,-398.2330440586634
RGI60-13.48104,1911,701.9536671690605
RGI60-13.48104,1912,256.42585476778544
RGI60-13.48104,1913,842.4798747967018
RGI60-13.48104,1914,42.27280630772974
RGI60-13.48104,1915,-897.5092956993127
RGI60-13.48104,1916,-471.98503352255216
RGI60-13.48104,1917,-409.4352342187711
RGI60-13.48104,1918,-656.8596076143135
RGI60-13.48104,1919,1007.0844839017172
RGI60-13.48104,1920,15.22775227120681
RGI60-13.48104,1921,88.60821101023619
RGI60-13.48104,1922,-567.5901885429821
RGI60-13.48104,1923,-705.8544478106573
RGI60-13.48104,1924,-568.6634755302059
RGI60-13.48104,1925,530.0501422415958
RGI60-13.48104,1926,564.2256864601678
RGI60-13.48104,1927,36.91268248645953
RGI60-13.48104,1928,440.71852917662
RGI60-13.48104,1929,578.2079251310985
RGI60-13.48104,1930,1230.7405663069721
RGI60-13.48104,1931,-209.66215394492454
RGI60-13.48104,1932,609.9047462299515
RGI60-13.48104,1933,-615.6891241460272
RGI60-13.48104,1934,707.3926164570637
RGI60-13.48104,1935,-719.5697888804389
RGI60-13.48104,1936,326.18793107073253
RGI60-13.48104,1937,601.4328271454872
RGI60-13.48104,1938,438.9906596127402
RGI60-13.48104,1939,-10.545918127433914
RGI60-13.48104,1940,-416.5606661363236
RGI60-13.48104,1941,298.20308833598585
RGI60-13.48104,1942,2111.9377830451776
RGI60-13.48104,1943,-901.042489409361
RGI60-13.48104,1944,-831.3328761232989
RGI60-13.48104,1945,-1099.5359227543706
RGI60-13.48104,1946,936.7988703752679
RGI60-13.48104,1947,255.5507901853481
RGI60-13.48104,1948,-569.7133693290928
RGI60-13.48104,1949,382.95979786878524
RGI60-13.48104,1950,-674.0561397737055
RGI60-13.48104,1951,-393.84966665042924
RGI60-13.48104,1952,-160.24404863057876
RGI60-13.48104,1953,-50.66712264606817
RGI60-13.48104,1954,456.5963270002222
RGI60-13.48104,1955,-621.5906611437247
RGI60-13.48104,1956,-49.18130939285528
RGI60-13.48104,1957,-389.2071360083209
RGI60-13.48104,1958,639.8333713488348
RGI60-13.48104,1959,494.92880288937545
RGI60-13.48104,1960,311.774294433567
RGI60-13.48104,1961,284.4920321448287
RGI60-13.48104,1962,-917.1194195667543
RGI60-13.48104,1963,-51.07682322157442
RGI60-13.48104,1964,-294.2257479091756
RGI60-13.48104,1965,-685.0493471083407
RGI60-13.48104,1966,-295.2424660807413
RGI60-13.48104,1967,74.2530121161182
RGI60-13.48104,1968,-620.0424535956074
RGI60-13.48104,1969,423.495546547492
RGI60-13.48104,1970,-11.9153370800731
RGI60-13.48104,1971,200.86576976211106
RGI60-13.48104,1972,354.18529291470713
RGI60-13.48104,1973,-574.8602937329881
RGI60-13.48104,1974,-919.6460525292306
RGI60-13.48104,1975,-349.4185103770124
RGI60-13.48104,1976,280.38481357146895
RGI60-13.48104,1977,-753.9536557319221
RGI60-13.48104,1978,16.033417075730693
RGI60-13.48104,1979,658.0508035995118
RGI60-13.48104,1980,-191.94234987163284
RGI60-13.48104,1981,-260.7004288037015
RGI60-13.48104,1982,75.8226978018115
RGI60-13.48104,1983,-243.10594469927355
RGI60-13.48104,1984,143.53067161234262
RGI60-13.48104,1985,-474.27285366912804
RGI60-13.48104,1986,-49.348983346749186
RGI60-13.48104,1987,-369.0497842890775
RGI60-13.48104,1988,553.838031840815
RGI60-13.48104,1989,572.4349262219248
RGI60-13.48104,1990,-341.12144305963506
RGI60-13.48104,1991,-389.96530409601667
RGI60-13.48104,1992,537.0656781613162
RGI60-13.48104,1993,695.0175754100588
RGI60-13.48104,1994,131.46148605738512
RGI60-13.48104,1995,-469.51557453279565
RGI60-13.48104,1996,-165.39925174697055
RGI60-13.48104,1997,-501.62939748471825
RGI60-13.48104,1998,-906.9682728493182
RGI60-13.48104,1999,-403.9169224697479
RGI60-13.48104,2000,-177.35444741535142
RGI60-13.48104,2001,-1191.7378087941781
RGI60-13.48104,2002,-768.7444857015511
RGI60-13.48104,2003,81.81679126750507
RGI60-13.48104,2004,-602.2348468068391
RGI60-13.48104,2005,-617.1290081727157
RGI60-13.48104,2006,-941.968725715072
RGI60-13.48104,2007,-894.0481254243025
RGI60-13.48104,2008,-1192.8112444671922
RGI60-13.48104,2009,-160.67135057715663
RGI60-13.48104,2010,-680.5256264441686
RGI60-13.48104,2011,-1102.1543183574956
RGI60-13.48104,2012,-1080.336235948309
RGI60-13.48104,2013,-217.65578813391184
RGI60-13.48104,2014,-147.42174801293123
RGI60-13.48104,2015,-144.87030149016476
RGI60-13.48104,2016,-916.1661822939012
RGI60-13.48104,2017,-819.4960331780769
RGI60-13.48104,2018,-809.8529886710329
RGI60-13.48104,2019,-48.63752566316617
RGI60-13.48105,1901,966.9927063203393
RGI60-13.48105,1902,509.14331770876555
RGI60-13.48105,1903,758.6677270332935
RGI60-13.48105,1904,-580.6487199478784
RGI60-13.48105,1905,-294.08689662123845
RGI60-13.48105,1906,-663.3614279532302
RGI60-13.48105,1907,708.0603729203783
RGI60-13.48105,1908,174.9015750033073
RGI60-13.48105,1909,-681.6075224414316
RGI60-13.48105,1910,-439.0036426549113
RGI60-13.48105,1911,599.5014590657768
RGI60-13.48105,1912,95.1883434123345
RGI60-13.48105,1913,708.1462489151342
RGI60-13.48105,1914,-21.261606236389657
RGI60-13.48105,1915,-873.4944432650734
RGI60-13.48105,1916,-506.01164217842074
RGI60-13.48105,1917,-522.2715624171954
RGI60-13.48105,1918,-567.3335314288175
RGI60-13.48105,1919,1155.4626775889005
RGI60-13.48105,1920,-2.4304110346295222
RGI60-13.48105,1921,202.64862796471073
RGI60-13.48105,1922,-644.5810183560496
RGI60-13.48105,1923,-599.6691247192236
RGI60-13.48105,1924,-470.92862799820676
RGI60-13.48105,1925,533.8471154717847
RGI60-13.48105,1926,460.705922908137
RGI60-13.48105,1927,255.52075666707262
RGI60-13.48105,1928,474.87367377927285
RGI60-13.48105,1929,504.51139129897473
RGI60-13.48105,1930,1330.343265899477
RGI60-13.48105,1931,-141.26617179206625
RGI60-13.48105,1932,763.293571215152
RGI60-13.48105,1933,-529.2239668685241
RGI60-13.48105,1934,514.6667942572651
RGI60-13.48105,1935,-648.039726523941
RGI60-13.48105,1936,266.70979869051905
RGI60-13.48105,1937,592.617418490165
RGI60-13.48105,1938,423.5496249087772
RGI60-13.48105,1939,111.03260736244223
RGI60-13.48105,1940,-381.1020908721348
RGI60-13.48105,1941,354.4976391243104
RGI60-13.48105,1942,2376.6383285410325
RGI60-13.48105,1943,-790.417922237977
RGI60-13.48105,1944,-755.5996580066306
RGI60-13.48105,1945,-994.2214926536076
RGI60-13.48105,1946,1046.817792890112
RGI60-13.48105,1947,188.04902930968836
RGI60-13.48105,1948,-457.9156652666989
RGI60-13.48105,1949,483.78070369046355
RGI60-13.48105,1950,-659.0054989690663
RGI60-13.48105,1951,-527.9295912336366
RGI60-13.48105,1952,-14.015504513482133
RGI60-13.48105,1953,-152.23003250757085
RGI60-13.48105,1954,370.3096423912652
RGI60-13.48105,1955,-534.9753850602688
RGI60-13.48105,1956,129.10632093511634
RGI60-13.48105,1957,-488.6342071447088
RGI60-13.48105,1958,662.7057450593794
RGI60-13.48105,1959,179.63364986787005
RGI60-13.48105,1960,273.7105999757433
RGI60-13.48105,1961,156.05332292784882
RGI60-13.48105,1962,-844.3161954870113
RGI60-13.48105,1963,-113.31257035782018
RGI60-13.48105,1964,-285.03600644192653
RGI60-13.48105,1965,-757.1707004241786
RGI60-13.48105,1966,-217.2963489598866
RGI60-13.48105,1967,-20.796824065953057
RGI60-13.48105,1968,-709.1924496367295
RGI60-13.48105,1969,452.1305785548989
RGI60-13.48105,1970,-163.35154165983525
RGI60-13.48105,1971,34.8915461270597
RGI60-13.48105,1972,71.66716950217912
RGI60-13.48105,1973,-566.7479948204455
RGI60-13.48105,1974,-932.3093503635184
RGI60-13.48105,1975,-299.5061114787094
RGI60-13.48105,1976,116.21603815736779
RGI60-13.48105,1977,-734.6319407746372
RGI60-13.48105,1978,-20.871678608946038
RGI60-13.48105,1979,649.2990318915621
RGI60-13.48105,1980,-129.4668656618312
RGI60-13.48105,1981,-301.1579653591765
RGI60-13.48105,1982,-53.51322497086777
RGI60-13.48105,1983,-110.80067508227441
RGI60-13.48105,1984,166.92178339985685
RGI60-13.48105,1985,-455.1839805600588
RGI60-13.48105,1986,118.1844639656132
RGI60-13.48105,1987,-111.92076668603116
RGI60-13.48105,1988,540.8838232337523
RGI60-13.48105,1989,669.8750196615202
RGI60-13.48105,1990,-404.7902561914097
RGI60-13.48105,1991,-517.3510386802377
RGI60-13.48105,1992,358.31495121456874
RGI60-13.48105,1993,504.47684298745367
RGI60-13.48105,1994,211.36894994111154
RGI60-13.48105,1995,-447.15387970500285
RGI60-13.48105,1996,-175.3836151031542
RGI60-13.48105,1997,-580.7222012302444
RGI60-13.48105,1998,-756.6840372323949
RGI60-13.48105,1999,-358.23586797109476
RGI60-13.48105,2000,55.92510227211513
RGI60-13.48105,2001,-1016.3326500182125
RGI60-13.48105,2002,-716.7714468163524
RGI60-13.48105,2003,-86.22151793542587
RGI60-13.48105,2004,-665.753356146874
RGI60-13.48105,2005,-662.1164029095764
RGI60-13.48105,2006,-898.8469694502984
RGI60-13.48105,2007,-805.8204802734231
RGI60-13.48105,2008,-1075.4936571875696
RGI60-13.48105,2009,-152.15987324325275
RGI60-13.48105,2010,-624.243846953017
RGI60-13.48105,2011,-952.6029294251914
RGI60-13.48105,2012,-922.4819788816179
RGI60-13.48105,2013,-177.30079543762022
RGI60-13.48105,2014,-133.61225176618763
RGI60-13.48105,2015,8.874984609650262
RGI60-13.48105,2016,-852.0170431692914
RGI60-13.48105,2017,-742.5151134741448
RGI60-13.48105,2018,-592.4630186333563
RGI60-13.48105,2019,99.95324483963601
RGI60-13.48106,1901,273.4942583583391
RGI60-13.48106,1902,-152.7423685289676
RGI60-13.48106,1903,267.1975409294526
RGI60-13.48106,1904,-856.2651317360427
RGI60-13.48106,1905,-617.0749287507795
RGI60-13.48106,1906,-948.5613755154548
RGI60-13.48106,1907,57.975463744017574
RGI60-13.48106,1908,-359.1338956548079
RGI60-13.48106,1909,-1080.44841516491
RGI60-13.48106,1910,-801.6713516456549
RGI60-13.48106,1911,84.50342406404722
RGI60-13.48106,1912,-193.35050754898262
RGI60-13.48106,1913,227.61125578864363
RGI60-13.48106,1914,-457.1059215413568
RGI60-13.48106,1915,-1265.4877130632653
RGI60-13.48106,1916,-886.3543587066434
RGI60-13.48106,1917,-826.1722065871459
RGI60-13.48106,1918,-1037.2894783523261
RGI60-13.48106,1919,389.55100054654525
RGI60-13.48106,1920,-523.5837959361703
RGI60-13.48106,1921,-372.8145768200358
RGI60-13.48106,1922,-945.035272232279
RGI60-13.48106,1923,-1108.8743770457306
RGI60-13.48106,1924,-915.5408618304059
RGI60-13.48106,1925,95.78201218509524
RGI60-13.48106,1926,45.65002604923911
RGI60-13.48106,1927,-362.4676694212342
RGI60-13.48106,1928,-128.40790736348092
RGI60-13.48106,1929,22.918716648398618
RGI60-13.48106,1930,607.7459804772675
RGI60-13.48106,1931,-687.3732772463802
RGI60-13.48106,1932,190.3754893472391
RGI60-13.48106,1933,-994.293137873751
RGI60-13.48106,1934,85.43731145985184
RGI60-13.48106,1935,-1119.658788363403
RGI60-13.48106,1936,-114.02427715101224
RGI60-13.48106,1937,138.39443104449438
RGI60-13.48106,1938,-35.86912045185994
RGI60-13.48106,1939,-535.9305818699215
RGI60-13.48106,1940,-925.0615882866737
RGI60-13.48106,1941,-312.27308371587327
RGI60-13.48106,1942,1157.0977771384037
RGI60-13.48106,1943,-1235.7035677174401
RGI60-13.48106,1944,-1214.0643745511493
RGI60-13.48106,1945,-1537.2755539554905
RGI60-13.48106,1946,413.4513075460578
RGI60-13.48106,1947,-194.90220264403345
RGI60-13.48106,1948,-969.6346523366554
RGI60-13.48106,1949,-217.57869696334512
RGI60-13.48106,1950,-1084.5831854103267
RGI60-13.48106,1951,-914.1752293888534
RGI60-13.48106,1952,-524.4911458621419
RGI60-13.48106,1953,-671.663920573425
RGI60-13.48106,1954,1.3780886922408333
RGI60-13.48106,1955,-1045.9248263515715
RGI60-13.48106,1956,-414.2738308667656
RGI60-13.48106,1957,-843.3894819175205
RGI60-13.48106,1958,238.93540014938267
RGI60-13.48106,1959,-122.96141691110272
RGI60-13.48106,1960,-98.66125821075929
RGI60-13.48106,1961,-214.55976079354986
RGI60-13.48106,1962,-1325.3969779035983
RGI60-13.48106,1963,-531.9918034917448
RGI60-13.48106,1964,-707.9134057883825
RGI60-13.48106,1965,-1142.0477135897634
RGI60-13.48106,1966,-799.722085913658
RGI60-13.48106,1967,-381.25332379416585
RGI60-13.48106,1968,-1023.3131950704238
RGI60-13.48106,1969,-25.126125068827598
RGI60-13.48106,1970,-481.5075241992617
RGI60-13.48106,1971,-358.5882878043194
RGI60-13.48106,1972,-172.9056882111212
RGI60-13.48106,1973,-971.1443194420491
RGI60-13.48106,1974,-1384.1084506211682
RGI60-13.48106,1975,-752.1959601874851
RGI60-13.48106,1976,-260.4392106154012
RGI60-13.48106,1977,-1183.7671916980935
RGI60-13.48106,1978,-468.1119563491388
RGI60-13.48106,1979,110.02121244305441
RGI60-13.48106,1980,-583.2221217704121
RGI60-13.48106,1981,-685.1192371417899
RGI60-13.48106,1982,-465.27513717231466
RGI60-13.48106,1983,-606.6114896415497
RGI60-13.48106,1984,-293.2973493201173
RGI60-13.48106,1985,-791.2723151642837
RGI60-13.48106,1986,-466.42068146099956
RGI60-13.48106,1987,-692.2517692225222
RGI60-13.48106,1988,23.53861109850268
RGI60-13.48106,1989,66.7619448732775
RGI60-13.48106,1990,-777.5665026191033
RGI60-13.48106,1991,-899.969444134241
RGI60-13.48106,1992,-6.233274515969247
RGI60-13.48106,1993,149.00854426004227
RGI60-13.48106,1994,-427.5079138063332
RGI60-13.48106,1995,-890.10860243701
RGI60-13.48106,1996,-604.2533043394271
RGI60-13.48106,1997,-1004.1214749720659
RGI60-13.48106,1998,-1298.534058785172
RGI60-13.48106,1999,-939.2253220871444
RGI60-13.48106,2000,-665.5860480837011
RGI60-13.48106,2001,-1572.244535062781
RGI60-13.48106,2002,-1289.7516835978854
RGI60-13.48106,2003,-458.8937004166438
RGI60-13.48106,2004,-1076.0386045358532
RGI60-13.48106,2005,-1114.9774923965936
RGI60-13.48106,2006,-1361.4943433211288
RGI60-13.48106,2007,-1274.7345059331926
RGI60-13.48106,2008,-1646.4634083681528
RGI60-13.48106,2009,-610.9479403916781
RGI60-13.48106,2010,-1142.6831602704642
RGI60-13.48106,2011,-1471.0027975709345
RGI60-13.48106,2012,-1451.8195126729975
RGI60-13.48106,2013,-685.1736205704474
RGI60-13.48106,2014,-679.5975235730265
RGI60-13.48106,2015,-712.1288106174786
RGI60-13.48106,2016,-1391.6901466472873
RGI60-13.48106,2017,-1291.741678752039
RGI60-13.48106,2018,-1206.5198844210006
RGI60-13.48106,2019,-652.510602796709
RGI60-13.48107,1901,736.2720882001139
RGI60-13.48107,1902,811.7042887900509
RGI60-13.48107,1903,979.7719583047126
RGI60-13.48107,1904,-33.11588060096369
RGI60-13.48107,1905,209.44460520848304
RGI60-13.48107,1906,1.8958169188062748
RGI60-13.48107,1907,692.7283663157979
RGI60-13.48107,1908,366.68043176063907
RGI60-13.48107,1909,-391.7986798986103
RGI60-13.48107,1910,37.3895338902798
RGI60-13.48107,1911,904.018546941638
RGI60-13.48107,1912,485.3714805778014
RGI60-13.48107,1913,872.1545311633403
RGI60-13.48107,1914,407.39425501576574
RGI60-13.48107,1915,-369.85231712124653
RGI60-13.48107,1916,-19.247609364299194
RGI60-13.48107,1917,5.028820966744753
RGI60-13.48107,1918,-167.78820122530655
RGI60-13.48107,1919,1172.1092984567547
RGI60-13.48107,1920,519.3749858990966
RGI60-13.48107,1921,391.26697405640056
RGI60-13.48107,1922,-131.46273068039758
RGI60-13.48107,1923,-255.03254744380254
RGI60-13.48107,1924,-327.6882893347186
RGI60-13.48107,1925,818.4455328960429
RGI60-13.48107,1926,730.4555694567467
RGI60-13.48107,1927,192.62004612761282
RGI60-13.48107,1928,740.0240693038354
RGI60-13.48107,1929,617.8199047207819
RGI60-13.48107,1930,1182.3244155098596
RGI60-13.48107,1931,432.009395413667
RGI60-13.48107,1932,447.0629973702107
RGI60-13.48107,1933,-224.89380387959457
RGI60-13.48107,1934,872.3145240997642
RGI60-13.48107,1935,-115.3346451874052
RGI60-13.48107,1936,469.201550600475
RGI60-13.48107,1937,640.7953616568313
RGI60-13.48107,1938,637.0063871102976
RGI60-13.48107,1939,359.2684608440242
RGI60-13.48107,1940,178.99036544200746
RGI60-13.48107,1941,675.911580810151
RGI60-13.48107,1942,2000.8514475356087
RGI60-13.48107,1943,-585.5797979477632
RGI60-13.48107,1944,-242.3255627834678
RGI60-13.48107,1945,-549.6800028751762
RGI60-13.48107,1946,887.8082150045756
RGI60-13.48107,1947,503.5306114581548
RGI60-13.48107,1948,-368.42401985291156
RGI60-13.48107,1949,525.7116732118565
RGI60-13.48107,1950,-219.99160721010026
RGI60-13.48107,1951,218.45136352571853
RGI60-13.48107,1952,212.18400856424378
RGI60-13.48107,1953,452.7549967284131
RGI60-13.48107,1954,874.549038983524
RGI60-13.48107,1955,219.31366776500366
RGI60-13.48107,1956,246.7235219426297
RGI60-13.48107,1957,362.07030023390826
RGI60-13.48107,1958,947.3115201447799
RGI60-13.48107,1959,1007.8095479000892
RGI60-13.48107,1960,691.9676865892228
RGI60-13.48107,1961,621.1276681813596
RGI60-13.48107,1962,-463.58438668565265
RGI60-13.48107,1963,338.4083979221283
RGI60-13.48107,1964,317.39148938406623
RGI60-13.48107,1965,-215.04745093211548
RGI60-13.48107,1966,224.48786274810087
RGI60-13.48107,1967,394.4640489901439
RGI60-13.48107,1968,-58.49818027155753
RGI60-13.48107,1969,599.0000510203114
RGI60-13.48107,1970,478.64430694590015
RGI60-13.48107,1971,735.9275381127871
RGI60-13.48107,1972,802.8872860605546
RGI60-13.48107,1973,-96.18698556555096
RGI60-13.48107,1974,-522.8293545281857
RGI60-13.48107,1975,-9.58628117519942
RGI60-13.48107,1976,683.6934126814702
RGI60-13.48107,1977,-169.19829647662488
RGI60-13.48107,1978,344.1815930029857
RGI60-13.48107,1979,941.9093151769707
RGI60-13.48107,1980,170.69902509587396
RGI60-13.48107,1981,359.72630397209497
RGI60-13.48107,1982,601.728885390962
RGI60-13.48107,1983,139.3983781735466
RGI60-13.48107,1984,577.2807642062232
RGI60-13.48107,1985,78.7222221387439
RGI60-13.48107,1986,172.444873308887
RGI60-13.48107,1987,84.13207276129393
RGI60-13.48107,1988,976.9648168234852
RGI60-13.48107,1989,737.2901644660927
RGI60-13.48107,1990,398.8601743314074
RGI60-13.48107,1991,89.81845279171718
RGI60-13.48107,1992,944.3948317745433
RGI60-13.48107,1993,1011.8301737655493
RGI60-13.48107,1994,597.2664233474244
RGI60-13.48107,1995,172.03248814458013
RGI60-13.48107,1996,560.7004016817506
RGI60-13.48107,1997,1.497080999738267
RGI60-13.48107,1998,78.77773240197823
RGI60-13.48107,1999,209.25904906146292
RGI60-13.48107,2000,-53.29958056295289
RGI60-13.48107,2001,-450.09526891905807
RGI60-13.48107,2002,-10.305122919680818
RGI60-13.48107,2003,860.8926567121355
RGI60-13.48107,2004,164.342368072796
RGI60-13.48107,2005,20.78911141435775
RGI60-13.48107,2006,-242.92468050774647
RGI60-13.48107,2007,102.30953386849711
RGI60-13.48107,2008,-630.0361053554185
RGI60-13.48107,2009,518.0820825484834
RGI60-13.48107,2010,18.075385111126895
RGI60-13.48107,2011,-286.75124747238516
RGI60-13.48107,2012,-290.99011009692566
RGI60-13.48107,2013,406.2962698828171
RGI60-13.48107,2014,354.2422972512553
RGI60-13.48107,2015,318.9161375390385
RGI60-13.48107,2016,-17.150992406094073
RGI60-13.48107,2017,-171.4612394959813
RGI60-13.48107,2018,-56.35760518753063
RGI60-13.48107,2019,35.42611052325517
RGI60-13.48108,1901,734.2375100733041
RGI60-13.48108,1902,768.4800901410864
RGI60-13.48108,1903,1052.4944124805324
RGI60-13.48108,1904,-84.28652715920381
RGI60-13.48108,1905,112.1221079895154
RGI60-13.48108,1906,-41.28529311402087
RGI60-13.48108,1907,634.4758430829879
RGI60-13.48108,1908,298.9488298394247
RGI60-13.48108,1909,-683.2673835538161
RGI60-13.48108,1910,-92.50343031787708
RGI60-13.48108,1911,954.8047769322633
RGI60-13.48108,1912,485.5055146340524
RGI60-13.48108,1913,887.7045378951324
RGI60-13.48108,1914,379.35728624921956
RGI60-13.48108,1915,-486.57426250594347
RGI60-13.48108,1916,-70.62300871497887
RGI60-13.48108,1917,-56.38246635497567
RGI60-13.48108,1918,-365.1784032438244
RGI60-13.48108,1919,1170.5882755342623
RGI60-13.48108,1920,477.9945760155171
RGI60-13.48108,1921,280.3015785294218
RGI60-13.48108,1922,-211.86611326076005
RGI60-13.48108,1923,-530.2597141082471
RGI60-13.48108,1924,-629.1268203074648
RGI60-13.48108,1925,865.6898816328671
RGI60-13.48108,1926,732.7797576581427
RGI60-13.48108,1927,-11.134188453807017
RGI60-13.48108,1928,692.9935368886877
RGI60-13.48108,1929,575.8696200894881
RGI60-13.48108,1930,1166.382219686173
RGI60-13.48108,1931,436.69197838317046
RGI60-13.48108,1932,310.3468846516309
RGI60-13.48108,1933,-483.4713037974592
RGI60-13.48108,1934,960.8443920068969
RGI60-13.48108,1935,-214.7920640194468
RGI60-13.48108,1936,429.4848886839152
RGI60-13.48108,1937,611.4855898066809
RGI60-13.48108,1938,605.7691606516088
RGI60-13.48108,1939,148.7012424508366
RGI60-13.48108,1940,12.54505584362352
RGI60-13.48108,1941,686.7295640453771
RGI60-13.48108,1942,2095.1309129949354
RGI60-13.48108,1943,-979.5613922946567
RGI60-13.48108,1944,-376.79523843360795
RGI60-13.48108,1945,-834.3391031203355
RGI60-13.48108,1946,812.1865847558236
RGI60-13.48108,1947,507.27584475973106
RGI60-13.48108,1948,-763.1152594376651
RGI60-13.48108,1949,346.7834449654476
RGI60-13.48108,1950,-435.49445420299566
RGI60-13.48108,1951,135.50276963433217
RGI60-13.48108,1952,40.500141955368996
RGI60-13.48108,1953,310.4169619064713
RGI60-13.48108,1954,938.5419667000468
RGI60-13.48108,1955,149.5063751595687
RGI60-13.48108,1956,-64.96318730591116
RGI60-13.48108,1957,346.86835490294703
RGI60-13.48108,1958,968.2414154888314
RGI60-13.48108,1959,1082.682594272396
RGI60-13.48108,1960,782.2952411508807
RGI60-13.48108,1961,613.6296279812274
RGI60-13.48108,1962,-747.5879225695597
RGI60-13.48108,1963,258.1856862177227
RGI60-13.48108,1964,246.5280690910153
RGI60-13.48108,1965,-362.389279047218
RGI60-13.48108,1966,125.15034341195724
RGI60-13.48108,1967,389.35581296719795
RGI60-13.48108,1968,-99.10655903606852
RGI60-13.48108,1969,523.6226584318268
RGI60-13.48108,1970,517.7004240330424
RGI60-13.48108,1971,801.1305177155916
RGI60-13.48108,1972,884.1014682398036
RGI60-13.48108,1973,-313.7036295448969
RGI60-13.48108,1974,-894.829117248976
RGI60-13.48108,1975,-200.69303712956375
RGI60-13.48108,1976,695.4069183374185
RGI60-13.48108,1977,-357.05276312988997
RGI60-13.48108,1978,161.91370073607382
RGI60-13.48108,1979,1038.8517142228293
RGI60-13.48108,1980,27.510859844687616
RGI60-13.48108,1981,434.8329249932319
RGI60-13.48108,1982,624.1329027146514
RGI60-13.48108,1983,-25.701860901944844
RGI60-13.48108,1984,532.095967390481
RGI60-13.48108,1985,2.503703147069733
RGI60-13.48108,1986,-36.531945168499504
RGI60-13.48108,1987,-157.1584309918907
RGI60-13.48108,1988,1037.6209880528743
RGI60-13.48108,1989,759.5671514322975
RGI60-13.48108,1990,461.3135714604835
RGI60-13.48108,1991,0.9736342800344637
RGI60-13.48108,1992,967.8629633960874
RGI60-13.48108,1993,1060.3095734967342
RGI60-13.48108,1994,522.0881653600128
RGI60-13.48108,1995,154.97875562790728
RGI60-13.48108,1996,557.384691704802
RGI60-13.48108,1997,-127.32049282278142
RGI60-13.48108,1998,-66.91364536098884
RGI60-13.48108,1999,-42.28461791331032
RGI60-13.48108,2000,-470.8395846221121
RGI60-13.48108,2001,-765.6210161846803
RGI60-13.48108,2002,-373.09274212838017
RGI60-13.48108,2003,1002.4534701006107
RGI60-13.48108,2004,67.78317982485639
RGI60-13.48108,2005,-194.79464368098098
RGI60-13.48108,2006,-527.0026326471091
RGI60-13.48108,2007,41.91655661984768
RGI60-13.48108,2008,-1033.5917612743235
RGI60-13.48108,2009,473.1993020957092
RGI60-13.48108,2010,-181.39992738640797
RGI60-13.48108,2011,-524.2872064296977
RGI60-13.48108,2012,-562.8605600201229
RGI60-13.48108,2013,323.7120293441547
RGI60-13.48108,2014,219.4837958183217
RGI60-13.48108,2015,-122.21052629441935
RGI60-13.48108,2016,-227.8137893668768
RGI60-13.48108,2017,-577.7778203769975
RGI60-13.48108,2018,-298.64587925026325
RGI60-13.48108,2019,-398.61024414117423
RGI60-13.48109,1901,-147.40821387644903
RGI60-13.48109,1902,-362.50119405848903
RGI60-13.48109,1903,153.55858589685238
RGI60-13.48109,1904,-1097.1115944154672
RGI60-13.48109,1905,-768.109280572706
RGI60-13.48109,1906,-1139.3730191818643
RGI60-13.48109,1907,-185.8648062160949
RGI60-13.48109,1908,-554.971483728232
RGI60-13.48109,1909,-1434.5408965986942
RGI60-13.48109,1910,-962.4301018138054
RGI60-13.48109,1911,-42.34226985609315
RGI60-13.48109,1912,-311.8423103900027
RGI60-13.48109,1913,17.82592936727187
RGI60-13.48109,1914,-550.0429857381438
RGI60-13.48109,1915,-1517.521406827886
RGI60-13.48109,1916,-1101.0440438532287
RGI60-13.48109,1917,-969.6588531869278
RGI60-13.48109,1918,-1237.5601607082865
RGI60-13.48109,1919,313.42614455069986
RGI60-13.48109,1920,-633.5282397999069
RGI60-13.48109,1921,-533.7887653366549
RGI60-13.48109,1922,-1124.9673477033327
RGI60-13.48109,1923,-1294.653596250959
RGI60-13.48109,1924,-1109.2208851494415
RGI60-13.48109,1925,113.61901468887345
RGI60-13.48109,1926,-54.04649661749345
RGI60-13.48109,1927,-585.391614818238
RGI60-13.48109,1928,-213.85247313679284
RGI60-13.48109,1929,-200.52770696136116
RGI60-13.48109,1930,451.94831255696346
RGI60-13.48109,1931,-692.2406211887966
RGI60-13.48109,1932,-69.14165926001226
RGI60-13.48109,1933,-1171.968202215239
RGI60-13.48109,1934,-84.01150707179012
RGI60-13.48109,1935,-1281.6464070062668
RGI60-13.48109,1936,-219.17817842783896
RGI60-13.48109,1937,34.2764534142454
RGI60-13.48109,1938,-89.4230158810995
RGI60-13.48109,1939,-631.306063121293
RGI60-13.48109,1940,-930.8469254809356
RGI60-13.48109,1941,-530.3955786061463
RGI60-13.48109,1942,822.4042141798351
RGI60-13.48109,1943,-1429.5900773652204
RGI60-13.48109,1944,-1342.5252191719428
RGI60-13.48109,1945,-1753.7588402654058
RGI60-13.48109,1946,275.3714468754396
RGI60-13.48109,1947,-228.79202409345518
RGI60-13.48109,1948,-1205.0031382528152
RGI60-13.48109,1949,-448.64726316100166
RGI60-13.48109,1950,-1211.621864262733
RGI60-13.48109,1951,-852.8259434760041
RGI60-13.48109,1952,-584.8265966249766
RGI60-13.48109,1953,-672.6132275712004
RGI60-13.48109,1954,152.92445010805554
RGI60-13.48109,1955,-980.5868230901075
RGI60-13.48109,1956,-349.82834278348184
RGI60-13.48109,1957,-718.6501163743968
RGI60-13.48109,1958,431.8639292324286
RGI60-13.48109,1959,83.1292356171563
RGI60-13.48109,1960,26.871460554975815
RGI60-13.48109,1961,-204.15736095740013
RGI60-13.48109,1962,-1594.2804603427596
RGI60-13.48109,1963,-644.473826783118
RGI60-13.48109,1964,-649.7814641538796
RGI60-13.48109,1965,-1314.85629440508
RGI60-13.48109,1966,-1018.0031616905019
RGI60-13.48109,1967,-505.9768219998503
RGI60-13.48109,1968,-1091.8910378749001
RGI60-13.48109,1969,-101.78219804456562
RGI60-13.48109,1970,-484.8211110033786
RGI60-13.48109,1971,-345.7619278734917
RGI60-13.48109,1972,-103.88257484400798
RGI60-13.48109,1973,-1073.4458843424575
RGI60-13.48109,1974,-1693.8324029781215
RGI60-13.48109,1975,-938.4265379699052
RGI60-13.48109,1976,-254.20455084453113
RGI60-13.48109,1977,-1351.7717806211629
RGI60-13.48109,1978,-467.51912661429145
RGI60-13.48109,1979,159.76785269651864
RGI60-13.48109,1980,-597.6899332669925
RGI60-13.48109,1981,-647.1318301910261
RGI60-13.48109,1982,-463.60510674746746
RGI60-13.48109,1983,-605.9260403907992
RGI60-13.48109,1984,-173.27569759797635
RGI60-13.48109,1985,-641.627920587481
RGI60-13.48109,1986,-553.6578446120292
RGI60-13.48109,1987,-679.4841532988644
RGI60-13.48109,1988,150.09382127544515
RGI60-13.48109,1989,-57.22390315657673
RGI60-13.48109,1990,-671.9489154632435
RGI60-13.48109,1991,-1046.0333259154565
RGI60-13.48109,1992,135.04022255292492
RGI60-13.48109,1993,316.8171918999284
RGI60-13.48109,1994,-458.41616638999517
RGI60-13.48109,1995,-887.9717205286495
RGI60-13.48109,1996,-482.35558671688034
RGI60-13.48109,1997,-1107.8864889711647
RGI60-13.48109,1998,-1210.7865147542368
RGI60-13.48109,1999,-939.0315247309279
RGI60-13.48109,2000,-891.3137852038525
RGI60-13.48109,2001,-1620.4058468656985
RGI60-13.48109,2002,-1270.7139184677894
RGI60-13.48109,2003,-234.11667867994166
RGI60-13.48109,2004,-972.5830554646145
RGI60-13.48109,2005,-1157.0065110416658
RGI60-13.48109,2006,-1358.7009277583118
RGI60-13.48109,2007,-1155.3277492130503
RGI60-13.48109,2008,-1840.3246214380445
RGI60-13.48109,2009,-391.3526310170312
RGI60-13.48109,2010,-1104.7961783440312
RGI60-13.48109,2011,-1428.99299186669
RGI60-13.48109,2012,-1446.2679990334036
RGI60-13.48109,2013,-639.0774949224041
RGI60-13.48109,2014,-717.2356654567691
RGI60-13.48109,2015,-821.1193130424296
RGI60-13.48109,2016,-1420.6197687699614
RGI60-13.48109,2017,-1347.5571390656335
RGI60-13.48109,2018,-1218.3359241263154
RGI60-13.48109,2019,-996.1518002223618
RGI60-13.48110,1901,656.7476984937019
RGI60-13.48110,1902,653.7238679972272
RGI60-13.48110,1903,968.4080650394092
RGI60-13.48110,1904,-187.64549403062907
RGI60-13.48110,1905,37.00104168054385
RGI60-13.48110,1906,-154.04384243023424
RGI60-13.48110,1907,558.2029989363963
RGI60-13.48110,1908,224.02673733744663
RGI60-13.48110,1909,-770.2323826897865
RGI60-13.48110,1910,-170.4707488392726
RGI60-13.48110,1911,863.215232207198
RGI60-13.48110,1912,436.4335162707721
RGI60-13.48110,1913,808.271621737573
RGI60-13.48110,1914,305.0089897676143
RGI60-13.48110,1915,-586.8788614201299
RGI60-13.48110,1916,-173.58252046663952
RGI60-13.48110,1917,-132.89769942407344
RGI60-13.48110,1918,-469.6929917166824
RGI60-13.48110,1919,1098.6349186391385
RGI60-13.48110,1920,357.8697651589283
RGI60-13.48110,1921,209.34862673583086
RGI60-13.48110,1922,-292.04045267451824
RGI60-13.48110,1923,-633.7839722228498
RGI60-13.48110,1924,-687.8910649488921
RGI60-13.48110,1925,793.4018643652599
RGI60-13.48110,1926,665.464899501607
RGI60-13.48110,1927,-79.24946536618893
RGI60-13.48110,1928,598.2305723042522
RGI60-13.48110,1929,522.1132805524961
RGI60-13.48110,1930,1122.1360598234237
RGI60-13.48110,1931,315.9480271749385
RGI60-13.48110,1932,276.0227239739505
RGI60-13.48110,1933,-551.9142517087859
RGI60-13.48110,1934,860.2336682543777
RGI60-13.48110,1935,-320.4134985552863
RGI60-13.48110,1936,388.1930301446945
RGI60-13.48110,1937,575.9559135604421
RGI60-13.48110,1938,539.9910389144324
RGI60-13.48110,1939,71.95844139479833
RGI60-13.48110,1940,-107.23366039519297
RGI60-13.48110,1941,576.0840295968677
RGI60-13.48110,1942,1969.0215635717107
RGI60-13.48110,1943,-1042.4508087473932
RGI60-13.48110,1944,-472.8395054603157
RGI60-13.48110,1945,-930.0913165709985
RGI60-13.48110,1946,772.5309431882597
RGI60-13.48110,1947,439.5887226358623
RGI60-13.48110,1948,-819.2730469012633
RGI60-13.48110,1949,271.98448636161254
RGI60-13.48110,1950,-523.6655287527301
RGI60-13.48110,1951,32.33869501020519
RGI60-13.48110,1952,-30.03186245630903
RGI60-13.48110,1953,215.80704306846695
RGI60-13.48110,1954,866.6197454213278
RGI60-13.48110,1955,37.774805946391304
RGI60-13.48110,1956,-105.56004769831846
RGI60-13.48110,1957,236.5486690059631
RGI60-13.48110,1958,934.4502877551676
RGI60-13.48110,1959,1001.1187907161626
RGI60-13.48110,1960,691.0604346715057
RGI60-13.48110,1961,555.5511940009196
RGI60-13.48110,1962,-858.1178601852152
RGI60-13.48110,1963,160.7436831744902
RGI60-13.48110,1964,169.36261571784144
RGI60-13.48110,1965,-479.086494766899
RGI60-13.48110,1966,14.184819099431325
RGI60-13.48110,1967,302.7338528989786
RGI60-13.48110,1968,-217.1136428848298
RGI60-13.48110,1969,481.45570577839015
RGI60-13.48110,1970,444.483142952983
RGI60-13.48110,1971,695.9508573630081
RGI60-13.48110,1972,780.7805609894759
RGI60-13.48110,1973,-390.56738009526447
RGI60-13.48110,1974,-1001.4429147309709
RGI60-13.48110,1975,-271.1566106629927
RGI60-13.48110,1976,615.6674027498626
RGI60-13.48110,1977,-457.65213380413246
RGI60-13.48110,1978,108.1462506801476
RGI60-13.48110,1979,954.2535406372037
RGI60-13.48110,1980,-35.21908652665757
RGI60-13.48110,1981,307.1533758435955
RGI60-13.48110,1982,502.8352068833402
RGI60-13.48110,1983,-86.34782254808987
RGI60-13.48110,1984,459.3962527909515
RGI60-13.48110,1985,-54.32888690839419
RGI60-13.48110,1986,-98.89418660945502
RGI60-13.48110,1987,-224.95704724531834
RGI60-13.48110,1988,966.2427616800704
RGI60-13.48110,1989,686.8914386204402
RGI60-13.48110,1990,342.12575651277444
RGI60-13.48110,1991,-125.88898935911389
RGI60-13.48110,1992,922.4895760489659
RGI60-13.48110,1993,1013.9919118594987
RGI60-13.48110,1994,428.12081834615606
RGI60-13.48110,1995,40.128400007306844
RGI60-13.48110,1996,458.48784203941983
RGI60-13.48110,1997,-236.76367105099013
RGI60-13.48110,1998,-181.678796370227
RGI60-13.48110,1999,-143.83271601269828
RGI60-13.48110,2000,-532.7011288710033
RGI60-13.48110,2001,-867.4310978781817
RGI60-13.48110,2002,-490.43090462414204
RGI60-13.48110,2003,868.1213243419122
RGI60-13.48110,2004,-46.4945969470729
RGI60-13.48110,2005,-296.9138595868615
RGI60-13.48110,2006,-636.951536367865
RGI60-13.48110,2007,-83.51295415076166
RGI60-13.48110,2008,-1127.7457520782805
RGI60-13.48110,2009,398.31918077181666
RGI60-13.48110,2010,-285.4798317704398
RGI60-13.48110,2011,-622.2238147656218
RGI60-13.48110,2012,-667.2968802923535
RGI60-13.48110,2013,233.88865765037497
RGI60-13.48110,2014,116.1501206369666
RGI60-13.48110,2015,-215.64383050116172
RGI60-13.48110,2016,-352.45291631045035
RGI60-13.48110,2017,-690.715866720248
RGI60-13.48110,2018,-400.99692951563344
RGI60-13.48110,2019,-479.487383021016
RGI60-13.48111,1901,1258.0021396468312
RGI60-13.48111,1902,907.7634869375671
RGI60-13.48111,1903,1085.3506713933818
RGI60-13.48111,1904,-199.73203559028153
RGI60-13.48111,1905,62.18175003841675
RGI60-13.48111,1906,-273.5184858820957
RGI60-13.48111,1907,990.8940768817037
RGI60-13.48111,1908,460.94231841697706
RGI60-13.48111,1909,-375.4278635684492
RGI60-13.48111,1910,-114.76693597741571
RGI60-13.48111,1911,952.1794758824701
RGI60-13.48111,1912,370.17824044180037
RGI60-13.48111,1913,1057.803585197419
RGI60-13.48111,1914,306.18622204370865
RGI60-13.48111,1915,-526.7072664297516
RGI60-13.48111,1916,-164.2200652005243
RGI60-13.48111,1917,-190.9890339745909
RGI60-13.48111,1918,-262.69681116871214
RGI60-13.48111,1919,1438.4475577968037
RGI60-13.48111,1920,403.2584588558329
RGI60-13.48111,1921,485.798668320573
RGI60-13.48111,1922,-322.0900694943299
RGI60-13.48111,1923,-298.5248288799105
RGI60-13.48111,1924,-249.9709481789086
RGI60-13.48111,1925,775.4266087462997
RGI60-13.48111,1926,749.1379652304121
RGI60-13.48111,1927,481.0252776540118
RGI60-13.48111,1928,807.9293002887495
RGI60-13.48111,1929,802.7054074375458
RGI60-13.48111,1930,1593.9789696982198
RGI60-13.48111,1931,232.60917123752938
RGI60-13.48111,1932,899.2977921528621
RGI60-13.48111,1933,-248.08107375352307
RGI60-13.48111,1934,890.2588769100927
RGI60-13.48111,1935,-284.17512789555485
RGI60-13.48111,1936,503.1291768243272
RGI60-13.48111,1937,807.417179428319
RGI60-13.48111,1938,688.728088214558
RGI60-13.48111,1939,417.13534683629484
RGI60-13.48111,1940,-0.21926061964609755
RGI60-13.48111,1941,784.1511851714739
RGI60-13.48111,1942,2849.2549843890024
RGI60-13.48111,1943,-566.2013566988263
RGI60-13.48111,1944,-429.692890543531
RGI60-13.48111,1945,-649.6065948271774
RGI60-13.48111,1946,1256.8630970740548
RGI60-13.48111,1947,451.7402363589277
RGI60-13.48111,1948,-198.92898523266635
RGI60-13.48111,1949,813.2580460080485
RGI60-13.48111,1950,-367.35850227664025
RGI60-13.48111,1951,-153.17692165315574
RGI60-13.48111,1952,220.5667774918712
RGI60-13.48111,1953,229.55458050984495
RGI60-13.48111,1954,672.0355617981019
RGI60-13.48111,1955,-155.27995255420305
RGI60-13.48111,1956,314.82076866905174
RGI60-13.48111,1957,-94.89522700932517
RGI60-13.48111,1958,851.8357952464231
RGI60-13.48111,1959,561.181480209619
RGI60-13.48111,1960,497.1318228453556
RGI60-13.48111,1961,436.84077161032167
RGI60-13.48111,1962,-513.3030409937871
RGI60-13.48111,1963,229.7965658112641
RGI60-13.48111,1964,26.034403842598653
RGI60-13.48111,1965,-393.9748735341758
RGI60-13.48111,1966,170.73515236276347
RGI60-13.48111,1967,273.9048080209916
RGI60-13.48111,1968,-363.5729572806125
RGI60-13.48111,1969,683.7114807451547
RGI60-13.48111,1970,206.46283406146708
RGI60-13.48111,1971,475.5533535130274
RGI60-13.48111,1972,414.774531410453
RGI60-13.48111,1973,-262.37733733658547
RGI60-13.48111,1974,-551.9285862688561
RGI60-13.48111,1975,-16.943745566471403
RGI60-13.48111,1976,477.60644342433176
RGI60-13.48111,1977,-372.4715780832079
RGI60-13.48111,1978,253.99956240914184
RGI60-13.48111,1979,925.3433680198114
RGI60-13.48111,1980,102.47769696490079
RGI60-13.48111,1981,32.78192173562813
RGI60-13.48111,1982,358.4265777243107
RGI60-13.48111,1983,91.63747883322644
RGI60-13.48111,1984,397.30673470566535
RGI60-13.48111,1985,-247.1219494325942
RGI60-13.48111,1986,315.85815034844774
RGI60-13.48111,1987,69.06130354652413
RGI60-13.48111,1988,830.9879116192035
RGI60-13.48111,1989,924.1174401220045
RGI60-13.48111,1990,-47.87605586268374
RGI60-13.48111,1991,-102.3604156513554
RGI60-13.48111,1992,681.9270200043893
RGI60-13.48111,1993,810.3520178027101
RGI60-13.48111,1994,555.5963248696944
RGI60-13.48111,1995,-111.55203388192534
RGI60-13.48111,1996,168.7103023667581
RGI60-13.48111,1997,-176.3201049161201
RGI60-13.48111,1998,-383.19450362680675
RGI60-13.48111,1999,35.15087193432995
RGI60-13.48111,2000,267.9602618163797
RGI60-13.48111,2001,-706.9098346031291
RGI60-13.48111,2002,-287.1213664340232
RGI60-13.48111,2003,334.44774561431853
RGI60-13.48111,2004,-270.50524517075564
RGI60-13.48111,2005,-255.18909157029574
RGI60-13.48111,2006,-540.222413594639
RGI60-13.48111,2007,-449.10215658917684
RGI60-13.48111,2008,-713.8524278920708
RGI60-13.48111,2009,143.89927812770318
RGI60-13.48111,2010,-257.93598358063105
RGI60-13.48111,2011,-646.8850393764276
RGI60-13.48111,2012,-604.942203265246
RGI60-13.48111,2013,172.63501628055337
RGI60-13.48111,2014,236.735989695537
RGI60-13.48111,2015,379.2112236989519
RGI60-13.48111,2016,-424.6231191389563
RGI60-13.48111,2017,-363.2113746616997
RGI60-13.48111,2018,-262.6653091854287
RGI60-13.48111,2019,422.2760498289996
RGI60-13.48112,1901,1710.051555695021
RGI60-13.48112,1902,1493.605814199248
RGI60-13.48112,1903,1626.668831545858
RGI60-13.48112,1904,382.20045220029346
RGI60-13.48112,1905,591.7134364537383
RGI60-13.48112,1906,284.7333721571713
RGI60-13.48112,1907,1426.8915141449993
RGI60-13.48112,1908,861.9427630614227
RGI60-13.48112,1909,100.04436329764187
RGI60-13.48112,1910,341.75559029857993
RGI60-13.48112,1911,1550.0808258076024
RGI60-13.48112,1912,842.807068740553
RGI60-13.48112,1913,1689.3094161900292
RGI60-13.48112,1914,821.9065128159391
RGI60-13.48112,1915,-92.96482555800664
RGI60-13.48112,1916,317.4837103080486
RGI60-13.48112,1917,293.42840796152376
RGI60-13.48112,1918,129.89971889871666
RGI60-13.48112,1919,1925.11051317846
RGI60-13.48112,1920,973.3641316997313
RGI60-13.48112,1921,881.0470660345329
RGI60-13.48112,1922,133.28780300410372
RGI60-13.48112,1923,107.91197199563963
RGI60-13.48112,1924,66.38498732771514
RGI60-13.48112,1925,1168.3734533457093
RGI60-13.48112,1926,1270.5843559645093
RGI60-13.48112,1927,783.9863661428503
RGI60-13.48112,1928,1325.4436564557031
RGI60-13.48112,1929,1322.915631950961
RGI60-13.48112,1930,2053.8562656348804
RGI60-13.48112,1931,716.3484880268334
RGI60-13.48112,1932,1150.8184701655596
RGI60-13.48112,1933,123.42936455120285
RGI60-13.48112,1934,1539.9314271712433
RGI60-13.48112,1935,171.74327968678037
RGI60-13.48112,1936,917.2744628008068
RGI60-13.48112,1937,1197.1821805701188
RGI60-13.48112,1938,1137.709027037099
RGI60-13.48112,1939,874.1744746761672
RGI60-13.48112,1940,520.3156157999497
RGI60-13.48112,1941,1362.2382962963493
RGI60-13.48112,1942,3531.09187540081
RGI60-13.48112,1943,-248.31003108069316
RGI60-13.48112,1944,-19.416674293173376
RGI60-13.48112,1945,-209.47065718786732
RGI60-13.48112,1946,1639.7192239840358
RGI60-13.48112,1947,889.3780704358471
RGI60-13.48112,1948,164.57044069906848
RGI60-13.48112,1949,1313.7665115269724
RGI60-13.48112,1950,54.53873798219958
RGI60-13.48112,1951,424.701185092172
RGI60-13.48112,1952,532.3554304551111
RGI60-13.48112,1953,873.9828273322871
RGI60-13.48112,1954,1156.4389953828222
RGI60-13.48112,1955,311.5402921542438
RGI60-13.48112,1956,593.2592120423736
RGI60-13.48112,1957,464.7223891160467
RGI60-13.48112,1958,1184.6688088869275
RGI60-13.48112,1959,1244.2248333809232
RGI60-13.48112,1960,869.2099958515594
RGI60-13.48112,1961,940.4556255074821
RGI60-13.48112,1962,-77.74543478473792
RGI60-13.48112,1963,746.0573716747646
RGI60-13.48112,1964,459.6343982183989
RGI60-13.48112,1965,135.460748393115
RGI60-13.48112,1966,682.7735570495037
RGI60-13.48112,1967,758.9463887352285
RGI60-13.48112,1968,135.8642639153657
RGI60-13.48112,1969,1071.398427798013
RGI60-13.48112,1970,731.3313701851645
RGI60-13.48112,1971,1105.8928619786288
RGI60-13.48112,1972,1041.486865905843
RGI60-13.48112,1973,160.2912728242477
RGI60-13.48112,1974,-27.220798755107637
RGI60-13.48112,1975,387.2146729586435
RGI60-13.48112,1976,1072.3742802474583
RGI60-13.48112,1977,114.99693079354465
RGI60-13.48112,1978,728.3099707477634
RGI60-13.48112,1979,1396.42830613275
RGI60-13.48112,1980,454.07175324098597
RGI60-13.48112,1981,501.03902202531896
RGI60-13.48112,1982,988.4764056451913
RGI60-13.48112,1983,380.08489117133564
RGI60-13.48112,1984,776.8778302974979
RGI60-13.48112,1985,50.05912195754055
RGI60-13.48112,1986,627.8584492294494
RGI60-13.48112,1987,287.1999712880091
RGI60-13.48112,1988,1304.603922533126
RGI60-13.48112,1989,1332.7679198220012
RGI60-13.48112,1990,444.4193746055907
RGI60-13.48112,1991,515.8163439881537
RGI60-13.48112,1992,1238.211661334774
RGI60-13.48112,1993,1361.0210728246118
RGI60-13.48112,1994,1066.096649560689
RGI60-13.48112,1995,343.59394698469924
RGI60-13.48112,1996,619.4174503191256
RGI60-13.48112,1997,417.0993933186062
RGI60-13.48112,1998,41.39656029581847
RGI60-13.48112,1999,619.7846135458047
RGI60-13.48112,2000,628.4458329680456
RGI60-13.48112,2001,-323.39012649333597
RGI60-13.48112,2002,282.1986812392717
RGI60-13.48112,2003,953.409962236672
RGI60-13.48112,2004,288.2911104657773
RGI60-13.48112,2005,328.7479470731967
RGI60-13.48112,2006,-71.13722004131647
RGI60-13.48112,2007,-5.574357693734873
RGI60-13.48112,2008,-236.48906897721943
RGI60-13.48112,2009,585.215311990664
RGI60-13.48112,2010,228.85042969101463
RGI60-13.48112,2011,-270.4387842326208
RGI60-13.48112,2012,-206.2956601121668
RGI60-13.48112,2013,662.354360248636
RGI60-13.48112,2014,784.3578569349646
RGI60-13.48112,2015,920.41391745678
RGI60-13.48112,2016,117.04249457103181
RGI60-13.48112,2017,154.42072782720905
RGI60-13.48112,2018,115.53763169377761
RGI60-13.48112,2019,956.038953153341
RGI60-13.48113,1901,1672.220798714164
RGI60-13.48113,1902,1416.1746341150151
RGI60-13.48113,1903,1490.5769571439619
RGI60-13.48113,1904,329.6469592802791
RGI60-13.48113,1905,525.6264053052188
RGI60-13.48113,1906,225.7951074116083
RGI60-13.48113,1907,1405.4977169280025
RGI60-13.48113,1908,882.0300811357473
RGI60-13.48113,1909,224.68936465372485
RGI60-13.48113,1910,357.23360467507644
RGI60-13.48113,1911,1444.552786538019
RGI60-13.48113,1912,774.7014308627568
RGI60-13.48113,1913,1532.2565970695086
RGI60-13.48113,1914,806.8993905434664
RGI60-13.48113,1915,-0.5193797380361465
RGI60-13.48113,1916,341.1227739517767
RGI60-13.48113,1917,279.10385031664197
RGI60-13.48113,1918,259.6039597064193
RGI60-13.48113,1919,1897.8546202674988
RGI60-13.48113,1920,909.2188777864336
RGI60-13.48113,1921,942.5090425044548
RGI60-13.48113,1922,155.96784432136454
RGI60-13.48113,1923,263.0628096319772
RGI60-13.48113,1924,227.040126744249
RGI60-13.48113,1925,1111.5740891738546
RGI60-13.48113,1926,1171.3220292203753
RGI60-13.48113,1927,896.5141441842931
RGI60-13.48113,1928,1310.4581288633772
RGI60-13.48113,1929,1264.9117971407343
RGI60-13.48113,1930,2014.2322394512128
RGI60-13.48113,1931,723.2185623093869
RGI60-13.48113,1932,1232.914245406481
RGI60-13.48113,1933,275.2897743735781
RGI60-13.48113,1934,1387.5100484805278
RGI60-13.48113,1935,235.66884912375937
RGI60-13.48113,1936,904.3180911345686
RGI60-13.48113,1937,1178.3194310518584
RGI60-13.48113,1938,1092.798993138638
RGI60-13.48113,1939,972.0589435455942
RGI60-13.48113,1940,589.6476703734859
RGI60-13.48113,1941,1285.2283639763937
RGI60-13.48113,1942,3361.2650222251345
RGI60-13.48113,1943,-15.436199710512382
RGI60-13.48113,1944,106.8499753356891
RGI60-13.48113,1945,5.209700745453429
RGI60-13.48113,1946,1647.1582707900911
RGI60-13.48113,1947,851.6190687915199
RGI60-13.48113,1948,329.92459436915266
RGI60-13.48113,1949,1364.6228961377992
RGI60-13.48113,1950,190.56031743776708
RGI60-13.48113,1951,449.22820410808464
RGI60-13.48113,1952,630.2222361523559
RGI60-13.48113,1953,899.6809391334444
RGI60-13.48113,1954,1037.452758742785
RGI60-13.48113,1955,360.78944587073903
RGI60-13.48113,1956,731.9886162127028
RGI60-13.48113,1957,409.3672618949728
RGI60-13.48113,1958,1149.3093508822503
RGI60-13.48113,1959,1084.4413251087756
RGI60-13.48113,1960,852.9432972883959
RGI60-13.48113,1961,901.5412236688421
RGI60-13.48113,1962,88.55879768179413
RGI60-13.48113,1963,731.6280431689148
RGI60-13.48113,1964,488.39305594395626
RGI60-13.48113,1965,213.34707570605133
RGI60-13.48113,1966,729.3177680563114
RGI60-13.48113,1967,733.0118421611044
RGI60-13.48113,1968,170.6014649314591
RGI60-13.48113,1969,1080.3232527029058
RGI60-13.48113,1970,615.1268082768386
RGI60-13.48113,1971,938.2841733224168
RGI60-13.48113,1972,898.3971906718452
RGI60-13.48113,1973,239.76638581968209
RGI60-13.48113,1974,85.67236871099438
RGI60-13.48113,1975,482.1622452534372
RGI60-13.48113,1976,989.7108701509235
RGI60-13.48113,1977,200.10535486795493
RGI60-13.48113,1978,772.9677740087752
RGI60-13.48113,1979,1383.9284931311472
RGI60-13.48113,1980,541.2082837284009
RGI60-13.48113,1981,482.78506821022114
RGI60-13.48113,1982,889.2871948455291
RGI60-13.48113,1983,523.2573404140894
RGI60-13.48113,1984,837.0875223357999
RGI60-13.48113,1985,159.90913376937146
RGI60-13.48113,1986,780.5124779320876
RGI60-13.48113,1987,498.43165443751803
RGI60-13.48113,1988,1259.6075223674177
RGI60-13.48113,1989,1328.4652075788742
RGI60-13.48113,1990,423.2465096570384
RGI60-13.48113,1991,500.9718945045338
RGI60-13.48113,1992,1120.8221965313203
RGI60-13.48113,1993,1241.3753959873754
RGI60-13.48113,1994,1110.9615133684456
RGI60-13.48113,1995,389.58586746580426
RGI60-13.48113,1996,635.6857120825788
RGI60-13.48113,1997,443.79629567521005
RGI60-13.48113,1998,184.47315971979214
RGI60-13.48113,1999,695.9051510930115
RGI60-13.48113,2000,874.5785096782081
RGI60-13.48113,2001,-56.32883659567461
RGI60-13.48113,2002,407.2439811615076
RGI60-13.48113,2003,835.8315209052123
RGI60-13.48113,2004,320.99668674982576
RGI60-13.48113,2005,386.27446713181814
RGI60-13.48113,2006,81.19528419201033
RGI60-13.48113,2007,101.00762581172748
RGI60-13.48113,2008,-3.405361055868022
RGI60-13.48113,2009,635.02992207538
RGI60-13.48113,2010,335.2634905760816
RGI60-13.48113,2011,-44.23193363351406
RGI60-13.48113,2012,-1.2646530914513248
RGI60-13.48113,2013,685.00747161088
RGI60-13.48113,2014,823.8253101008654
RGI60-13.48113,2015,1017.4153904449547
RGI60-13.48113,2016,202.68133550539352
RGI60-13.48113,2017,293.9332182018083
RGI60-13.48113,2018,302.96991789246675
RGI60-13.48113,2019,1117.9766523383466
RGI60-13.48114,1901,495.1726086857015
RGI60-13.48114,1902,495.42707517576343
RGI60-13.48114,1903,886.9207664238095
RGI60-13.48114,1904,-311.18466569244026
RGI60-13.48114,1905,-118.16479652858631
RGI60-13.48114,1906,-286.34345245789876
RGI60-13.48114,1907,392.6122518515676
RGI60-13.48114,1908,42.102389061026585
RGI60-13.48114,1909,-932.5783675386416
RGI60-13.48114,1910,-347.61280512142616
RGI60-13.48114,1911,828.9213627664951
RGI60-13.48114,1912,374.4626413003299
RGI60-13.48114,1913,768.180478538954
RGI60-13.48114,1914,148.20458982290538
RGI60-13.48114,1915,-850.0040804376806
RGI60-13.48114,1916,-319.6485463355271
RGI60-13.48114,1917,-312.10412681839335
RGI60-13.48114,1918,-623.2994346026055
RGI60-13.48114,1919,941.9632711775134
RGI60-13.48114,1920,209.0388190416949
RGI60-13.48114,1921,26.62076980806233
RGI60-13.48114,1922,-452.72592006384156
RGI60-13.48114,1923,-777.2991924287395
RGI60-13.48114,1924,-858.4691207455327
RGI60-13.48114,1925,761.1240250010319
RGI60-13.48114,1926,608.1074471643237
RGI60-13.48114,1927,-237.891420760939
RGI60-13.48114,1928,542.3320660715793
RGI60-13.48114,1929,455.16156116797924
RGI60-13.48114,1930,1047.5525432948148
RGI60-13.48114,1931,110.92463513043337
RGI60-13.48114,1932,176.9696513295111
RGI60-13.48114,1933,-734.6636093129948
RGI60-13.48114,1934,858.4131883998381
RGI60-13.48114,1935,-577.3684268394932
RGI60-13.48114,1936,313.86460699738547
RGI60-13.48114,1937,495.92075702545463
RGI60-13.48114,1938,470.7910173383778
RGI60-13.48114,1939,-76.21089446615427
RGI60-13.48114,1940,-277.8148568055766
RGI60-13.48114,1941,348.429778463784
RGI60-13.48114,1942,1827.0997967927458
RGI60-13.48114,1943,-1222.2409687848963
RGI60-13.48114,1944,-714.4641799292671
RGI60-13.48114,1945,-1191.9758538203657
RGI60-13.48114,1946,686.2662136929492
RGI60-13.48114,1947,399.55401711896053
RGI60-13.48114,1948,-971.2683907758689
RGI60-13.48114,1949,121.78942417798791
RGI60-13.48114,1950,-664.8493040001424
RGI60-13.48114,1951,-77.97003910213978
RGI60-13.48114,1952,-205.68216443117362
RGI60-13.48114,1953,104.12593723444606
RGI60-13.48114,1954,833.4119429580682
RGI60-13.48114,1955,-208.17407096991016
RGI60-13.48114,1956,-178.79838468508822
RGI60-13.48114,1957,118.98670797912716
RGI60-13.48114,1958,861.3863317798633
RGI60-13.48114,1959,1009.7778262436193
RGI60-13.48114,1960,690.6560593207902
RGI60-13.48114,1961,505.0597241638705
RGI60-13.48114,1962,-1082.2084026062528
RGI60-13.48114,1963,118.52505927600586
RGI60-13.48114,1964,8.828336781275588
RGI60-13.48114,1965,-677.5234016301384
RGI60-13.48114,1966,-240.380612257477
RGI60-13.48114,1967,254.19026849532656
RGI60-13.48114,1968,-375.80756711954524
RGI60-13.48114,1969,376.09561815712703
RGI60-13.48114,1970,304.953974661888
RGI60-13.48114,1971,590.0911597977064
RGI60-13.48114,1972,848.7629832219789
RGI60-13.48114,1973,-535.8431227496076
RGI60-13.48114,1974,-1200.6291558444595
RGI60-13.48114,1975,-455.5577958853272
RGI60-13.48114,1976,485.33600735851445
RGI60-13.48114,1977,-691.8312503160162
RGI60-13.48114,1978,38.52727135718295
RGI60-13.48114,1979,846.861351386722
RGI60-13.48114,1980,-189.96741833762272
RGI60-13.48114,1981,228.42377608381923
RGI60-13.48114,1982,441.86124137413367
RGI60-13.48114,1983,-253.542777584237
RGI60-13.48114,1984,388.3355718987664
RGI60-13.48114,1985,-214.83095753757715
RGI60-13.48114,1986,-258.72974674023214
RGI60-13.48114,1987,-427.2338843693826
RGI60-13.48114,1988,917.3508723123399
RGI60-13.48114,1989,536.0547404286461
RGI60-13.48114,1990,203.4336169213586
RGI60-13.48114,1991,-268.8118038833238
RGI60-13.48114,1992,861.7501843483856
RGI60-13.48114,1993,959.1100623943653
RGI60-13.48114,1994,268.1210403098962
RGI60-13.48114,1995,-110.70097939069973
RGI60-13.48114,1996,294.9259841797384
RGI60-13.48114,1997,-413.50854447865925
RGI60-13.48114,1998,-494.1120319403677
RGI60-13.48114,1999,-333.2594436424994
RGI60-13.48114,2000,-764.7917752876803
RGI60-13.48114,2001,-1149.2695787517505
RGI60-13.48114,2002,-719.008545067021
RGI60-13.48114,2003,788.3834455409828
RGI60-13.48114,2004,-238.46485680797454
RGI60-13.48114,2005,-517.2694803369558
RGI60-13.48114,2006,-842.9766887487406
RGI60-13.48114,2007,-367.54175018519686
RGI60-13.48114,2008,-1393.1875552522097
RGI60-13.48114,2009,247.01258928564823
RGI60-13.48114,2010,-507.48988796730373
RGI60-13.48114,2011,-898.0189356520981
RGI60-13.48114,2012,-939.9576017839805
RGI60-13.48114,2013,68.62413261031573
RGI60-13.48114,2014,-27.9138359120367
RGI60-13.48114,2015,-363.29229048309026
RGI60-13.48114,2016,-638.3824521165704
RGI60-13.48114,2017,-881.2169812008866
RGI60-13.48114,2018,-679.9123039972143
RGI60-13.48114,2019,-639.3256478862725
RGI60-13.48115,1901,487.9682868538535
RGI60-13.48115,1902,452.3585963268803
RGI60-13.48115,1903,766.6911855524697
RGI60-13.48115,1904,-344.75481980649363
RGI60-13.48115,1905,-77.23852234342795
RGI60-13.48115,1906,-344.1649489419737
RGI60-13.48115,1907,428.72463330418185
RGI60-13.48115,1908,89.54361232310018
RGI60-13.48115,1909,-724.7786662723962
RGI60-13.48115,1910,-267.6723608461419
RGI60-13.48115,1911,671.558206690261
RGI60-13.48115,1912,304.6585201889715
RGI60-13.48115,1913,659.2103678785203
RGI60-13.48115,1914,142.87358228803268
RGI60-13.48115,1915,-752.4191336707751
RGI60-13.48115,1916,-350.7869374551614
RGI60-13.48115,1917,-284.7138532317759
RGI60-13.48115,1918,-522.5194459407967
RGI60-13.48115,1919,925.9851548311559
RGI60-13.48115,1920,166.83396590264164
RGI60-13.48115,1921,106.54109230850658
RGI60-13.48115,1922,-426.079489706623
RGI60-13.48115,1923,-602.6066900653303
RGI60-13.48115,1924,-588.4051652956651
RGI60-13.48115,1925,631.6053363932285
RGI60-13.48115,1926,534.6949652010547
RGI60-13.48115,1927,-75.38365933415413
RGI60-13.48115,1928,481.8048887512135
RGI60-13.48115,1929,426.1922264821127
RGI60-13.48115,1930,1015.0700263637415
RGI60-13.48115,1931,83.92367840248185
RGI60-13.48115,1932,295.6457634400017
RGI60-13.48115,1933,-529.8875616383725
RGI60-13.48115,1934,651.6621125924905
RGI60-13.48115,1935,-501.2692280215583
RGI60-13.48115,1936,311.819009855567
RGI60-13.48115,1937,502.5503797002084
RGI60-13.48115,1938,439.9434504864757
RGI60-13.48115,1939,59.27194626713861
RGI60-13.48115,1940,-158.78537096152866
RGI60-13.48115,1941,302.21123298494
RGI60-13.48115,1942,1672.00963647535
RGI60-13.48115,1943,-878.5869532895877
RGI60-13.48115,1944,-603.5675291169428
RGI60-13.48115,1945,-945.8856492940081
RGI60-13.48115,1946,727.7239705451061
RGI60-13.48115,1947,319.22995676103847
RGI60-13.48115,1948,-643.159570222038
RGI60-13.48115,1949,243.25717144964167
RGI60-13.48115,1950,-529.7744875528065
RGI60-13.48115,1951,-73.04817175750131
RGI60-13.48115,1952,-61.045767389393696
RGI60-13.48115,1953,158.47604063485392
RGI60-13.48115,1954,693.5570010010185
RGI60-13.48115,1955,-172.40758054197553
RGI60-13.48115,1956,58.43842978370743
RGI60-13.48115,1957,42.27746070648139
RGI60-13.48115,1958,823.9755861344017
RGI60-13.48115,1959,832.0478458851844
RGI60-13.48115,1960,531.052103035022
RGI60-13.48115,1961,432.09427356620864
RGI60-13.48115,1962,-843.4996528020584
RGI60-13.48115,1963,67.80617062801306
RGI60-13.48115,1964,36.88362835588771
RGI60-13.48115,1965,-553.5637600472279
RGI60-13.48115,1966,-159.7632428778844
RGI60-13.48115,1967,157.41051049308282
RGI60-13.48115,1968,-369.35113605558405
RGI60-13.48115,1969,414.1554355108063
RGI60-13.48115,1970,219.89790176185682
RGI60-13.48115,1971,442.19847013055215
RGI60-13.48115,1972,603.1064077649829
RGI60-13.48115,1973,-396.0832236651969
RGI60-13.48115,1974,-909.9105505783593
RGI60-13.48115,1975,-300.2298107751848
RGI60-13.48115,1976,443.2503707946052
RGI60-13.48115,1977,-549.4871875881778
RGI60-13.48115,1978,133.05991322348203
RGI60-13.48115,1979,752.1871431466244
RGI60-13.48115,1980,-71.10019961874643
RGI60-13.48115,1981,70.35025110962263
RGI60-13.48115,1982,311.59459012800346
RGI60-13.48115,1983,-104.69727432797602
RGI60-13.48115,1984,380.8592481233547
RGI60-13.48115,1985,-136.78620286332912
RGI60-13.48115,1986,-65.67198919147019
RGI60-13.48115,1987,-203.59204472223033
RGI60-13.48115,1988,785.206858642102
RGI60-13.48115,1989,510.1342723608854
RGI60-13.48115,1990,87.39314711047486
RGI60-13.48115,1991,-252.62011990460982
RGI60-13.48115,1992,769.5210041166063
RGI60-13.48115,1993,878.4123282879233
RGI60-13.48115,1994,276.9755006998539
RGI60-13.48115,1995,-151.9032371694399
RGI60-13.48115,1996,250.4819642860501
RGI60-13.48115,1997,-339.139886113978
RGI60-13.48115,1998,-377.3963560055878
RGI60-13.48115,1999,-163.5437196713335
RGI60-13.48115,2000,-364.6132862305715
RGI60-13.48115,2001,-866.319597830305
RGI60-13.48115,2002,-435.95688372643315
RGI60-13.48115,2003,583.7337166862069
RGI60-13.48115,2004,-190.6461878995711
RGI60-13.48115,2005,-338.14939503591415
RGI60-13.48115,2006,-616.9039529820095
RGI60-13.48115,2007,-324.8873892522892
RGI60-13.48115,2008,-1034.9961195183548
RGI60-13.48115,2009,264.4429052420058
RGI60-13.48115,2010,-343.007762460059
RGI60-13.48115,2011,-685.944504597477
RGI60-13.48115,2012,-700.9079042526033
RGI60-13.48115,2013,96.02134908114421
RGI60-13.48115,2014,18.844855719219094
RGI60-13.48115,2015,-50.30991871714486
RGI60-13.48115,2016,-476.7791862227606
RGI60-13.48115,2017,-567.6420347839713
RGI60-13.48115,2018,-465.056320316818
RGI60-13.48115,2019,-302.9223829023232
RGI60-13.48116,1901,240.5550689767103
RGI60-13.48116,1902,142.72233796369613
RGI60-13.48116,1903,491.22899240320567
RGI60-13.48116,1904,-624.4943622106365
RGI60-13.48116,1905,-336.53268907249964
RGI60-13.48116,1906,-646.8235413118318
RGI60-13.48116,1907,208.66665813175518
RGI60-13.48116,1908,-138.75964839135207
RGI60-13.48116,1909,-926.9429318407797
RGI60-13.48116,1910,-508.7459903190141
RGI60-13.48116,1911,348.5160635839815
RGI60-13.48116,1912,21.186736973763775
RGI60-13.48116,1913,372.7988747043552
RGI60-13.48116,1914,-126.83618024985896
RGI60-13.48116,1915,-987.7947782987121
RGI60-13.48116,1916,-624.2208671332817
RGI60-13.48116,1917,-537.3623007497008
RGI60-13.48116,1918,-733.6319432396093
RGI60-13.48116,1919,688.0444133963551
RGI60-13.48116,1920,-131.24812117898261
RGI60-13.48116,1921,-107.40212504307863
RGI60-13.48116,1922,-679.88478904824
RGI60-13.48116,1923,-783.6785970469766
RGI60-13.48116,1924,-697.865389946632
RGI60-13.48116,1925,404.25620089668536
RGI60-13.48116,1926,273.1281751705826
RGI60-13.48116,1927,-205.42384180852767
RGI60-13.48116,1928,201.76557290315137
RGI60-13.48116,1929,152.25692439722897
RGI60-13.48116,1930,765.6909310101074
RGI60-13.48116,1931,-197.60127379970334
RGI60-13.48116,1932,186.8094237988122
RGI60-13.48116,1933,-708.2428729801854
RGI60-13.48116,1934,298.4840189456441
RGI60-13.48116,1935,-749.8233146645085
RGI60-13.48116,1936,86.2226549546551
RGI60-13.48116,1937,306.27036338889866
RGI60-13.48116,1938,226.0043260227286
RGI60-13.48116,1939,-163.91517030368632
RGI60-13.48116,1940,-412.2047668900077
RGI60-13.48116,1941,-12.120725698981827
RGI60-13.48116,1942,1305.8539941280292
RGI60-13.48116,1943,-976.9485062340112
RGI60-13.48116,1944,-826.3200575221763
RGI60-13.48116,1945,-1160.2525830833172
RGI60-13.48116,1946,553.5625254072809
RGI60-13.48116,1947,87.7581339307043
RGI60-13.48116,1948,-760.6850738676628
RGI60-13.48116,1949,5.459162811220269
RGI60-13.48116,1950,-735.7357323401088
RGI60-13.48116,1951,-371.9352047920216
RGI60-13.48116,1952,-201.50804935023257
RGI60-13.48116,1953,-158.02903358550162
RGI60-13.48116,1954,440.8055571206526
RGI60-13.48116,1955,-445.3746065602102
RGI60-13.48116,1956,-35.161835073675476
RGI60-13.48116,1957,-249.96888240510796
RGI60-13.48116,1958,651.7189612986278
RGI60-13.48116,1959,459.5277288856232
RGI60-13.48116,1960,302.19825401426783
RGI60-13.48116,1961,145.00204180847925
RGI60-13.48116,1962,-1033.7334480733994
RGI60-13.48116,1963,-213.92091420006616
RGI60-13.48116,1964,-217.76806819773066
RGI60-13.48116,1965,-794.1771308108034
RGI60-13.48116,1966,-454.1564097941476
RGI60-13.48116,1967,-121.17371085090794
RGI60-13.48116,1968,-622.5849764002633
RGI60-13.48116,1969,211.8527305136236
RGI60-13.48116,1970,-81.88217436238605
RGI60-13.48116,1971,95.70229855847737
RGI60-13.48116,1972,254.97753211882267
RGI60-13.48116,1973,-610.775593407678
RGI60-13.48116,1974,-1110.6422109455602
RGI60-13.48116,1975,-493.67900149010273
RGI60-13.48116,1976,148.98236342503796
RGI60-13.48116,1977,-794.7359373695074
RGI60-13.48116,1978,-88.29543368677929
RGI60-13.48116,1979,497.0594232963113
RGI60-13.48116,1980,-225.27673364016752
RGI60-13.48116,1981,-218.81257349744436
RGI60-13.48116,1982,-12.296467887941922
RGI60-13.48116,1983,-235.5047830284182
RGI60-13.48116,1984,171.70528392583924
RGI60-13.48116,1985,-293.903042814063
RGI60-13.48116,1986,-180.10234463688215
RGI60-13.48116,1987,-289.5461459300054
RGI60-13.48116,1988,496.8144506040293
RGI60-13.48116,1989,293.056192757519
RGI60-13.48116,1990,-215.50078337069633
RGI60-13.48116,1991,-535.9400211704908
RGI60-13.48116,1992,465.0778318203925
RGI60-13.48116,1993,601.2216082040997
RGI60-13.48116,1994,12.224066882773753
RGI60-13.48116,1995,-417.526203751875
RGI60-13.48116,1996,-38.47771634568535
RGI60-13.48116,1997,-597.2551664253086
RGI60-13.48116,1998,-626.8831464300507
RGI60-13.48116,1999,-394.63469694667424
RGI60-13.48116,2000,-427.36008743119186
RGI60-13.48116,2001,-1038.412780723748
RGI60-13.48116,2002,-664.7732123413878
RGI60-13.48116,2003,208.76392587905787
RGI60-13.48116,2004,-456.7258541966573
RGI60-13.48116,2005,-603.6831424433709
RGI60-13.48116,2006,-813.4790127872772
RGI60-13.48116,2007,-598.1370097316701
RGI60-13.48116,2008,-1219.3643235796296
RGI60-13.48116,2009,21.063581715936298
RGI60-13.48116,2010,-571.5031667708226
RGI60-13.48116,2011,-875.420275702038
RGI60-13.48116,2012,-880.3211217007321
RGI60-13.48116,2013,-176.00206116016375
RGI60-13.48116,2014,-224.03484914476607
RGI60-13.48116,2015,-266.26792710746867
RGI60-13.48116,2016,-774.3705693293443
RGI60-13.48116,2017,-763.2705773926137
RGI60-13.48116,2018,-658.1947377120514
RGI60-13.48116,2019,-464.50679834008855
RGI60-13.48117,1901,460.2528903724332
RGI60-13.48117,1902,67.03849133892284
RGI60-13.48117,1903,560.5635756691631
RGI60-13.48117,1904,-628.9860133301315
RGI60-13.48117,1905,-393.7652817275989
RGI60-13.48117,1906,-743.1502972719884
RGI60-13.48117,1907,213.47487438638578
RGI60-13.48117,1908,-228.82998294924553
RGI60-13.48117,1909,-1032.9483707193585
RGI60-13.48117,1910,-650.9200984627388
RGI60-13.48117,1911,405.1208038017546
RGI60-13.48117,1912,109.69130197683367
RGI60-13.48117,1913,565.177365258623
RGI60-13.48117,1914,-251.26212056006858
RGI60-13.48117,1915,-1223.653877925687
RGI60-13.48117,1916,-754.9974837304339
RGI60-13.48117,1917,-631.4847461912572
RGI60-13.48117,1918,-1018.8710470385157
RGI60-13.48117,1919,564.4234828381669
RGI60-13.48117,1920,-316.95540102954635
RGI60-13.48117,1921,-270.86180259254445
RGI60-13.48117,1922,-797.7135696057876
RGI60-13.48117,1923,-1122.7618532860656
RGI60-13.48117,1924,-946.6597747391886
RGI60-13.48117,1925,277.3248833878089
RGI60-13.48117,1926,318.47024638481867
RGI60-13.48117,1927,-397.72665973161384
RGI60-13.48117,1928,72.93274146185242
RGI60-13.48117,1929,303.45722872867697
RGI60-13.48117,1930,873.4703127215315
RGI60-13.48117,1931,-563.2448027667126
RGI60-13.48117,1932,252.97461876607568
RGI60-13.48117,1933,-980.5045909811508
RGI60-13.48117,1934,460.2690331573372
RGI60-13.48117,1935,-1071.5267001482036
RGI60-13.48117,1936,114.95253605213348
RGI60-13.48117,1937,363.309638904243
RGI60-13.48117,1938,159.70586749110706
RGI60-13.48117,1939,-469.4959138848084
RGI60-13.48117,1940,-847.9339949573066
RGI60-13.48117,1941,-98.8149745718326
RGI60-13.48117,1942,1485.8180274701788
RGI60-13.48117,1943,-1317.059624369572
RGI60-13.48117,1944,-1206.801837640846
RGI60-13.48117,1945,-1542.6160914729383
RGI60-13.48117,1946,563.5952069862344
RGI60-13.48117,1947,29.88959098683773
RGI60-13.48117,1948,-989.5938789125454
RGI60-13.48117,1949,-84.14225811878588
RGI60-13.48117,1950,-1033.27348225974
RGI60-13.48117,1951,-680.2963414992417
RGI60-13.48117,1952,-535.9385874119826
RGI60-13.48117,1953,-443.84650506511815
RGI60-13.48117,1954,234.76128369125865
RGI60-13.48117,1955,-987.8092484278756
RGI60-13.48117,1956,-454.9831980733181
RGI60-13.48117,1957,-645.7088043015666
RGI60-13.48117,1958,414.51147525555814
RGI60-13.48117,1959,328.7933548593915
RGI60-13.48117,1960,93.63804133630836
RGI60-13.48117,1961,52.46653588329622
RGI60-13.48117,1962,-1326.4951420252517
RGI60-13.48117,1963,-334.61353917439385
RGI60-13.48117,1964,-573.3955805822426
RGI60-13.48117,1965,-1041.8016700970336
RGI60-13.48117,1966,-700.3161049046665
RGI60-13.48117,1967,-149.76536725371275
RGI60-13.48117,1968,-892.4745771971025
RGI60-13.48117,1969,144.1192484771788
RGI60-13.48117,1970,-179.93471622196267
RGI60-13.48117,1971,-19.36080372098217
RGI60-13.48117,1972,202.46426739511733
RGI60-13.48117,1973,-890.2753384149817
RGI60-13.48117,1974,-1339.1097432561255
RGI60-13.48117,1975,-678.4517176885035
RGI60-13.48117,1976,34.323004151805755
RGI60-13.48117,1977,-1130.6530285956458
RGI60-13.48117,1978,-308.111731348997
RGI60-13.48117,1979,353.2483340599359
RGI60-13.48117,1980,-522.8772890243514
RGI60-13.48117,1981,-505.45780720141175
RGI60-13.48117,1982,-199.89490656238567
RGI60-13.48117,1983,-614.9305617580274
RGI60-13.48117,1984,-145.44668325178048
RGI60-13.48117,1985,-740.525425402724
RGI60-13.48117,1986,-481.97777545741536
RGI60-13.48117,1987,-824.0696925522461
RGI60-13.48117,1988,281.586229288406
RGI60-13.48117,1989,223.367570408479
RGI60-13.48117,1990,-593.7173720897874
RGI60-13.48117,1991,-726.2164062004906
RGI60-13.48117,1992,349.38319102674546
RGI60-13.48117,1993,517.0470972252535
RGI60-13.48117,1994,-309.2293129818473
RGI60-13.48117,1995,-790.6884247047599
RGI60-13.48117,1996,-442.68955119972173
RGI60-13.48117,1997,-876.6820111638601
RGI60-13.48117,1998,-1338.2887299103186
RGI60-13.48117,1999,-885.9664057504024
RGI60-13.48117,2000,-764.2377803702924
RGI60-13.48117,2001,-1705.291646865628
RGI60-13.48117,2002,-1297.6123640082494
RGI60-13.48117,2003,-158.97905682597252
RGI60-13.48117,2004,-961.3984211777292
RGI60-13.48117,2005,-1032.9814862625205
RGI60-13.48117,2006,-1379.2396164443362
RGI60-13.48117,2007,-1274.163819405996
RGI60-13.48117,2008,-1684.9756587935578
RGI60-13.48117,2009,-478.2782225537705
RGI60-13.48117,2010,-1113.7399060662508
RGI60-13.48117,2011,-1572.276747804534
RGI60-13.48117,2012,-1548.7682572962585
RGI60-13.48117,2013,-563.435408981986
RGI60-13.48117,2014,-563.143275391335
RGI60-13.48117,2015,-687.7063321087344
RGI60-13.48117,2016,-1334.1979629486898
RGI60-13.48117,2017,-1311.6640339652438
RGI60-13.48117,2018,-1284.948554164872
RGI60-13.48117,2019,-658.9614485640869
RGI60-13.48118,1901,-198.8560006093877
RGI60-13.48118,1902,-406.4381824567846
RGI60-13.48118,1903,110.09501543802968
RGI60-13.48118,1904,-1153.8050287058775
RGI60-13.48118,1905,-826.9015292938581
RGI60-13.48118,1906,-1184.1705217669034
RGI60-13.48118,1907,-238.69869079458806
RGI60-13.48118,1908,-607.5677946113149
RGI60-13.48118,1909,-1520.8755333826882
RGI60-13.48118,1910,-1019.292301068583
RGI60-13.48118,1911,-96.7755370140531
RGI60-13.48118,1912,-371.5354913884813
RGI60-13.48118,1913,-41.347921078961036
RGI60-13.48118,1914,-609.8097913150513
RGI60-13.48118,1915,-1568.091566614894
RGI60-13.48118,1916,-1150.5972319243742
RGI60-13.48118,1917,-1035.4249437362923
RGI60-13.48118,1918,-1301.9237569827483
RGI60-13.48118,1919,257.16649621018814
RGI60-13.48118,1920,-676.694952011664
RGI60-13.48118,1921,-593.5716951557051
RGI60-13.48118,1922,-1180.7903509135006
RGI60-13.48118,1923,-1371.7378975869447
RGI60-13.48118,1924,-1195.7791970365206
RGI60-13.48118,1925,70.7988720485128
RGI60-13.48118,1926,-110.86583940026298
RGI60-13.48118,1927,-644.8240973577152
RGI60-13.48118,1928,-273.9618288016193
RGI60-13.48118,1929,-268.00479071181644
RGI60-13.48118,1930,389.6138161772356
RGI60-13.48118,1931,-728.4240490523948
RGI60-13.48118,1932,-140.99172965233046
RGI60-13.48118,1933,-1248.6458437983977
RGI60-13.48118,1934,-135.51253691706782
RGI60-13.48118,1935,-1331.137629812787
RGI60-13.48118,1936,-288.26368200184606
RGI60-13.48118,1937,-32.15815259887712
RGI60-13.48118,1938,-145.02181032400037
RGI60-13.48118,1939,-707.0168388042943
RGI60-13.48118,1940,-997.1830874753925
RGI60-13.48118,1941,-562.4360436791686
RGI60-13.48118,1942,789.5160837979713
RGI60-13.48118,1943,-1525.199745973448
RGI60-13.48118,1944,-1399.4900327615208
RGI60-13.48118,1945,-1847.7306299976876
RGI60-13.48118,1946,210.72446860426822
RGI60-13.48118,1947,-287.56997491039573
RGI60-13.48118,1948,-1303.4033248041708
RGI60-13.48118,1949,-522.4726812971932
RGI60-13.48118,1950,-1299.356231635988
RGI60-13.48118,1951,-941.8353754321613
RGI60-13.48118,1952,-641.2749169835482
RGI60-13.48118,1953,-768.7980848790028
RGI60-13.48118,1954,117.20749097270527
RGI60-13.48118,1955,-1019.0955240133728
RGI60-13.48118,1956,-423.20947249105427
RGI60-13.48118,1957,-764.7366647087404
RGI60-13.48118,1958,392.38430338876947
RGI60-13.48118,1959,2.895594936774216
RGI60-13.48118,1960,-18.331708445826294
RGI60-13.48118,1961,-268.8619039849914
RGI60-13.48118,1962,-1686.7907756110349
RGI60-13.48118,1963,-710.4943762109954
RGI60-13.48118,1964,-703.482110178101
RGI60-13.48118,1965,-1394.377345701239
RGI60-13.48118,1966,-1088.466156724329
RGI60-13.48118,1967,-569.104444432255
RGI60-13.48118,1968,-1153.7868843596002
RGI60-13.48118,1969,-167.42063740215275
RGI60-13.48118,1970,-524.6782037873046
RGI60-13.48118,1971,-381.90660727052733
RGI60-13.48118,1972,-162.68070439211465
RGI60-13.48118,1973,-1145.3581665941053
RGI60-13.48118,1974,-1795.986301727217
RGI60-13.48118,1975,-1010.9006375433069
RGI60-13.48118,1976,-310.71409883507584
RGI60-13.48118,1977,-1431.155864480019
RGI60-13.48118,1978,-559.1990535648118
RGI60-13.48118,1979,105.05457032378301
RGI60-13.48118,1980,-664.3500926325612
RGI60-13.48118,1981,-682.7982797083752
RGI60-13.48118,1982,-514.9198894419402
RGI60-13.48118,1983,-674.2498454894941
RGI60-13.48118,1984,-241.60100181273964
RGI60-13.48118,1985,-705.8727094122974
RGI60-13.48118,1986,-631.0799065927451
RGI60-13.48118,1987,-729.4779506476725
RGI60-13.48118,1988,87.4530500953337
RGI60-13.48118,1989,-107.38593496169396
RGI60-13.48118,1990,-708.2188205930903
RGI60-13.48118,1991,-1100.8648334650757
RGI60-13.48118,1992,76.85432621271445
RGI60-13.48118,1993,252.03228358696902
RGI60-13.48118,1994,-515.5185103916313
RGI60-13.48118,1995,-939.9732205222635
RGI60-13.48118,1996,-520.9828499998335
RGI60-13.48118,1997,-1187.6628128354535
RGI60-13.48118,1998,-1257.0585287091599
RGI60-13.48118,1999,-1014.8808688094426
RGI60-13.48118,2000,-1000.4544489894876
RGI60-13.48118,2001,-1706.379782001489
RGI60-13.48118,2002,-1348.8634149979139
RGI60-13.48118,2003,-271.8670437819713
RGI60-13.48118,2004,-1027.0737176664215
RGI60-13.48118,2005,-1242.3110015876823
RGI60-13.48118,2006,-1434.1888527721492
RGI60-13.48118,2007,-1191.5360134814084
RGI60-13.48118,2008,-1949.35311904027
RGI60-13.48118,2009,-453.7778681783343
RGI60-13.48118,2010,-1172.26759688649
RGI60-13.48118,2011,-1492.7843334435859
RGI60-13.48118,2012,-1513.0807207957612
RGI60-13.48118,2013,-692.5781345260823
RGI60-13.48118,2014,-782.6457530244085
RGI60-13.48118,2015,-919.7696500796175
RGI60-13.48118,2016,-1485.78985375589
RGI60-13.48118,2017,-1445.8033189855066
RGI60-13.48118,2018,-1278.6401049098904
RGI60-13.48118,2019,-1114.8352710956456
RGI60-13.48119,1901,705.9798005121002
RGI60-13.48119,1902,667.0131744693048
RGI60-13.48119,1903,1090.1757608977548
RGI60-13.48119,1904,-152.69781720974584
RGI60-13.48119,1905,5.051588570376771
RGI60-13.48119,1906,-131.56457568345775
RGI60-13.48119,1907,558.6706969660661
RGI60-13.48119,1908,208.54656088774013
RGI60-13.48119,1909,-931.7066984482273
RGI60-13.48119,1910,-230.68901232787843
RGI60-13.48119,1911,963.1060263141919
RGI60-13.48119,1912,464.989622810803
RGI60-13.48119,1913,863.0467633220799
RGI60-13.48119,1914,333.1623865710442
RGI60-13.48119,1915,-623.0167065032912
RGI60-13.48119,1916,-164.80283011630885
RGI60-13.48119,1917,-152.68687054630948
RGI60-13.48119,1918,-561.3937424449448
RGI60-13.48119,1919,1138.956133246251
RGI60-13.48119,1920,400.20268882784626
RGI60-13.48119,1921,155.86855183357244
RGI60-13.48119,1922,-307.8490310363453
RGI60-13.48119,1923,-762.3561668059872
RGI60-13.48119,1924,-860.6614541190419
RGI60-13.48119,1925,871.1741932365674
RGI60-13.48119,1926,701.7514072039104
RGI60-13.48119,1927,-183.30744495103255
RGI60-13.48119,1928,625.639052864468
RGI60-13.48119,1929,529.1820092433859
RGI60-13.48119,1930,1135.730183545932
RGI60-13.48119,1931,416.6195098428256
RGI60-13.48119,1932,190.36037175607152
RGI60-13.48119,1933,-701.9514760434166
RGI60-13.48119,1934,1007.1707667427215
RGI60-13.48119,1935,-339.81738491977944
RGI60-13.48119,1936,388.16041405165845
RGI60-13.48119,1937,576.1677349116663
RGI60-13.48119,1938,550.0865589183298
RGI60-13.48119,1939,-29.14102240527548
RGI60-13.48119,1940,-93.17286281074463
RGI60-13.48119,1941,646.0710245769083
RGI60-13.48119,1942,2135.538639401313
RGI60-13.48119,1943,-1286.5365586763812
RGI60-13.48119,1944,-509.0183725097113
RGI60-13.48119,1945,-1081.477300510446
RGI60-13.48119,1946,741.159872771027
RGI60-13.48119,1947,483.19914120824427
RGI60-13.48119,1948,-1052.2423250315992
RGI60-13.48119,1949,200.461587906513
RGI60-13.48119,1950,-620.2675181450697
RGI60-13.48119,1951,58.152471970482964
RGI60-13.48119,1952,-116.32796452285454
RGI60-13.48119,1953,200.96247055218046
RGI60-13.48119,1954,958.5589605540115
RGI60-13.48119,1955,44.07698598924869
RGI60-13.48119,1956,-291.14193016467306
RGI60-13.48119,1957,290.4687076218096
RGI60-13.48119,1958,970.3075942242523
RGI60-13.48119,1959,1130.3376206148841
RGI60-13.48119,1960,839.6892434491139
RGI60-13.48119,1961,590.1688365567192
RGI60-13.48119,1962,-979.4161142763654
RGI60-13.48119,1963,161.8983646714692
RGI60-13.48119,1964,164.01741888787151
RGI60-13.48119,1965,-465.2610101321028
RGI60-13.48119,1966,10.42746071258954
RGI60-13.48119,1967,353.6169655381555
RGI60-13.48119,1968,-134.55979845747885
RGI60-13.48119,1969,436.2369640180766
RGI60-13.48119,1970,514.4192793951548
RGI60-13.48119,1971,814.9103163908391
RGI60-13.48119,1972,912.957330928154
RGI60-13.48119,1973,-493.8202468381988
RGI60-13.48119,1974,-1167.7819080776364
RGI60-13.48119,1975,-374.0450693441029
RGI60-13.48119,1976,698.292346169184
RGI60-13.48119,1977,-528.3252809325295
RGI60-13.48119,1978,10.312352208161053
RGI60-13.48119,1979,1120.1567174193333
RGI60-13.48119,1980,-93.25301829364102
RGI60-13.48119,1981,466.5590837693551
RGI60-13.48119,1982,610.0264979959572
RGI60-13.48119,1983,-164.92918604064164
RGI60-13.48119,1984,488.52788174167887
RGI60-13.48119,1985,-65.88942838753182
RGI60-13.48119,1986,-199.02855839680615
RGI60-13.48119,1987,-377.0260720001997
RGI60-13.48119,1988,1059.2514041565187
RGI60-13.48119,1989,750.2776908472619
RGI60-13.48119,1990,473.84913618580333
RGI60-13.48119,1991,-95.06770019645722
RGI60-13.48119,1992,965.6969795774538
RGI60-13.48119,1993,1096.3790897393656
RGI60-13.48119,1994,414.6217711650977
RGI60-13.48119,1995,108.28794546090641
RGI60-13.48119,1996,503.201318062633
RGI60-13.48119,1997,-241.7080126433855
RGI60-13.48119,1998,-269.44085562022616
RGI60-13.48119,1999,-293.9201816320106
RGI60-13.48119,2000,-820.8483552901558
RGI60-13.48119,2001,-1047.0325000349392
RGI60-13.48119,2002,-664.9071365307858
RGI60-13.48119,2003,1108.2237961680912
RGI60-13.48119,2004,-39.13789385764625
RGI60-13.48119,2005,-358.8223581812001
RGI60-13.48119,2006,-744.5615934443134
RGI60-13.48119,2007,-85.39372633143445
RGI60-13.48119,2008,-1355.9549211262195
RGI60-13.48119,2009,420.90549445597907
RGI60-13.48119,2010,-339.35914694031254
RGI60-13.48119,2011,-748.450334370444
RGI60-13.48119,2012,-814.558421343239
RGI60-13.48119,2013,221.82852429936335
RGI60-13.48119,2014,73.55572244115373
RGI60-13.48119,2015,-462.4927326984989
RGI60-13.48119,2016,-457.54714141763657
RGI60-13.48119,2017,-869.0929712686308
RGI60-13.48119,2018,-527.0441637574171
RGI60-13.48119,2019,-737.3101407717431
RGI60-13.48120,1901,1279.0453948004406
RGI60-13.48120,1902,902.1958253062933
RGI60-13.48120,1903,1124.3584796700575
RGI60-13.48120,1904,-182.83992397993453
RGI60-13.48120,1905,65.58105458245822
RGI60-13.48120,1906,-287.03263761864565
RGI60-13.48120,1907,1006.2507183113928
RGI60-13.48120,1908,453.4115666197113
RGI60-13.48120,1909,-342.12351074304013
RGI60-13.48120,1910,-123.58130373806837
RGI60-13.48120,1911,1012.2711349107068
RGI60-13.48120,1912,428.01930733782785
RGI60-13.48120,1913,1139.2420047901712
RGI60-13.48120,1914,336.760173029515
RGI60-13.48120,1915,-574.3351691639558
RGI60-13.48120,1916,-173.1740787788637
RGI60-13.48120,1917,-183.60001290806642
RGI60-13.48120,1918,-286.90234061052854
RGI60-13.48120,1919,1490.6520859499485
RGI60-13.48120,1920,381.677137829139
RGI60-13.48120,1921,483.6921770663062
RGI60-13.48120,1922,-327.9133611384146
RGI60-13.48120,1923,-309.20367568937445
RGI60-13.48120,1924,-239.9134997418289
RGI60-13.48120,1925,803.9916434714391
RGI60-13.48120,1926,818.2084552784299
RGI60-13.48120,1927,468.7281899189897
RGI60-13.48120,1928,837.0170514841153
RGI60-13.48120,1929,867.8552349736474
RGI60-13.48120,1930,1657.4821373374334
RGI60-13.48120,1931,187.6910581029887
RGI60-13.48120,1932,951.7594669128159
RGI60-13.48120,1933,-258.6047510573424
RGI60-13.48120,1934,961.3744358190398
RGI60-13.48120,1935,-338.48247238953246
RGI60-13.48120,1936,564.7756573873738
RGI60-13.48120,1937,873.658027574013
RGI60-13.48120,1938,734.5189194726929
RGI60-13.48120,1939,433.30697117106456
RGI60-13.48120,1940,-21.151999384753978
RGI60-13.48120,1941,737.664819896674
RGI60-13.48120,1942,2828.381018762122
RGI60-13.48120,1943,-551.8421388611356
RGI60-13.48120,1944,-468.1332281370549
RGI60-13.48120,1945,-673.2473083812097
RGI60-13.48120,1946,1317.9777691475263
RGI60-13.48120,1947,497.04996996622924
RGI60-13.48120,1948,-194.68921657262635
RGI60-13.48120,1949,836.3991436058035
RGI60-13.48120,1950,-351.7578819285855
RGI60-13.48120,1951,-116.69621897145919
RGI60-13.48120,1952,205.4730687908639
RGI60-13.48120,1953,305.40628312793035
RGI60-13.48120,1954,697.6485327866327
RGI60-13.48120,1955,-219.3300215233775
RGI60-13.48120,1956,331.6320204096471
RGI60-13.48120,1957,-109.96729207975123
RGI60-13.48120,1958,895.1369392949406
RGI60-13.48120,1959,656.5998968118987
RGI60-13.48120,1960,539.1681426847958
RGI60-13.48120,1961,510.1406388431132
RGI60-13.48120,1962,-530.4326525621374
RGI60-13.48120,1963,248.43167547833022
RGI60-13.48120,1964,17.26375792202167
RGI60-13.48120,1965,-382.7079622779855
RGI60-13.48120,1966,135.25583669691767
RGI60-13.48120,1967,321.91811993421703
RGI60-13.48120,1968,-358.87541836225273
RGI60-13.48120,1969,729.3577136366129
RGI60-13.48120,1970,189.15791752683702
RGI60-13.48120,1971,454.27519607268664
RGI60-13.48120,1972,506.3677963118057
RGI60-13.48120,1973,-269.8086179478099
RGI60-13.48120,1974,-564.2785425177248
RGI60-13.48120,1975,-10.064823249172495
RGI60-13.48120,1976,528.5561023294387
RGI60-13.48120,1977,-397.0063432970906
RGI60-13.48120,1978,316.04145861465634
RGI60-13.48120,1979,986.7830604221537
RGI60-13.48120,1980,121.07944549851189
RGI60-13.48120,1981,21.5460337255187
RGI60-13.48120,1982,377.8837236220283
RGI60-13.48120,1983,101.4240225537388
RGI60-13.48120,1984,445.77108615860146
RGI60-13.48120,1985,-236.05889944209142
RGI60-13.48120,1986,345.56753901733646
RGI60-13.48120,1987,50.365901156008775
RGI60-13.48120,1988,873.8367011258073
RGI60-13.48120,1989,954.9612906604599
RGI60-13.48120,1990,-68.84644992839539
RGI60-13.48120,1991,-88.72708939493717
RGI60-13.48120,1992,742.3624318295285
RGI60-13.48120,1993,888.9640911344336
RGI60-13.48120,1994,568.1099996224812
RGI60-13.48120,1995,-132.68376578798234
RGI60-13.48120,1996,143.47735818266332
RGI60-13.48120,1997,-169.19000351885683
RGI60-13.48120,1998,-462.70657109158464
RGI60-13.48120,1999,47.18146527137778
RGI60-13.48120,2000,325.2849494111685
RGI60-13.48120,2001,-733.6586602628261
RGI60-13.48120,2002,-321.1775236014224
RGI60-13.48120,2003,335.0804290018674
RGI60-13.48120,2004,-282.39249015963685
RGI60-13.48120,2005,-256.05380914976223
RGI60-13.48120,2006,-567.090983073719
RGI60-13.48120,2007,-502.6566198108163
RGI60-13.48120,2008,-729.5024923744324
RGI60-13.48120,2009,159.90343808448733
RGI60-13.48120,2010,-287.38152122497075
RGI60-13.48120,2011,-682.1927295443812
RGI60-13.48120,2012,-640.7061537433831
RGI60-13.48120,2013,160.0913282289767
RGI60-13.48120,2014,249.8921260879275
RGI60-13.48120,2015,382.62632261979013
RGI60-13.48120,2016,-479.2868587988333
RGI60-13.48120,2017,-380.010020567944
RGI60-13.48120,2018,-324.4739217771625
RGI60-13.48120,2019,480.5274078868321
RGI60-13.48122,1901,252.87087487019255
RGI60-13.48122,1902,14.374777615672368
RGI60-13.48122,1903,139.86363761481215
RGI60-13.48122,1904,-964.0208872521534
RGI60-13.48122,1905,-722.2746445860957
RGI60-13.48122,1906,-955.8245256998899
RGI60-13.48122,1907,128.00746475729318
RGI60-13.48122,1908,-236.5541995978988
RGI60-13.48122,1909,-1056.0934455417976
RGI60-13.48122,1910,-788.2822444606071
RGI60-13.48122,1911,-1.782051020431111
RGI60-13.48122,1912,-560.0727845115015
RGI60-13.48122,1913,-73.98830381863128
RGI60-13.48122,1914,-439.4364440433766
RGI60-13.48122,1915,-1092.7525078717179
RGI60-13.48122,1916,-828.7062844040048
RGI60-13.48122,1917,-866.8120048976207
RGI60-13.48122,1918,-757.1415258870228
RGI60-13.48122,1919,597.6568893038293
RGI60-13.48122,1920,-413.15041469108303
RGI60-13.48122,1921,-291.24304695491327
RGI60-13.48122,1922,-914.8043255756228
RGI60-13.48122,1923,-801.6662486369939
RGI60-13.48122,1924,-728.0948910486445
RGI60-13.48122,1925,216.6496502974406
RGI60-13.48122,1926,-102.72197226875193
RGI60-13.48122,1927,-23.505743231315126
RGI60-13.48122,1928,36.09370333116907
RGI60-13.48122,1929,-67.51401458680935
RGI60-13.48122,1930,569.9996995883796
RGI60-13.48122,1931,-212.30849795192535
RGI60-13.48122,1932,193.5106289175201
RGI60-13.48122,1933,-783.8291002517038
RGI60-13.48122,1934,-139.364375114364
RGI60-13.48122,1935,-824.1260725395916
RGI60-13.48122,1936,-310.41297342273185
RGI60-13.48122,1937,38.26481383473933
RGI60-13.48122,1938,-49.726771881862604
RGI60-13.48122,1939,-182.31231388163698
RGI60-13.48122,1940,-558.3319480211096
RGI60-13.48122,1941,-86.67786743162385
RGI60-13.48122,1942,1678.7728542292691
RGI60-13.48122,1943,-926.2344913925967
RGI60-13.48122,1944,-860.0698842027246
RGI60-13.48122,1945,-1130.6060961034543
RGI60-13.48122,1946,414.02957641889265
RGI60-13.48122,1947,-258.69239162674097
RGI60-13.48122,1948,-686.8799459944217
RGI60-13.48122,1949,1.8365742109662362
RGI60-13.48122,1950,-902.3428883981034
RGI60-13.48122,1951,-897.2127844568178
RGI60-13.48122,1952,-257.4971643183621
RGI60-13.48122,1953,-599.8759754950406
RGI60-13.48122,1954,-49.509078630820675
RGI60-13.48122,1955,-651.1671754468633
RGI60-13.48122,1956,-154.44843346844124
RGI60-13.48122,1957,-717.7032621202316
RGI60-13.48122,1958,236.43340901658254
RGI60-13.48122,1959,-362.9670145026539
RGI60-13.48122,1960,-150.05590832980104
RGI60-13.48122,1961,-347.92472490935126
RGI60-13.48122,1962,-1031.1107761436117
RGI60-13.48122,1963,-539.2573121779974
RGI60-13.48122,1964,-507.0871500416278
RGI60-13.48122,1965,-1042.8117168468375
RGI60-13.48122,1966,-647.1655497826353
RGI60-13.48122,1967,-532.8648071504729
RGI60-13.48122,1968,-942.8258131347166
RGI60-13.48122,1969,-188.53187367688213
RGI60-13.48122,1970,-465.1969988159154
RGI60-13.48122,1971,-386.6678184077067
RGI60-13.48122,1972,-485.3163881277867
RGI60-13.48122,1973,-706.2467711669659
RGI60-13.48122,1974,-1159.5737201962504
RGI60-13.48122,1975,-647.9562510409215
RGI60-13.48122,1976,-390.71529731213934
RGI60-13.48122,1977,-971.5609260737967
RGI60-13.48122,1978,-491.81578673309104
RGI60-13.48122,1979,55.98849494921408
RGI60-13.48122,1980,-384.2842385765112
RGI60-13.48122,1981,-522.2594806794706
RGI60-13.48122,1982,-411.33359029870576
RGI60-13.48122,1983,-258.26227635512305
RGI60-13.48122,1984,-193.34641594297648
RGI60-13.48122,1985,-562.5731823886945
RGI60-13.48122,1986,-255.5794456139801
RGI60-13.48122,1987,-147.55640635276782
RGI60-13.48122,1988,-87.5090305102848
RGI60-13.48122,1989,23.168200460171846
RGI60-13.48122,1990,-713.8016522225905
RGI60-13.48122,1991,-836.2698142369683
RGI60-13.48122,1992,-151.51720709037372
RGI60-13.48122,1993,-131.47405442116093
RGI60-13.48122,1994,-209.89963805221885
RGI60-13.48122,1995,-636.0755089465472
RGI60-13.48122,1996,-449.4645358105865
RGI60-13.48122,1997,-910.7424673712919
RGI60-13.48122,1998,-755.2745014937883
RGI60-13.48122,1999,-703.2993071176575
RGI60-13.48122,2000,-431.2539999840231
RGI60-13.48122,2001,-1060.9372980829191
RGI60-13.48122,2002,-857.2427771261204
RGI60-13.48122,2003,-353.88956204171416
RGI60-13.48122,2004,-806.3525273481333
RGI60-13.48122,2005,-913.032612396442
RGI60-13.48122,2006,-968.7654712125532
RGI60-13.48122,2007,-844.2482115747457
RGI60-13.48122,2008,-1182.36344969249
RGI60-13.48122,2009,-457.15521879780107
RGI60-13.48122,2010,-726.1528774283182
RGI60-13.48122,2011,-965.5435699372198
RGI60-13.48122,2012,-914.3072588858503
RGI60-13.48122,2013,-484.5174947089262
RGI60-13.48122,2014,-486.21932443394735
RGI60-13.48122,2015,-397.6254907365505
RGI60-13.48122,2016,-950.4258617641732
RGI60-13.48122,2017,-820.4410387297279
RGI60-13.48122,2018,-559.6185717268469
RGI60-13.48122,2019,-379.90738339149505
RGI60-13.48123,1901,47.93569464875713
RGI60-13.48123,1902,-265.0541474637543
RGI60-13.48123,1903,2.3641973602866178
RGI60-13.48123,1904,-1242.2166087684843
RGI60-13.48123,1905,-963.4795077775068
RGI60-13.48123,1906,-1242.5958467556873
RGI60-13.48123,1907,-80.26585928109422
RGI60-13.48123,1908,-492.47212217543665
RGI60-13.48123,1909,-1354.995464464731
RGI60-13.48123,1910,-1061.7216667921555
RGI60-13.48123,1911,-189.09775145437848
RGI60-13.48123,1912,-705.0664061203557
RGI60-13.48123,1913,-203.29111718368955
RGI60-13.48123,1914,-651.265210832283
RGI60-13.48123,1915,-1442.1961598769144
RGI60-13.48123,1916,-1112.3809076304947
RGI60-13.48123,1917,-1121.8188039197003
RGI60-13.48123,1918,-1099.6167625267362
RGI60-13.48123,1919,461.72368938111464
RGI60-13.48123,1920,-715.2717313594117
RGI60-13.48123,1921,-559.6648450065092
RGI60-13.48123,1922,-1197.943781942252
RGI60-13.48123,1923,-1156.0975780656215
RGI60-13.48123,1924,-1023.0557173969605
RGI60-13.48123,1925,90.57064048004374
RGI60-13.48123,1926,-214.46044004390728
RGI60-13.48123,1927,-273.23657244610916
RGI60-13.48123,1928,-188.54233100094075
RGI60-13.48123,1929,-215.51660019376556
RGI60-13.48123,1930,435.16012637976917
RGI60-13.48123,1931,-536.3982087781715
RGI60-13.48123,1932,66.619230337307
RGI60-13.48123,1933,-1096.5463532214094
RGI60-13.48123,1934,-293.2917086017531
RGI60-13.48123,1935,-1187.8998617181446
RGI60-13.48123,1936,-455.61799191946267
RGI60-13.48123,1937,-86.7678669631402
RGI60-13.48123,1938,-205.4306140864203
RGI60-13.48123,1939,-478.32033022459524
RGI60-13.48123,1940,-910.4775198251187
RGI60-13.48123,1941,-426.45832594277425
RGI60-13.48123,1942,1416.2521064123337
RGI60-13.48123,1943,-1250.7981156615815
RGI60-13.48123,1944,-1227.2778953666134
RGI60-13.48123,1945,-1569.811288096935
RGI60-13.48123,1946,289.9472815575411
RGI60-13.48123,1947,-437.54800380832546
RGI60-13.48123,1948,-1017.3908373446038
RGI60-13.48123,1949,-283.3357322626164
RGI60-13.48123,1950,-1234.929547609159
RGI60-13.48123,1951,-1195.3179189382006
RGI60-13.48123,1952,-508.92503155269117
RGI60-13.48123,1953,-889.6727883495422
RGI60-13.48123,1954,-190.96201083762236
RGI60-13.48123,1955,-1016.5691002770018
RGI60-13.48123,1956,-384.7124666474408
RGI60-13.48123,1957,-1003.6731441111459
RGI60-13.48123,1958,148.17942548123455
RGI60-13.48123,1959,-496.4661229724925
RGI60-13.48123,1960,-288.3515379063342
RGI60-13.48123,1961,-503.72483585812756
RGI60-13.48123,1962,-1417.8768958587964
RGI60-13.48123,1963,-784.3125510661278
RGI60-13.48123,1964,-784.085261190952
RGI60-13.48123,1965,-1380.035917365719
RGI60-13.48123,1966,-995.0063241085118
RGI60-13.48123,1967,-716.1343503305006
RGI60-13.48123,1968,-1245.8166040973335
RGI60-13.48123,1969,-334.25106675568793
RGI60-13.48123,1970,-703.5026693523278
RGI60-13.48123,1971,-644.6166367372983
RGI60-13.48123,1972,-616.1680464015782
RGI60-13.48123,1973,-1010.355966663808
RGI60-13.48123,1974,-1572.434709078942
RGI60-13.48123,1975,-909.5436196897396
RGI60-13.48123,1976,-561.5786579235772
RGI60-13.48123,1977,-1334.9958413759966
RGI60-13.48123,1978,-697.5647971708754
RGI60-13.48123,1979,-86.37155634000321
RGI60-13.48123,1980,-617.3059097088376
RGI60-13.48123,1981,-773.3963535657228
RGI60-13.48123,1982,-619.919388546017
RGI60-13.48123,1983,-485.4247586788109
RGI60-13.48123,1984,-373.1268653955945
RGI60-13.48123,1985,-807.5227788777057
RGI60-13.48123,1986,-504.4410213874072
RGI60-13.48123,1987,-422.36377333876385
RGI60-13.48123,1988,-320.038540815492
RGI60-13.48123,1989,-174.02625104831472
RGI60-13.48123,1990,-1026.6584481384732
RGI60-13.48123,1991,-1132.600484404766
RGI60-13.48123,1992,-272.9352523091254
RGI60-13.48123,1993,-224.63632364296964
RGI60-13.48123,1994,-494.340767370105
RGI60-13.48123,1995,-940.5635734224112
RGI60-13.48123,1996,-714.6790274085218
RGI60-13.48123,1997,-1218.7748344925058
RGI60-13.48123,1998,-1149.7830471671543
RGI60-13.48123,1999,-1035.4969407833835
RGI60-13.48123,2000,-707.3845970766663
RGI60-13.48123,2001,-1485.7270778501957
RGI60-13.48123,2002,-1272.6107318013333
RGI60-13.48123,2003,-591.906477378943
RGI60-13.48123,2004,-1145.1997326483154
RGI60-13.48123,2005,-1261.0669336464325
RGI60-13.48123,2006,-1353.3102821978305
RGI60-13.48123,2007,-1208.8382434597988
RGI60-13.48123,2008,-1619.2612511084726
RGI60-13.48123,2009,-719.6068139944094
RGI60-13.48123,2010,-1106.0711135959916
RGI60-13.48123,2011,-1365.675761647515
RGI60-13.48123,2012,-1313.3636623029781
RGI60-13.48123,2013,-765.7621357838981
RGI60-13.48123,2014,-774.7557696339543
RGI60-13.48123,2015,-729.7487410687812
RGI60-13.48123,2016,-1387.0323633427367
RGI60-13.48123,2017,-1212.600373073527
RGI60-13.48123,2018,-956.078495943231
RGI60-13.48123,2019,-699.9994424449997
RGI60-13.48124,1901,552.6976718711702
RGI60-13.48124,1902,341.3401574104317
RGI60-13.48124,1903,429.011221972234
RGI60-13.48124,1904,-656.320662374796
RGI60-13.48124,1905,-414.15126563054184
RGI60-13.48124,1906,-648.9669172695797
RGI60-13.48124,1907,447.7421993253138
RGI60-13.48124,1908,64.01159640427055
RGI60-13.48124,1909,-697.732409028683
RGI60-13.48124,1910,-478.34490402191284
RGI60-13.48124,1911,304.4056439587478
RGI60-13.48124,1912,-259.7549384612027
RGI60-13.48124,1913,254.58638680148624
RGI60-13.48124,1914,-111.56451590930304
RGI60-13.48124,1915,-778.9084214143654
RGI60-13.48124,1916,-512.1476208336561
RGI60-13.48124,1917,-531.9063892659345
RGI60-13.48124,1918,-445.3443379622786
RGI60-13.48124,1919,965.5910494578583
RGI60-13.48124,1920,-115.42825067976192
RGI60-13.48124,1921,13.603943175526274
RGI60-13.48124,1922,-621.8235842662586
RGI60-13.48124,1923,-481.07413812875615
RGI60-13.48124,1924,-428.74850105557033
RGI60-13.48124,1925,452.9789538560568
RGI60-13.48124,1926,209.60481325030045
RGI60-13.48124,1927,244.11133750120996
RGI60-13.48124,1928,339.16276341725825
RGI60-13.48124,1929,248.8175382336472
RGI60-13.48124,1930,872.0516324264212
RGI60-13.48124,1931,78.58516798789394
RGI60-13.48124,1932,476.17527338489754
RGI60-13.48124,1933,-474.94849480478905
RGI60-13.48124,1934,159.82556244901383
RGI60-13.48124,1935,-496.0457306221998
RGI60-13.48124,1936,-7.97140513352672
RGI60-13.48124,1937,335.046545688345
RGI60-13.48124,1938,242.0291768343157
RGI60-13.48124,1939,153.92863935766104
RGI60-13.48124,1940,-243.3489441456661
RGI60-13.48124,1941,203.65609116651245
RGI60-13.48124,1942,1973.0235036218544
RGI60-13.48124,1943,-613.8200607225269
RGI60-13.48124,1944,-555.0219823342679
RGI60-13.48124,1945,-734.3021332864555
RGI60-13.48124,1946,704.1752846268982
RGI60-13.48124,1947,17.28058785714441
RGI60-13.48124,1948,-385.13758242204153
RGI60-13.48124,1949,313.289705592803
RGI60-13.48124,1950,-554.8035870187792
RGI60-13.48124,1951,-510.68470470003774
RGI60-13.48124,1952,12.30937160615205
RGI60-13.48124,1953,-176.11684588571364
RGI60-13.48124,1954,191.1473909127949
RGI60-13.48124,1955,-348.61797294475656
RGI60-13.48124,1956,93.59136235116742
RGI60-13.48124,1957,-419.0002400069761
RGI60-13.48124,1958,463.4792866228739
RGI60-13.48124,1959,-7.888105152369447
RGI60-13.48124,1960,112.93595513494736
RGI60-13.48124,1961,-38.94611905206757
RGI60-13.48124,1962,-640.6096354682247
RGI60-13.48124,1963,-234.12247578774682
RGI60-13.48124,1964,-204.65946052554162
RGI60-13.48124,1965,-676.4578141407256
RGI60-13.48124,1966,-274.29233509419043
RGI60-13.48124,1967,-187.13320486216892
RGI60-13.48124,1968,-616.7610833147443
RGI60-13.48124,1969,122.32135388917504
RGI60-13.48124,1970,-211.98487712389021
RGI60-13.48124,1971,-119.21295475980263
RGI60-13.48124,1972,-164.33507609073695
RGI60-13.48124,1973,-395.87803331838603
RGI60-13.48124,1974,-784.8694916794016
RGI60-13.48124,1975,-311.16514265074915
RGI60-13.48124,1976,-66.6669118331875
RGI60-13.48124,1977,-608.1136344206456
RGI60-13.48124,1978,-160.2082205724773
RGI60-13.48124,1979,363.5864648102881
RGI60-13.48124,1980,-93.49609940184321
RGI60-13.48124,1981,-234.73440801258553
RGI60-13.48124,1982,-100.12105482770293
RGI60-13.48124,1983,11.512387783053232
RGI60-13.48124,1984,100.87382837304848
RGI60-13.48124,1985,-301.10296830983407
RGI60-13.48124,1986,48.83190672981194
RGI60-13.48124,1987,89.99612815527986
RGI60-13.48124,1988,216.1943797462266
RGI60-13.48124,1989,331.5256674788959
RGI60-13.48124,1990,-405.0557770077055
RGI60-13.48124,1991,-508.23191276999404
RGI60-13.48124,1992,156.6679625236329
RGI60-13.48124,1993,165.16052018522117
RGI60-13.48124,1994,109.57562395886737
RGI60-13.48124,1995,-323.912848074158
RGI60-13.48124,1996,-160.51389382725918
RGI60-13.48124,1997,-531.8623045341527
RGI60-13.48124,1998,-411.12040347774774
RGI60-13.48124,1999,-326.45914109281387
RGI60-13.48124,2000,-4.4199415878735335
RGI60-13.48124,2001,-685.8739328602837
RGI60-13.48124,2002,-507.87313948857394
RGI60-13.48124,2003,-61.851035110800424
RGI60-13.48124,2004,-482.7898867311106
RGI60-13.48124,2005,-550.5796708586822
RGI60-13.48124,2006,-640.7793160237511
RGI60-13.48124,2007,-499.8840527087307
RGI60-13.48124,2008,-763.4519965901173
RGI60-13.48124,2009,-159.96368008983458
RGI60-13.48124,2010,-411.2658906246572
RGI60-13.48124,2011,-631.6983189288507
RGI60-13.48124,2012,-563.6510475728127
RGI60-13.48124,2013,-164.85921566061765
RGI60-13.48124,2014,-156.08027384225545
RGI60-13.48124,2015,-9.366176295784042
RGI60-13.48124,2016,-571.9649575777966
RGI60-13.48124,2017,-449.891482157362
RGI60-13.48124,2018,-241.76135268881845
RGI60-13.48124,2019,26.005367398715276
RGI60-13.48125,1901,618.1151515393854
RGI60-13.48125,1902,387.69045181138273
RGI60-13.48125,1903,524.085690629026
RGI60-13.48125,1904,-616.4449580611276
RGI60-13.48125,1905,-364.57750647916595
RGI60-13.48125,1906,-616.9077255505621
RGI60-13.48125,1907,516.8866355942561
RGI60-13.48125,1908,93.94022699309436
RGI60-13.48125,1909,-638.0659642577258
RGI60-13.48125,1910,-450.9602965879715
RGI60-13.48125,1911,397.8419185273336
RGI60-13.48125,1912,-162.48185909326597
RGI60-13.48125,1913,393.24438895469854
RGI60-13.48125,1914,-31.305189918293955
RGI60-13.48125,1915,-794.1391812534165
RGI60-13.48125,1916,-477.43557803750866
RGI60-13.48125,1917,-477.34627356496367
RGI60-13.48125,1918,-443.7675246121949
RGI60-13.48125,1919,1101.2461582772492
RGI60-13.48125,1920,-97.34674193334155
RGI60-13.48125,1921,46.45692579795801
RGI60-13.48125,1922,-601.2208367350934
RGI60-13.48125,1923,-484.2582593028457
RGI60-13.48125,1924,-416.22385859632215
RGI60-13.48125,1925,521.5574197217014
RGI60-13.48125,1926,336.6649580240376
RGI60-13.48125,1927,249.207954460933
RGI60-13.48125,1928,408.5020636673932
RGI60-13.48125,1929,359.9768118133009
RGI60-13.48125,1930,977.3773784210739
RGI60-13.48125,1931,72.75914449024756
RGI60-13.48125,1932,561.8310286070697
RGI60-13.48125,1933,-463.59289582688933
RGI60-13.48125,1934,271.60099855014266
RGI60-13.48125,1935,-507.9319560601469
RGI60-13.48125,1936,92.53263451231331
RGI60-13.48125,1937,441.68562340318044
RGI60-13.48125,1938,331.51186847275244
RGI60-13.48125,1939,188.25217772106382
RGI60-13.48125,1940,-240.8119553753098
RGI60-13.48125,1941,188.1197065381612
RGI60-13.48125,1942,2008.0280945727304
RGI60-13.48125,1943,-610.5060004877928
RGI60-13.48125,1944,-575.6389636565265
RGI60-13.48125,1945,-748.7378768448893
RGI60-13.48125,1946,803.9436833634905
RGI60-13.48125,1947,85.37364344409342
RGI60-13.48125,1948,-390.107638644074
RGI60-13.48125,1949,347.1294832896886
RGI60-13.48125,1950,-531.5845653849343
RGI60-13.48125,1951,-440.77063583735355
RGI60-13.48125,1952,21.752031206869464
RGI60-13.48125,1953,-75.87613616187932
RGI60-13.48125,1954,260.30393855219376
RGI60-13.48125,1955,-370.8509044819414
RGI60-13.48125,1956,111.06295332156989
RGI60-13.48125,1957,-388.55292489400404
RGI60-13.48125,1958,543.4950660961003
RGI60-13.48125,1959,144.67822794688183
RGI60-13.48125,1960,191.18716505077637
RGI60-13.48125,1961,63.32259511309864
RGI60-13.48125,1962,-629.9088880621416
RGI60-13.48125,1963,-177.00194844506487
RGI60-13.48125,1964,-177.1255504296806
RGI60-13.48125,1965,-642.0355214337017
RGI60-13.48125,1966,-250.84076893743472
RGI60-13.48125,1967,-84.17854010129136
RGI60-13.48125,1968,-587.2194046815107
RGI60-13.48125,1969,225.84518474957983
RGI60-13.48125,1970,-193.01226595752152
RGI60-13.48125,1971,-97.38395193094408
RGI60-13.48125,1972,-27.917388185726598
RGI60-13.48125,1973,-378.1609794013075
RGI60-13.48125,1974,-788.6159999692005
RGI60-13.48125,1975,-261.2227932149129
RGI60-13.48125,1976,37.80179228452654
RGI60-13.48125,1977,-601.4862045717923
RGI60-13.48125,1978,-73.17251617436463
RGI60-13.48125,1979,475.61726358173377
RGI60-13.48125,1980,-60.142360427888086
RGI60-13.48125,1981,-197.59058792881885
RGI60-13.48125,1982,-14.535789683760898
RGI60-13.48125,1983,36.73561449598503
RGI60-13.48125,1984,181.9494225197911
RGI60-13.48125,1985,-284.13774219519144
RGI60-13.48125,1986,81.6410640746703
RGI60-13.48125,1987,73.11631313225641
RGI60-13.48125,1988,268.62348089231625
RGI60-13.48125,1989,399.7681676982572
RGI60-13.48125,1990,-403.1464070737311
RGI60-13.48125,1991,-461.539416269878
RGI60-13.48125,1992,274.6276767083249
RGI60-13.48125,1993,294.08419330431093
RGI60-13.48125,1994,150.51730355323542
RGI60-13.48125,1995,-308.3025150298987
RGI60-13.48125,1996,-132.35087343980692
RGI60-13.48125,1997,-478.1608135024488
RGI60-13.48125,1998,-429.7217842272763
RGI60-13.48125,1999,-281.36046618686504
RGI60-13.48125,2000,71.905069539721
RGI60-13.48125,2001,-700.0848242586768
RGI60-13.48125,2002,-517.6699861675739
RGI60-13.48125,2003,-7.892789336690697
RGI60-13.48125,2004,-476.06132215022546
RGI60-13.48125,2005,-520.3198835927126
RGI60-13.48125,2006,-653.5588309915759
RGI60-13.48125,2007,-508.26581795188343
RGI60-13.48125,2008,-758.0950633880558
RGI60-13.48125,2009,-123.40573361111328
RGI60-13.48125,2010,-430.4192499142606
RGI60-13.48125,2011,-660.4667378827147
RGI60-13.48125,2012,-585.8371135516926
RGI60-13.48125,2013,-127.06044671011361
RGI60-13.48125,2014,-103.07760142134775
RGI60-13.48125,2015,37.2673653668688
RGI60-13.48125,2016,-589.2124160850718
RGI60-13.48125,2017,-445.9167369414165
RGI60-13.48125,2018,-271.60374840142566
RGI60-13.48125,2019,93.77586744995763
RGI60-13.48126,1901,692.6825307205418
RGI60-13.48126,1902,505.22449737388877
RGI60-13.48126,1903,613.8210366441253
RGI60-13.48126,1904,-469.85116066251487
RGI60-13.48126,1905,-256.416809848211
RGI60-13.48126,1906,-496.54035774061276
RGI60-13.48126,1907,566.9409612669709
RGI60-13.48126,1908,167.18533436839294
RGI60-13.48126,1909,-514.1687365528468
RGI60-13.48126,1910,-352.324762105115
RGI60-13.48126,1911,527.3652711811096
RGI60-13.48126,1912,-80.83718225625944
RGI60-13.48126,1913,471.8584040642677
RGI60-13.48126,1914,71.92179377338239
RGI60-13.48126,1915,-667.8404241496836
RGI60-13.48126,1916,-365.25304149243993
RGI60-13.48126,1917,-395.63859062368607
RGI60-13.48126,1918,-327.1945759861933
RGI60-13.48126,1919,1114.2361752386537
RGI60-13.48126,1920,47.3416435705799
RGI60-13.48126,1921,134.3142139041953
RGI60-13.48126,1922,-489.06029811319013
RGI60-13.48126,1923,-368.55074931863714
RGI60-13.48126,1924,-335.0297649677321
RGI60-13.48126,1925,592.646710574165
RGI60-13.48126,1926,387.675326865164
RGI60-13.48126,1927,312.48466311346914
RGI60-13.48126,1928,520.5424824171541
RGI60-13.48126,1929,445.01119252304545
RGI60-13.48126,1930,1028.3037577280281
RGI60-13.48126,1931,188.75269771332387
RGI60-13.48126,1932,570.1120217365825
RGI60-13.48126,1933,-360.1555919693634
RGI60-13.48126,1934,408.1411071591761
RGI60-13.48126,1935,-399.7107107411517
RGI60-13.48126,1936,154.06375435104175
RGI60-13.48126,1937,484.7500732122059
RGI60-13.48126,1938,388.13640240263794
RGI60-13.48126,1939,295.04734661265604
RGI60-13.48126,1940,-58.82806811988073
RGI60-13.48126,1941,336.6144228827192
RGI60-13.48126,1942,2173.7030548658095
RGI60-13.48126,1943,-518.1890645661045
RGI60-13.48126,1944,-449.2398797494401
RGI60-13.48126,1945,-613.9530309902432
RGI60-13.48126,1946,853.8325522639781
RGI60-13.48126,1947,160.6328987700485
RGI60-13.48126,1948,-285.0298298407829
RGI60-13.48126,1949,487.1448966656119
RGI60-13.48126,1950,-426.58567286496833
RGI60-13.48126,1951,-305.6832697896872
RGI60-13.48126,1952,86.22324308861495
RGI60-13.48126,1953,56.52644891777049
RGI60-13.48126,1954,354.58654876090264
RGI60-13.48126,1955,-244.82854745331372
RGI60-13.48126,1956,175.35350272358045
RGI60-13.48126,1957,-261.01176635173437
RGI60-13.48126,1958,585.8619823255822
RGI60-13.48126,1959,270.5412730167155
RGI60-13.48126,1960,261.0795351004676
RGI60-13.48126,1961,152.7253575145294
RGI60-13.48126,1962,-513.1362646566622
RGI60-13.48126,1963,-55.86348833532391
RGI60-13.48126,1964,-79.02874580872096
RGI60-13.48126,1965,-491.7862546706188
RGI60-13.48126,1966,-128.61644255826795
RGI60-13.48126,1967,-8.716736725724644
RGI60-13.48126,1968,-463.7852109064164
RGI60-13.48126,1969,268.7555948004354
RGI60-13.48126,1970,-55.260426433298846
RGI60-13.48126,1971,53.3558274687862
RGI60-13.48126,1972,84.58981769539537
RGI60-13.48126,1973,-265.6484258088967
RGI60-13.48126,1974,-634.540237584312
RGI60-13.48126,1975,-184.94353868834907
RGI60-13.48126,1976,160.96248689948123
RGI60-13.48126,1977,-471.126426956046
RGI60-13.48126,1978,15.156241473414628
RGI60-13.48126,1979,571.006004698537
RGI60-13.48126,1980,9.942087963178476
RGI60-13.48126,1981,-91.56369908318072
RGI60-13.48126,1982,102.6351270955426
RGI60-13.48126,1983,100.41599684172495
RGI60-13.48126,1984,252.56160053241652
RGI60-13.48126,1985,-204.03714606303637
RGI60-13.48126,1986,142.04843769077198
RGI60-13.48126,1987,145.79235361104668
RGI60-13.48126,1988,375.9171241695705
RGI60-13.48126,1989,444.0538843113299
RGI60-13.48126,1990,-289.33248729688535
RGI60-13.48126,1991,-291.48272090244967
RGI60-13.48126,1992,386.7371202250197
RGI60-13.48126,1993,388.785709363447
RGI60-13.48126,1994,273.49791895210967
RGI60-13.48126,1995,-198.91330909938995
RGI60-13.48126,1996,-12.145157022691084
RGI60-13.48126,1997,-343.1033169509091
RGI60-13.48126,1998,-306.4930835860872
RGI60-13.48126,1999,-154.0266542306843
RGI60-13.48126,2000,102.47723641670792
RGI60-13.48126,2001,-584.4686786923346
RGI60-13.48126,2002,-326.47284705029773
RGI60-13.48126,2003,169.76600577011
RGI60-13.48126,2004,-319.1912560996952
RGI60-13.48126,2005,-358.47695238405794
RGI60-13.48126,2006,-499.9439733325879
RGI60-13.48126,2007,-402.2863064260253
RGI60-13.48126,2008,-632.8034148314879
RGI60-13.48126,2009,-14.279941140343706
RGI60-13.48126,2010,-275.5106590585633
RGI60-13.48126,2011,-525.3540679133489
RGI60-13.48126,2012,-473.66579575315905
RGI60-13.48126,2013,-22.522396459985337
RGI60-13.48126,2014,26.3609167642143
RGI60-13.48126,2015,144.0976964252759
RGI60-13.48126,2016,-455.0187360356108
RGI60-13.48126,2017,-303.30679559858584
RGI60-13.48126,2018,-151.62543991185848
RGI60-13.48126,2019,204.22540531162664
RGI60-13.48127,1901,633.7779107585247
RGI60-13.48127,1902,392.36141231193704
RGI60-13.48127,1903,598.3666940636392
RGI60-13.48127,1904,-587.2464176141884
RGI60-13.48127,1905,-345.5054721056525
RGI60-13.48127,1906,-619.6321336412378
RGI60-13.48127,1907,510.27023190548005
RGI60-13.48127,1908,71.91201105467357
RGI60-13.48127,1909,-634.6972186795364
RGI60-13.48127,1910,-463.35897278522083
RGI60-13.48127,1911,475.35002238846886
RGI60-13.48127,1912,-100.03838493723212
RGI60-13.48127,1913,472.7266064402805
RGI60-13.48127,1914,8.702199977783376
RGI60-13.48127,1915,-834.15952425829
RGI60-13.48127,1916,-482.22998176058127
RGI60-13.48127,1917,-475.65234688667977
RGI60-13.48127,1918,-486.202836381132
RGI60-13.48127,1919,1124.3973770077994
RGI60-13.48127,1920,-90.58832889956031
RGI60-13.48127,1921,29.289790649880633
RGI60-13.48127,1922,-610.4297611658068
RGI60-13.48127,1923,-533.5115704650891
RGI60-13.48127,1924,-459.2937023830205
RGI60-13.48127,1925,571.6994503997929
RGI60-13.48127,1926,396.97380691361485
RGI60-13.48127,1927,209.19248835896775
RGI60-13.48127,1928,445.06496436354513
RGI60-13.48127,1929,426.5783887468227
RGI60-13.48127,1930,1022.6143256516274
RGI60-13.48127,1931,37.382277740887005
RGI60-13.48127,1932,569.1015627303885
RGI60-13.48127,1933,-497.7857826662464
RGI60-13.48127,1934,378.14391626439794
RGI60-13.48127,1935,-571.147250095914
RGI60-13.48127,1936,140.68466939178745
RGI60-13.48127,1937,486.46146797291834
RGI60-13.48127,1938,364.6534816934026
RGI60-13.48127,1939,172.27442738396394
RGI60-13.48127,1940,-231.6624290781695
RGI60-13.48127,1941,168.64787269517566
RGI60-13.48127,1942,2059.6987141200075
RGI60-13.48127,1943,-661.3504031279961
RGI60-13.48127,1944,-630.1218276508694
RGI60-13.48127,1945,-816.9800894030265
RGI60-13.48127,1946,848.997376176052
RGI60-13.48127,1947,115.0336820186567
RGI60-13.48127,1948,-437.0754216653673
RGI60-13.48127,1949,364.23789261512746
RGI60-13.48127,1950,-561.6796526300319
RGI60-13.48127,1951,-409.0399492209267
RGI60-13.48127,1952,-16.75525916913601
RGI60-13.48127,1953,-31.884671847294666
RGI60-13.48127,1954,321.1415838972534
RGI60-13.48127,1955,-426.80487721071745
RGI60-13.48127,1956,81.36218108356643
RGI60-13.48127,1957,-384.7242093904495
RGI60-13.48127,1958,588.7382092594049
RGI60-13.48127,1959,280.56659764009186
RGI60-13.48127,1960,241.69055756739758
RGI60-13.48127,1961,126.05247921864358
RGI60-13.48127,1962,-677.1802158325634
RGI60-13.48127,1963,-146.1186190736883
RGI60-13.48127,1964,-192.96429067241272
RGI60-13.48127,1965,-629.5500272308742
RGI60-13.48127,1966,-270.8939617021793
RGI60-13.48127,1967,-37.532261757729366
RGI60-13.48127,1968,-588.9847065784083
RGI60-13.48127,1969,256.6118408998127
RGI60-13.48127,1970,-157.56233521550067
RGI60-13.48127,1971,-62.43608001381217
RGI60-13.48127,1972,80.9139021600903
RGI60-13.48127,1973,-400.74301600998507
RGI60-13.48127,1974,-826.5592495200606
RGI60-13.48127,1975,-275.1933449636107
RGI60-13.48127,1976,126.98556277846276
RGI60-13.48127,1977,-629.4323839502002
RGI60-13.48127,1978,-40.02431626262803
RGI60-13.48127,1979,559.4045944131036
RGI60-13.48127,1980,-72.00004944528865
RGI60-13.48127,1981,-191.21994406867051
RGI60-13.48127,1982,39.50394578701212
RGI60-13.48127,1983,18.090799312985812
RGI60-13.48127,1984,212.46707210907152
RGI60-13.48127,1985,-301.39815579744845
RGI60-13.48127,1986,53.43207747828637
RGI60-13.48127,1987,13.643730262662624
RGI60-13.48127,1988,296.12812448125743
RGI60-13.48127,1989,395.83067292964597
RGI60-13.48127,1990,-431.82174371270895
RGI60-13.48127,1991,-416.77677021074084
RGI60-13.48127,1992,382.77943975172224
RGI60-13.48127,1993,406.2055749726179
RGI60-13.48127,1994,155.83836161466692
RGI60-13.48127,1995,-329.43060433961557
RGI60-13.48127,1996,-121.44330729668835
RGI60-13.48127,1997,-458.3345106960007
RGI60-13.48127,1998,-497.12841505626113
RGI60-13.48127,1999,-292.36755139625797
RGI60-13.48127,2000,31.644148666190016
RGI60-13.48127,2001,-781.2429554741818
RGI60-13.48127,2002,-536.6056541924297
RGI60-13.48127,2003,75.21320707597923
RGI60-13.48127,2004,-478.056898386239
RGI60-13.48127,2005,-509.3672759274641
RGI60-13.48127,2006,-689.1701597551133
RGI60-13.48127,2007,-570.2525678143796
RGI60-13.48127,2008,-826.6926850564271
RGI60-13.48127,2009,-119.7969675617718
RGI60-13.48127,2010,-466.1953025072286
RGI60-13.48127,2011,-723.5318611197312
RGI60-13.48127,2012,-666.4157808408605
RGI60-13.48127,2013,-135.95935190625755
RGI60-13.48127,2014,-91.65285527122893
RGI60-13.48127,2015,11.4814035154118
RGI60-13.48127,2016,-660.0062811876771
RGI60-13.48127,2017,-484.210511957938
RGI60-13.48127,2018,-349.6943307819298
RGI60-13.48127,2019,86.51268048325653
RGI60-13.48128,1901,22.10724801013907
RGI60-13.48128,1902,21.84396375501801
RGI60-13.48128,1903,415.49236592871176
RGI60-13.48128,1904,-739.5645724890863
RGI60-13.48128,1905,-500.10851059905247
RGI60-13.48128,1906,-796.2682229163194
RGI60-13.48128,1907,10.365217469535377
RGI60-13.48128,1908,-247.89390999667472
RGI60-13.48128,1909,-1306.375540874204
RGI60-13.48128,1910,-676.9795417741259
RGI60-13.48128,1911,359.9289962142575
RGI60-13.48128,1912,2.41148727621067
RGI60-13.48128,1913,371.06265407129314
RGI60-13.48128,1914,-130.13714436073136
RGI60-13.48128,1915,-1171.0340565093786
RGI60-13.48128,1916,-671.113540423752
RGI60-13.48128,1917,-548.2666905035783
RGI60-13.48128,1918,-960.3175330083559
RGI60-13.48128,1919,666.447807427097
RGI60-13.48128,1920,-224.47241631268534
RGI60-13.48128,1921,-339.21738542959616
RGI60-13.48128,1922,-799.4392020693872
RGI60-13.48128,1923,-1053.1051648971534
RGI60-13.48128,1924,-943.046543357847
RGI60-13.48128,1925,436.8087434625113
RGI60-13.48128,1926,286.23325414611776
RGI60-13.48128,1927,-382.660489632637
RGI60-13.48128,1928,111.50011255621105
RGI60-13.48128,1929,181.88824119189047
RGI60-13.48128,1930,634.9928663831147
RGI60-13.48128,1931,-184.27748273596166
RGI60-13.48128,1932,-72.51971754998702
RGI60-13.48128,1933,-863.3451535406141
RGI60-13.48128,1934,296.0127052752536
RGI60-13.48128,1935,-833.7680839967669
RGI60-13.48128,1936,-7.820470960173353
RGI60-13.48128,1937,249.15445079615745
RGI60-13.48128,1938,161.96548151650103
RGI60-13.48128,1939,-408.5994497074515
RGI60-13.48128,1940,-543.4749797691201
RGI60-13.48128,1941,-148.01996307261481
RGI60-13.48128,1942,1437.3008438230468
RGI60-13.48128,1943,-1192.4374166907635
RGI60-13.48128,1944,-959.9113801523432
RGI60-13.48128,1945,-1389.0207535988852
RGI60-13.48128,1946,377.77844658154663
RGI60-13.48128,1947,39.1285624082986
RGI60-13.48128,1948,-1035.6494231429915
RGI60-13.48128,1949,-138.93963075005266
RGI60-13.48128,1950,-1002.6039649257482
RGI60-13.48128,1951,-466.13086385378193
RGI60-13.48128,1952,-283.76141512836006
RGI60-13.48128,1953,-112.28803137518436
RGI60-13.48128,1954,452.74009098812803
RGI60-13.48128,1955,-525.6217493719865
RGI60-13.48128,1956,-329.8518963332565
RGI60-13.48128,1957,-278.3633977008729
RGI60-13.48128,1958,756.4627612554567
RGI60-13.48128,1959,694.4716163698132
RGI60-13.48128,1960,426.3769709599396
RGI60-13.48128,1961,130.3142921050888
RGI60-13.48128,1962,-1361.9187033392045
RGI60-13.48128,1963,-301.2861462108617
RGI60-13.48128,1964,-250.6527535850758
RGI60-13.48128,1965,-946.4557989140025
RGI60-13.48128,1966,-547.7239852164832
RGI60-13.48128,1967,-210.59135440296944
RGI60-13.48128,1968,-693.9699829019397
RGI60-13.48128,1969,-46.783505177655144
RGI60-13.48128,1970,11.33648280858064
RGI60-13.48128,1971,70.91932477473833
RGI60-13.48128,1972,323.78322326661345
RGI60-13.48128,1973,-726.3026553461204
RGI60-13.48128,1974,-1544.5678728844825
RGI60-13.48128,1975,-698.0623331801136
RGI60-13.48128,1976,183.7402101109021
RGI60-13.48128,1977,-939.3040235231574
RGI60-13.48128,1978,-187.85210928902654
RGI60-13.48128,1979,581.6475314551565
RGI60-13.48128,1980,-238.76488708693816
RGI60-13.48128,1981,-67.39905884187867
RGI60-13.48128,1982,-49.19519849462604
RGI60-13.48128,1983,-266.1078549537376
RGI60-13.48128,1984,334.24268055654136
RGI60-13.48128,1985,-185.426325901534
RGI60-13.48128,1986,-345.8441907276063
RGI60-13.48128,1987,-361.6082626616953
RGI60-13.48128,1988,640.7711049047056
RGI60-13.48128,1989,257.3126843094117
RGI60-13.48128,1990,-17.549702320605114
RGI60-13.48128,1991,-580.8804565052393
RGI60-13.48128,1992,603.8506671440729
RGI60-13.48128,1993,634.0576649159997
RGI60-13.48128,1994,-94.35761304113474
RGI60-13.48128,1995,-343.826884211919
RGI60-13.48128,1996,63.071266053371176
RGI60-13.48128,1997,-708.6133953716507
RGI60-13.48128,1998,-563.866786137285
RGI60-13.48128,1999,-650.4469641608065
RGI60-13.48128,2000,-765.2015614555212
RGI60-13.48128,2001,-1191.4858487358185
RGI60-13.48128,2002,-934.238356463213
RGI60-13.48128,2003,417.19979975312896
RGI60-13.48128,2004,-467.4867810383564
RGI60-13.48128,2005,-673.0644770564096
RGI60-13.48128,2006,-939.5389896979199
RGI60-13.48128,2007,-562.1175550625566
RGI60-13.48128,2008,-1427.055822752299
RGI60-13.48128,2009,78.08699418980088
RGI60-13.48128,2010,-672.1677204894158
RGI60-13.48128,2011,-984.0772864909235
RGI60-13.48128,2012,-983.4325604559947
RGI60-13.48128,2013,-192.57838683531602
RGI60-13.48128,2014,-375.4452555728845
RGI60-13.48128,2015,-567.6925131128495
RGI60-13.48128,2016,-814.994637128938
RGI60-13.48128,2017,-965.4480298542587
RGI60-13.48128,2018,-741.8812517799158
RGI60-13.48128,2019,-821.379759960362
RGI60-13.48131,1901,251.3176770932751
RGI60-13.48131,1902,326.6240181782387
RGI60-13.48131,1903,688.6864079743092
RGI60-13.48131,1904,-447.17954154346256
RGI60-13.48131,1905,-295.11602098979773
RGI60-13.48131,1906,-488.6318285387356
RGI60-13.48131,1907,210.59258595251984
RGI60-13.48131,1908,-20.514615694908596
RGI60-13.48131,1909,-1196.8361829078037
RGI60-13.48131,1910,-461.6973842207377
RGI60-13.48131,1911,678.9937043220511
RGI60-13.48131,1912,236.49261701502897
RGI60-13.48131,1913,631.9912280702234
RGI60-13.48131,1914,147.7413452889577
RGI60-13.48131,1915,-909.1970876308603
RGI60-13.48131,1916,-373.0606630565243
RGI60-13.48131,1917,-314.9214368211023
RGI60-13.48131,1918,-761.6790285899261
RGI60-13.48131,1919,914.3717743996541
RGI60-13.48131,1920,99.58060750578379
RGI60-13.48131,1921,-155.14652060600054
RGI60-13.48131,1922,-550.2452978922047
RGI60-13.48131,1923,-908.7963066317691
RGI60-13.48131,1924,-894.7435444079854
RGI60-13.48131,1925,683.2505359656762
RGI60-13.48131,1926,499.3351949930232
RGI60-13.48131,1927,-272.0257986209444
RGI60-13.48131,1928,371.84716138540824
RGI60-13.48131,1929,390.3579024673586
RGI60-13.48131,1930,828.2127470898902
RGI60-13.48131,1931,159.17162332677705
RGI60-13.48131,1932,-40.731938133678945
RGI60-13.48131,1933,-711.4411824477046
RGI60-13.48131,1934,644.6074577205865
RGI60-13.48131,1935,-543.7420069506593
RGI60-13.48131,1936,158.72460116526693
RGI60-13.48131,1937,400.0382468681322
RGI60-13.48131,1938,320.7600894471096
RGI60-13.48131,1939,-238.43652506901157
RGI60-13.48131,1940,-336.7846845724574
RGI60-13.48131,1941,204.01703001652004
RGI60-13.48131,1942,1841.1214444239881
RGI60-13.48131,1943,-1163.4562939984921
RGI60-13.48131,1944,-711.8203123140684
RGI60-13.48131,1945,-1206.5518668351888
RGI60-13.48131,1946,501.5269416292575
RGI60-13.48131,1947,262.6391593449582
RGI60-13.48131,1948,-1014.8775932902053
RGI60-13.48131,1949,51.365218240399926
RGI60-13.48131,1950,-831.4974104348581
RGI60-13.48131,1951,-217.56265227083674
RGI60-13.48131,1952,-134.92408616804548
RGI60-13.48131,1953,84.13415991860502
RGI60-13.48131,1954,700.1622431429871
RGI60-13.48131,1955,-214.9109349114644
RGI60-13.48131,1956,-344.5865780644471
RGI60-13.48131,1957,42.09986833638087
RGI60-13.48131,1958,914.2029006617004
RGI60-13.48131,1959,957.6346780508968
RGI60-13.48131,1960,673.0623450157331
RGI60-13.48131,1961,380.8581312263129
RGI60-13.48131,1962,-1254.6166390679027
RGI60-13.48131,1963,-67.25171294778123
RGI60-13.48131,1964,2.70610792149727
RGI60-13.48131,1965,-744.3074378013787
RGI60-13.48131,1966,-252.86634720035994
RGI60-13.48131,1967,39.58304851262082
RGI60-13.48131,1968,-414.35276717578336
RGI60-13.48131,1969,61.23943336464267
RGI60-13.48131,1970,326.2041579405502
RGI60-13.48131,1971,437.5165429924741
RGI60-13.48131,1972,666.8796817785618
RGI60-13.48131,1973,-553.9545727072614
RGI60-13.48131,1974,-1455.6997329519475
RGI60-13.48131,1975,-563.0692953740787
RGI60-13.48131,1976,454.5593288968681
RGI60-13.48131,1977,-703.4631646600931
RGI60-13.48131,1978,-73.37190407420185
RGI60-13.48131,1979,869.7162604756322
RGI60-13.48131,1980,-75.71241346243289
RGI60-13.48131,1981,292.51825264718343
RGI60-13.48131,1982,272.8877408988556
RGI60-13.48131,1983,-122.31096129485266
RGI60-13.48131,1984,567.1282383972559
RGI60-13.48131,1985,2.8756549276583665
RGI60-13.48131,1986,-257.59523304179135
RGI60-13.48131,1987,-272.8876217037867
RGI60-13.48131,1988,925.0981584078247
RGI60-13.48131,1989,503.9228342892166
RGI60-13.48131,1990,363.5998090523669
RGI60-13.48131,1991,-342.00975348307406
RGI60-13.48131,1992,848.4247419213175
RGI60-13.48131,1993,835.8598554960519
RGI60-13.48131,1994,185.36331069220572
RGI60-13.48131,1995,0.3041687623343947
RGI60-13.48131,1996,348.3419410209978
RGI60-13.48131,1997,-448.5837529892137
RGI60-13.48131,1998,-270.15031545589204
RGI60-13.48131,1999,-472.5062567103082
RGI60-13.48131,2000,-801.638175962718
RGI60-13.48131,2001,-1019.9365253983146
RGI60-13.48131,2002,-825.0485456230936
RGI60-13.48131,2003,833.0533096248593
RGI60-13.48131,2004,-204.74637002512972
RGI60-13.48131,2005,-466.6426842326471
RGI60-13.48131,2006,-769.7324608495202
RGI60-13.48131,2007,-250.94919492476902
RGI60-13.48131,2008,-1299.1566014397463
RGI60-13.48131,2009,341.7863614794409
RGI60-13.48131,2010,-435.1823776010033
RGI60-13.48131,2011,-780.864303168556
RGI60-13.48131,2012,-792.396816697926
RGI60-13.48131,2013,85.13773060770363
RGI60-13.48131,2014,-124.19710771649659
RGI60-13.48131,2015,-511.89083204002725
RGI60-13.48131,2016,-562.6187282705984
RGI60-13.48131,2017,-858.0779330941319
RGI60-13.48131,2018,-525.0768668558422
RGI60-13.48131,2019,-761.8218778114775
RGI60-13.48132,1901,-242.48248322759432
RGI60-13.48132,1902,-363.30316546055917
RGI60-13.48132,1903,350.41826772137847
RGI60-13.48132,1904,-1071.0347083661738
RGI60-13.48132,1905,-866.4576349870896
RGI60-13.48132,1906,-1153.0385695300326
RGI60-13.48132,1907,-337.0403644731621
RGI60-13.48132,1908,-581.9368910782961
RGI60-13.48132,1909,-2005.9942905432422
RGI60-13.48132,1910,-1099.4030845371442
RGI60-13.48132,1911,308.4662659894636
RGI60-13.48132,1912,-64.67539117163585
RGI60-13.48132,1913,293.2909399147392
RGI60-13.48132,1914,-341.04414098075847
RGI60-13.48132,1915,-1701.101804353913
RGI60-13.48132,1916,-981.4020188290506
RGI60-13.48132,1917,-859.2587653821705
RGI60-13.48132,1918,-1533.3456483578373
RGI60-13.48132,1919,468.4655881832043
RGI60-13.48132,1920,-551.5868425817144
RGI60-13.48132,1921,-766.0075405540616
RGI60-13.48132,1922,-1133.2821136529947
RGI60-13.48132,1923,-1695.2883992564202
RGI60-13.48132,1924,-1569.3175352016124
RGI60-13.48132,1925,423.85636957654077
RGI60-13.48132,1926,185.5084869964587
RGI60-13.48132,1927,-864.2679193989889
RGI60-13.48132,1928,-86.40810455044576
RGI60-13.48132,1929,62.60463660629252
RGI60-13.48132,1930,527.6971137821525
RGI60-13.48132,1931,-478.36254330157965
RGI60-13.48132,1932,-406.401253644747
RGI60-13.48132,1933,-1392.572823217057
RGI60-13.48132,1934,337.59172282424834
RGI60-13.48132,1935,-1335.8498065819147
RGI60-13.48132,1936,-145.20200557182847
RGI60-13.48132,1937,135.36025701743569
RGI60-13.48132,1938,-30.0527265622592
RGI60-13.48132,1939,-899.0825813678858
RGI60-13.48132,1940,-1060.44809346858
RGI60-13.48132,1941,-501.0034924469776
RGI60-13.48132,1942,1346.9564449953366
RGI60-13.48132,1943,-1888.7276333006537
RGI60-13.48132,1944,-1470.4090056038012
RGI60-13.48132,1945,-2136.2646835108
RGI60-13.48132,1946,172.5528041138553
RGI60-13.48132,1947,-42.86543079529512
RGI60-13.48132,1948,-1715.7853781787078
RGI60-13.48132,1949,-550.7360430451993
RGI60-13.48132,1950,-1542.9906578093
RGI60-13.48132,1951,-795.4825577357125
RGI60-13.48132,1952,-711.6258899713325
RGI60-13.48132,1953,-496.8415716239663
RGI60-13.48132,1954,465.0025258089333
RGI60-13.48132,1955,-990.7925451919984
RGI60-13.48132,1956,-839.7605483107563
RGI60-13.48132,1957,-533.608247432797
RGI60-13.48132,1958,731.7701737022418
RGI60-13.48132,1959,771.308860466793
RGI60-13.48132,1960,457.941146208913
RGI60-13.48132,1961,76.70937945811603
RGI60-13.48132,1962,-2182.323177318481
RGI60-13.48132,1963,-572.3203295913878
RGI60-13.48132,1964,-568.4582675422213
RGI60-13.48132,1965,-1489.5378265389807
RGI60-13.48132,1966,-1037.9859700176155
RGI60-13.48132,1967,-378.3050799538729
RGI60-13.48132,1968,-1050.5189106481284
RGI60-13.48132,1969,-323.92239245147636
RGI60-13.48132,1970,-86.01790311384207
RGI60-13.48132,1971,-24.59165085353077
RGI60-13.48132,1972,404.8623592822583
RGI60-13.48132,1973,-1206.8967900724872
RGI60-13.48132,1974,-2422.5076874200186
RGI60-13.48132,1975,-1214.9597232450908
RGI60-13.48132,1976,52.98629704727971
RGI60-13.48132,1977,-1524.2996518332138
RGI60-13.48132,1978,-534.0759589717496
RGI60-13.48132,1979,568.6001237514226
RGI60-13.48132,1980,-585.3585531906667
RGI60-13.48132,1981,-172.90621846189435
RGI60-13.48132,1982,-200.716070871143
RGI60-13.48132,1983,-673.6238945185212
RGI60-13.48132,1984,205.61809730837763
RGI60-13.48132,1985,-457.7917954059656
RGI60-13.48132,1986,-823.994250527157
RGI60-13.48132,1987,-952.6143649667869
RGI60-13.48132,1988,640.0186257962715
RGI60-13.48132,1989,112.9936889064655
RGI60-13.48132,1990,-141.9075507119573
RGI60-13.48132,1991,-978.7329515575148
RGI60-13.48132,1992,602.7367179374163
RGI60-13.48132,1993,654.5926912427044
RGI60-13.48132,1994,-416.0805501326083
RGI60-13.48132,1995,-579.0938104179295
RGI60-13.48132,1996,-192.46223553689583
RGI60-13.48132,1997,-1134.7154589709432
RGI60-13.48132,1998,-1172.4005238101881
RGI60-13.48132,1999,-1304.9534905530606
RGI60-13.48132,2000,-1639.011298562091
RGI60-13.48132,2001,-1979.3126515897425
RGI60-13.48132,2002,-1797.3629938180347
RGI60-13.48132,2003,408.0294247276724
RGI60-13.48132,2004,-912.664647811187
RGI60-13.48132,2005,-1240.368884737351
RGI60-13.48132,2006,-1606.3252467948746
RGI60-13.48132,2007,-1098.5023325743884
RGI60-13.48132,2008,-2280.581657293735
RGI60-13.48132,2009,-143.5446333711746
RGI60-13.48132,2010,-1225.315094493933
RGI60-13.48132,2011,-1690.9726594928675
RGI60-13.48132,2012,-1709.2451639158376
RGI60-13.48132,2013,-501.43004201025593
RGI60-13.48132,2014,-791.6869151035321
RGI60-13.48132,2015,-1353.5163295050593
RGI60-13.48132,2016,-1503.453209427509
RGI60-13.48132,2017,-1777.0270046918945
RGI60-13.48132,2018,-1421.009820676606
RGI60-13.48132,2019,-1584.6988388575596
RGI60-13.48133,1901,-444.92226272381527
RGI60-13.48133,1902,-543.5517278521031
RGI60-13.48133,1903,-87.27838271178297
RGI60-13.48133,1904,-1284.459143808326
RGI60-13.48133,1905,-985.9028171940428
RGI60-13.48133,1906,-1357.604907783153
RGI60-13.48133,1907,-419.8553906475324
RGI60-13.48133,1908,-710.0725912472013
RGI60-13.48133,1909,-1706.4992755957949
RGI60-13.48133,1910,-1153.0564363746705
RGI60-13.48133,1911,-197.93747559552324
RGI60-13.48133,1912,-488.91537635780105
RGI60-13.48133,1913,-149.49447567814065
RGI60-13.48133,1914,-648.9329174975953
RGI60-13.48133,1915,-1656.9316125551904
RGI60-13.48133,1916,-1205.9735645965602
RGI60-13.48133,1917,-1052.0200702187235
RGI60-13.48133,1918,-1403.7140359836417
RGI60-13.48133,1919,197.5245152744044
RGI60-13.48133,1920,-795.5977725028898
RGI60-13.48133,1921,-764.8352144819532
RGI60-13.48133,1922,-1283.8852941450211
RGI60-13.48133,1923,-1445.068433358798
RGI60-13.48133,1924,-1239.4634386144087
RGI60-13.48133,1925,32.84933007538277
RGI60-13.48133,1926,-169.2095506923301
RGI60-13.48133,1927,-684.7635491565735
RGI60-13.48133,1928,-398.325658107788
RGI60-13.48133,1929,-279.01941119011855
RGI60-13.48133,1930,203.26216329235146
RGI60-13.48133,1931,-741.9015792605823
RGI60-13.48133,1932,-292.62796768648946
RGI60-13.48133,1933,-1267.9146773070845
RGI60-13.48133,1934,-305.6340227822026
RGI60-13.48133,1935,-1353.9474879328297
RGI60-13.48133,1936,-407.8943182459147
RGI60-13.48133,1937,-130.30027003985487
RGI60-13.48133,1938,-199.1897699594151
RGI60-13.48133,1939,-851.8587189720115
RGI60-13.48133,1940,-1044.6709833760792
RGI60-13.48133,1941,-736.8491511695287
RGI60-13.48133,1942,772.198707970046
RGI60-13.48133,1943,-1480.5458580632976
RGI60-13.48133,1944,-1432.5453690180516
RGI60-13.48133,1945,-1891.028804704238
RGI60-13.48133,1946,63.05279423375606
RGI60-13.48133,1947,-403.9553913575863
RGI60-13.48133,1948,-1338.2357330459554
RGI60-13.48133,1949,-600.9940613557138
RGI60-13.48133,1950,-1421.8022414122568
RGI60-13.48133,1951,-1030.525041797458
RGI60-13.48133,1952,-608.2646214078817
RGI60-13.48133,1953,-651.3485179259673
RGI60-13.48133,1954,24.022384068340333
RGI60-13.48133,1955,-1064.9389652373704
RGI60-13.48133,1956,-518.1515520159919
RGI60-13.48133,1957,-828.7043343713389
RGI60-13.48133,1958,439.6782394335034
RGI60-13.48133,1959,108.00160530858484
RGI60-13.48133,1960,2.681243004425356
RGI60-13.48133,1961,-366.18881700366745
RGI60-13.48133,1962,-1790.3363110896694
RGI60-13.48133,1963,-804.7890413061317
RGI60-13.48133,1964,-744.3021499630975
RGI60-13.48133,1965,-1451.486838149042
RGI60-13.48133,1966,-1129.3379899738648
RGI60-13.48133,1967,-704.7197779902612
RGI60-13.48133,1968,-1208.753855698766
RGI60-13.48133,1969,-396.7465427950479
RGI60-13.48133,1970,-552.9904383022612
RGI60-13.48133,1971,-524.8474609638752
RGI60-13.48133,1972,-266.5288236306752
RGI60-13.48133,1973,-1159.8935741687537
RGI60-13.48133,1974,-1966.1744053164084
RGI60-13.48133,1975,-1088.971548042217
RGI60-13.48133,1976,-331.39596921752604
RGI60-13.48133,1977,-1440.8987385566716
RGI60-13.48133,1978,-581.580806259655
RGI60-13.48133,1979,72.38621942428122
RGI60-13.48133,1980,-608.2707322015226
RGI60-13.48133,1981,-643.3861094269434
RGI60-13.48133,1982,-618.4101459601446
RGI60-13.48133,1983,-595.0382651913036
RGI60-13.48133,1984,-127.65774936432794
RGI60-13.48133,1985,-564.191065016583
RGI60-13.48133,1986,-639.1096873977222
RGI60-13.48133,1987,-615.7951797710244
RGI60-13.48133,1988,98.57233960998708
RGI60-13.48133,1989,-187.4089203568519
RGI60-13.48133,1990,-627.2250291695702
RGI60-13.48133,1991,-1107.6139098297572
RGI60-13.48133,1992,83.29620987353614
RGI60-13.48133,1993,179.60145431714506
RGI60-13.48133,1994,-612.8347953970399
RGI60-13.48133,1995,-907.8549486952086
RGI60-13.48133,1996,-479.79081956462215
RGI60-13.48133,1997,-1226.1308127866755
RGI60-13.48133,1998,-1115.4857086057625
RGI60-13.48133,1999,-1125.845678457424
RGI60-13.48133,2000,-987.6077210167116
RGI60-13.48133,2001,-1619.467069665528
RGI60-13.48133,2002,-1371.2585561609094
RGI60-13.48133,2003,-278.7505406367573
RGI60-13.48133,2004,-986.1605658562617
RGI60-13.48133,2005,-1194.1747475359816
RGI60-13.48133,2006,-1368.9045440948519
RGI60-13.48133,2007,-1123.5031427893816
RGI60-13.48133,2008,-1884.7559976190087
RGI60-13.48133,2009,-416.1349700972655
RGI60-13.48133,2010,-1159.3348761205632
RGI60-13.48133,2011,-1445.3353630262634
RGI60-13.48133,2012,-1419.857235559782
RGI60-13.48133,2013,-716.7336888191354
RGI60-13.48133,2014,-862.7519544706806
RGI60-13.48133,2015,-961.4035930399334
RGI60-13.48133,2016,-1403.2576200356084
RGI60-13.48133,2017,-1383.157963357737
RGI60-13.48133,2018,-1196.645576905513
RGI60-13.48133,2019,-1174.804273192138
RGI60-13.48134,1901,340.7097880775346
RGI60-13.48134,1902,445.20485470635737
RGI60-13.48134,1903,808.3871828958307
RGI60-13.48134,1904,-346.42175403025516
RGI60-13.48134,1905,-235.1070135429416
RGI60-13.48134,1906,-367.2794122849422
RGI60-13.48134,1907,321.06262383849577
RGI60-13.48134,1908,95.36521936455893
RGI60-13.48134,1909,-1265.3806872600487
RGI60-13.48134,1910,-392.9488476770133
RGI60-13.48134,1911,788.7184070439444
RGI60-13.48134,1912,315.1948676840863
RGI60-13.48134,1913,729.7192449096257
RGI60-13.48134,1914,289.9350574092619
RGI60-13.48134,1915,-778.903785940511
RGI60-13.48134,1916,-269.91303502681984
RGI60-13.48134,1917,-213.11487848395313
RGI60-13.48134,1918,-734.1849606151814
RGI60-13.48134,1919,1049.1067990120644
RGI60-13.48134,1920,241.14114394689673
RGI60-13.48134,1921,-82.7687441871407
RGI60-13.48134,1922,-477.7029765699718
RGI60-13.48134,1923,-929.5341351047331
RGI60-13.48134,1924,-933.6767202730185
RGI60-13.48134,1925,766.1308272000141
RGI60-13.48134,1926,576.3024609351797
RGI60-13.48134,1927,-258.67418353307664
RGI60-13.48134,1928,415.7060033940857
RGI60-13.48134,1929,444.5476807314215
RGI60-13.48134,1930,895.7554813850389
RGI60-13.48134,1931,354.5540391571845
RGI60-13.48134,1932,-59.49778686689615
RGI60-13.48134,1933,-698.1416392981287
RGI60-13.48134,1934,731.4086076711243
RGI60-13.48134,1935,-372.6582190309989
RGI60-13.48134,1936,211.46349297049264
RGI60-13.48134,1937,470.20597962066114
RGI60-13.48134,1938,357.7378644801544
RGI60-13.48134,1939,-234.9233283953241
RGI60-13.48134,1940,-359.87286201758855
RGI60-13.48134,1941,406.554912424288
RGI60-13.48134,1942,2011.3793340393845
RGI60-13.48134,1943,-1231.8490843628003
RGI60-13.48134,1944,-593.8581007471474
RGI60-13.48134,1945,-1159.946210000496
RGI60-13.48134,1946,528.965329894386
RGI60-13.48134,1947,349.83444464551957
RGI60-13.48134,1948,-1136.6226374574792
RGI60-13.48134,1949,46.606280264282056
RGI60-13.48134,1950,-814.9675009912911
RGI60-13.48134,1951,-198.56216306317046
RGI60-13.48134,1952,-62.18970851636853
RGI60-13.48134,1953,69.92461016851003
RGI60-13.48134,1954,771.197796302523
RGI60-13.48134,1955,-20.51805450033964
RGI60-13.48134,1956,-483.65348439026843
RGI60-13.48134,1957,202.1772100964624
RGI60-13.48134,1958,979.9694342343877
RGI60-13.48134,1959,1004.0954979621744
RGI60-13.48134,1960,737.6886448686527
RGI60-13.48134,1961,460.37064829076627
RGI60-13.48134,1962,-1319.2227202439628
RGI60-13.48134,1963,-61.10945547755111
RGI60-13.48134,1964,118.15071445730021
RGI60-13.48134,1965,-758.50729780992
RGI60-13.48134,1966,-119.63236648368256
RGI60-13.48134,1967,115.98892335184736
RGI60-13.48134,1968,-331.7188381864549
RGI60-13.48134,1969,57.00363930945991
RGI60-13.48134,1970,473.8176482293028
RGI60-13.48134,1971,591.0688884482024
RGI60-13.48134,1972,730.2540769493022
RGI60-13.48134,1973,-540.9787493622338
RGI60-13.48134,1974,-1546.252408511656
RGI60-13.48134,1975,-539.2655908122429
RGI60-13.48134,1976,563.3102212807152
RGI60-13.48134,1977,-592.8440192722979
RGI60-13.48134,1978,-122.7986460160799
RGI60-13.48134,1979,975.746298229198
RGI60-13.48134,1980,5.663086762053594
RGI60-13.48134,1981,437.0547523320896
RGI60-13.48134,1982,371.4189010568263
RGI60-13.48134,1983,-43.426446733955835
RGI60-13.48134,1984,665.3571673230409
RGI60-13.48134,1985,98.40884607738043
RGI60-13.48134,1986,-282.6619168272397
RGI60-13.48134,1987,-256.5217627274447
RGI60-13.48134,1988,1014.7552404560596
RGI60-13.48134,1989,634.124000743446
RGI60-13.48134,1990,534.6812527849071
RGI60-13.48134,1991,-339.7430471677404
RGI60-13.48134,1992,926.9085112513911
RGI60-13.48134,1993,895.3839842104024
RGI60-13.48134,1994,285.4187147732159
RGI60-13.48134,1995,168.83935744700716
RGI60-13.48134,1996,421.2906715717914
RGI60-13.48134,1997,-379.84869654952365
RGI60-13.48134,1998,-138.80181895492916
RGI60-13.48134,1999,-494.5298094860861
RGI60-13.48134,2000,-927.7997685652457
RGI60-13.48134,2001,-961.7990267525523
RGI60-13.48134,2002,-919.7895161096167
RGI60-13.48134,2003,978.1914821460738
RGI60-13.48134,2004,-147.99813631834851
RGI60-13.48134,2005,-474.2470700355886
RGI60-13.48134,2006,-765.97380413108
RGI60-13.48134,2007,-107.5981612837687
RGI60-13.48134,2008,-1294.3119719424
RGI60-13.48134,2009,434.9463426755907
RGI60-13.48134,2010,-348.1545320625674
RGI60-13.48134,2011,-728.4126113115308
RGI60-13.48134,2012,-711.7983056620748
RGI60-13.48134,2013,205.32809014096372
RGI60-13.48134,2014,-38.0981224157976
RGI60-13.48134,2015,-652.9190453298236
RGI60-13.48134,2016,-460.15662417395356
RGI60-13.48134,2017,-949.964996425993
RGI60-13.48134,2018,-421.19456540517825
RGI60-13.48134,2019,-872.2496570371093
RGI60-13.48135,1901,-357.0374274669071
RGI60-13.48135,1902,-372.392708601435
RGI60-13.48135,1903,-75.09312471647667
RGI60-13.48135,1904,-1145.817755520008
RGI60-13.48135,1905,-880.4750301981745
RGI60-13.48135,1906,-1189.7295751720887
RGI60-13.48135,1907,-307.25822425908336
RGI60-13.48135,1908,-583.7936677467135
RGI60-13.48135,1909,-1515.5868344376024
RGI60-13.48135,1910,-998.8440224417167
RGI60-13.48135,1911,-159.12443719950252
RGI60-13.48135,1912,-475.68387656422914
RGI60-13.48135,1913,-140.95969527609253
RGI60-13.48135,1914,-567.0704116766882
RGI60-13.48135,1915,-1438.2958702166532
RGI60-13.48135,1916,-1062.25609646703
RGI60-13.48135,1917,-974.7252999050319
RGI60-13.48135,1918,-1198.4530905842203
RGI60-13.48135,1919,251.9249058448396
RGI60-13.48135,1920,-633.1947260148679
RGI60-13.48135,1921,-624.928750318377
RGI60-13.48135,1922,-1147.753470823114
RGI60-13.48135,1923,-1242.3476384367243
RGI60-13.48135,1924,-1096.6979009883348
RGI60-13.48135,1925,44.02684767865258
RGI60-13.48135,1926,-162.11233393669707
RGI60-13.48135,1927,-551.0159495428738
RGI60-13.48135,1928,-321.9521773135453
RGI60-13.48135,1929,-257.84282459033165
RGI60-13.48135,1930,216.28920471933364
RGI60-13.48135,1931,-575.6167633185711
RGI60-13.48135,1932,-274.9605190662846
RGI60-13.48135,1933,-1097.2257268803178
RGI60-13.48135,1934,-295.18552611762203
RGI60-13.48135,1935,-1127.1041638011552
RGI60-13.48135,1936,-398.1209544332652
RGI60-13.48135,1937,-139.07586350608443
RGI60-13.48135,1938,-169.28395817863063
RGI60-13.48135,1939,-705.7144211808197
RGI60-13.48135,1940,-887.1951499951979
RGI60-13.48135,1941,-543.8837405213349
RGI60-13.48135,1942,861.7823440705323
RGI60-13.48135,1943,-1313.9536360436985
RGI60-13.48135,1944,-1230.4363584687164
RGI60-13.48135,1945,-1659.643455542149
RGI60-13.48135,1946,82.17701136875353
RGI60-13.48135,1947,-387.09023210125105
RGI60-13.48135,1948,-1191.042276743737
RGI60-13.48135,1949,-480.88051853115775
RGI60-13.48135,1950,-1275.1646642175301
RGI60-13.48135,1951,-956.2241433991819
RGI60-13.48135,1952,-476.6665190859246
RGI60-13.48135,1953,-582.4293316359057
RGI60-13.48135,1954,31.929892791566896
RGI60-13.48135,1955,-842.1034397423816
RGI60-13.48135,1956,-411.647527049911
RGI60-13.48135,1957,-694.7369727143913
RGI60-13.48135,1958,428.4798841778095
RGI60-13.48135,1959,15.903990955682428
RGI60-13.48135,1960,-20.010984503264684
RGI60-13.48135,1961,-350.4086562293238
RGI60-13.48135,1962,-1585.8374868913736
RGI60-13.48135,1963,-725.6067999794805
RGI60-13.48135,1964,-610.142134231599
RGI60-13.48135,1965,-1317.1167072256735
RGI60-13.48135,1966,-954.8617695400966
RGI60-13.48135,1967,-659.3269518644482
RGI60-13.48135,1968,-1074.9286144861792
RGI60-13.48135,1969,-364.73050741874994
RGI60-13.48135,1970,-486.245238370131
RGI60-13.48135,1971,-431.87134732686894
RGI60-13.48135,1972,-278.5616664170368
RGI60-13.48135,1973,-1009.7535226909188
RGI60-13.48135,1974,-1755.4675759710346
RGI60-13.48135,1975,-946.6984949198983
RGI60-13.48135,1976,-282.57253647829026
RGI60-13.48135,1977,-1247.659648805267
RGI60-13.48135,1978,-533.4107824124206
RGI60-13.48135,1979,77.38229765366756
RGI60-13.48135,1980,-518.3293906847706
RGI60-13.48135,1981,-547.9948677239557
RGI60-13.48135,1982,-537.2845910163279
RGI60-13.48135,1983,-485.6837365314233
RGI60-13.48135,1984,-102.56761611949743
RGI60-13.48135,1985,-490.234280194357
RGI60-13.48135,1986,-538.4767712212354
RGI60-13.48135,1987,-410.9179288737102
RGI60-13.48135,1988,85.18374246679954
RGI60-13.48135,1989,-143.81026045442053
RGI60-13.48135,1990,-519.1065842942214
RGI60-13.48135,1991,-978.7691655425942
RGI60-13.48135,1992,68.34023007105101
RGI60-13.48135,1993,120.52291082185025
RGI60-13.48135,1994,-471.47654446734214
RGI60-13.48135,1995,-769.4500601144723
RGI60-13.48135,1996,-357.326958133021
RGI60-13.48135,1997,-1087.996334873244
RGI60-13.48135,1998,-846.3018368758131
RGI60-13.48135,1999,-913.9698218191522
RGI60-13.48135,2000,-818.6812774670677
RGI60-13.48135,2001,-1359.3563108262056
RGI60-13.48135,2002,-1122.9186027995984
RGI60-13.48135,2003,-231.36845433020167
RGI60-13.48135,2004,-812.610578671277
RGI60-13.48135,2005,-1034.7026472017149
RGI60-13.48135,2006,-1148.5093121855095
RGI60-13.48135,2007,-875.5604296359749
RGI60-13.48135,2008,-1642.9698290252811
RGI60-13.48135,2009,-324.989052417767
RGI60-13.48135,2010,-953.541392948573
RGI60-13.48135,2011,-1183.9167850997078
RGI60-13.48135,2012,-1154.5947477868244
RGI60-13.48135,2013,-579.0270966691406
RGI60-13.48135,2014,-702.0764288612635
RGI60-13.48135,2015,-778.4083022474202
RGI60-13.48135,2016,-1162.2246032710298
RGI60-13.48135,2017,-1169.0956187216534
RGI60-13.48135,2018,-928.9703184585766
RGI60-13.48135,2019,-994.4782113752314
RGI60-13.48136,1901,358.0295094980605
RGI60-13.48136,1902,488.79553859696637
RGI60-13.48136,1903,762.890405998994
RGI60-13.48136,1904,-313.2421730139944
RGI60-13.48136,1905,-166.8939653607776
RGI60-13.48136,1906,-333.41342945594505
RGI60-13.48136,1907,343.03022876720934
RGI60-13.48136,1908,112.54117351083107
RGI60-13.48136,1909,-1019.539784167591
RGI60-13.48136,1910,-315.3423609880349
RGI60-13.48136,1911,756.6345674852807
RGI60-13.48136,1912,298.98428631914453
RGI60-13.48136,1913,709.5318369187103
RGI60-13.48136,1914,256.6732975182201
RGI60-13.48136,1915,-727.1445521316224
RGI60-13.48136,1916,-239.64439726839106
RGI60-13.48136,1917,-189.95687870918914
RGI60-13.48136,1918,-585.2191051889375
RGI60-13.48136,1919,1015.3779909122277
RGI60-13.48136,1920,248.39453622584819
RGI60-13.48136,1921,-10.727549271426474
RGI60-13.48136,1922,-426.33989255110373
RGI60-13.48136,1923,-734.0434222474348
RGI60-13.48136,1924,-742.7483868913461
RGI60-13.48136,1925,731.7414770380112
RGI60-13.48136,1926,569.3985698500541
RGI60-13.48136,1927,-140.13380364063647
RGI60-13.48136,1928,468.704663439916
RGI60-13.48136,1929,456.17727187581943
RGI60-13.48136,1930,893.8759771333122
RGI60-13.48136,1931,308.1240296592547
RGI60-13.48136,1932,44.16279377484281
RGI60-13.48136,1933,-559.418779172489
RGI60-13.48136,1934,697.9046240027105
RGI60-13.48136,1935,-354.18236433817236
RGI60-13.48136,1936,224.17307791639092
RGI60-13.48136,1937,462.2400340147555
RGI60-13.48136,1938,396.5669845105328
RGI60-13.48136,1939,-96.53783373895573
RGI60-13.48136,1940,-188.80829057732635
RGI60-13.48136,1941,367.3014204196538
RGI60-13.48136,1942,1946.4235303276746
RGI60-13.48136,1943,-999.7720342775344
RGI60-13.48136,1944,-541.2282375475456
RGI60-13.48136,1945,-990.6311493904743
RGI60-13.48136,1946,572.5339468281742
RGI60-13.48136,1947,330.8735415436454
RGI60-13.48136,1948,-871.742996783504
RGI60-13.48136,1949,170.22788225209956
RGI60-13.48136,1950,-671.7286376552505
RGI60-13.48136,1951,-94.67749096819472
RGI60-13.48136,1952,1.8747813993022022
RGI60-13.48136,1953,201.1350427015752
RGI60-13.48136,1954,740.7645282443248
RGI60-13.48136,1955,-26.991879413837754
RGI60-13.48136,1956,-246.84072784282543
RGI60-13.48136,1957,177.7357233853541
RGI60-13.48136,1958,948.6121711422091
RGI60-13.48136,1959,987.6537523102419
RGI60-13.48136,1960,715.2435678047423
RGI60-13.48136,1961,439.63111132585135
RGI60-13.48136,1962,-1054.8216996088959
RGI60-13.48136,1963,38.76150418614791
RGI60-13.48136,1964,133.63147315370227
RGI60-13.48136,1965,-591.8592121089132
RGI60-13.48136,1966,-75.53972676063475
RGI60-13.48136,1967,131.39921627083743
RGI60-13.48136,1968,-279.5386463316726
RGI60-13.48136,1969,145.28059358444688
RGI60-13.48136,1970,412.068564357332
RGI60-13.48136,1971,533.4015891376152
RGI60-13.48136,1972,714.0741347865877
RGI60-13.48136,1973,-412.2766702529267
RGI60-13.48136,1974,-1251.3118588053806
RGI60-13.48136,1975,-412.3579281162059
RGI60-13.48136,1976,542.4682783950061
RGI60-13.48136,1977,-513.1631878001768
RGI60-13.48136,1978,23.012092675765025
RGI60-13.48136,1979,924.7359363186556
RGI60-13.48136,1980,40.24238972881875
RGI60-13.48136,1981,394.0257793340493
RGI60-13.48136,1982,377.51627209754776
RGI60-13.48136,1983,7.954183238222145
RGI60-13.48136,1984,650.1437785826678
RGI60-13.48136,1985,103.86494448221582
RGI60-13.48136,1986,-138.83345259556316
RGI60-13.48136,1987,-110.51512493807445
RGI60-13.48136,1988,979.2580726822007
RGI60-13.48136,1989,591.1494706007169
RGI60-13.48136,1990,472.5811409953997
RGI60-13.48136,1991,-203.11214413095104
RGI60-13.48136,1992,895.1812297446806
RGI60-13.48136,1993,866.2083954800083
RGI60-13.48136,1994,318.47448078958433
RGI60-13.48136,1995,132.7557754843686
RGI60-13.48136,1996,469.80549046533264
RGI60-13.48136,1997,-301.34207071412743
RGI60-13.48136,1998,-57.43356172857896
RGI60-13.48136,1999,-285.19436385014154
RGI60-13.48136,2000,-610.3347099358883
RGI60-13.48136,2001,-791.7398148342882
RGI60-13.48136,2002,-613.2167828629971
RGI60-13.48136,2003,913.8164098332038
RGI60-13.48136,2004,-52.5731832898433
RGI60-13.48136,2005,-304.5110469742695
RGI60-13.48136,2006,-584.4080994592672
RGI60-13.48136,2007,-51.45469549636905
RGI60-13.48136,2008,-1071.441048443039
RGI60-13.48136,2009,441.1895799786561
RGI60-13.48136,2010,-260.21001693354987
RGI60-13.48136,2011,-574.0138643136906
RGI60-13.48136,2012,-573.8611362312366
RGI60-13.48136,2013,219.62245537622323
RGI60-13.48136,2014,29.416206612341316
RGI60-13.48136,2015,-334.9639905379837
RGI60-13.48136,2016,-335.7752403152126
RGI60-13.48136,2017,-661.5312639044325
RGI60-13.48136,2018,-311.90475236900545
RGI60-13.48136,2019,-584.1050058993387
RGI60-13.48137,1901,-40.571087384946686
RGI60-13.48137,1902,-60.072072524921914
RGI60-13.48137,1903,292.26771370979264
RGI60-13.48137,1904,-799.7773017517883
RGI60-13.48137,1905,-531.144531125233
RGI60-13.48137,1906,-876.4805741081549
RGI60-13.48137,1907,-15.368591216929405
RGI60-13.48137,1908,-293.725415370375
RGI60-13.48137,1909,-1193.455211611196
RGI60-13.48137,1910,-698.4890934558675
RGI60-13.48137,1911,252.11945965954217
RGI60-13.48137,1912,-72.73501133680193
RGI60-13.48137,1913,274.6491402332735
RGI60-13.48137,1914,-209.54172072888804
RGI60-13.48137,1915,-1204.965773482536
RGI60-13.48137,1916,-751.9825847948925
RGI60-13.48137,1917,-622.8751119785024
RGI60-13.48137,1918,-935.460267025537
RGI60-13.48137,1919,576.3208243482045
RGI60-13.48137,1920,-318.30171205396147
RGI60-13.48137,1921,-350.83695683863795
RGI60-13.48137,1922,-840.0894942976672
RGI60-13.48137,1923,-967.2788010642556
RGI60-13.48137,1924,-832.3976809069787
RGI60-13.48137,1925,338.2720535909418
RGI60-13.48137,1926,210.76609876825378
RGI60-13.48137,1927,-339.08626202675924
RGI60-13.48137,1928,61.500496073127685
RGI60-13.48137,1929,139.76987048931989
RGI60-13.48137,1930,582.6370940316895
RGI60-13.48137,1931,-291.69460101639913
RGI60-13.48137,1932,-33.928700036640066
RGI60-13.48137,1933,-818.8779805797576
RGI60-13.48137,1934,156.8412385318369
RGI60-13.48137,1935,-889.8996217534828
RGI60-13.48137,1936,-32.867978880818995
RGI60-13.48137,1937,214.90046034891117
RGI60-13.48137,1938,130.3838403831577
RGI60-13.48137,1939,-375.34721647238524
RGI60-13.48137,1940,-524.9178963103864
RGI60-13.48137,1941,-264.51890805658707
RGI60-13.48137,1942,1265.4872035581361
RGI60-13.48137,1943,-1058.019347877048
RGI60-13.48137,1944,-972.1228545562082
RGI60-13.48137,1945,-1329.2526918893338
RGI60-13.48137,1946,372.45502063923044
RGI60-13.48137,1947,-26.827085717268012
RGI60-13.48137,1948,-887.7611680103719
RGI60-13.48137,1949,-122.4290018163794
RGI60-13.48137,1950,-946.7100239121611
RGI60-13.48137,1951,-493.77304581631154
RGI60-13.48137,1952,-276.7295415125498
RGI60-13.48137,1953,-99.1112644294948
RGI60-13.48137,1954,348.78974006496657
RGI60-13.48137,1955,-597.3301561191853
RGI60-13.48137,1956,-190.24410411335484
RGI60-13.48137,1957,-366.79531620977696
RGI60-13.48137,1958,688.3623880904908
RGI60-13.48137,1959,589.4004772018466
RGI60-13.48137,1960,322.9386186514117
RGI60-13.48137,1961,56.949453426856614
RGI60-13.48137,1962,-1248.3013797168044
RGI60-13.48137,1963,-323.93924816157835
RGI60-13.48137,1964,-297.7350842921868
RGI60-13.48137,1965,-927.7697127792745
RGI60-13.48137,1966,-615.4727732830181
RGI60-13.48137,1967,-278.8563713030322
RGI60-13.48137,1968,-748.5818216727511
RGI60-13.48137,1969,-39.304056796452755
RGI60-13.48137,1970,-118.49058227335945
RGI60-13.48137,1971,-70.82772867991437
RGI60-13.48137,1972,192.73560704282346
RGI60-13.48137,1973,-691.6817076680726
RGI60-13.48137,1974,-1405.1909575589866
RGI60-13.48137,1975,-652.539798474289
RGI60-13.48137,1976,100.37381829991762
RGI60-13.48137,1977,-941.3289263859128
RGI60-13.48137,1978,-143.44145259198473
RGI60-13.48137,1979,462.46891642667345
RGI60-13.48137,1980,-248.72789034532997
RGI60-13.48137,1981,-200.51812393316885
RGI60-13.48137,1982,-146.2867593109173
RGI60-13.48137,1983,-256.2654454707306
RGI60-13.48137,1984,269.926949150493
RGI60-13.48137,1985,-220.45819575752031
RGI60-13.48137,1986,-287.34001159629923
RGI60-13.48137,1987,-304.6777481783198
RGI60-13.48137,1988,529.4107767732503
RGI60-13.48137,1989,164.16419593004923
RGI60-13.48137,1990,-167.72452529830502
RGI60-13.48137,1991,-604.5674043403526
RGI60-13.48137,1992,502.55084469665246
RGI60-13.48137,1993,547.9629158647283
RGI60-13.48137,1994,-162.8386276168575
RGI60-13.48137,1995,-459.77206579790226
RGI60-13.48137,1996,-47.96821827047965
RGI60-13.48137,1997,-743.8592185906531
RGI60-13.48137,1998,-650.2644517907432
RGI60-13.48137,1999,-613.0791626136498
RGI60-13.48137,2000,-597.2987121083232
RGI60-13.48137,2001,-1136.1482300964867
RGI60-13.48137,2002,-822.8926278711544
RGI60-13.48137,2003,228.97838587312484
RGI60-13.48137,2004,-512.128207136984
RGI60-13.48137,2005,-655.852040901857
RGI60-13.48137,2006,-881.1626552084058
RGI60-13.48137,2007,-659.0579062206401
RGI60-13.48137,2008,-1314.806683012937
RGI60-13.48137,2009,17.832465124163477
RGI60-13.48137,2010,-675.2873476689697
RGI60-13.48137,2011,-968.1670050105018
RGI60-13.48137,2012,-943.1828227238915
RGI60-13.48137,2013,-257.5132061511171
RGI60-13.48137,2014,-400.93269808156924
RGI60-13.48137,2015,-424.1187234637605
RGI60-13.48137,2016,-842.1217290941862
RGI60-13.48137,2017,-841.8794623905519
RGI60-13.48137,2018,-726.3765734873582
RGI60-13.48137,2019,-669.8842203686168
RGI60-13.48138,1901,-304.1346260079785
RGI60-13.48138,1902,-384.9363868251538
RGI60-13.48138,1903,65.40405356853043
RGI60-13.48138,1904,-1121.3448827361317
RGI60-13.48138,1905,-834.5629861317062
RGI60-13.48138,1906,-1197.4411353518244
RGI60-13.48138,1907,-290.1330234163845
RGI60-13.48138,1908,-575.6627295819718
RGI60-13.48138,1909,-1565.5020050814662
RGI60-13.48138,1910,-1010.8970155851175
RGI60-13.48138,1911,-21.062943166979966
RGI60-13.48138,1912,-325.89379237790945
RGI60-13.48138,1913,21.115636986884954
RGI60-13.48138,1914,-494.7406976018835
RGI60-13.48138,1915,-1530.8711648127476
RGI60-13.48138,1916,-1053.4288095290292
RGI60-13.48138,1917,-902.0430099824977
RGI60-13.48138,1918,-1271.0840337198376
RGI60-13.48138,1919,335.6935895631115
RGI60-13.48138,1920,-635.5184316428329
RGI60-13.48138,1921,-639.410820570437
RGI60-13.48138,1922,-1139.3350922374123
RGI60-13.48138,1923,-1315.711008894831
RGI60-13.48138,1924,-1134.0905952573544
RGI60-13.48138,1925,159.3747740760794
RGI60-13.48138,1926,-19.514920767108304
RGI60-13.48138,1927,-589.9951114293283
RGI60-13.48138,1928,-230.46456288098227
RGI60-13.48138,1929,-121.61669851697648
RGI60-13.48138,1930,349.4713779569432
RGI60-13.48138,1931,-592.6071261166263
RGI60-13.48138,1932,-213.0139536986312
RGI60-13.48138,1933,-1139.860777538042
RGI60-13.48138,1934,-110.95665353294271
RGI60-13.48138,1935,-1221.0699040470622
RGI60-13.48138,1936,-268.0478304955823
RGI60-13.48138,1937,2.192108089718075
RGI60-13.48138,1938,-81.85763974173146
RGI60-13.48138,1939,-707.3098981754902
RGI60-13.48138,1940,-879.4114219287296
RGI60-13.48138,1941,-584.7521254832875
RGI60-13.48138,1942,965.1664113567416
RGI60-13.48138,1943,-1374.9644862725443
RGI60-13.48138,1944,-1301.6829078059345
RGI60-13.48138,1945,-1738.3699925866058
RGI60-13.48138,1946,171.9583233171676
RGI60-13.48138,1947,-257.9103302550483
RGI60-13.48138,1948,-1217.8437485476445
RGI60-13.48138,1949,-446.5472980213108
RGI60-13.48138,1950,-1281.4308391934528
RGI60-13.48138,1951,-838.949818339574
RGI60-13.48138,1952,-515.3458485274259
RGI60-13.48138,1953,-460.1520368732548
RGI60-13.48138,1954,159.17505424437616
RGI60-13.48138,1955,-927.6795661079786
RGI60-13.48138,1956,-432.97182690070497
RGI60-13.48138,1957,-670.1832056140117
RGI60-13.48138,1958,542.2145388625291
RGI60-13.48138,1959,320.9593600659074
RGI60-13.48138,1960,141.66501306740423
RGI60-13.48138,1961,-201.79792281553762
RGI60-13.48138,1962,-1646.3018680701705
RGI60-13.48138,1963,-633.5741233351351
RGI60-13.48138,1964,-597.9436121346238
RGI60-13.48138,1965,-1285.2479509729565
RGI60-13.48138,1966,-968.341171143848
RGI60-13.48138,1967,-544.0248715755697
RGI60-13.48138,1968,-1055.2350152302438
RGI60-13.48138,1969,-273.62743104272687
RGI60-13.48138,1970,-387.1902347221709
RGI60-13.48138,1971,-352.5648457899623
RGI60-13.48138,1972,-67.90265722125082
RGI60-13.48138,1973,-1018.9449998522069
RGI60-13.48138,1974,-1819.2126389894242
RGI60-13.48138,1975,-962.4877686924555
RGI60-13.48138,1976,-168.48765011959136
RGI60-13.48138,1977,-1297.3024740787625
RGI60-13.48138,1978,-432.92733010592474
RGI60-13.48138,1979,233.57608926984815
RGI60-13.48138,1980,-497.34242890951896
RGI60-13.48138,1981,-474.4027362000447
RGI60-13.48138,1982,-439.9502583152638
RGI60-13.48138,1983,-499.67635188066646
RGI60-13.48138,1984,23.927736533899036
RGI60-13.48138,1985,-451.8277022917549
RGI60-13.48138,1986,-540.1684156469321
RGI60-13.48138,1987,-549.9457758525639
RGI60-13.48138,1988,277.3064363682926
RGI60-13.48138,1989,-56.81647638256874
RGI60-13.48138,1990,-455.1610147166926
RGI60-13.48138,1991,-936.1604361096628
RGI60-13.48138,1992,255.67752695313484
RGI60-13.48138,1993,338.23836966286547
RGI60-13.48138,1994,-464.150181788544
RGI60-13.48138,1995,-752.0924834464017
RGI60-13.48138,1996,-325.93134187876166
RGI60-13.48138,1997,-1069.1429364670587
RGI60-13.48138,1998,-987.4712514094997
RGI60-13.48138,1999,-978.2631779941016
RGI60-13.48138,2000,-905.6477422723082
RGI60-13.48138,2001,-1501.0786226200887
RGI60-13.48138,2002,-1227.4270623643483
RGI60-13.48138,2003,-68.43890514870583
RGI60-13.48138,2004,-835.6181184265781
RGI60-13.48138,2005,-1026.2588951980983
RGI60-13.48138,2006,-1236.8132362174092
RGI60-13.48138,2007,-987.3345874512178
RGI60-13.48138,2008,-1737.618222352074
RGI60-13.48138,2009,-264.3628952014069
RGI60-13.48138,2010,-1020.8744290179741
RGI60-13.48138,2011,-1322.670217273532
RGI60-13.48138,2012,-1302.3304128631814
RGI60-13.48138,2013,-563.6654123364236
RGI60-13.48138,2014,-718.969751760488
RGI60-13.48138,2015,-813.1849020579575
RGI60-13.48138,2016,-1238.9414591599723
RGI60-13.48138,2017,-1235.8702198283347
RGI60-13.48138,2018,-1077.9074061456656
RGI60-13.48138,2019,-1040.9875023042594
RGI60-13.48139,1901,-120.87485948114404
RGI60-13.48139,1902,-171.10901170205292
RGI60-13.48139,1903,292.65672517531726
RGI60-13.48139,1904,-908.2826893226371
RGI60-13.48139,1905,-638.4830012261853
RGI60-13.48139,1906,-978.8516078952484
RGI60-13.48139,1907,-130.87062653651097
RGI60-13.48139,1908,-399.95211757551436
RGI60-13.48139,1909,-1429.5025147083945
RGI60-13.48139,1910,-828.2563885845459
RGI60-13.48139,1911,254.02442858822644
RGI60-13.48139,1912,-70.29739679116638
RGI60-13.48139,1913,277.5442206359543
RGI60-13.48139,1914,-277.0023184723689
RGI60-13.48139,1915,-1394.5517907242931
RGI60-13.48139,1916,-847.1212793810271
RGI60-13.48139,1917,-710.740819539503
RGI60-13.48139,1918,-1127.3469729205096
RGI60-13.48139,1919,517.1935512605525
RGI60-13.48139,1920,-419.1067570099255
RGI60-13.48139,1921,-489.92226648493397
RGI60-13.48139,1922,-948.7328369393946
RGI60-13.48139,1923,-1192.4509044047606
RGI60-13.48139,1924,-1054.0511383734759
RGI60-13.48139,1925,345.98753722019586
RGI60-13.48139,1926,202.9904045439807
RGI60-13.48139,1927,-508.9212695199645
RGI60-13.48139,1928,15.18293698831589
RGI60-13.48139,1929,116.97863933680547
RGI60-13.48139,1930,565.7434627244216
RGI60-13.48139,1931,-392.7711949025605
RGI60-13.48139,1932,-139.3794991923623
RGI60-13.48139,1933,-996.9447933562216
RGI60-13.48139,1934,201.8147687248448
RGI60-13.48139,1935,-1065.5034258879984
RGI60-13.48139,1936,-67.4105810112307
RGI60-13.48139,1937,188.88385469637385
RGI60-13.48139,1938,81.44188202405644
RGI60-13.48139,1939,-536.5861031425089
RGI60-13.48139,1940,-692.6446542647295
RGI60-13.48139,1941,-381.87284806980045
RGI60-13.48139,1942,1258.0991262783791
RGI60-13.48139,1943,-1300.3317832407781
RGI60-13.48139,1944,-1161.0887110200613
RGI60-13.48139,1945,-1589.7329197743886
RGI60-13.48139,1946,311.17415063932845
RGI60-13.48139,1947,-39.142898394476184
RGI60-13.48139,1948,-1123.7193654876678
RGI60-13.48139,1949,-254.7961086093749
RGI60-13.48139,1950,-1135.5887329578059
RGI60-13.48139,1951,-585.6799081756025
RGI60-13.48139,1952,-427.10767612932153
RGI60-13.48139,1953,-214.73581576863802
RGI60-13.48139,1954,374.63652083743017
RGI60-13.48139,1955,-757.8444168589255
RGI60-13.48139,1956,-361.9075396404305
RGI60-13.48139,1957,-443.60740019757696
RGI60-13.48139,1958,690.6987797805766
RGI60-13.48139,1959,655.60786557785
RGI60-13.48139,1960,355.3672000043657
RGI60-13.48139,1961,58.427078253487366
RGI60-13.48139,1962,-1532.1137926336783
RGI60-13.48139,1963,-392.5377024988869
RGI60-13.48139,1964,-397.7457267256485
RGI60-13.48139,1965,-1109.0804928572225
RGI60-13.48139,1966,-774.3000205489292
RGI60-13.48139,1967,-318.8832640568631
RGI60-13.48139,1968,-869.4394749406539
RGI60-13.48139,1969,-116.73236210080879
RGI60-13.48139,1970,-136.2056992384977
RGI60-13.48139,1971,-88.12690055199366
RGI60-13.48139,1972,257.33510212563516
RGI60-13.48139,1973,-852.177318909491
RGI60-13.48139,1974,-1707.3620324840208
RGI60-13.48139,1975,-827.2177914640513
RGI60-13.48139,1976,68.98506853311038
RGI60-13.48139,1977,-1147.7773189087015
RGI60-13.48139,1978,-242.94613002870446
RGI60-13.48139,1979,470.0443937420004
RGI60-13.48139,1980,-371.9328728147296
RGI60-13.48139,1981,-220.46091335620832
RGI60-13.48139,1982,-176.09113567177937
RGI60-13.48139,1983,-403.55520457228477
RGI60-13.48139,1984,237.6814605965244
RGI60-13.48139,1985,-318.99026592703655
RGI60-13.48139,1986,-456.9351072568747
RGI60-13.48139,1987,-512.0108473643818
RGI60-13.48139,1988,553.9841276429648
RGI60-13.48139,1989,121.75931117940632
RGI60-13.48139,1990,-195.69209057631755
RGI60-13.48139,1991,-716.9638661709149
RGI60-13.48139,1992,532.9156957011503
RGI60-13.48139,1993,578.9870759677334
RGI60-13.48139,1994,-262.7674527172285
RGI60-13.48139,1995,-534.0797131431516
RGI60-13.48139,1996,-100.12081803225666
RGI60-13.48139,1997,-886.741448387622
RGI60-13.48139,1998,-842.040908854215
RGI60-13.48139,1999,-818.6339675638121
RGI60-13.48139,2000,-897.0895035737886
RGI60-13.48139,2001,-1411.936382589246
RGI60-13.48139,2002,-1106.6209182774953
RGI60-13.48139,2003,256.57890437190105
RGI60-13.48139,2004,-655.5397804511853
RGI60-13.48139,2005,-839.3477279695038
RGI60-13.48139,2006,-1113.4983655169435
RGI60-13.48139,2007,-825.9764213913484
RGI60-13.48139,2008,-1614.1004734666853
RGI60-13.48139,2009,-53.94164505831354
RGI60-13.48139,2010,-871.8321139067822
RGI60-13.48139,2011,-1210.6295677435567
RGI60-13.48139,2012,-1198.8339882755474
RGI60-13.48139,2013,-349.7080668546512
RGI60-13.48139,2014,-539.7335934970683
RGI60-13.48139,2015,-675.0794545513369
RGI60-13.48139,2016,-1055.7574750264978
RGI60-13.48139,2017,-1115.9340693341842
RGI60-13.48139,2018,-965.0682646197625
RGI60-13.48139,2019,-929.9510922679956
RGI60-13.48140,1901,430.3593979841776
RGI60-13.48140,1902,597.2391751754903
RGI60-13.48140,1903,703.0154557133201
RGI60-13.48140,1904,-377.6751192985946
RGI60-13.48140,1905,-114.72268600317948
RGI60-13.48140,1906,-443.67996086852133
RGI60-13.48140,1907,511.0080775521302
RGI60-13.48140,1908,179.64789125335435
RGI60-13.48140,1909,-714.7521503714264
RGI60-13.48140,1910,-257.1357635970724
RGI60-13.48140,1911,694.1414814594989
RGI60-13.48140,1912,205.62489048596925
RGI60-13.48140,1913,673.7120098946672
RGI60-13.48140,1914,219.87190854254186
RGI60-13.48140,1915,-734.1568914259251
RGI60-13.48140,1916,-337.93479891033775
RGI60-13.48140,1917,-256.82788921655214
RGI60-13.48140,1918,-415.47579456414735
RGI60-13.48140,1919,1152.9238690141565
RGI60-13.48140,1920,250.30352973910414
RGI60-13.48140,1921,151.00770209084638
RGI60-13.48140,1922,-474.63143831181765
RGI60-13.48140,1923,-437.98179166422955
RGI60-13.48140,1924,-395.8431676852307
RGI60-13.48140,1925,689.1156060860168
RGI60-13.48140,1926,564.4937936483633
RGI60-13.48140,1927,147.18765486075898
RGI60-13.48140,1928,533.4269078461608
RGI60-13.48140,1929,494.913481038435
RGI60-13.48140,1930,1021.5099286218424
RGI60-13.48140,1931,274.5412719250712
RGI60-13.48140,1932,294.1747971251511
RGI60-13.48140,1933,-365.99389465888237
RGI60-13.48140,1934,514.1527761495613
RGI60-13.48140,1935,-337.188163345535
RGI60-13.48140,1936,254.54193010502738
RGI60-13.48140,1937,525.4694405432485
RGI60-13.48140,1938,497.75225894135576
RGI60-13.48140,1939,170.79172759937637
RGI60-13.48140,1940,54.24112968014085
RGI60-13.48140,1941,364.30630058567675
RGI60-13.48140,1942,2083.3529238102956
RGI60-13.48140,1943,-631.3252775011493
RGI60-13.48140,1944,-468.5310413950965
RGI60-13.48140,1945,-762.5226596878113
RGI60-13.48140,1946,777.2658034410415
RGI60-13.48140,1947,271.57741293241446
RGI60-13.48140,1948,-435.0372349067646
RGI60-13.48140,1949,431.76236443416343
RGI60-13.48140,1950,-489.5829748371123
RGI60-13.48140,1951,-44.73681202680099
RGI60-13.48140,1952,209.00148406449193
RGI60-13.48140,1953,444.25040619430365
RGI60-13.48140,1954,671.7235522006259
RGI60-13.48140,1955,12.589472844344073
RGI60-13.48140,1956,234.63470985161928
RGI60-13.48140,1957,111.92920300797073
RGI60-13.48140,1958,1039.4667854028187
RGI60-13.48140,1959,925.8182586215106
RGI60-13.48140,1960,634.5842695376406
RGI60-13.48140,1961,373.1299522215246
RGI60-13.48140,1962,-667.4169328510812
RGI60-13.48140,1963,89.46192721482376
RGI60-13.48140,1964,185.87256548799428
RGI60-13.48140,1965,-433.0483261686639
RGI60-13.48140,1966,-11.96953886050659
RGI60-13.48140,1967,70.90044539178935
RGI60-13.48140,1968,-298.7137943278395
RGI60-13.48140,1969,313.32944491440145
RGI60-13.48140,1970,265.8705389405846
RGI60-13.48140,1971,381.7146887984097
RGI60-13.48140,1972,522.2362686026345
RGI60-13.48140,1973,-228.4216435942311
RGI60-13.48140,1974,-828.5955196644072
RGI60-13.48140,1975,-189.61393408094233
RGI60-13.48140,1976,529.694921538074
RGI60-13.48140,1977,-381.52593708779557
RGI60-13.48140,1978,261.17386610392623
RGI60-13.48140,1979,892.4059436740465
RGI60-13.48140,1980,184.4071598460275
RGI60-13.48140,1981,230.52900703737865
RGI60-13.48140,1982,296.9445125708141
RGI60-13.48140,1983,212.1460035941472
RGI60-13.48140,1984,699.5119550155715
RGI60-13.48140,1985,175.813519990166
RGI60-13.48140,1986,189.13872871741702
RGI60-13.48140,1987,267.9054120403157
RGI60-13.48140,1988,949.2362028669221
RGI60-13.48140,1989,593.4509296659102
RGI60-13.48140,1990,305.38181259654556
RGI60-13.48140,1991,-126.95422514548429
RGI60-13.48140,1992,870.74348089501
RGI60-13.48140,1993,861.2562594336933
RGI60-13.48140,1994,388.52371465086503
RGI60-13.48140,1995,12.90131609860185
RGI60-13.48140,1996,465.996282950674
RGI60-13.48140,1997,-252.6834512832277
RGI60-13.48140,1998,54.176220005356505
RGI60-13.48140,1999,30.429665757249296
RGI60-13.48140,2000,33.10758828979431
RGI60-13.48140,2001,-501.7280924961548
RGI60-13.48140,2002,-103.04337410070411
RGI60-13.48140,2003,722.1214936635354
RGI60-13.48140,2004,57.61976851669988
RGI60-13.48140,2005,-73.43425660952147
RGI60-13.48140,2006,-287.066525612822
RGI60-13.48140,2007,-5.134027813960807
RGI60-13.48140,2008,-701.7072676289667
RGI60-13.48140,2009,505.16715847983323
RGI60-13.48140,2010,-73.41617163757014
RGI60-13.48140,2011,-333.0486754894154
RGI60-13.48140,2012,-294.0977817571496
RGI60-13.48140,2013,250.252312092596
RGI60-13.48140,2014,154.16803606635648
RGI60-13.48140,2015,265.8886875224523
RGI60-13.48140,2016,-152.34807933770705
RGI60-13.48140,2017,-164.72763989792477
RGI60-13.48140,2018,-42.340408827453345
RGI60-13.48140,2019,-52.23274342191479
RGI60-13.48141,1901,59.178680921907265
RGI60-13.48141,1902,117.3965360653597
RGI60-13.48141,1903,316.27149221273186
RGI60-13.48141,1904,-797.903602445406
RGI60-13.48141,1905,-521.3787178070485
RGI60-13.48141,1906,-887.0552638074857
RGI60-13.48141,1907,145.69839934410552
RGI60-13.48141,1908,-195.32798020127552
RGI60-13.48141,1909,-1098.9273701232937
RGI60-13.48141,1910,-651.8296500534747
RGI60-13.48141,1911,283.64923105882275
RGI60-13.48141,1912,-154.59308034755142
RGI60-13.48141,1913,266.1066696404114
RGI60-13.48141,1914,-173.96644158457084
RGI60-13.48141,1915,-1121.0329652110288
RGI60-13.48141,1916,-740.1422932529969
RGI60-13.48141,1917,-652.3844331578297
RGI60-13.48141,1918,-800.5134585800228
RGI60-13.48141,1919,765.0987788153527
RGI60-13.48141,1920,-206.09172229551112
RGI60-13.48141,1921,-210.9497534532575
RGI60-13.48141,1922,-836.3231095320187
RGI60-13.48141,1923,-795.8651553580723
RGI60-13.48141,1924,-687.7662822319365
RGI60-13.48141,1925,395.6368138250693
RGI60-13.48141,1926,209.83853586731573
RGI60-13.48141,1927,-146.87150684855263
RGI60-13.48141,1928,133.95868863561574
RGI60-13.48141,1929,145.48117178408378
RGI60-13.48141,1930,681.1771388080838
RGI60-13.48141,1931,-154.26163205634154
RGI60-13.48141,1932,76.88244596017256
RGI60-13.48141,1933,-716.2028299880702
RGI60-13.48141,1934,88.18868262606539
RGI60-13.48141,1935,-762.4086862665876
RGI60-13.48141,1936,-44.48050638205637
RGI60-13.48141,1937,235.47824664449072
RGI60-13.48141,1938,201.3941505477065
RGI60-13.48141,1939,-221.4039502189103
RGI60-13.48141,1940,-390.3134595026223
RGI60-13.48141,1941,-105.04909351118151
RGI60-13.48141,1942,1543.1579445528916
RGI60-13.48141,1943,-924.6915673815894
RGI60-13.48141,1944,-849.3362967206136
RGI60-13.48141,1945,-1197.7774931520619
RGI60-13.48141,1946,501.12085966630616
RGI60-13.48141,1947,-47.011365809590075
RGI60-13.48141,1948,-739.6195239897744
RGI60-13.48141,1949,33.91813428927426
RGI60-13.48141,1950,-847.4497898682876
RGI60-13.48141,1951,-483.8734622386844
RGI60-13.48141,1952,-90.8949005405501
RGI60-13.48141,1953,1.8292933224466796
RGI60-13.48141,1954,350.52149309812904
RGI60-13.48141,1955,-432.4980126403248
RGI60-13.48141,1956,12.737328471448054
RGI60-13.48141,1957,-312.3969537531236
RGI60-13.48141,1958,791.4526924043711
RGI60-13.48141,1959,501.95931309318144
RGI60-13.48141,1960,329.58871610327253
RGI60-13.48141,1961,16.346074361388535
RGI60-13.48141,1962,-1075.5034289868845
RGI60-13.48141,1963,-315.5189907677897
RGI60-13.48141,1964,-208.86959523046374
RGI60-13.48141,1965,-863.2962153462025
RGI60-13.48141,1966,-495.2379453982406
RGI60-13.48141,1967,-298.5660382247407
RGI60-13.48141,1968,-695.0301114623902
RGI60-13.48141,1969,18.253606556995862
RGI60-13.48141,1970,-142.17373711950842
RGI60-13.48141,1971,-46.634232668365044
RGI60-13.48141,1972,105.83941943411584
RGI60-13.48141,1973,-597.5687162531883
RGI60-13.48141,1974,-1248.8734259574169
RGI60-13.48141,1975,-540.7242460028757
RGI60-13.48141,1976,137.27051425218477
RGI60-13.48141,1977,-811.9094913111971
RGI60-13.48141,1978,-84.45825605458738
RGI60-13.48141,1979,526.8586076842415
RGI60-13.48141,1980,-121.49378305609072
RGI60-13.48141,1981,-181.2668055996676
RGI60-13.48141,1982,-135.49572779332968
RGI60-13.48141,1983,-79.68228576265639
RGI60-13.48141,1984,342.54640324830723
RGI60-13.48141,1985,-118.39327368577669
RGI60-13.48141,1986,-89.8123311730322
RGI60-13.48141,1987,-6.507347787997933
RGI60-13.48141,1988,542.6061068609665
RGI60-13.48141,1989,253.22250899365838
RGI60-13.48141,1990,-137.34037849290112
RGI60-13.48141,1991,-569.75360925776
RGI60-13.48141,1992,478.79574469508293
RGI60-13.48141,1993,522.0594634751753
RGI60-13.48141,1994,-22.15845726700874
RGI60-13.48141,1995,-404.35475528426934
RGI60-13.48141,1996,35.15149945398361
RGI60-13.48141,1997,-671.907636912622
RGI60-13.48141,1998,-426.79411481950314
RGI60-13.48141,1999,-425.2183364800834
RGI60-13.48141,2000,-276.5104678013054
RGI60-13.48141,2001,-912.2507172020179
RGI60-13.48141,2002,-568.568292417419
RGI60-13.48141,2003,201.43338456508928
RGI60-13.48141,2004,-371.71274001195025
RGI60-13.48141,2005,-545.84471779035
RGI60-13.48141,2006,-682.9335645631081
RGI60-13.48141,2007,-480.8619676305887
RGI60-13.48141,2008,-1134.0362199900758
RGI60-13.48141,2009,127.85954998732943
RGI60-13.48141,2010,-491.97466214025127
RGI60-13.48141,2011,-752.6686033047656
RGI60-13.48141,2012,-703.98245286913
RGI60-13.48141,2013,-169.66473502570437
RGI60-13.48141,2014,-249.34214680196936
RGI60-13.48141,2015,-171.95713224879213
RGI60-13.48141,2016,-680.8946091250779
RGI60-13.48141,2017,-599.1458577745194
RGI60-13.48141,2018,-460.50805560640794
RGI60-13.48141,2019,-428.4359922489969
RGI60-13.48142,1901,448.6358669602135
RGI60-13.48142,1902,603.9590549192648
RGI60-13.48142,1903,822.2952723858897
RGI60-13.48142,1904,-185.5313329058716
RGI60-13.48142,1905,-64.29863377647355
RGI60-13.48142,1906,-225.0482521855689
RGI60-13.48142,1907,425.9117289764956
RGI60-13.48142,1908,194.07018294186753
RGI60-13.48142,1909,-827.4658744742237
RGI60-13.48142,1910,-205.18509971462498
RGI60-13.48142,1911,802.1240520024056
RGI60-13.48142,1912,330.3859083634675
RGI60-13.48142,1913,752.9915413756156
RGI60-13.48142,1914,311.92624462003425
RGI60-13.48142,1915,-595.7884163588519
RGI60-13.48142,1916,-140.27271514229938
RGI60-13.48142,1917,-105.67038383644696
RGI60-13.48142,1918,-421.2687322031454
RGI60-13.48142,1919,1080.1921469652543
RGI60-13.48142,1920,365.9396432940031
RGI60-13.48142,1921,90.20724255384283
RGI60-13.48142,1922,-330.5566016993827
RGI60-13.48142,1923,-547.8839688155649
RGI60-13.48142,1924,-586.4601063204892
RGI60-13.48142,1925,773.5105210815565
RGI60-13.48142,1926,607.9233672909174
RGI60-13.48142,1927,-15.36406987819215
RGI60-13.48142,1928,548.992174456315
RGI60-13.48142,1929,496.88016767462983
RGI60-13.48142,1930,931.4359060755471
RGI60-13.48142,1931,413.32262577554803
RGI60-13.48142,1932,126.46668890151444
RGI60-13.48142,1933,-426.89571591541227
RGI60-13.48142,1934,754.2505786656304
RGI60-13.48142,1935,-239.85892401739488
RGI60-13.48142,1936,263.1388184568038
RGI60-13.48142,1937,493.2491593851378
RGI60-13.48142,1938,451.96864684167787
RGI60-13.48142,1939,37.42704449908105
RGI60-13.48142,1940,32.78208064916446
RGI60-13.48142,1941,462.86941720181267
RGI60-13.48142,1942,2049.1312538895304
RGI60-13.48142,1943,-824.4285131977288
RGI60-13.48142,1944,-408.1693041734517
RGI60-13.48142,1945,-811.7748405978926
RGI60-13.48142,1946,627.4772426041116
RGI60-13.48142,1947,360.2173666230177
RGI60-13.48142,1948,-674.5986365288642
RGI60-13.48142,1949,307.243283253325
RGI60-13.48142,1950,-530.371699387487
RGI60-13.48142,1951,46.92047759114388
RGI60-13.48142,1952,99.60967781190833
RGI60-13.48142,1953,354.0037693217953
RGI60-13.48142,1954,778.7451045934171
RGI60-13.48142,1955,76.26169375496119
RGI60-13.48142,1956,-100.66358265521356
RGI60-13.48142,1957,245.97789259712098
RGI60-13.48142,1958,977.2064479922353
RGI60-13.48142,1959,1028.2600175688012
RGI60-13.48142,1960,774.229426293252
RGI60-13.48142,1961,463.4375561266585
RGI60-13.48142,1962,-804.584551019402
RGI60-13.48142,1963,138.35728458809436
RGI60-13.48142,1964,213.55223952784613
RGI60-13.48142,1965,-365.97650334324805
RGI60-13.48142,1966,63.07272940081278
RGI60-13.48142,1967,214.08350421110936
RGI60-13.48142,1968,-124.35316697001151
RGI60-13.48142,1969,220.729950463369
RGI60-13.48142,1970,460.27223226251624
RGI60-13.48142,1971,592.2627894019079
RGI60-13.48142,1972,763.7345691354595
RGI60-13.48142,1973,-283.8541629803265
RGI60-13.48142,1974,-993.9989877693628
RGI60-13.48142,1975,-283.84621861770665
RGI60-13.48142,1976,617.4289212555881
RGI60-13.48142,1977,-373.8533358735935
RGI60-13.48142,1978,128.95234520451484
RGI60-13.48142,1979,1005.278039732851
RGI60-13.48142,1980,123.63616531535142
RGI60-13.48142,1981,479.8077679431167
RGI60-13.48142,1982,467.3365235207344
RGI60-13.48142,1983,96.8963130714225
RGI60-13.48142,1984,710.523008905594
RGI60-13.48142,1985,182.85461399797177
RGI60-13.48142,1986,13.956213785438765
RGI60-13.48142,1987,23.929388325652553
RGI60-13.48142,1988,1016.9672805890528
RGI60-13.48142,1989,663.0103794217387
RGI60-13.48142,1990,546.525569450727
RGI60-13.48142,1991,-31.24747991260983
RGI60-13.48142,1992,917.7572853089076
RGI60-13.48142,1993,903.2057621519201
RGI60-13.48142,1994,408.5072780913528
RGI60-13.48142,1995,225.37124793706263
RGI60-13.48142,1996,575.7069950851711
RGI60-13.48142,1997,-145.4455372044084
RGI60-13.48142,1998,91.48429901471147
RGI60-13.48142,1999,-93.58337489984123
RGI60-13.48142,2000,-391.6200584407769
RGI60-13.48142,2001,-608.0250436495153
RGI60-13.48142,2002,-345.59090470800135
RGI60-13.48142,2003,1020.7051308966611
RGI60-13.48142,2004,117.83618633556503
RGI60-13.48142,2005,-105.87354198142074
RGI60-13.48142,2006,-379.3650120087095
RGI60-13.48142,2007,98.53371665326954
RGI60-13.48142,2008,-863.4850347074907
RGI60-13.48142,2009,528.4830378206361
RGI60-13.48142,2010,-109.08046561378234
RGI60-13.48142,2011,-391.99811576480545
RGI60-13.48142,2012,-405.3995474682262
RGI60-13.48142,2013,299.9570751921573
RGI60-13.48142,2014,141.22615289973965
RGI60-13.48142,2015,-102.20127833208913
RGI60-13.48142,2016,-157.00399281282867
RGI60-13.48142,2017,-399.10286007038616
RGI60-13.48142,2018,-155.9839277806109
RGI60-13.48142,2019,-380.0115164594009
RGI60-13.48143,1901,-139.4549777316739
RGI60-13.48143,1902,-166.65703679868935
RGI60-13.48143,1903,178.89851665642362
RGI60-13.48143,1904,-910.3186710209757
RGI60-13.48143,1905,-643.5713745445738
RGI60-13.48143,1906,-984.991331141438
RGI60-13.48143,1907,-105.90533427091262
RGI60-13.48143,1908,-389.138586355565
RGI60-13.48143,1909,-1284.201650338205
RGI60-13.48143,1910,-799.4702050801529
RGI60-13.48143,1911,116.44706764301627
RGI60-13.48143,1912,-209.815175290311
RGI60-13.48143,1913,140.4742590771639
RGI60-13.48143,1914,-325.6949471778192
RGI60-13.48143,1915,-1277.7781447967445
RGI60-13.48143,1916,-853.5367726936627
RGI60-13.48143,1917,-727.0399201353418
RGI60-13.48143,1918,-1013.2220204673145
RGI60-13.48143,1919,480.767570243015
RGI60-13.48143,1920,-424.7736316728974
RGI60-13.48143,1921,-436.10166931967564
RGI60-13.48143,1922,-939.7321739573104
RGI60-13.48143,1923,-1041.7679052967535
RGI60-13.48143,1924,-897.9353959957571
RGI60-13.48143,1925,250.38383193713233
RGI60-13.48143,1926,92.01030672442333
RGI60-13.48143,1927,-392.8480882419512
RGI60-13.48143,1928,-63.65234515312164
RGI60-13.48143,1929,8.427668942750632
RGI60-13.48143,1930,464.49187642929064
RGI60-13.48143,1931,-387.0041652510593
RGI60-13.48143,1932,-86.18270995766802
RGI60-13.48143,1933,-905.3977574315065
RGI60-13.48143,1934,4.631103110498072
RGI60-13.48143,1935,-971.077551275453
RGI60-13.48143,1936,-146.62955078665672
RGI60-13.48143,1937,107.1607358947084
RGI60-13.48143,1938,41.93953115939463
RGI60-13.48143,1939,-477.242453336444
RGI60-13.48143,1940,-630.9225554450662
RGI60-13.48143,1941,-365.55192102447825
RGI60-13.48143,1942,1125.6964189247599
RGI60-13.48143,1943,-1121.5907117992826
RGI60-13.48143,1944,-1050.5723943648693
RGI60-13.48143,1945,-1424.318592147725
RGI60-13.48143,1946,291.3471938787935
RGI60-13.48143,1947,-141.7100096133668
RGI60-13.48143,1948,-964.2522943284916
RGI60-13.48143,1949,-233.6452854697265
RGI60-13.48143,1950,-1032.1619701321
RGI60-13.48143,1951,-628.5155656750946
RGI60-13.48143,1952,-329.1434076788951
RGI60-13.48143,1953,-240.72329364103058
RGI60-13.48143,1954,241.7616205555539
RGI60-13.48143,1955,-684.4960998427234
RGI60-13.48143,1956,-247.8915249299606
RGI60-13.48143,1957,-479.6727950989618
RGI60-13.48143,1958,608.4708947301808
RGI60-13.48143,1959,411.8443801792915
RGI60-13.48143,1960,225.23326737790683
RGI60-13.48143,1961,-80.69973245118607
RGI60-13.48143,1962,-1328.7024415430203
RGI60-13.48143,1963,-451.2522219395824
RGI60-13.48143,1964,-404.86548378528045
RGI60-13.48143,1965,-1029.3836796704202
RGI60-13.48143,1966,-719.427281166197
RGI60-13.48143,1967,-392.9583141380596
RGI60-13.48143,1968,-840.4577721695159
RGI60-13.48143,1969,-133.2443400431201
RGI60-13.48143,1970,-247.64130717992282
RGI60-13.48143,1971,-197.62772979789503
RGI60-13.48143,1972,39.13122161190833
RGI60-13.48143,1973,-790.2550828856414
RGI60-13.48143,1974,-1488.8602920959604
RGI60-13.48143,1975,-737.8660247479268
RGI60-13.48143,1976,-22.865593381477495
RGI60-13.48143,1977,-1028.95553790549
RGI60-13.48143,1978,-258.2576086227475
RGI60-13.48143,1979,346.33887046876885
RGI60-13.48143,1980,-323.19771380603356
RGI60-13.48143,1981,-316.008294204799
RGI60-13.48143,1982,-274.394807943875
RGI60-13.48143,1983,-314.5403758409423
RGI60-13.48143,1984,157.71225803456977
RGI60-13.48143,1985,-294.2038709726401
RGI60-13.48143,1986,-342.6376967004126
RGI60-13.48143,1987,-332.8429819178529
RGI60-13.48143,1988,386.32521181444156
RGI60-13.48143,1989,73.9783433980379
RGI60-13.48143,1990,-289.56499513088204
RGI60-13.48143,1991,-718.5948272591515
RGI60-13.48143,1992,352.8880460670994
RGI60-13.48143,1993,415.1185370598672
RGI60-13.48143,1994,-264.56188608908366
RGI60-13.48143,1995,-562.0302193843644
RGI60-13.48143,1996,-155.21462770018795
RGI60-13.48143,1997,-839.4177949565927
RGI60-13.48143,1998,-720.6084453352872
RGI60-13.48143,1999,-706.535030042566
RGI60-13.48143,2000,-628.152126613422
RGI60-13.48143,2001,-1193.8664657495262
RGI60-13.48143,2002,-906.8420163948507
RGI60-13.48143,2003,72.6225885273151
RGI60-13.48143,2004,-603.9978038663949
RGI60-13.48143,2005,-767.3051659565687
RGI60-13.48143,2006,-955.5459027962878
RGI60-13.48143,2007,-735.6439512622669
RGI60-13.48143,2008,-1404.1858507857733
RGI60-13.48143,2009,-92.14438577052964
RGI60-13.48143,2010,-761.2888682456569
RGI60-13.48143,2011,-1033.7053867488746
RGI60-13.48143,2012,-1007.032934801258
RGI60-13.48143,2013,-369.32580592180796
RGI60-13.48143,2014,-494.87508692844585
RGI60-13.48143,2015,-522.683112085501
RGI60-13.48143,2016,-945.6490460093386
RGI60-13.48143,2017,-923.260788825119
RGI60-13.48143,2018,-791.8716214375979
RGI60-13.48143,2019,-751.2462683281173
RGI60-13.48144,1901,215.19401683460617
RGI60-13.48144,1902,290.75126302959234
RGI60-13.48144,1903,465.48961614516435
RGI60-13.48144,1904,-825.4028110424867
RGI60-13.48144,1905,-500.1122311096444
RGI60-13.48144,1906,-958.1601011990492
RGI60-13.48144,1907,346.5763333733834
RGI60-13.48144,1908,-90.27697167987755
RGI60-13.48144,1909,-1095.9711576667144
RGI60-13.48144,1910,-643.9662381169609
RGI60-13.48144,1911,450.57212819751345
RGI60-13.48144,1912,-109.73046437528723
RGI60-13.48144,1913,409.20999842994945
RGI60-13.48144,1914,-67.48395370268388
RGI60-13.48144,1915,-1159.3650488799974
RGI60-13.48144,1916,-755.4874012931157
RGI60-13.48144,1917,-652.4949939054196
RGI60-13.48144,1918,-758.5203355011255
RGI60-13.48144,1919,1072.7322824096025
RGI60-13.48144,1920,-115.91174855926953
RGI60-13.48144,1921,-75.9864941557503
RGI60-13.48144,1922,-862.591448851774
RGI60-13.48144,1923,-723.0780014289885
RGI60-13.48144,1924,-603.3602817610284
RGI60-13.48144,1925,564.3953941440918
RGI60-13.48144,1926,344.7861013303324
RGI60-13.48144,1927,-1.0996924325398987
RGI60-13.48144,1928,296.8175403456179
RGI60-13.48144,1929,295.75035029217156
RGI60-13.48144,1930,940.3076882510543
RGI60-13.48144,1931,-44.061752640859176
RGI60-13.48144,1932,260.2407112051489
RGI60-13.48144,1933,-670.1558857598698
RGI60-13.48144,1934,173.28956351925936
RGI60-13.48144,1935,-751.2164161629728
RGI60-13.48144,1936,71.06994624065838
RGI60-13.48144,1937,402.45562328610157
RGI60-13.48144,1938,369.8168522076844
RGI60-13.48144,1939,-74.46374859639603
RGI60-13.48144,1940,-283.703587121674
RGI60-13.48144,1941,5.728806137805857
RGI60-13.48144,1942,1970.0496397725474
RGI60-13.48144,1943,-879.1056368038942
RGI60-13.48144,1944,-826.9659351127063
RGI60-13.48144,1945,-1180.8915710497179
RGI60-13.48144,1946,752.1717212128506
RGI60-13.48144,1947,44.136804679659136
RGI60-13.48144,1948,-661.8249258226485
RGI60-13.48144,1949,222.22927742275502
RGI60-13.48144,1950,-789.5399361617397
RGI60-13.48144,1951,-397.70198306245044
RGI60-13.48144,1952,62.79255559988206
RGI60-13.48144,1953,221.99474197135268
RGI60-13.48144,1954,470.72894476466405
RGI60-13.48144,1955,-363.6605057443603
RGI60-13.48144,1956,197.38142719802053
RGI60-13.48144,1957,-254.7713103309901
RGI60-13.48144,1958,1036.6911306563672
RGI60-13.48144,1959,705.8544015187479
RGI60-13.48144,1960,484.3025228570733
RGI60-13.48144,1961,115.4579459405892
RGI60-13.48144,1962,-1008.9990207854424
RGI60-13.48144,1963,-239.38019462793784
RGI60-13.48144,1964,-111.79935564889726
RGI60-13.48144,1965,-823.7807049441957
RGI60-13.48144,1966,-407.8764241796481
RGI60-13.48144,1967,-232.2075070819734
RGI60-13.48144,1968,-665.8346599033324
RGI60-13.48144,1969,174.89454219645
RGI60-13.48144,1970,-102.78811343612152
RGI60-13.48144,1971,29.012591860882317
RGI60-13.48144,1972,195.4300047067728
RGI60-13.48144,1973,-539.583440874238
RGI60-13.48144,1974,-1231.1341502568353
RGI60-13.48144,1975,-446.9629073299958
RGI60-13.48144,1976,285.87136480113224
RGI60-13.48144,1977,-761.5750857085739
RGI60-13.48144,1978,66.53955473385791
RGI60-13.48144,1979,756.7169133012579
RGI60-13.48144,1980,25.532592487196514
RGI60-13.48144,1981,-121.67116282780373
RGI60-13.48144,1982,-52.51205306761045
RGI60-13.48144,1983,95.69774014242958
RGI60-13.48144,1984,552.2148210032215
RGI60-13.48144,1985,21.67458704951414
RGI60-13.48144,1986,106.854056978889
RGI60-13.48144,1987,198.99100356099106
RGI60-13.48144,1988,749.3751000220575
RGI60-13.48144,1989,428.94245500164817
RGI60-13.48144,1990,-75.59811697915933
RGI60-13.48144,1991,-532.8940746410976
RGI60-13.48144,1992,638.2597561630128
RGI60-13.48144,1993,716.8292132527483
RGI60-13.48144,1994,133.75424442660787
RGI60-13.48144,1995,-363.4765620321225
RGI60-13.48144,1996,160.3998230186167
RGI60-13.48144,1997,-625.2512653655707
RGI60-13.48144,1998,-334.4909482078513
RGI60-13.48144,1999,-309.85824945292353
RGI60-13.48144,2000,-18.198294243439754
RGI60-13.48144,2001,-836.5942781898485
RGI60-13.48144,2002,-434.27957158195863
RGI60-13.48144,2003,299.0079716790594
RGI60-13.48144,2004,-270.3043963404652
RGI60-13.48144,2005,-468.9573270359124
RGI60-13.48144,2006,-589.1605612647733
RGI60-13.48144,2007,-417.3223299015353
RGI60-13.48144,2008,-1077.468232639544
RGI60-13.48144,2009,309.9995794909186
RGI60-13.48144,2010,-390.77352971084133
RGI60-13.48144,2011,-682.1093204347864
RGI60-13.48144,2012,-613.0581476953625
RGI60-13.48144,2013,-71.67319236761753
RGI60-13.48144,2014,-113.29329820694007
RGI60-13.48144,2015,32.981986234050126
RGI60-13.48144,2016,-627.7012721159018
RGI60-13.48144,2017,-470.91333184441345
RGI60-13.48144,2018,-328.5239410687355
RGI60-13.48144,2019,-237.65851276196088
RGI60-13.48145,1901,147.63681538075272
RGI60-13.48145,1902,190.25504554583065
RGI60-13.48145,1903,423.86133003985196
RGI60-13.48145,1904,-749.5781609020739
RGI60-13.48145,1905,-450.53699779827
RGI60-13.48145,1906,-865.2728116218723
RGI60-13.48145,1907,241.60162704848315
RGI60-13.48145,1908,-132.56579938160428
RGI60-13.48145,1909,-1038.976093919197
RGI60-13.48145,1910,-612.2469684232434
RGI60-13.48145,1911,396.4900345754344
RGI60-13.48145,1912,-67.35718107064172
RGI60-13.48145,1913,392.1382927665887
RGI60-13.48145,1914,-82.31904153667341
RGI60-13.48145,1915,-1107.3869937950606
RGI60-13.48145,1916,-704.9502392233591
RGI60-13.48145,1917,-588.887266710756
RGI60-13.48145,1918,-764.3983571902652
RGI60-13.48145,1919,894.8274694234899
RGI60-13.48145,1920,-150.6377573070826
RGI60-13.48145,1921,-138.9465925616091
RGI60-13.48145,1922,-803.3324996636122
RGI60-13.48145,1923,-747.6672973255262
RGI60-13.48145,1924,-616.3105740675726
RGI60-13.48145,1925,480.30178151259565
RGI60-13.48145,1926,319.63542564115613
RGI60-13.48145,1927,-87.35616490924673
RGI60-13.48145,1928,233.34992019237646
RGI60-13.48145,1929,256.6609252708414
RGI60-13.48145,1930,809.4212885052318
RGI60-13.48145,1931,-102.10923546924784
RGI60-13.48145,1932,178.04693115534096
RGI60-13.48145,1933,-672.9586077567407
RGI60-13.48145,1934,191.66496290424772
RGI60-13.48145,1935,-745.9172071108658
RGI60-13.48145,1936,61.94644610689347
RGI60-13.48145,1937,356.06037081521896
RGI60-13.48145,1938,292.7680001953286
RGI60-13.48145,1939,-136.22025548920325
RGI60-13.48145,1940,-309.73533231187423
RGI60-13.48145,1941,-57.4405611194387
RGI60-13.48145,1942,1693.5153788747755
RGI60-13.48145,1943,-867.2973515127344
RGI60-13.48145,1944,-816.2258350955375
RGI60-13.48145,1945,-1144.14566882832
RGI60-13.48145,1946,614.7723299087556
RGI60-13.48145,1947,47.03138033061195
RGI60-13.48145,1948,-668.9759812973509
RGI60-13.48145,1949,132.49472149511945
RGI60-13.48145,1950,-784.3006219095448
RGI60-13.48145,1951,-371.90092440488814
RGI60-13.48145,1952,-34.47710769169326
RGI60-13.48145,1953,150.5369782617365
RGI60-13.48145,1954,437.08434800889876
RGI60-13.48145,1955,-402.3321533180077
RGI60-13.48145,1956,83.41998027302623
RGI60-13.48145,1957,-253.06762704445148
RGI60-13.48145,1958,903.5516092232465
RGI60-13.48145,1959,686.1099461045972
RGI60-13.48145,1960,427.19483919177065
RGI60-13.48145,1961,115.27460882067261
RGI60-13.48145,1962,-1009.3807746446892
RGI60-13.48145,1963,-220.9491977627392
RGI60-13.48145,1964,-145.50366185450727
RGI60-13.48145,1965,-785.9588873684598
RGI60-13.48145,1966,-431.6823064482671
RGI60-13.48145,1967,-218.9635767513894
RGI60-13.48145,1968,-644.4677447707716
RGI60-13.48145,1969,121.73431790282507
RGI60-13.48145,1970,-73.38899068364518
RGI60-13.48145,1971,16.166595261849867
RGI60-13.48145,1972,217.52865332391224
RGI60-13.48145,1973,-538.0488395788697
RGI60-13.48145,1974,-1192.8828144890997
RGI60-13.48145,1975,-467.3521568053432
RGI60-13.48145,1976,241.57763522968253
RGI60-13.48145,1977,-759.8883412520375
RGI60-13.48145,1978,38.556601370917136
RGI60-13.48145,1979,653.627267429109
RGI60-13.48145,1980,-37.58342368950055
RGI60-13.48145,1981,-123.59687468966759
RGI60-13.48145,1982,-48.74541094173688
RGI60-13.48145,1983,-3.643492232938581
RGI60-13.48145,1984,469.2221040626481
RGI60-13.48145,1985,-35.81752220826472
RGI60-13.48145,1986,-2.325120213213626
RGI60-13.48145,1987,40.63760105389732
RGI60-13.48145,1988,685.5633294421907
RGI60-13.48145,1989,349.8763741981022
RGI60-13.48145,1990,-79.28737001636352
RGI60-13.48145,1991,-493.0744497425834
RGI60-13.48145,1992,601.340677303724
RGI60-13.48145,1993,668.4620779525586
RGI60-13.48145,1994,48.81723957087893
RGI60-13.48145,1995,-360.5169022773063
RGI60-13.48145,1996,94.78320740921696
RGI60-13.48145,1997,-609.418633838338
RGI60-13.48145,1998,-420.7904892761502
RGI60-13.48145,1999,-358.1355340753548
RGI60-13.48145,2000,-174.86332657403315
RGI60-13.48145,2001,-877.9594138745985
RGI60-13.48145,2002,-497.94344855573723
RGI60-13.48145,2003,305.87107855492917
RGI60-13.48145,2004,-309.59431149172667
RGI60-13.48145,2005,-461.3673679858436
RGI60-13.48145,2006,-633.0420076383093
RGI60-13.48145,2007,-458.83785091998436
RGI60-13.48145,2008,-1066.5777100164298
RGI60-13.48145,2009,222.73609507254704
RGI60-13.48145,2010,-436.47832346022966
RGI60-13.48145,2011,-725.5664652023956
RGI60-13.48145,2012,-668.538788298782
RGI60-13.48145,2013,-105.51896226328144
RGI60-13.48145,2014,-177.54979986514323
RGI60-13.48145,2015,-73.15260586410332
RGI60-13.48145,2016,-628.6580405118954
RGI60-13.48145,2017,-532.6411442721555
RGI60-13.48145,2018,-428.7103389611943
RGI60-13.48145,2019,-331.6072678716535
RGI60-13.48146,1901,145.23041833618615
RGI60-13.48146,1902,233.31351757037433
RGI60-13.48146,1903,402.27619240445046
RGI60-13.48146,1904,-696.093233480032
RGI60-13.48146,1905,-425.9348980534177
RGI60-13.48146,1906,-777.6930720672024
RGI60-13.48146,1907,228.8896587732001
RGI60-13.48146,1908,-106.89465075073363
RGI60-13.48146,1909,-1007.9123366941674
RGI60-13.48146,1910,-555.8863020604987
RGI60-13.48146,1911,375.4196050735293
RGI60-13.48146,1912,-74.90496705976341
RGI60-13.48146,1913,353.7350800367196
RGI60-13.48146,1914,-83.28598835046454
RGI60-13.48146,1915,-1021.49712170335
RGI60-13.48146,1916,-641.548821629339
RGI60-13.48146,1917,-559.7645365671943
RGI60-13.48146,1918,-705.2843338123737
RGI60-13.48146,1919,849.4848750095326
RGI60-13.48146,1920,-94.34587567237203
RGI60-13.48146,1921,-124.62968846997187
RGI60-13.48146,1922,-747.8678314101381
RGI60-13.48146,1923,-709.3404915499625
RGI60-13.48146,1924,-620.1946960693085
RGI60-13.48146,1925,460.16157602388614
RGI60-13.48146,1926,286.26072020856736
RGI60-13.48146,1927,-78.00429966224448
RGI60-13.48146,1928,224.595640241915
RGI60-13.48146,1929,221.17482103997435
RGI60-13.48146,1930,753.2408028152863
RGI60-13.48146,1931,-48.59021941206231
RGI60-13.48146,1932,121.91676549839741
RGI60-13.48146,1933,-631.4127043778711
RGI60-13.48146,1934,184.49837050553498
RGI60-13.48146,1935,-654.5779228820013
RGI60-13.48146,1936,18.38583768533463
RGI60-13.48146,1937,294.46949469207
RGI60-13.48146,1938,266.619156279957
RGI60-13.48146,1939,-129.09197296981245
RGI60-13.48146,1940,-283.7236414719745
RGI60-13.48146,1941,12.345447626383436
RGI60-13.48146,1942,1669.3892729302986
RGI60-13.48146,1943,-855.7297502793015
RGI60-13.48146,1944,-754.1005514985422
RGI60-13.48146,1945,-1090.9277267098848
RGI60-13.48146,1946,558.5218026639607
RGI60-13.48146,1947,22.47766939869376
RGI60-13.48146,1948,-669.3218334388389
RGI60-13.48146,1949,126.58131510766947
RGI60-13.48146,1950,-764.8438138879845
RGI60-13.48146,1951,-385.10877551134456
RGI60-13.48146,1952,-20.080020441377574
RGI60-13.48146,1953,98.55030517083361
RGI60-13.48146,1954,422.2992562494157
RGI60-13.48146,1955,-320.2769897941698
RGI60-13.48146,1956,61.735214502584185
RGI60-13.48146,1957,-210.9078366719095
RGI60-13.48146,1958,843.5235542672382
RGI60-13.48146,1959,587.9491501625265
RGI60-13.48146,1960,395.00398982027303
RGI60-13.48146,1961,94.98899696889849
RGI60-13.48146,1962,-977.1759052625293
RGI60-13.48146,1963,-224.0990092076224
RGI60-13.48146,1964,-114.97142014807766
RGI60-13.48146,1965,-760.9470145009601
RGI60-13.48146,1966,-377.07443180897593
RGI60-13.48146,1967,-216.83709234733934
RGI60-13.48146,1968,-600.4722454263709
RGI60-13.48146,1969,81.30305735436151
RGI60-13.48146,1970,-45.35948152538458
RGI60-13.48146,1971,56.83162686728949
RGI60-13.48146,1972,196.25261755573771
RGI60-13.48146,1973,-509.5076952231456
RGI60-13.48146,1974,-1147.1225936113988
RGI60-13.48146,1975,-459.44987469138584
RGI60-13.48146,1976,225.7845147750183
RGI60-13.48146,1977,-707.4999372393942
RGI60-13.48146,1978,-11.651938555461701
RGI60-13.48146,1979,606.6770486535344
RGI60-13.48146,1980,-51.02224888461312
RGI60-13.48146,1981,-82.76652603389401
RGI60-13.48146,1982,-36.00048303790335
RGI60-13.48146,1983,-11.948556126296703
RGI60-13.48146,1984,418.79163567412974
RGI60-13.48146,1985,-51.15951288445587
RGI60-13.48146,1986,-26.45045650229404
RGI60-13.48146,1987,62.74766870946867
RGI60-13.48146,1988,629.1367086966833
RGI60-13.48146,1989,330.2124203895293
RGI60-13.48146,1990,-29.58436550632485
RGI60-13.48146,1991,-465.7152676003479
RGI60-13.48146,1992,564.6616636282635
RGI60-13.48146,1993,591.2466899991371
RGI60-13.48146,1994,76.38151786775354
RGI60-13.48146,1995,-303.06239531732143
RGI60-13.48146,1996,140.33766359820035
RGI60-13.48146,1997,-573.4464937002391
RGI60-13.48146,1998,-301.6432841268066
RGI60-13.48146,1999,-315.26544681932074
RGI60-13.48146,2000,-207.12349961148834
RGI60-13.48146,2001,-810.3962447885804
RGI60-13.48146,2002,-453.90438288354443
RGI60-13.48146,2003,323.2922027787225
RGI60-13.48146,2004,-266.2778403890742
RGI60-13.48146,2005,-434.9020028218483
RGI60-13.48146,2006,-585.0277083430776
RGI60-13.48146,2007,-358.3602384448942
RGI60-13.48146,2008,-1030.0263037256946
RGI60-13.48146,2009,215.08771667161932
RGI60-13.48146,2010,-388.00800357456075
RGI60-13.48146,2011,-644.8971041440554
RGI60-13.48146,2012,-600.7761257221855
RGI60-13.48146,2013,-69.22776495657358
RGI60-13.48146,2014,-152.8614714284436
RGI60-13.48146,2015,-71.27540627356535
RGI60-13.48146,2016,-549.4701763862266
RGI60-13.48146,2017,-496.1546509487326
RGI60-13.48146,2018,-354.3227373975362
RGI60-13.48146,2019,-343.3682576102723
RGI60-13.48147,1901,607.2672595634269
RGI60-13.48147,1902,802.932018955303
RGI60-13.48147,1903,895.5831940123675
RGI60-13.48147,1904,-329.3823444410924
RGI60-13.48147,1905,-29.77082394745844
RGI60-13.48147,1906,-450.00865023445715
RGI60-13.48147,1907,727.1624581004087
RGI60-13.48147,1908,311.2694871767519
RGI60-13.48147,1909,-642.4442063578163
RGI60-13.48147,1910,-203.80503996549137
RGI60-13.48147,1911,913.0240728801846
RGI60-13.48147,1912,313.9368689686646
RGI60-13.48147,1913,878.3264915934567
RGI60-13.48147,1914,370.910692602323
RGI60-13.48147,1915,-748.5136920782014
RGI60-13.48147,1916,-314.4057870401275
RGI60-13.48147,1917,-226.57932187462825
RGI60-13.48147,1918,-350.5220600609619
RGI60-13.48147,1919,1462.2887726194044
RGI60-13.48147,1920,389.5770849743837
RGI60-13.48147,1921,297.57214809081285
RGI60-13.48147,1922,-460.51352702621887
RGI60-13.48147,1923,-333.15495957621016
RGI60-13.48147,1924,-277.4275488005459
RGI60-13.48147,1925,867.5316306460412
RGI60-13.48147,1926,740.5723723750813
RGI60-13.48147,1927,308.87093688994975
RGI60-13.48147,1928,739.8101936945295
RGI60-13.48147,1929,690.8292445609029
RGI60-13.48147,1930,1301.3077526117986
RGI60-13.48147,1931,417.2774002919361
RGI60-13.48147,1932,459.23743467171903
RGI60-13.48147,1933,-289.7203090628546
RGI60-13.48147,1934,671.6667128827023
RGI60-13.48147,1935,-292.18871598853923
RGI60-13.48147,1936,407.783951833591
RGI60-13.48147,1937,722.3156676567256
RGI60-13.48147,1938,670.9936677938804
RGI60-13.48147,1939,363.4186907256046
RGI60-13.48147,1940,232.84299039686059
RGI60-13.48147,1941,518.1730593215809
RGI60-13.48147,1942,2552.417791491754
RGI60-13.48147,1943,-556.0036412111996
RGI60-13.48147,1944,-408.660458813627
RGI60-13.48147,1945,-706.6335326166773
RGI60-13.48147,1946,1024.7952428566016
RGI60-13.48147,1947,404.4417894706092
RGI60-13.48147,1948,-306.17214147127635
RGI60-13.48147,1949,666.8689303905913
RGI60-13.48147,1950,-408.0503348081864
RGI60-13.48147,1951,93.00000133085656
RGI60-13.48147,1952,359.3148401872812
RGI60-13.48147,1953,710.9934017233322
RGI60-13.48147,1954,841.3851584878433
RGI60-13.48147,1955,117.96601370702022
RGI60-13.48147,1956,439.6444434109452
RGI60-13.48147,1957,223.62238724561797
RGI60-13.48147,1958,1294.2994990479046
RGI60-13.48147,1959,1197.711231537394
RGI60-13.48147,1960,801.360803509781
RGI60-13.48147,1961,527.4779831706472
RGI60-13.48147,1962,-568.5435226353316
RGI60-13.48147,1963,228.34963069565896
RGI60-13.48147,1964,325.0367507191767
RGI60-13.48147,1965,-340.5154845092168
RGI60-13.48147,1966,103.82249032908759
RGI60-13.48147,1967,169.4267673556804
RGI60-13.48147,1968,-238.07283436728704
RGI60-13.48147,1969,480.8360287730639
RGI60-13.48147,1970,377.3592308924976
RGI60-13.48147,1971,510.9930507213699
RGI60-13.48147,1972,680.6557723742135
RGI60-13.48147,1973,-119.80529818623292
RGI60-13.48147,1974,-753.7345186558512
RGI60-13.48147,1975,-70.48642949315749
RGI60-13.48147,1976,726.3917888083562
RGI60-13.48147,1977,-297.5935078736759
RGI60-13.48147,1978,464.5387415658095
RGI60-13.48147,1979,1139.3733254447054
RGI60-13.48147,1980,348.5187169206304
RGI60-13.48147,1981,332.8632437857792
RGI60-13.48147,1982,443.65096262745146
RGI60-13.48147,1983,382.3676832900718
RGI60-13.48147,1984,939.5142030048065
RGI60-13.48147,1985,324.27523032924046
RGI60-13.48147,1986,382.6070722158453
RGI60-13.48147,1987,448.02090697349587
RGI60-13.48147,1988,1213.5026062000143
RGI60-13.48147,1989,784.7123342386112
RGI60-13.48147,1990,421.05901170737513
RGI60-13.48147,1991,-15.406498018100539
RGI60-13.48147,1992,1099.4506816718815
RGI60-13.48147,1993,1101.145883157317
RGI60-13.48147,1994,562.8225129283463
RGI60-13.48147,1995,92.92130488350466
RGI60-13.48147,1996,593.7654513935419
RGI60-13.48147,1997,-166.33731106989083
RGI60-13.48147,1998,130.99461090945186
RGI60-13.48147,1999,194.56391430345667
RGI60-13.48147,2000,256.2630845981473
RGI60-13.48147,2001,-426.60053319689223
RGI60-13.48147,2002,84.71023190643346
RGI60-13.48147,2003,918.6607389516231
RGI60-13.48147,2004,192.45810540940275
RGI60-13.48147,2005,90.68764277966693
RGI60-13.48147,2006,-163.43701424700495
RGI60-13.48147,2007,63.52968851432713
RGI60-13.48147,2008,-598.4713112255635
RGI60-13.48147,2009,714.8555583060182
RGI60-13.48147,2010,69.2923550329621
RGI60-13.48147,2011,-248.98118861518387
RGI60-13.48147,2012,-183.48385468888887
RGI60-13.48147,2013,391.9593157323542
RGI60-13.48147,2014,315.65460558444323
RGI60-13.48147,2015,523.8883150836291
RGI60-13.48147,2016,-50.91654887309798
RGI60-13.48147,2017,14.337176488733453
RGI60-13.48147,2018,97.37147410111089
RGI60-13.48147,2019,166.22215835776655
RGI60-13.48148,1901,90.30685019483039
RGI60-13.48148,1902,113.66863493452438
RGI60-13.48148,1903,419.6457967154914
RGI60-13.48148,1904,-645.0530916833079
RGI60-13.48148,1905,-397.1442941754003
RGI60-13.48148,1906,-707.9094082546137
RGI60-13.48148,1907,109.62078023499858
RGI60-13.48148,1908,-159.78944763411528
RGI60-13.48148,1909,-1067.82103818503
RGI60-13.48148,1910,-558.8643887072122
RGI60-13.48148,1911,379.14869737284295
RGI60-13.48148,1912,27.11438712510517
RGI60-13.48148,1913,394.8369546421344
RGI60-13.48148,1914,-76.44368724951313
RGI60-13.48148,1915,-1035.040644747237
RGI60-13.48148,1916,-595.3279101800806
RGI60-13.48148,1917,-479.18153833382416
RGI60-13.48148,1918,-786.6840221218433
RGI60-13.48148,1919,708.066371258414
RGI60-13.48148,1920,-147.09703631444216
RGI60-13.48148,1921,-219.6327877456267
RGI60-13.48148,1922,-704.9344663006059
RGI60-13.48148,1923,-838.1652144671897
RGI60-13.48148,1924,-733.1511073244149
RGI60-13.48148,1925,435.6347113859386
RGI60-13.48148,1926,315.4002258756002
RGI60-13.48148,1927,-237.00094915007026
RGI60-13.48148,1928,182.75122269770145
RGI60-13.48148,1929,231.03273269706685
RGI60-13.48148,1930,673.9710009350897
RGI60-13.48148,1931,-119.90885628018835
RGI60-13.48148,1932,32.86514589682669
RGI60-13.48148,1933,-697.4515655025325
RGI60-13.48148,1934,287.0884732983241
RGI60-13.48148,1935,-712.9831884185388
RGI60-13.48148,1936,48.56332110883912
RGI60-13.48148,1937,294.2160485105717
RGI60-13.48148,1938,218.47101294129408
RGI60-13.48148,1939,-250.1721251440441
RGI60-13.48148,1940,-376.0624846113041
RGI60-13.48148,1941,-79.22708171505005
RGI60-13.48148,1942,1441.4624146814783
RGI60-13.48148,1943,-957.8209730975566
RGI60-13.48148,1944,-815.7418051333264
RGI60-13.48148,1945,-1161.4411472444829
RGI60-13.48148,1946,445.4692916857822
RGI60-13.48148,1947,71.57169395278312
RGI60-13.48148,1948,-795.414845045663
RGI60-13.48148,1949,-0.3629630901422028
RGI60-13.48148,1950,-821.4590460263081
RGI60-13.48148,1951,-349.0565789850936
RGI60-13.48148,1952,-165.22798761474692
RGI60-13.48148,1953,29.58485961561373
RGI60-13.48148,1954,445.4185916088549
RGI60-13.48148,1955,-416.9801729999766
RGI60-13.48148,1956,-139.7338801469463
RGI60-13.48148,1957,-212.914920168688
RGI60-13.48148,1958,760.6659465834892
RGI60-13.48148,1959,692.4681879902137
RGI60-13.48148,1960,418.7360967061432
RGI60-13.48148,1961,154.75231051805045
RGI60-13.48148,1962,-1098.2407320324564
RGI60-13.48148,1963,-201.90294521909507
RGI60-13.48148,1964,-162.15395176020087
RGI60-13.48148,1965,-775.1522212859436
RGI60-13.48148,1966,-430.1098301416342
RGI60-13.48148,1967,-158.6910923101005
RGI60-13.48148,1968,-593.007297661012
RGI60-13.48148,1969,45.59247252034648
RGI60-13.48148,1970,21.47707548218998
RGI60-13.48148,1971,83.22786773631796
RGI60-13.48148,1972,314.0565578691677
RGI60-13.48148,1973,-569.398893055465
RGI60-13.48148,1974,-1258.3283379544457
RGI60-13.48148,1975,-534.2955031505122
RGI60-13.48148,1976,223.486848131716
RGI60-13.48148,1977,-777.3370290897586
RGI60-13.48148,1978,-53.99223547196759
RGI60-13.48148,1979,583.5859646260641
RGI60-13.48148,1980,-138.71449659202665
RGI60-13.48148,1981,-46.321409158974404
RGI60-13.48148,1982,-2.1833215141589473
RGI60-13.48148,1983,-149.32918324909767
RGI60-13.48148,1984,379.4903456747102
RGI60-13.48148,1985,-109.04492926485838
RGI60-13.48148,1986,-190.47816240396187
RGI60-13.48148,1987,-192.63425317303304
RGI60-13.48148,1988,643.9686315766488
RGI60-13.48148,1989,287.1492874780706
RGI60-13.48148,1990,-1.4579540588773914
RGI60-13.48148,1991,-454.4932462637409
RGI60-13.48148,1992,603.2322628740519
RGI60-13.48148,1993,634.6579402895633
RGI60-13.48148,1994,-13.549160060304645
RGI60-13.48148,1995,-295.0455548126545
RGI60-13.48148,1996,109.90557590923595
RGI60-13.48148,1997,-587.1057842703204
RGI60-13.48148,1998,-443.1717725605919
RGI60-13.48148,1999,-454.5761706374409
RGI60-13.48148,2000,-491.2037109581843
RGI60-13.48148,2001,-968.1500969774897
RGI60-13.48148,2002,-664.3495766419193
RGI60-13.48148,2003,401.37860583974566
RGI60-13.48148,2004,-345.6215820559023
RGI60-13.48148,2005,-499.8750619676649
RGI60-13.48148,2006,-732.3307561169049
RGI60-13.48148,2007,-451.56007738245415
RGI60-13.48148,2008,-1155.5207852815893
RGI60-13.48148,2009,144.73577190411032
RGI60-13.48148,2010,-514.6322164739474
RGI60-13.48148,2011,-793.8902565532861
RGI60-13.48148,2012,-777.0168521099038
RGI60-13.48148,2013,-111.69744001492352
RGI60-13.48148,2014,-253.57315648705787
RGI60-13.48148,2015,-302.0176386048227
RGI60-13.48148,2016,-636.1428495307802
RGI60-13.48148,2017,-698.2704661319862
RGI60-13.48148,2018,-557.3433038887098
RGI60-13.48148,2019,-556.9185505663372
RGI60-13.48149,1901,129.0392201755999
RGI60-13.48149,1902,198.7541246520234
RGI60-13.48149,1903,376.79925730312056
RGI60-13.48149,1904,-598.9688104575371
RGI60-13.48149,1905,-359.44652180308736
RGI60-13.48149,1906,-660.3920474677507
RGI60-13.48149,1907,188.5511357677537
RGI60-13.48149,1908,-94.83872701788027
RGI60-13.48149,1909,-902.5775412068971
RGI60-13.48149,1910,-483.2748397011765
RGI60-13.48149,1911,342.3143092242687
RGI60-13.48149,1912,-36.88394254111933
RGI60-13.48149,1913,338.0816545184382
RGI60-13.48149,1914,-61.31893531305587
RGI60-13.48149,1915,-897.7462953317719
RGI60-13.48149,1916,-546.6398539176945
RGI60-13.48149,1917,-459.2447111706881
RGI60-13.48149,1918,-634.8460616659652
RGI60-13.48149,1919,743.0145802802377
RGI60-13.48149,1920,-82.99640365818202
RGI60-13.48149,1921,-120.55885880166034
RGI60-13.48149,1922,-647.5201961932272
RGI60-13.48149,1923,-655.4782765808854
RGI60-13.48149,1924,-572.63361812964
RGI60-13.48149,1925,414.3813749701984
RGI60-13.48149,1926,273.56918333635826
RGI60-13.48149,1927,-94.76234187967495
RGI60-13.48149,1928,197.24592369715
RGI60-13.48149,1929,203.9724630489187
RGI60-13.48149,1930,659.0810171841215
RGI60-13.48149,1931,-47.927561045949744
RGI60-13.48149,1932,101.1161440914848
RGI60-13.48149,1933,-569.1623565956248
RGI60-13.48149,1934,194.91361368510155
RGI60-13.48149,1935,-580.1123509765004
RGI60-13.48149,1936,27.74807870209589
RGI60-13.48149,1937,267.8636595718631
RGI60-13.48149,1938,238.25782218337537
RGI60-13.48149,1939,-135.5511624668143
RGI60-13.48149,1940,-264.96956350080086
RGI60-13.48149,1941,4.913891879575767
RGI60-13.48149,1942,1445.812552888211
RGI60-13.48149,1943,-779.2726832992464
RGI60-13.48149,1944,-676.2257671477989
RGI60-13.48149,1945,-976.4249036354967
RGI60-13.48149,1946,483.1642726776418
RGI60-13.48149,1947,36.11541593642959
RGI60-13.48149,1948,-624.1481357720688
RGI60-13.48149,1949,88.52262274811991
RGI60-13.48149,1950,-683.2207984156864
RGI60-13.48149,1951,-325.01803288254735
RGI60-13.48149,1952,-36.445781306871595
RGI60-13.48149,1953,79.09524870469349
RGI60-13.48149,1954,389.90214350042305
RGI60-13.48149,1955,-292.2420076750147
RGI60-13.48149,1956,8.162291094116863
RGI60-13.48149,1957,-177.48325949563406
RGI60-13.48149,1958,738.72702631021
RGI60-13.48149,1959,553.6986079513046
RGI60-13.48149,1960,367.0762683007308
RGI60-13.48149,1961,102.29560200631256
RGI60-13.48149,1962,-885.695235279047
RGI60-13.48149,1963,-185.11835611150934
RGI60-13.48149,1964,-103.93415830357138
RGI60-13.48149,1965,-667.0052837770055
RGI60-13.48149,1966,-326.6703476253264
RGI60-13.48149,1967,-166.2343369491345
RGI60-13.48149,1968,-518.6017192543599
RGI60-13.48149,1969,74.75253531927363
RGI60-13.48149,1970,-17.52023610173709
RGI60-13.48149,1971,64.36026372975208
RGI60-13.48149,1972,209.57365690463098
RGI60-13.48149,1973,-461.7598415729364
RGI60-13.48149,1974,-1036.3866588859648
RGI60-13.48149,1975,-414.67076842818614
RGI60-13.48149,1976,208.81242509433153
RGI60-13.48149,1977,-628.8569065636777
RGI60-13.48149,1978,-12.815999240359877
RGI60-13.48149,1979,544.0946966679971
RGI60-13.48149,1980,-56.996647865849766
RGI60-13.48149,1981,-56.20312292355474
RGI60-13.48149,1982,-13.734612685739112
RGI60-13.48149,1983,-30.44043988160555
RGI60-13.48149,1984,372.9792598243156
RGI60-13.48149,1985,-49.49847779364902
RGI60-13.48149,1986,-51.89353772409131
RGI60-13.48149,1987,9.504905296153904
RGI60-13.48149,1988,573.7278043456436
RGI60-13.48149,1989,296.6306094671712
RGI60-13.48149,1990,-10.310155832397847
RGI60-13.48149,1991,-399.0268412722926
RGI60-13.48149,1992,517.1299826935466
RGI60-13.48149,1993,544.6435930619749
RGI60-13.48149,1994,60.2902930754013
RGI60-13.48149,1995,-255.40929359705996
RGI60-13.48149,1996,137.17589862208018
RGI60-13.48149,1997,-496.7502431236866
RGI60-13.48149,1998,-271.28300845473586
RGI60-13.48149,1999,-295.1432794591195
RGI60-13.48149,2000,-226.61067108361206
RGI60-13.48149,2001,-735.6593305047733
RGI60-13.48149,2002,-437.7470887280682
RGI60-13.48149,2003,318.3984371090852
RGI60-13.48149,2004,-241.88674638790505
RGI60-13.48149,2005,-386.6803118515562
RGI60-13.48149,2006,-544.5003719296865
RGI60-13.48149,2007,-314.7226084539256
RGI60-13.48149,2008,-935.1148916497971
RGI60-13.48149,2009,182.405809545274
RGI60-13.48149,2010,-364.3666896252771
RGI60-13.48149,2011,-590.7190213649181
RGI60-13.48149,2012,-560.1573198687073
RGI60-13.48149,2013,-59.55331707312405
RGI60-13.48149,2014,-147.43318015240393
RGI60-13.48149,2015,-103.8980738449829
RGI60-13.48149,2016,-487.5624248573996
RGI60-13.48149,2017,-475.77667790126685
RGI60-13.48149,2018,-346.2858513678735
RGI60-13.48149,2019,-344.1296700090836
RGI60-13.48150,1901,561.5643976581033
RGI60-13.48150,1902,744.8354072556574
RGI60-13.48150,1903,819.6991770965072
RGI60-13.48150,1904,-386.89319970528794
RGI60-13.48150,1905,-90.25358922061679
RGI60-13.48150,1906,-509.7715935246067
RGI60-13.48150,1907,690.448181848563
RGI60-13.48150,1908,269.76828256695376
RGI60-13.48150,1909,-667.2508184054367
RGI60-13.48150,1910,-247.42747252768788
RGI60-13.48150,1911,837.8823504383413
RGI60-13.48150,1912,237.7536097636068
RGI60-13.48150,1913,791.9952176283426
RGI60-13.48150,1914,314.047934965774
RGI60-13.48150,1915,-763.201984639447
RGI60-13.48150,1916,-358.2622987001668
RGI60-13.48150,1917,-277.6828415676768
RGI60-13.48150,1918,-366.16738965615826
RGI60-13.48150,1919,1410.4512331260844
RGI60-13.48150,1920,330.4929642050305
RGI60-13.48150,1921,270.66580537122775
RGI60-13.48150,1922,-494.9846424301816
RGI60-13.48150,1923,-340.3725904549995
RGI60-13.48150,1924,-283.4587810585491
RGI60-13.48150,1925,820.8468497207929
RGI60-13.48150,1926,671.8393625229461
RGI60-13.48150,1927,295.648363928246
RGI60-13.48150,1928,679.8565305353796
RGI60-13.48150,1929,628.0121221668676
RGI60-13.48150,1930,1242.681218983122
RGI60-13.48150,1931,370.1800974261064
RGI60-13.48150,1932,450.13073524203105
RGI60-13.48150,1933,-308.8083592942939
RGI60-13.48150,1934,579.1700565774804
RGI60-13.48150,1935,-322.7247532957279
RGI60-13.48150,1936,358.0193782412389
RGI60-13.48150,1937,670.1399574932774
RGI60-13.48150,1938,634.0938433845195
RGI60-13.48150,1939,326.29413447468033
RGI60-13.48150,1940,180.1526923935106
RGI60-13.48150,1941,462.17184753056455
RGI60-13.48150,1942,2454.021333390788
RGI60-13.48150,1943,-555.0772778841222
RGI60-13.48150,1944,-428.3659723801821
RGI60-13.48150,1945,-721.3892236434511
RGI60-13.48150,1946,992.8507198703708
RGI60-13.48150,1947,348.0021186524352
RGI60-13.48150,1948,-316.0304962006064
RGI60-13.48150,1949,622.0526822494246
RGI60-13.48150,1950,-420.9537977348892
RGI60-13.48150,1951,35.30167114854672
RGI60-13.48150,1952,347.816836585835
RGI60-13.48150,1953,654.0810374182124
RGI60-13.48150,1954,771.1832742813066
RGI60-13.48150,1955,78.2975174902039
RGI60-13.48150,1956,436.2858046906428
RGI60-13.48150,1957,164.29257255911313
RGI60-13.48150,1958,1248.2710550967633
RGI60-13.48150,1959,1092.926368173121
RGI60-13.48150,1960,746.73348072203
RGI60-13.48150,1961,458.2379789498963
RGI60-13.48150,1962,-574.693024905408
RGI60-13.48150,1963,166.23644874022224
RGI60-13.48150,1964,276.4740981115643
RGI60-13.48150,1965,-379.5248612492107
RGI60-13.48150,1966,57.896260776797945
RGI60-13.48150,1967,114.7399885763319
RGI60-13.48150,1968,-273.3524694583001
RGI60-13.48150,1969,446.48557307009656
RGI60-13.48150,1970,297.5144467717597
RGI60-13.48150,1971,439.55899636085405
RGI60-13.48150,1972,587.5141113691252
RGI60-13.48150,1973,-152.19798386219531
RGI60-13.48150,1974,-767.3689148774719
RGI60-13.48150,1975,-92.71358405514908
RGI60-13.48150,1976,658.441627745346
RGI60-13.48150,1977,-324.6197037290101
RGI60-13.48150,1978,414.98111930717727
RGI60-13.48150,1979,1078.1872685776916
RGI60-13.48150,1980,324.4801749304492
RGI60-13.48150,1981,270.01649880721374
RGI60-13.48150,1982,369.2604716471484
RGI60-13.48150,1983,372.92598607787164
RGI60-13.48150,1984,881.945840742351
RGI60-13.48150,1985,301.0887743465265
RGI60-13.48150,1986,379.05268919563
RGI60-13.48150,1987,461.66267987296163
RGI60-13.48150,1988,1125.4749554689517
RGI60-13.48150,1989,737.3124529108094
RGI60-13.48150,1990,350.0034443970442
RGI60-13.48150,1991,-79.52934155486128
RGI60-13.48150,1992,1005.013821257127
RGI60-13.48150,1993,1021.5357199456997
RGI60-13.48150,1994,521.8193733152754
RGI60-13.48150,1995,41.67337574273666
RGI60-13.48150,1996,541.2519114607659
RGI60-13.48150,1997,-206.02379040431805
RGI60-13.48150,1998,107.95913841133901
RGI60-13.48150,1999,154.14123499091863
RGI60-13.48150,2000,280.5351988997118
RGI60-13.48150,2001,-423.9966121881138
RGI60-13.48150,2002,56.82028721797001
RGI60-13.48150,2003,801.2689534471627
RGI60-13.48150,2004,152.82017443379115
RGI60-13.48150,2005,29.047206000461106
RGI60-13.48150,2006,-176.7210940076279
RGI60-13.48150,2007,30.41435109060985
RGI60-13.48150,2008,-610.3016921114636
RGI60-13.48150,2009,668.9820977340302
RGI60-13.48150,2010,40.26518257739719
RGI60-13.48150,2011,-258.73157777823127
RGI60-13.48150,2012,-191.42787654344338
RGI60-13.48150,2013,337.438918360777
RGI60-13.48150,2014,282.5736079182453
RGI60-13.48150,2015,489.28580645553575
RGI60-13.48150,2016,-101.91592958924362
RGI60-13.48150,2017,-8.393664831387403
RGI60-13.48150,2018,87.93834177858803
RGI60-13.48150,2019,158.09832113521645
RGI60-13.48151,1901,352.00911125624464
RGI60-13.48151,1902,475.294007797233
RGI60-13.48151,1903,644.6110127659015
RGI60-13.48151,1904,-313.25425580917323
RGI60-13.48151,1905,-102.58829670467648
RGI60-13.48151,1906,-352.809760129619
RGI60-13.48151,1907,377.2605115468967
RGI60-13.48151,1908,127.4281194145492
RGI60-13.48151,1909,-721.4099203415595
RGI60-13.48151,1910,-240.13088836150155
RGI60-13.48151,1911,640.646605742461
RGI60-13.48151,1912,248.35608271828923
RGI60-13.48151,1913,627.0539330724134
RGI60-13.48151,1914,200.6936938352264
RGI60-13.48151,1915,-676.7197257446658
RGI60-13.48151,1916,-270.15607604607425
RGI60-13.48151,1917,-195.23823684776832
RGI60-13.48151,1918,-437.0499566970939
RGI60-13.48151,1919,949.977513756776
RGI60-13.48151,1920,203.98954497728883
RGI60-13.48151,1921,66.89926562249822
RGI60-13.48151,1922,-401.4684697544675
RGI60-13.48151,1923,-498.6493812298956
RGI60-13.48151,1924,-471.8622326712905
RGI60-13.48151,1925,620.5049035618309
RGI60-13.48151,1926,519.5463474997044
RGI60-13.48151,1927,16.307443310561087
RGI60-13.48151,1928,461.4763076979927
RGI60-13.48151,1929,450.1440959908484
RGI60-13.48151,1930,872.1080299343524
RGI60-13.48151,1931,219.1689570023895
RGI60-13.48151,1932,175.1168645100255
RGI60-13.48151,1933,-386.63157038836437
RGI60-13.48151,1934,545.5799705591102
RGI60-13.48151,1935,-337.92868854280874
RGI60-13.48151,1936,234.1711436995665
RGI60-13.48151,1937,455.73153425502915
RGI60-13.48151,1938,414.3614795985997
RGI60-13.48151,1939,63.21054831497274
RGI60-13.48151,1940,-22.92386342278256
RGI60-13.48151,1941,289.3248312963419
RGI60-13.48151,1942,1773.9891054283091
RGI60-13.48151,1943,-679.8845000385968
RGI60-13.48151,1944,-469.6672166204613
RGI60-13.48151,1945,-765.4068869133857
RGI60-13.48151,1946,620.8047978121491
RGI60-13.48151,1947,270.64520085469786
RGI60-13.48151,1948,-516.0890741543335
RGI60-13.48151,1949,301.8567919548489
RGI60-13.48151,1950,-501.79334108905044
RGI60-13.48151,1951,-37.609477447401694
RGI60-13.48151,1952,87.82918663772193
RGI60-13.48151,1953,334.69482797637653
RGI60-13.48151,1954,633.0559631406512
RGI60-13.48151,1955,-40.8433437256601
RGI60-13.48151,1956,60.733418186513525
RGI60-13.48151,1957,107.85756687114473
RGI60-13.48151,1958,886.9419273927116
RGI60-13.48151,1959,888.2585976938549
RGI60-13.48151,1960,595.8036766328466
RGI60-13.48151,1961,378.56926191540566
RGI60-13.48151,1962,-722.0100242745156
RGI60-13.48151,1963,86.49957911625745
RGI60-13.48151,1964,141.09971825528075
RGI60-13.48151,1965,-424.70919606414753
RGI60-13.48151,1966,-48.462954968645306
RGI60-13.48151,1967,98.05979267708743
RGI60-13.48151,1968,-267.2424710223646
RGI60-13.48151,1969,237.86618905145556
RGI60-13.48151,1970,292.60572858534283
RGI60-13.48151,1971,385.4863704521839
RGI60-13.48151,1972,559.345788859139
RGI60-13.48151,1973,-259.03100976952766
RGI60-13.48151,1974,-867.2937215582339
RGI60-13.48151,1975,-243.67604558591808
RGI60-13.48151,1976,479.12063337098203
RGI60-13.48151,1977,-405.9512301159003
RGI60-13.48151,1978,179.75222474197165
RGI60-13.48151,1979,800.2525104468285
RGI60-13.48151,1980,93.39969007845303
RGI60-13.48151,1981,252.211895830074
RGI60-13.48151,1982,297.19810262182153
RGI60-13.48151,1983,89.0365393690061
RGI60-13.48151,1984,599.8265789538327
RGI60-13.48151,1985,109.629189844542
RGI60-13.48151,1986,42.754608079872426
RGI60-13.48151,1987,71.85666072119194
RGI60-13.48151,1988,868.5938006594092
RGI60-13.48151,1989,507.74911543265847
RGI60-13.48151,1990,316.0551939677892
RGI60-13.48151,1991,-120.44143591966943
RGI60-13.48151,1992,813.9639542996955
RGI60-13.48151,1993,794.0718194753508
RGI60-13.48151,1994,304.65644850011034
RGI60-13.48151,1995,30.86941054362793
RGI60-13.48151,1996,421.3246875633222
RGI60-13.48151,1997,-247.48134583662966
RGI60-13.48151,1998,-22.791838489908184
RGI60-13.48151,1999,-75.61087672036658
RGI60-13.48151,2000,-202.97376913148847
RGI60-13.48151,2001,-574.0349137344358
RGI60-13.48151,2002,-256.72035450088305
RGI60-13.48151,2003,721.2071020835929
RGI60-13.48151,2004,1.5287374819562778
RGI60-13.48151,2005,-130.64811465274772
RGI60-13.48151,2006,-369.5750469062231
RGI60-13.48151,2007,-51.258827113827294
RGI60-13.48151,2008,-758.5573072168586
RGI60-13.48151,2009,418.5298569913084
RGI60-13.48151,2010,-153.86941416266083
RGI60-13.48151,2011,-403.0127699782915
RGI60-13.48151,2012,-391.5440753747817
RGI60-13.48151,2013,206.31201867966794
RGI60-13.48151,2014,74.28056072700981
RGI60-13.48151,2015,58.68806029783928
RGI60-13.48151,2016,-209.77407546978085
RGI60-13.48151,2017,-309.0172411747294
RGI60-13.48151,2018,-168.41805146286725
RGI60-13.48151,2019,-221.14237538182186
RGI60-13.48152,1901,-53.29418346761681
RGI60-13.48152,1902,-15.595308565369974
RGI60-13.48152,1903,195.24950493454708
RGI60-13.48152,1904,-868.4080408840003
RGI60-13.48152,1905,-606.791353574595
RGI60-13.48152,1906,-949.522790517477
RGI60-13.48152,1907,22.714488110082744
RGI60-13.48152,1908,-294.179750663477
RGI60-13.48152,1909,-1166.3531085507777
RGI60-13.48152,1910,-726.2923263224609
RGI60-13.48152,1911,154.1546318179186
RGI60-13.48152,1912,-246.36589118186197
RGI60-13.48152,1913,136.87756349534226
RGI60-13.48152,1914,-278.77747869539553
RGI60-13.48152,1915,-1170.3821822438626
RGI60-13.48152,1916,-807.2650268540515
RGI60-13.48152,1917,-729.4734087233205
RGI60-13.48152,1918,-872.6001805324609
RGI60-13.48152,1919,604.9801186769976
RGI60-13.48152,1920,-312.23349404924113
RGI60-13.48152,1921,-310.0059566472586
RGI60-13.48152,1922,-893.8382770460199
RGI60-13.48152,1923,-871.8341392036923
RGI60-13.48152,1924,-760.430106895474
RGI60-13.48152,1925,289.4541791900655
RGI60-13.48152,1926,95.24797930640372
RGI60-13.48152,1927,-236.975262919982
RGI60-13.48152,1928,11.103828085238737
RGI60-13.48152,1929,30.207627773750335
RGI60-13.48152,1930,537.336777418814
RGI60-13.48152,1931,-259.2853793837806
RGI60-13.48152,1932,-12.521925498462819
RGI60-13.48152,1933,-787.9146455888144
RGI60-13.48152,1934,-26.56159710540609
RGI60-13.48152,1935,-836.0730081443598
RGI60-13.48152,1936,-141.55133672380646
RGI60-13.48152,1937,124.73869256605151
RGI60-13.48152,1938,97.1690743779446
RGI60-13.48152,1939,-331.94528386376317
RGI60-13.48152,1940,-499.33256426499145
RGI60-13.48152,1941,-217.96167123228216
RGI60-13.48152,1942,1322.6314328446715
RGI60-13.48152,1943,-985.028501518168
RGI60-13.48152,1944,-916.9886397177413
RGI60-13.48152,1945,-1274.481832250453
RGI60-13.48152,1946,377.8221034880161
RGI60-13.48152,1947,-140.5717773775097
RGI60-13.48152,1948,-814.1753513680183
RGI60-13.48152,1949,-91.07416886941736
RGI60-13.48152,1950,-925.5103827797373
RGI60-13.48152,1951,-594.6149530410754
RGI60-13.48152,1952,-182.89102023505865
RGI60-13.48152,1953,-146.10840055871702
RGI60-13.48152,1954,247.97804903051838
RGI60-13.48152,1955,-526.2242415114105
RGI60-13.48152,1956,-76.53810203205373
RGI60-13.48152,1957,-408.46228608928317
RGI60-13.48152,1958,671.0763539473918
RGI60-13.48152,1959,346.0837201522302
RGI60-13.48152,1960,224.83060701185317
RGI60-13.48152,1961,-87.95811111935059
RGI60-13.48152,1962,-1159.2052661254065
RGI60-13.48152,1963,-417.0776075556143
RGI60-13.48152,1964,-309.06138754236434
RGI60-13.48152,1965,-950.6806863673982
RGI60-13.48152,1966,-602.9937821281659
RGI60-13.48152,1967,-392.21788046577484
RGI60-13.48152,1968,-773.1578015173708
RGI60-13.48152,1969,-83.35320826300624
RGI60-13.48152,1970,-237.07812451637346
RGI60-13.48152,1971,-150.4551944978674
RGI60-13.48152,1972,-10.65798077769615
RGI60-13.48152,1973,-679.8926702778862
RGI60-13.48152,1974,-1322.8707030558508
RGI60-13.48152,1975,-628.396878436169
RGI60-13.48152,1976,17.897436133341344
RGI60-13.48152,1977,-898.9461615553726
RGI60-13.48152,1978,-198.51937068512223
RGI60-13.48152,1979,389.994828080655
RGI60-13.48152,1980,-216.0989569136584
RGI60-13.48152,1981,-275.8302575755588
RGI60-13.48152,1982,-243.88845487925215
RGI60-13.48152,1983,-174.80888082357072
RGI60-13.48152,1984,211.85194457666782
RGI60-13.48152,1985,-208.84312726619692
RGI60-13.48152,1986,-188.0304661469967
RGI60-13.48152,1987,-97.59913206725196
RGI60-13.48152,1988,396.37578307495465
RGI60-13.48152,1989,139.73583306034664
RGI60-13.48152,1990,-238.26821937437506
RGI60-13.48152,1991,-662.1505418597555
RGI60-13.48152,1992,347.1527132181739
RGI60-13.48152,1993,389.7501364114512
RGI60-13.48152,1994,-136.55607870076977
RGI60-13.48152,1995,-491.83138922281574
RGI60-13.48152,1996,-74.58904878627445
RGI60-13.48152,1997,-761.2958549807771
RGI60-13.48152,1998,-523.7059221072972
RGI60-13.48152,1999,-535.7943614566377
RGI60-13.48152,2000,-390.812554742228
RGI60-13.48152,2001,-994.4926613746383
RGI60-13.48152,2002,-680.2566131294088
RGI60-13.48152,2003,67.36640581987392
RGI60-13.48152,2004,-471.7885242648189
RGI60-13.48152,2005,-655.5586468267404
RGI60-13.48152,2006,-770.0372144806917
RGI60-13.48152,2007,-574.3187706938778
RGI60-13.48152,2008,-1220.6296047841975
RGI60-13.48152,2009,7.81718149030383
RGI60-13.48152,2010,-588.2699573536966
RGI60-13.48152,2011,-833.4384988597627
RGI60-13.48152,2012,-791.2075083328709
RGI60-13.48152,2013,-275.3515617150755
RGI60-13.48152,2014,-355.1721250463284
RGI60-13.48152,2015,-306.8712886866514
RGI60-13.48152,2016,-787.14331565039
RGI60-13.48152,2017,-708.7759247169266
RGI60-13.48152,2018,-558.787513696624
RGI60-13.48152,2019,-544.2713029552423
RGI60-13.48153,1901,19.89462821323191
RGI60-13.48153,1902,32.0187615517811
RGI60-13.48153,1903,287.48539389181695
RGI60-13.48153,1904,-829.4119793319643
RGI60-13.48153,1905,-544.4699619377956
RGI60-13.48153,1906,-935.2479358879217
RGI60-13.48153,1907,101.95563989944898
RGI60-13.48153,1908,-241.30682318733278
RGI60-13.48153,1909,-1112.459960712976
RGI60-13.48153,1910,-694.0451720801359
RGI60-13.48153,1911,247.0921612409274
RGI60-13.48153,1912,-163.48099723612043
RGI60-13.48153,1913,248.11284990698948
RGI60-13.48153,1914,-199.74865298961066
RGI60-13.48153,1915,-1163.766980916543
RGI60-13.48153,1916,-779.7654268716059
RGI60-13.48153,1917,-665.2438050722828
RGI60-13.48153,1918,-847.3499716633805
RGI60-13.48153,1919,713.0876052104738
RGI60-13.48153,1920,-278.03193731268493
RGI60-13.48153,1921,-252.41713979184777
RGI60-13.48153,1922,-864.8251430744709
RGI60-13.48153,1923,-834.142284790643
RGI60-13.48153,1924,-694.3642762397388
RGI60-13.48153,1925,360.9715863255274
RGI60-13.48153,1926,194.84931395758392
RGI60-13.48153,1927,-189.52961133813577
RGI60-13.48153,1928,92.00253157763926
RGI60-13.48153,1929,131.1256902453273
RGI60-13.48153,1930,647.8176967113892
RGI60-13.48153,1931,-228.44950663924237
RGI60-13.48153,1932,83.72339544703337
RGI60-13.48153,1933,-750.6704265413723
RGI60-13.48153,1934,60.90082616621518
RGI60-13.48153,1935,-831.2856587284895
RGI60-13.48153,1936,-39.90200224493246
RGI60-13.48153,1937,238.41328115617603
RGI60-13.48153,1938,179.5596306468624
RGI60-13.48153,1939,-264.4749012121949
RGI60-13.48153,1940,-438.1327532712289
RGI60-13.48153,1941,-195.20065063583925
RGI60-13.48153,1942,1421.6251300356505
RGI60-13.48153,1943,-930.3189075169208
RGI60-13.48153,1944,-894.7478455763887
RGI60-13.48153,1945,-1227.2460484979135
RGI60-13.48153,1946,479.8435359863031
RGI60-13.48153,1947,-54.69783123391205
RGI60-13.48153,1948,-750.0032892135881
RGI60-13.48153,1949,-13.636602883065247
RGI60-13.48153,1950,-864.2834602447126
RGI60-13.48153,1951,-491.0496077334316
RGI60-13.48153,1952,-137.87487050994147
RGI60-13.48153,1953,-12.778870007194076
RGI60-13.48153,1954,318.94301899938785
RGI60-13.48153,1955,-515.4473697593763
RGI60-13.48153,1956,-17.42987231735741
RGI60-13.48153,1957,-364.98444366662716
RGI60-13.48153,1958,764.7967969171184
RGI60-13.48153,1959,517.7728822705144
RGI60-13.48153,1960,311.72440199239657
RGI60-13.48153,1961,1.5620381679568827
RGI60-13.48153,1962,-1098.0497355021007
RGI60-13.48153,1963,-334.9528736189187
RGI60-13.48153,1964,-260.03692394243535
RGI60-13.48153,1965,-879.6576673523386
RGI60-13.48153,1966,-553.0774515677268
RGI60-13.48153,1967,-313.59616309525177
RGI60-13.48153,1968,-728.5161166989866
RGI60-13.48153,1969,14.3320115636986
RGI60-13.48153,1970,-181.7783386797733
RGI60-13.48153,1971,-107.05817117690829
RGI60-13.48153,1972,88.27064311005897
RGI60-13.48153,1973,-630.5235285577096
RGI60-13.48153,1974,-1271.9129074083432
RGI60-13.48153,1975,-560.8386012097538
RGI60-13.48153,1976,106.96036108349095
RGI60-13.48153,1977,-854.8260906241665
RGI60-13.48153,1978,-84.8646753629679
RGI60-13.48153,1979,497.7928054205755
RGI60-13.48153,1980,-143.83577220366402
RGI60-13.48153,1981,-234.1432946686936
RGI60-13.48153,1982,-173.31627064294378
RGI60-13.48153,1983,-110.54377245200921
RGI60-13.48153,1984,322.94374648057607
RGI60-13.48153,1985,-136.15743755281125
RGI60-13.48153,1986,-112.38597240431356
RGI60-13.48153,1987,-71.67418834579124
RGI60-13.48153,1988,521.3402349023963
RGI60-13.48153,1989,221.2153307872485
RGI60-13.48153,1990,-199.92367077407633
RGI60-13.48153,1991,-598.5070592470664
RGI60-13.48153,1992,453.95403440907654
RGI60-13.48153,1993,524.8991364133407
RGI60-13.48153,1994,-85.5829496024184
RGI60-13.48153,1995,-460.8614001281548
RGI60-13.48153,1996,-34.18199947443528
RGI60-13.48153,1997,-704.5890159862995
RGI60-13.48153,1998,-536.518315698931
RGI60-13.48153,1999,-487.05477170257643
RGI60-13.48153,2000,-297.89974235980156
RGI60-13.48153,2001,-968.7080881579366
RGI60-13.48153,2002,-632.5254422398295
RGI60-13.48153,2003,147.16224767769208
RGI60-13.48153,2004,-429.07392708340683
RGI60-13.48153,2005,-584.8350943477683
RGI60-13.48153,2006,-735.4606931563342
RGI60-13.48153,2007,-572.9966612133045
RGI60-13.48153,2008,-1160.987891012017
RGI60-13.48153,2009,84.24546873889645
RGI60-13.48153,2010,-552.5971688883669
RGI60-13.48153,2011,-822.9565218462232
RGI60-13.48153,2012,-771.8861574291104
RGI60-13.48153,2013,-227.42949901477547
RGI60-13.48153,2014,-302.44584484874224
RGI60-13.48153,2015,-227.14332650703017
RGI60-13.48153,2016,-753.7291630908401
RGI60-13.48153,2017,-656.4119307340025
RGI60-13.48153,2018,-546.3555639495136
RGI60-13.48153,2019,-459.9650005375853
RGI60-13.48154,1901,263.2132756443901
RGI60-13.48154,1902,359.6824964804916
RGI60-13.48154,1903,540.2149074772035
RGI60-13.48154,1904,-421.1271147475903
RGI60-13.48154,1905,-198.55448572554866
RGI60-13.48154,1906,-470.03870374061927
RGI60-13.48154,1907,300.63837226168613
RGI60-13.48154,1908,38.468246395500145
RGI60-13.48154,1909,-787.2054847827183
RGI60-13.48154,1910,-334.03938246580185
RGI60-13.48154,1911,515.9008740126051
RGI60-13.48154,1912,135.97380564467664
RGI60-13.48154,1913,513.5087454049801
RGI60-13.48154,1914,97.2378054891203
RGI60-13.48154,1915,-757.5935337986095
RGI60-13.48154,1916,-377.47877172034686
RGI60-13.48154,1917,-290.02136099960086
RGI60-13.48154,1918,-513.944120791235
RGI60-13.48154,1919,862.4827502022243
RGI60-13.48154,1920,88.3655727297756
RGI60-13.48154,1921,-7.280651652417634
RGI60-13.48154,1922,-497.1759566518266
RGI60-13.48154,1923,-560.7093556170947
RGI60-13.48154,1924,-504.93752235744734
RGI60-13.48154,1925,532.4197679100727
RGI60-13.48154,1926,423.32440338931013
RGI60-13.48154,1927,-30.359063299140807
RGI60-13.48154,1928,348.95735437827136
RGI60-13.48154,1929,348.4953285952055
RGI60-13.48154,1930,780.1180602764675
RGI60-13.48154,1931,111.57700023621844
RGI60-13.48154,1932,151.54662180395434
RGI60-13.48154,1933,-458.6573131124738
RGI60-13.48154,1934,404.00946280308943
RGI60-13.48154,1935,-432.4446767261831
RGI60-13.48154,1936,153.6052605132268
RGI60-13.48154,1937,383.2318990453245
RGI60-13.48154,1938,341.7663088656434
RGI60-13.48154,1939,-19.079544770966915
RGI60-13.48154,1940,-115.52984209036536
RGI60-13.48154,1941,172.7278508680483
RGI60-13.48154,1942,1626.7996682499304
RGI60-13.48154,1943,-711.4973256326847
RGI60-13.48154,1944,-548.8212107121383
RGI60-13.48154,1945,-840.5010179837333
RGI60-13.48154,1946,560.594895155321
RGI60-13.48154,1947,178.3749581453351
RGI60-13.48154,1948,-555.5219630488695
RGI60-13.48154,1949,211.1316310662554
RGI60-13.48154,1950,-571.3592351535561
RGI60-13.48154,1951,-144.90306949776496
RGI60-13.48154,1952,36.368196798162366
RGI60-13.48154,1953,234.33209761668863
RGI60-13.48154,1954,532.1999962727398
RGI60-13.48154,1955,-142.1491826320631
RGI60-13.48154,1956,32.07802668332251
RGI60-13.48154,1957,-6.906429068675716
RGI60-13.48154,1958,822.9730226518865
RGI60-13.48154,1959,758.5598269635549
RGI60-13.48154,1960,503.42606592732955
RGI60-13.48154,1961,265.21128650552134
RGI60-13.48154,1962,-776.7777761934992
RGI60-13.48154,1963,-22.126752828717702
RGI60-13.48154,1964,41.028009430756214
RGI60-13.48154,1965,-508.6507490059446
RGI60-13.48154,1966,-154.60861667094568
RGI60-13.48154,1967,-4.5755214265470565
RGI60-13.48154,1968,-361.90624698516615
RGI60-13.48154,1969,175.1757402745438
RGI60-13.48154,1970,169.87804297434965
RGI60-13.48154,1971,253.15416594014388
RGI60-13.48154,1972,416.85989329801714
RGI60-13.48154,1973,-339.9544514581651
RGI60-13.48154,1974,-924.4661073365094
RGI60-13.48154,1975,-307.91584247482325
RGI60-13.48154,1976,371.04986647248353
RGI60-13.48154,1977,-489.85947430728277
RGI60-13.48154,1978,103.88800297239418
RGI60-13.48154,1979,697.0649501270605
RGI60-13.48154,1980,35.472887061549656
RGI60-13.48154,1981,128.3079629020006
RGI60-13.48154,1982,172.60302984743836
RGI60-13.48154,1983,41.269004149045486
RGI60-13.48154,1984,508.1457836534658
RGI60-13.48154,1985,49.09279172960544
RGI60-13.48154,1986,6.271338472652649
RGI60-13.48154,1987,42.00532976409595
RGI60-13.48154,1988,747.0876623321358
RGI60-13.48154,1989,425.67177640796115
RGI60-13.48154,1990,183.88048053117302
RGI60-13.48154,1991,-225.39430928445523
RGI60-13.48154,1992,692.1506602005123
RGI60-13.48154,1993,697.4815084238235
RGI60-13.48154,1994,201.13000179258063
RGI60-13.48154,1995,-82.96824200978683
RGI60-13.48154,1996,305.8914257191937
RGI60-13.48154,1997,-341.76483198549573
RGI60-13.48154,1998,-124.2135650272011
RGI60-13.48154,1999,-162.4265612580839
RGI60-13.48154,2000,-208.0931876138257
RGI60-13.48154,2001,-634.1906693952052
RGI60-13.48154,2002,-325.5684865028828
RGI60-13.48154,2003,562.408834277334
RGI60-13.48154,2004,-93.29677323511437
RGI60-13.48154,2005,-227.67573812077165
RGI60-13.48154,2006,-436.9939138357126
RGI60-13.48154,2007,-153.29850816784364
RGI60-13.48154,2008,-819.3158020653206
RGI60-13.48154,2009,319.8795026865315
RGI60-13.48154,2010,-237.7874541148292
RGI60-13.48154,2011,-476.1580098897714
RGI60-13.48154,2012,-457.50903954170013
RGI60-13.48154,2013,97.39553146384945
RGI60-13.48154,2014,-17.111076864466106
RGI60-13.48154,2015,-9.45277144113395
RGI60-13.48154,2016,-311.22215626844036
RGI60-13.48154,2017,-374.4969167774691
RGI60-13.48154,2018,-242.8248001653875
RGI60-13.48154,2019,-272.6885644278434
RGI60-13.48155,1901,113.70234448895191
RGI60-13.48155,1902,173.0929175915171
RGI60-13.48155,1903,376.3701427635878
RGI60-13.48155,1904,-665.9002029869969
RGI60-13.48155,1905,-407.0560923824897
RGI60-13.48155,1906,-746.5719497573995
RGI60-13.48155,1907,182.25330030978645
RGI60-13.48155,1908,-126.69893784663262
RGI60-13.48155,1909,-970.2970520460588
RGI60-13.48155,1910,-543.4358085874097
RGI60-13.48155,1911,349.0783462376206
RGI60-13.48155,1912,-52.44737206840579
RGI60-13.48155,1913,340.0591233617215
RGI60-13.48155,1914,-86.76030001457337
RGI60-13.48155,1915,-996.666401488209
RGI60-13.48155,1916,-618.9659787775935
RGI60-13.48155,1917,-527.3770225700541
RGI60-13.48155,1918,-702.8596577017188
RGI60-13.48155,1919,768.615014011876
RGI60-13.48155,1920,-124.58072689048502
RGI60-13.48155,1921,-151.8224981596914
RGI60-13.48155,1922,-714.7328464927804
RGI60-13.48155,1923,-708.4540556040115
RGI60-13.48155,1924,-612.4716231724975
RGI60-13.48155,1925,424.0626307417244
RGI60-13.48155,1926,275.09829583758307
RGI60-13.48155,1927,-112.33823997118255
RGI60-13.48155,1928,197.71963507591315
RGI60-13.48155,1929,213.7108767083425
RGI60-13.48155,1930,696.8516162307649
RGI60-13.48155,1931,-88.14536771291841
RGI60-13.48155,1932,101.69156461376863
RGI60-13.48155,1933,-621.5890060382675
RGI60-13.48155,1934,187.56926930037088
RGI60-13.48155,1935,-660.094584541066
RGI60-13.48155,1936,26.74954230411971
RGI60-13.48155,1937,281.63361272452084
RGI60-13.48155,1938,241.91874203165767
RGI60-13.48155,1939,-153.81021442541228
RGI60-13.48155,1940,-299.71205453418486
RGI60-13.48155,1941,-37.21397795002568
RGI60-13.48155,1942,1512.668706560639
RGI60-13.48155,1943,-833.9472447798464
RGI60-13.48155,1944,-747.3838530673457
RGI60-13.48155,1945,-1065.2977205700506
RGI60-13.48155,1946,510.44824688915554
RGI60-13.48155,1947,27.495788958518656
RGI60-13.48155,1948,-658.009168665064
RGI60-13.48155,1949,88.77235140067978
RGI60-13.48155,1950,-741.5736254632034
RGI60-13.48155,1951,-364.5811017222656
RGI60-13.48155,1952,-59.29763506943544
RGI60-13.48155,1953,79.97915216168924
RGI60-13.48155,1954,400.7505922602476
RGI60-13.48155,1955,-352.80879793392586
RGI60-13.48155,1956,24.978276480077884
RGI60-13.48155,1957,-219.2134378268746
RGI60-13.48155,1958,780.7073926349673
RGI60-13.48155,1959,585.8023013554115
RGI60-13.48155,1960,374.1594050669335
RGI60-13.48155,1961,101.60748683395069
RGI60-13.48155,1962,-959.4540756605868
RGI60-13.48155,1963,-210.98249298225394
RGI60-13.48155,1964,-132.67002729199115
RGI60-13.48155,1965,-734.0683780477281
RGI60-13.48155,1966,-390.43284007646866
RGI60-13.48155,1967,-200.33837911926204
RGI60-13.48155,1968,-584.2880214760578
RGI60-13.48155,1969,72.0683933504068
RGI60-13.48155,1970,-45.54942311461844
RGI60-13.48155,1971,38.51648908732877
RGI60-13.48155,1972,206.16650742613086
RGI60-13.48155,1973,-502.86652047896797
RGI60-13.48155,1974,-1116.5762270781534
RGI60-13.48155,1975,-456.3251396181691
RGI60-13.48155,1976,205.24052878865453
RGI60-13.48155,1977,-700.8505513849633
RGI60-13.48155,1978,-11.970323675645346
RGI60-13.48155,1979,561.5154169844982
RGI60-13.48155,1980,-72.89945572611236
RGI60-13.48155,1981,-93.20605568852136
RGI60-13.48155,1982,-40.216112848971996
RGI60-13.48155,1983,-46.19662056652722
RGI60-13.48155,1984,385.50151994119506
RGI60-13.48155,1985,-68.33398088419655
RGI60-13.48155,1986,-60.706039312991194
RGI60-13.48155,1987,-8.961280862452849
RGI60-13.48155,1988,598.8569797342363
RGI60-13.48155,1989,293.3358984109463
RGI60-13.48155,1990,-46.62453505183303
RGI60-13.48155,1991,-452.5077364683733
RGI60-13.48155,1992,542.0513297992616
RGI60-13.48155,1993,573.871175051727
RGI60-13.48155,1994,36.4142051209694
RGI60-13.48155,1995,-309.19914914042545
RGI60-13.48155,1996,101.86732104505167
RGI60-13.48155,1997,-559.8028903098784
RGI60-13.48155,1998,-352.97374333177044
RGI60-13.48155,1999,-342.88263022707383
RGI60-13.48155,2000,-252.6883259069257
RGI60-13.48155,2001,-820.6687047121831
RGI60-13.48155,2002,-486.8158869040987
RGI60-13.48155,2003,303.62559608233585
RGI60-13.48155,2004,-291.2073178322844
RGI60-13.48155,2005,-433.39499275203696
RGI60-13.48155,2006,-600.2023179363069
RGI60-13.48155,2007,-398.39639542510184
RGI60-13.48155,2008,-1013.6732350011491
RGI60-13.48155,2009,179.41381652491245
RGI60-13.48155,2010,-412.8435802054032
RGI60-13.48155,2011,-667.9392914607636
RGI60-13.48155,2012,-627.9088081633486
RGI60-13.48155,2013,-90.57952434236202
RGI60-13.48155,2014,-181.03845996908754
RGI60-13.48155,2015,-112.78760236529477
RGI60-13.48155,2016,-569.963221328721
RGI60-13.48155,2017,-518.8598957654772
RGI60-13.48155,2018,-402.59931070421464
RGI60-13.48155,2019,-365.51277099276973
RGI60-13.48156,1901,-35.679346031947205
RGI60-13.48156,1902,-10.088347407189659
RGI60-13.48156,1903,224.89903543147537
RGI60-13.48156,1904,-776.4672100242701
RGI60-13.48156,1905,-529.0775822057337
RGI60-13.48156,1906,-836.4262673176094
RGI60-13.48156,1907,14.645962701347273
RGI60-13.48156,1908,-261.53391850550383
RGI60-13.48156,1909,-1099.2044388952131
RGI60-13.48156,1910,-655.4163199037883
RGI60-13.48156,1911,169.08545592541722
RGI60-13.48156,1912,-177.95210339441272
RGI60-13.48156,1913,176.25732613945286
RGI60-13.48156,1914,-228.8450453748696
RGI60-13.48156,1915,-1071.8558849314727
RGI60-13.48156,1916,-713.0122164482312
RGI60-13.48156,1917,-614.1867741635145
RGI60-13.48156,1918,-823.3094972539827
RGI60-13.48156,1919,568.5601330117818
RGI60-13.48156,1920,-277.6204671740232
RGI60-13.48156,1921,-291.8587230627062
RGI60-13.48156,1922,-805.568368750465
RGI60-13.48156,1923,-850.2490131342607
RGI60-13.48156,1924,-737.6079711033083
RGI60-13.48156,1925,289.4446290018816
RGI60-13.48156,1926,129.24234334309568
RGI60-13.48156,1927,-248.93130402663084
RGI60-13.48156,1928,16.628443568058195
RGI60-13.48156,1929,49.517843519741895
RGI60-13.48156,1930,502.95536901979483
RGI60-13.48156,1931,-235.6181028433155
RGI60-13.48156,1932,-14.12942854233527
RGI60-13.48156,1933,-743.2695027419378
RGI60-13.48156,1934,30.462196138837587
RGI60-13.48156,1935,-767.3619893655738
RGI60-13.48156,1936,-106.936680101123
RGI60-13.48156,1937,137.5599700647163
RGI60-13.48156,1938,103.08224545995009
RGI60-13.48156,1939,-330.6778800523328
RGI60-13.48156,1940,-476.6784774329204
RGI60-13.48156,1941,-194.35421441175774
RGI60-13.48156,1942,1210.055564408591
RGI60-13.48156,1943,-946.9583224648675
RGI60-13.48156,1944,-858.609364139913
RGI60-13.48156,1945,-1193.8783466874377
RGI60-13.48156,1946,346.5829821902159
RGI60-13.48156,1947,-99.52869035581715
RGI60-13.48156,1948,-801.9367597836203
RGI60-13.48156,1949,-109.25776575409736
RGI60-13.48156,1950,-867.672683605123
RGI60-13.48156,1951,-523.8181870515916
RGI60-13.48156,1952,-187.05180857213315
RGI60-13.48156,1953,-137.26326208176872
RGI60-13.48156,1954,264.58233339658204
RGI60-13.48156,1955,-488.8057459199454
RGI60-13.48156,1956,-136.36674749913075
RGI60-13.48156,1957,-356.4841646841219
RGI60-13.48156,1958,627.0878163397746
RGI60-13.48156,1959,383.24696684043687
RGI60-13.48156,1960,241.57670336933683
RGI60-13.48156,1961,-46.518447855994715
RGI60-13.48156,1962,-1105.243993461342
RGI60-13.48156,1963,-363.97032157326106
RGI60-13.48156,1964,-280.4000346306879
RGI60-13.48156,1965,-868.9419780577044
RGI60-13.48156,1966,-536.7852305926677
RGI60-13.48156,1967,-320.36809124821326
RGI60-13.48156,1968,-694.4655314309226
RGI60-13.48156,1969,-65.40006176549656
RGI60-13.48156,1970,-174.57095231878085
RGI60-13.48156,1971,-108.1264912042245
RGI60-13.48156,1972,48.66178444013387
RGI60-13.48156,1973,-642.6696509793304
RGI60-13.48156,1974,-1260.3996831489167
RGI60-13.48156,1975,-588.6121027181573
RGI60-13.48156,1976,41.383759535280646
RGI60-13.48156,1977,-830.1477810973121
RGI60-13.48156,1978,-181.27501274683672
RGI60-13.48156,1979,385.9031740492014
RGI60-13.48156,1980,-208.15328574866953
RGI60-13.48156,1981,-224.56845594706135
RGI60-13.48156,1982,-192.97128432806542
RGI60-13.48156,1983,-181.89825463932092
RGI60-13.48156,1984,212.17461185652414
RGI60-13.48156,1985,-191.63071447109985
RGI60-13.48156,1986,-210.20792093000586
RGI60-13.48156,1987,-147.85208771978884
RGI60-13.48156,1988,408.2899744220456
RGI60-13.48156,1989,148.28989791337548
RGI60-13.48156,1990,-186.86414180490715
RGI60-13.48156,1991,-591.7362365630325
RGI60-13.48156,1992,363.2698486719857
RGI60-13.48156,1993,407.1991817943018
RGI60-13.48156,1994,-125.23944408790554
RGI60-13.48156,1995,-428.8328373664522
RGI60-13.48156,1996,-37.83708434115889
RGI60-13.48156,1997,-683.5216161611136
RGI60-13.48156,1998,-476.20070746349165
RGI60-13.48156,1999,-511.62482325251926
RGI60-13.48156,2000,-417.6647561688871
RGI60-13.48156,2001,-943.3030540765413
RGI60-13.48156,2002,-676.9572982978294
RGI60-13.48156,2003,125.70177705414108
RGI60-13.48156,2004,-437.5068229166456
RGI60-13.48156,2005,-600.7692623946898
RGI60-13.48156,2006,-749.7530516997767
RGI60-13.48156,2007,-514.7720353202641
RGI60-13.48156,2008,-1163.6286245556444
RGI60-13.48156,2009,6.6711812690026395
RGI60-13.48156,2010,-567.0986183870447
RGI60-13.48156,2011,-794.2550529927278
RGI60-13.48156,2012,-767.580322065249
RGI60-13.48156,2013,-242.22049590509653
RGI60-13.48156,2014,-339.0881077461857
RGI60-13.48156,2015,-337.62332576525864
RGI60-13.48156,2016,-720.4332725440617
RGI60-13.48156,2017,-707.8952194919638
RGI60-13.48156,2018,-555.8335829164361
RGI60-13.48156,2019,-559.9978218786913
RGI60-13.48157,1901,-65.26663836423147
RGI60-13.48157,1902,-60.95736966125338
RGI60-13.48157,1903,194.2203442290635
RGI60-13.48157,1904,-939.1885391494504
RGI60-13.48157,1905,-651.2845074607009
RGI60-13.48157,1906,-1042.0649194869882
RGI60-13.48157,1907,23.036922859391368
RGI60-13.48157,1908,-324.6743176764439
RGI60-13.48157,1909,-1218.055942441518
RGI60-13.48157,1910,-788.5852276713738
RGI60-13.48157,1911,147.32023697480884
RGI60-13.48157,1912,-265.6882859356322
RGI60-13.48157,1913,142.51023986824816
RGI60-13.48157,1914,-300.320547544889
RGI60-13.48157,1915,-1255.7459796821845
RGI60-13.48157,1916,-878.6701193364479
RGI60-13.48157,1917,-773.893475395466
RGI60-13.48157,1918,-935.4178815939023
RGI60-13.48157,1919,636.7554896463315
RGI60-13.48157,1920,-373.6508748069289
RGI60-13.48157,1921,-333.24595526337146
RGI60-13.48157,1922,-959.0091705052694
RGI60-13.48157,1923,-918.8910815419802
RGI60-13.48157,1924,-773.4477812019143
RGI60-13.48157,1925,295.25927620090107
RGI60-13.48157,1926,103.00899599578669
RGI60-13.48157,1927,-249.90400664273167
RGI60-13.48157,1928,-2.174004919614281
RGI60-13.48157,1929,36.49370599773939
RGI60-13.48157,1930,570.3918404743853
RGI60-13.48157,1931,-313.5294371472882
RGI60-13.48157,1932,23.77661687773112
RGI60-13.48157,1933,-836.5137705911691
RGI60-13.48157,1934,-51.475207158925166
RGI60-13.48157,1935,-919.6234501262443
RGI60-13.48157,1936,-128.0754196361708
RGI60-13.48157,1937,156.31331016558303
RGI60-13.48157,1938,107.2054187385148
RGI60-13.48157,1939,-355.0349851501516
RGI60-13.48157,1940,-544.5785702465537
RGI60-13.48157,1941,-284.12048056252695
RGI60-13.48157,1942,1332.1716326898613
RGI60-13.48157,1943,-1011.563225154584
RGI60-13.48157,1944,-982.9522572805894
RGI60-13.48157,1945,-1337.953023492392
RGI60-13.48157,1946,414.19595517934283
RGI60-13.48157,1947,-142.36443435751409
RGI60-13.48157,1948,-832.6161370623525
RGI60-13.48157,1949,-104.56445263957976
RGI60-13.48157,1950,-960.1648915807657
RGI60-13.48157,1951,-613.6646251788768
RGI60-13.48157,1952,-197.8375146814956
RGI60-13.48157,1953,-130.2001671658074
RGI60-13.48157,1954,243.01106683375997
RGI60-13.48157,1955,-601.1392640296524
RGI60-13.48157,1956,-64.03057537194395
RGI60-13.48157,1957,-461.1188318167799
RGI60-13.48157,1958,711.3058423314743
RGI60-13.48157,1959,387.8126474309179
RGI60-13.48157,1960,233.64390658917682
RGI60-13.48157,1961,-96.15566335475432
RGI60-13.48157,1962,-1204.2438086178595
RGI60-13.48157,1963,-443.31953378150655
RGI60-13.48157,1964,-348.5058822535954
RGI60-13.48157,1965,-998.5116304588271
RGI60-13.48157,1966,-663.062592144737
RGI60-13.48157,1967,-413.2342141192032
RGI60-13.48157,1968,-826.3182582163369
RGI60-13.48157,1969,-66.08454877200175
RGI60-13.48157,1970,-282.1153069585149
RGI60-13.48157,1971,-202.94924022687272
RGI60-13.48157,1972,-24.00450842526492
RGI60-13.48157,1973,-721.9878767330437
RGI60-13.48157,1974,-1383.0881810744493
RGI60-13.48157,1975,-651.3287730821718
RGI60-13.48157,1976,8.447566968374073
RGI60-13.48157,1977,-958.1334752213966
RGI60-13.48157,1978,-180.85662704173598
RGI60-13.48157,1979,409.85685023610034
RGI60-13.48157,1980,-217.71749088774467
RGI60-13.48157,1981,-327.34588645934076
RGI60-13.48157,1982,-279.98089517161014
RGI60-13.48157,1983,-175.251297024812
RGI60-13.48157,1984,232.9475556793031
RGI60-13.48157,1985,-208.89937654941693
RGI60-13.48157,1986,-176.8297830260428
RGI60-13.48157,1987,-112.28328526760995
RGI60-13.48157,1988,417.81903183168544
RGI60-13.48157,1989,143.86370224275615
RGI60-13.48157,1990,-298.20210108408446
RGI60-13.48157,1991,-713.7134987303111
RGI60-13.48157,1992,352.6522166111793
RGI60-13.48157,1993,426.86473301443937
RGI60-13.48157,1994,-171.21035569753585
RGI60-13.48157,1995,-552.475436817154
RGI60-13.48157,1996,-123.31667197529443
RGI60-13.48157,1997,-808.7925691423652
RGI60-13.48157,1998,-617.8701938430127
RGI60-13.48157,1999,-584.8390650995084
RGI60-13.48157,2000,-366.6193281069673
RGI60-13.48157,2001,-1056.2094435027516
RGI60-13.48157,2002,-734.8633048036351
RGI60-13.48157,2003,20.033486983282188
RGI60-13.48157,2004,-523.3205695984708
RGI60-13.48157,2005,-702.2287480499193
RGI60-13.48157,2006,-823.5871305380541
RGI60-13.48157,2007,-659.7634527143333
RGI60-13.48157,2008,-1270.718744185499
RGI60-13.48157,2009,-1.9014785507932015
RGI60-13.48157,2010,-642.7708185087023
RGI60-13.48157,2011,-907.5608138698541
RGI60-13.48157,2012,-852.7738385385115
RGI60-13.48157,2013,-319.74930182647154
RGI60-13.48157,2014,-390.57346099711634
RGI60-13.48157,2015,-321.36007633993364
RGI60-13.48157,2016,-866.0407699956014
RGI60-13.48157,2017,-751.2216213881093
RGI60-13.48157,2018,-622.0119795062507
RGI60-13.48157,2019,-548.7586059623216
RGI60-13.48158,1901,476.29799116031006
RGI60-13.48158,1902,648.654166615121
RGI60-13.48158,1903,737.0840399883856
RGI60-13.48158,1904,-250.2523176108984
RGI60-13.48158,1905,-12.554414263325697
RGI60-13.48158,1906,-300.26003651248203
RGI60-13.48158,1907,538.4582958538615
RGI60-13.48158,1908,244.49026266445438
RGI60-13.48158,1909,-588.4407050046826
RGI60-13.48158,1910,-148.95334844126947
RGI60-13.48158,1911,732.1004027468466
RGI60-13.48158,1912,279.5944438283655
RGI60-13.48158,1913,714.6114855145578
RGI60-13.48158,1914,292.0279343714521
RGI60-13.48158,1915,-587.1357894807792
RGI60-13.48158,1916,-212.08838098711325
RGI60-13.48158,1917,-135.7214728487922
RGI60-13.48158,1918,-307.20578800042233
RGI60-13.48158,1919,1136.1386178352368
RGI60-13.48158,1920,329.1934625338894
RGI60-13.48158,1921,210.64599747408081
RGI60-13.48158,1922,-349.78150802304725
RGI60-13.48158,1923,-345.5556096317744
RGI60-13.48158,1924,-320.7176753445149
RGI60-13.48158,1925,701.0667340496663
RGI60-13.48158,1926,602.6987876757639
RGI60-13.48158,1927,181.0268371285531
RGI60-13.48158,1928,575.2180867049989
RGI60-13.48158,1929,533.2447938961158
RGI60-13.48158,1930,1007.3162879798809
RGI60-13.48158,1931,344.3154526096985
RGI60-13.48158,1932,307.75606283585336
RGI60-13.48158,1933,-268.54903631373406
RGI60-13.48158,1934,583.047042130538
RGI60-13.48158,1935,-218.43436968255102
RGI60-13.48158,1936,301.05652776196615
RGI60-13.48158,1937,544.275919290126
RGI60-13.48158,1938,521.833721547234
RGI60-13.48158,1939,228.14737170363168
RGI60-13.48158,1940,134.7203263931819
RGI60-13.48158,1941,437.45079173553324
RGI60-13.48158,1942,2021.4004644463866
RGI60-13.48158,1943,-536.3090579023007
RGI60-13.48158,1944,-354.01572744153
RGI60-13.48158,1945,-617.1996594805512
RGI60-13.48158,1946,764.4792380022564
RGI60-13.48158,1947,325.27155987070313
RGI60-13.48158,1948,-358.5507379978688
RGI60-13.48158,1949,470.53512544036
RGI60-13.48158,1950,-383.29157023556985
RGI60-13.48158,1951,56.168599281240056
RGI60-13.48158,1952,243.77896062571884
RGI60-13.48158,1953,494.5054615735561
RGI60-13.48158,1954,697.3618852663417
RGI60-13.48158,1955,104.51742362362683
RGI60-13.48158,1956,234.70739614172456
RGI60-13.48158,1957,198.60342766093603
RGI60-13.48158,1958,1005.5215406148856
RGI60-13.48158,1959,955.1427509561202
RGI60-13.48158,1960,655.082847212733
RGI60-13.48158,1961,429.7002361304858
RGI60-13.48158,1962,-543.5898942687852
RGI60-13.48158,1963,172.9004101090656
RGI60-13.48158,1964,255.033199159739
RGI60-13.48158,1965,-307.0272092466118
RGI60-13.48158,1966,97.25688783792262
RGI60-13.48158,1967,152.4676659612338
RGI60-13.48158,1968,-185.77156247718037
RGI60-13.48158,1969,348.77038319523325
RGI60-13.48158,1970,346.82757536072546
RGI60-13.48158,1971,456.6020052342177
RGI60-13.48158,1972,585.631635996816
RGI60-13.48158,1973,-138.76581324214445
RGI60-13.48158,1974,-691.6085410560262
RGI60-13.48158,1975,-108.75503371104344
RGI60-13.48158,1976,573.9711879180973
RGI60-13.48158,1977,-263.4137620334104
RGI60-13.48158,1978,305.9451207276656
RGI60-13.48158,1979,903.2862958172111
RGI60-13.48158,1980,226.7069357701689
RGI60-13.48158,1981,310.6424116841846
RGI60-13.48158,1982,372.6085207201787
RGI60-13.48158,1983,244.58465321169527
RGI60-13.48158,1984,716.3086603148029
RGI60-13.48158,1985,221.15560316719038
RGI60-13.48158,1986,214.6563073356438
RGI60-13.48158,1987,281.79563439893724
RGI60-13.48158,1988,966.2928173103434
RGI60-13.48158,1989,619.9725898532204
RGI60-13.48158,1990,388.59024328694966
RGI60-13.48158,1991,-22.261440290942538
RGI60-13.48158,1992,894.1752880605217
RGI60-13.48158,1993,873.606291981064
RGI60-13.48158,1994,444.87880443761907
RGI60-13.48158,1995,108.11749569497393
RGI60-13.48158,1996,531.8838796472188
RGI60-13.48158,1997,-142.32550238482958
RGI60-13.48158,1998,156.02191661254713
RGI60-13.48158,1999,113.11731766613804
RGI60-13.48158,2000,62.64387470394347
RGI60-13.48158,2001,-387.34995244763815
RGI60-13.48158,2002,-18.24133049459368
RGI60-13.48158,2003,793.4385190334204
RGI60-13.48158,2004,141.9489260352098
RGI60-13.48158,2005,26.14835606191638
RGI60-13.48158,2006,-195.63493376902403
RGI60-13.48158,2007,102.19406269993205
RGI60-13.48158,2008,-572.5025046596387
RGI60-13.48158,2009,543.7517141103936
RGI60-13.48158,2010,12.225874212453382
RGI60-13.48158,2011,-225.70873809118478
RGI60-13.48158,2012,-199.83852121106196
RGI60-13.48158,2013,322.78501672778106
RGI60-13.48158,2014,221.2997672628889
RGI60-13.48158,2015,308.5649154289269
RGI60-13.48158,2016,-30.695801518354575
RGI60-13.48158,2017,-86.91865600011013
RGI60-13.48158,2018,34.65764017019698
RGI60-13.48158,2019,3.231771744524718
RGI60-13.48197,1901,-632.622490915816
RGI60-13.48197,1902,-724.9574045132415
RGI60-13.48197,1903,-371.73209582408913
RGI60-13.48197,1904,-1444.8565738629704
RGI60-13.48197,1905,-1178.5758886702613
RGI60-13.48197,1906,-1529.0585602197189
RGI60-13.48197,1907,-579.513996047564
RGI60-13.48197,1908,-871.8621100330288
RGI60-13.48197,1909,-1758.925160017199
RGI60-13.48197,1910,-1291.343601857717
RGI60-13.48197,1911,-458.7950638445456
RGI60-13.48197,1912,-752.4986458450937
RGI60-13.48197,1913,-453.83145979856596
RGI60-13.48197,1914,-867.212762727282
RGI60-13.48197,1915,-1733.294325328681
RGI60-13.48197,1916,-1368.9135969634003
RGI60-13.48197,1917,-1297.4071362490317
RGI60-13.48197,1918,-1465.4644921963236
RGI60-13.48197,1919,-46.276757479025385
RGI60-13.48197,1920,-962.2102665339263
RGI60-13.48197,1921,-890.249860946273
RGI60-13.48197,1922,-1415.5990587133458
RGI60-13.48197,1923,-1462.0167156024404
RGI60-13.48197,1924,-1275.871274597117
RGI60-13.48197,1925,-178.83425609583873
RGI60-13.48197,1926,-440.00444427642043
RGI60-13.48197,1927,-743.5028290155924
RGI60-13.48197,1928,-603.0338153688589
RGI60-13.48197,1929,-515.74732017092
RGI60-13.48197,1930,-32.32785214612696
RGI60-13.48197,1931,-891.425502794721
RGI60-13.48197,1932,-438.4039680268885
RGI60-13.48197,1933,-1340.0801379554518
RGI60-13.48197,1934,-610.6497208399467
RGI60-13.48197,1935,-1451.3584121748997
RGI60-13.48197,1936,-625.1147978029665
RGI60-13.48197,1937,-360.1724296612825
RGI60-13.48197,1938,-395.89794645352634
RGI60-13.48197,1939,-960.4725672102664
RGI60-13.48197,1940,-1161.6984314100152
RGI60-13.48197,1941,-891.3394326855209
RGI60-13.48197,1942,494.89616932060517
RGI60-13.48197,1943,-1494.9871770541647
RGI60-13.48197,1944,-1497.5571428994954
RGI60-13.48197,1945,-1965.9954126327846
RGI60-13.48197,1946,-121.90655932885939
RGI60-13.48197,1947,-629.9533307206806
RGI60-13.48197,1948,-1346.7552908257196
RGI60-13.48197,1949,-731.6897524318521
RGI60-13.48197,1950,-1524.039125895802
RGI60-13.48197,1951,-1272.8966310272933
RGI60-13.48197,1952,-694.9952109383296
RGI60-13.48197,1953,-883.9133268809877
RGI60-13.48197,1954,-210.92109168133317
RGI60-13.48197,1955,-1173.5818855922823
RGI60-13.48197,1956,-514.3258374969091
RGI60-13.48197,1957,-1013.2968712041165
RGI60-13.48197,1958,247.8344776868998
RGI60-13.48197,1959,-301.11810062391913
RGI60-13.48197,1960,-249.25089262658912
RGI60-13.48197,1961,-618.1664648783996
RGI60-13.48197,1962,-1844.8110135944428
RGI60-13.48197,1963,-1012.3934129401737
RGI60-13.48197,1964,-901.2971929649037
RGI60-13.48197,1965,-1606.1187344136888
RGI60-13.48197,1966,-1323.2075181548103
RGI60-13.48197,1967,-950.5503076456909
RGI60-13.48197,1968,-1367.9829064426826
RGI60-13.48197,1969,-585.2648181055367
RGI60-13.48197,1970,-791.5600257833627
RGI60-13.48197,1971,-747.5805838486555
RGI60-13.48197,1972,-593.1507184696629
RGI60-13.48197,1973,-1253.10986332455
RGI60-13.48197,1974,-1999.8914288977553
RGI60-13.48197,1975,-1197.816750659604
RGI60-13.48197,1976,-569.5577986307965
RGI60-13.48197,1977,-1565.4191596490396
RGI60-13.48197,1978,-771.9720491095919
RGI60-13.48197,1979,-191.4386915499072
RGI60-13.48197,1980,-738.4441425838883
RGI60-13.48197,1981,-853.829024257164
RGI60-13.48197,1982,-855.0679416834496
RGI60-13.48197,1983,-695.5523281251511
RGI60-13.48197,1984,-365.66617178980533
RGI60-13.48197,1985,-710.6905183681421
RGI60-13.48197,1986,-712.195959015237
RGI60-13.48197,1987,-597.5991841850778
RGI60-13.48197,1988,-220.48380443242814
RGI60-13.48197,1989,-403.91849107681924
RGI60-13.48197,1990,-847.0725855092553
RGI60-13.48197,1991,-1284.441182880655
RGI60-13.48197,1992,-219.15841392169142
RGI60-13.48197,1993,-136.0342712574928
RGI60-13.48197,1994,-770.9538392678597
RGI60-13.48197,1995,-1089.3736510302936
RGI60-13.48197,1996,-691.791501101824
RGI60-13.48197,1997,-1397.7784602615668
RGI60-13.48197,1998,-1224.6452636615963
RGI60-13.48197,1999,-1227.730545450145
RGI60-13.48197,2000,-1025.1054893407877
RGI60-13.48197,2001,-1664.750428592256
RGI60-13.48197,2002,-1402.6464843901113
RGI60-13.48197,2003,-608.3662898906681
RGI60-13.48197,2004,-1113.5408584075492
RGI60-13.48197,2005,-1351.748610199684
RGI60-13.48197,2006,-1401.8562692027117
RGI60-13.48197,2007,-1252.604050296642
RGI60-13.48197,2008,-1931.9588897337956
RGI60-13.48197,2009,-594.9810203518564
RGI60-13.48197,2010,-1234.0128320832162
RGI60-13.48197,2011,-1479.2177949760082
RGI60-13.48197,2012,-1446.0539557860766
RGI60-13.48197,2013,-892.0949486638834
RGI60-13.48197,2014,-987.575455892668
RGI60-13.48197,2015,-1033.6426184520185
RGI60-13.48197,2016,-1552.760812972453
RGI60-13.48197,2017,-1420.5811667425876
RGI60-13.48197,2018,-1225.8308193769565
RGI60-13.48197,2019,-1222.671204648067
RGI60-13.48198,1901,337.61315865931556
RGI60-13.48198,1902,529.668134612964
RGI60-13.48198,1903,391.46301304371093
RGI60-13.48198,1904,-592.2906137257766
RGI60-13.48198,1905,-392.8860606156762
RGI60-13.48198,1906,-696.4464964065486
RGI60-13.48198,1907,497.985253508052
RGI60-13.48198,1908,118.01273000253786
RGI60-13.48198,1909,-780.87107926424
RGI60-13.48198,1910,-392.62683157568364
RGI60-13.48198,1911,457.72888721815076
RGI60-13.48198,1912,-160.05283492245974
RGI60-13.48198,1913,281.67702867570375
RGI60-13.48198,1914,-5.501477120335195
RGI60-13.48198,1915,-748.4760441363428
RGI60-13.48198,1916,-513.459873712498
RGI60-13.48198,1917,-536.3613169302511
RGI60-13.48198,1918,-367.87997862964943
RGI60-13.48198,1919,1030.7071063430246
RGI60-13.48198,1920,160.9568541930172
RGI60-13.48198,1921,171.58024289688308
RGI60-13.48198,1922,-596.1454358373031
RGI60-13.48198,1923,-303.28547129205333
RGI60-13.48198,1924,-293.07055690482196
RGI60-13.48198,1925,568.6068194904831
RGI60-13.48198,1926,256.92457166614014
RGI60-13.48198,1927,249.26456444207636
RGI60-13.48198,1928,393.4723264035472
RGI60-13.48198,1929,262.47792186913244
RGI60-13.48198,1930,913.6664842102355
RGI60-13.48198,1931,274.96997882862496
RGI60-13.48198,1932,284.5900863222839
RGI60-13.48198,1933,-343.94225319038657
RGI60-13.48198,1934,112.90884805134552
RGI60-13.48198,1935,-338.75390944294384
RGI60-13.48198,1936,48.397417868673685
RGI60-13.48198,1937,349.13898488221724
RGI60-13.48198,1938,383.75864815330317
RGI60-13.48198,1939,172.5225089974274
RGI60-13.48198,1940,-21.439016821886536
RGI60-13.48198,1941,348.2757608414398
RGI60-13.48198,1942,2055.680602404149
RGI60-13.48198,1943,-529.4643362530917
RGI60-13.48198,1944,-416.1037571020557
RGI60-13.48198,1945,-697.1473007505742
RGI60-13.48198,1946,715.3526266293234
RGI60-13.48198,1947,69.39943565734539
RGI60-13.48198,1948,-311.60522289813935
RGI60-13.48198,1949,428.6990071887317
RGI60-13.48198,1950,-475.97798702697486
RGI60-13.48198,1951,-273.4973188951075
RGI60-13.48198,1952,299.1192461337987
RGI60-13.48198,1953,311.32811515201644
RGI60-13.48198,1954,398.9284313245106
RGI60-13.48198,1955,47.50439915393507
RGI60-13.48198,1956,431.585512854999
RGI60-13.48198,1957,-37.26367482808099
RGI60-13.48198,1958,947.9372879598774
RGI60-13.48198,1959,452.3604791151718
RGI60-13.48198,1960,421.25730827601086
RGI60-13.48198,1961,87.13121359749498
RGI60-13.48198,1962,-570.8322587877337
RGI60-13.48198,1963,-175.35602466059305
RGI60-13.48198,1964,112.43217355148552
RGI60-13.48198,1965,-565.6842035581376
RGI60-13.48198,1966,-115.26128715181909
RGI60-13.48198,1967,-185.13625110692288
RGI60-13.48198,1968,-407.4242383604408
RGI60-13.48198,1969,179.50672839345967
RGI60-13.48198,1970,8.818493562624946
RGI60-13.48198,1971,202.1283722004934
RGI60-13.48198,1972,80.48958313655612
RGI60-13.48198,1973,-250.90685559122085
RGI60-13.48198,1974,-761.8150236786867
RGI60-13.48198,1975,-242.94418719049725
RGI60-13.48198,1976,309.14137099461396
RGI60-13.48198,1977,-398.8275315178121
RGI60-13.48198,1978,90.69192917564301
RGI60-13.48198,1979,710.3917859553828
RGI60-13.48198,1980,208.73807648496776
RGI60-13.48198,1981,60.661184520225135
RGI60-13.48198,1982,25.65117893299621
RGI60-13.48198,1983,315.8042893858083
RGI60-13.48198,1984,524.8452268184043
RGI60-13.48198,1985,176.20041698803666
RGI60-13.48198,1986,321.24061910845467
RGI60-13.48198,1987,571.9473727255495
RGI60-13.48198,1988,609.6773137377608
RGI60-13.48198,1989,477.84717444588944
RGI60-13.48198,1990,113.96543406890709
RGI60-13.48198,1991,-373.4905709119494
RGI60-13.48198,1992,530.722845248988
RGI60-13.48198,1993,497.5403216184048
RGI60-13.48198,1994,373.03325873148145
RGI60-13.48198,1995,-107.72978212450218
RGI60-13.48198,1996,332.1730490448424
RGI60-13.48198,1997,-393.94393808393664
RGI60-13.48198,1998,118.01750347614924
RGI60-13.48198,1999,-3.7261197641356674
RGI60-13.48198,2000,255.9894102371554
RGI60-13.48198,2001,-349.6549905558393
RGI60-13.48198,2002,-25.57946315026675
RGI60-13.48198,2003,263.03265658105033
RGI60-13.48198,2004,30.019584531609738
RGI60-13.48198,2005,-249.42932942561401
RGI60-13.48198,2006,-166.50007873509512
RGI60-13.48198,2007,-13.249973758809508
RGI60-13.48198,2008,-587.4128730838349
RGI60-13.48198,2009,455.85199700027385
RGI60-13.48198,2010,2.230444245697101
RGI60-13.48198,2011,-197.94296508867788
RGI60-13.48198,2012,-124.6228615778487
RGI60-13.48198,2013,133.5478599549164
RGI60-13.48198,2014,167.38201031479704
RGI60-13.48198,2015,294.2684535464043
RGI60-13.48198,2016,-180.70691288404817
RGI60-13.48198,2017,-49.459662975740194
RGI60-13.48198,2018,173.48887411066266
RGI60-13.48198,2019,78.74782071320449
RGI60-13.48199,1901,34.64393506697762
RGI60-13.48199,1902,95.87485734440541
RGI60-13.48199,1903,289.91489973697435
RGI60-13.48199,1904,-914.8843720382082
RGI60-13.48199,1905,-619.2050073971261
RGI60-13.48199,1906,-1026.8826530201247
RGI60-13.48199,1907,141.02542165653313
RGI60-13.48199,1908,-241.5513966792905
RGI60-13.48199,1909,-1219.6816631033096
RGI60-13.48199,1910,-749.9873347808954
RGI60-13.48199,1911,263.47670213800126
RGI60-13.48199,1912,-229.06873459435218
RGI60-13.48199,1913,227.09556488833346
RGI60-13.48199,1914,-232.9913417969827
RGI60-13.48199,1915,-1250.6215590893291
RGI60-13.48199,1916,-856.3349809819791
RGI60-13.48199,1917,-778.6046585948441
RGI60-13.48199,1918,-891.2442533714362
RGI60-13.48199,1919,801.7636833272842
RGI60-13.48199,1920,-257.80952160140305
RGI60-13.48199,1921,-246.7825471993231
RGI60-13.48199,1922,-952.5871755706065
RGI60-13.48199,1923,-868.5956760558227
RGI60-13.48199,1924,-747.336669014307
RGI60-13.48199,1925,396.07556589833746
RGI60-13.48199,1926,173.44373952071766
RGI60-13.48199,1927,-162.35536379508892
RGI60-13.48199,1928,110.09587066808335
RGI60-13.48199,1929,117.1001101323784
RGI60-13.48199,1930,715.7453333979622
RGI60-13.48199,1931,-191.18831563259917
RGI60-13.48199,1932,67.97442663976237
RGI60-13.48199,1933,-799.1137720760419
RGI60-13.48199,1934,27.812946562488833
RGI60-13.48199,1935,-858.4644665742434
RGI60-13.48199,1936,-87.23407976612891
RGI60-13.48199,1937,224.60763500613066
RGI60-13.48199,1938,186.16672075182674
RGI60-13.48199,1939,-253.4452875009087
RGI60-13.48199,1940,-445.8374482100804
RGI60-13.48199,1941,-139.9122193260014
RGI60-13.48199,1942,1668.3962105999221
RGI60-13.48199,1943,-1009.1805106664856
RGI60-13.48199,1944,-940.4514411189377
RGI60-13.48199,1945,-1322.645862319934
RGI60-13.48199,1946,525.5270680079738
RGI60-13.48199,1947,-93.19883980470291
RGI60-13.48199,1948,-798.5890140639679
RGI60-13.48199,1949,24.93970187246971
RGI60-13.48199,1950,-949.9002702653798
RGI60-13.48199,1951,-578.4540314953247
RGI60-13.48199,1952,-108.10580810304478
RGI60-13.48199,1953,-27.090250464285994
RGI60-13.48199,1954,335.5025457163303
RGI60-13.48199,1955,-492.60749236733676
RGI60-13.48199,1956,33.639263134708166
RGI60-13.48199,1957,-381.6560285356856
RGI60-13.48199,1958,846.7828642841124
RGI60-13.48199,1959,475.5297033202486
RGI60-13.48199,1960,313.5110734704915
RGI60-13.48199,1961,-32.905347366163895
RGI60-13.48199,1962,-1182.6858145952874
RGI60-13.48199,1963,-394.8217937862995
RGI60-13.48199,1964,-256.9123155664267
RGI60-13.48199,1965,-979.3641314636566
RGI60-13.48199,1966,-583.5800524483683
RGI60-13.48199,1967,-384.788183790293
RGI60-13.48199,1968,-800.6352556401639
RGI60-13.48199,1969,-13.04473581234676
RGI60-13.48199,1970,-203.90544372645545
RGI60-13.48199,1971,-96.2846322788563
RGI60-13.48199,1972,40.13761464522798
RGI60-13.48199,1973,-670.7386095559172
RGI60-13.48199,1974,-1373.9237085310808
RGI60-13.48199,1975,-611.2211583020436
RGI60-13.48199,1976,109.17112271192639
RGI60-13.48199,1977,-915.4822104963936
RGI60-13.48199,1978,-123.48464897683134
RGI60-13.48199,1979,537.36021962858
RGI60-13.48199,1980,-143.30107077876806
RGI60-13.48199,1981,-243.64738335907379
RGI60-13.48199,1982,-200.49377643221715
RGI60-13.48199,1983,-91.16703336207495
RGI60-13.48199,1984,338.92955282968796
RGI60-13.48199,1985,-145.86824404848304
RGI60-13.48199,1986,-93.89380449164304
RGI60-13.48199,1987,17.427640251218065
RGI60-13.48199,1988,538.087241247495
RGI60-13.48199,1989,244.16344704988154
RGI60-13.48199,1990,-195.97349810364432
RGI60-13.48199,1991,-666.5965561996902
RGI60-13.48199,1992,470.9544742922272
RGI60-13.48199,1993,515.8267044593907
RGI60-13.48199,1994,-50.14344270433885
RGI60-13.48199,1995,-482.3400353648892
RGI60-13.48199,1996,-9.81005966092923
RGI60-13.48199,1997,-777.1221313964559
RGI60-13.48199,1998,-497.5822795050267
RGI60-13.48199,1999,-484.68944302560845
RGI60-13.48199,2000,-291.00701249723306
RGI60-13.48199,2001,-1009.348597535379
RGI60-13.48199,2002,-622.8682348789449
RGI60-13.48199,2003,148.77204563034434
RGI60-13.48199,2004,-427.0941902360078
RGI60-13.48199,2005,-631.8597465129524
RGI60-13.48199,2006,-747.9650644028422
RGI60-13.48199,2007,-557.4077702054093
RGI60-13.48199,2008,-1241.9240946581538
RGI60-13.48199,2009,116.72659484680145
RGI60-13.48199,2010,-543.8553093543709
RGI60-13.48199,2011,-828.3395425488301
RGI60-13.48199,2012,-767.577560086962
RGI60-13.48199,2013,-221.24165089378062
RGI60-13.48199,2014,-291.32176742115274
RGI60-13.48199,2015,-195.49165275592398
RGI60-13.48199,2016,-775.1457756367056
RGI60-13.48199,2017,-658.7176790831285
RGI60-13.48199,2018,-500.6464156878477
RGI60-13.48199,2019,-467.6865760815157
RGI60-13.48200,1901,173.50991019569952
RGI60-13.48200,1902,280.9800468874321
RGI60-13.48200,1903,378.5335738382377
RGI60-13.48200,1904,-843.28133473565
RGI60-13.48200,1905,-547.3457640523338
RGI60-13.48200,1906,-959.2051446618382
RGI60-13.48200,1907,315.63079165598685
RGI60-13.48200,1908,-101.2515428717689
RGI60-13.48200,1909,-1100.769632067058
RGI60-13.48200,1910,-645.1098977381981
RGI60-13.48200,1911,371.8171745836772
RGI60-13.48200,1912,-193.50119995939724
RGI60-13.48200,1913,296.5607790912477
RGI60-13.48200,1914,-129.80664322352635
RGI60-13.48200,1915,-1124.4726591481854
RGI60-13.48200,1916,-766.2253524580041
RGI60-13.48200,1917,-710.3535777186223
RGI60-13.48200,1918,-733.0136177067047
RGI60-13.48200,1919,997.6196714653274
RGI60-13.48200,1920,-114.14535571117884
RGI60-13.48200,1921,-84.62644636849313
RGI60-13.48200,1922,-865.6336833413455
RGI60-13.48200,1923,-691.2024994779684
RGI60-13.48200,1924,-597.8263676945711
RGI60-13.48200,1925,505.2247208703194
RGI60-13.48200,1926,252.3693589934599
RGI60-13.48200,1927,7.7133875344681515
RGI60-13.48200,1928,242.00558280546596
RGI60-13.48200,1929,209.68317599055305
RGI60-13.48200,1930,863.0240915125846
RGI60-13.48200,1931,-26.649251631796194
RGI60-13.48200,1932,198.07311125935198
RGI60-13.48200,1933,-658.315624154843
RGI60-13.48200,1934,74.36516482707627
RGI60-13.48200,1935,-706.1482787240586
RGI60-13.48200,1936,-10.604506469902914
RGI60-13.48200,1937,315.9390822814247
RGI60-13.48200,1938,306.7466091443231
RGI60-13.48200,1939,-85.97017403453405
RGI60-13.48200,1940,-302.123166090515
RGI60-13.48200,1941,32.06263525419698
RGI60-13.48200,1942,1916.635483906293
RGI60-13.48200,1943,-865.5161271452791
RGI60-13.48200,1944,-791.8590005878298
RGI60-13.48200,1945,-1149.703077466616
RGI60-13.48200,1946,674.3111983350786
RGI60-13.48200,1947,-21.446592267968487
RGI60-13.48200,1948,-647.0829232354488
RGI60-13.48200,1949,196.37542430269792
RGI60-13.48200,1950,-799.4600511466039
RGI60-13.48200,1951,-468.8405876034175
RGI60-13.48200,1952,66.22344532795748
RGI60-13.48200,1953,140.10866896881043
RGI60-13.48200,1954,396.22333011668957
RGI60-13.48200,1955,-318.49810814189146
RGI60-13.48200,1956,208.0676512939091
RGI60-13.48200,1957,-267.94203206484315
RGI60-13.48200,1958,963.3270916991623
RGI60-13.48200,1959,528.7887639524615
RGI60-13.48200,1960,397.35068133414075
RGI60-13.48200,1961,34.398512379514194
RGI60-13.48200,1962,-993.191603723714
RGI60-13.48200,1963,-309.8847993919498
RGI60-13.48200,1964,-121.1996072031185
RGI60-13.48200,1965,-860.1394908039456
RGI60-13.48200,1966,-420.1534462107085
RGI60-13.48200,1967,-301.26484106828775
RGI60-13.48200,1968,-680.7013673684197
RGI60-13.48200,1969,101.67708768313662
RGI60-13.48200,1970,-140.4855626971862
RGI60-13.48200,1971,5.381552644706898
RGI60-13.48200,1972,81.47952632978469
RGI60-13.48200,1973,-538.3142696424317
RGI60-13.48200,1974,-1205.972651382843
RGI60-13.48200,1975,-470.84604632606175
RGI60-13.48200,1976,212.7222919655441
RGI60-13.48200,1977,-754.0997500685166
RGI60-13.48200,1978,-11.361254486689841
RGI60-13.48200,1979,664.7979503302109
RGI60-13.48200,1980,4.5883643283162066
RGI60-13.48200,1981,-142.90128761905342
RGI60-13.48200,1982,-112.94351377151565
RGI60-13.48200,1983,85.3872252689314
RGI60-13.48200,1984,463.6291009445891
RGI60-13.48200,1985,-8.023806450030968
RGI60-13.48200,1986,92.96731702492892
RGI60-13.48200,1987,246.51825334132124
RGI60-13.48200,1988,630.6345179639983
RGI60-13.48200,1989,376.060715992737
RGI60-13.48200,1990,-93.89597216302329
RGI60-13.48200,1991,-579.8051968428182
RGI60-13.48200,1992,537.8198264388581
RGI60-13.48200,1993,578.1023333057468
RGI60-13.48200,1994,121.99768582458555
RGI60-13.48200,1995,-362.4782408710811
RGI60-13.48200,1996,130.25031190877272
RGI60-13.48200,1997,-649.7927868235971
RGI60-13.48200,1998,-279.6564176649425
RGI60-13.48200,1999,-306.1200899680415
RGI60-13.48200,2000,-29.463002969299257
RGI60-13.48200,2001,-794.119745412318
RGI60-13.48200,2002,-417.78886448578425
RGI60-13.48200,2003,202.55701773877917
RGI60-13.48200,2004,-268.767870523828
RGI60-13.48200,2005,-503.4668166143168
RGI60-13.48200,2006,-558.7241980491244
RGI60-13.48200,2007,-373.82137897448933
RGI60-13.48200,2008,-1047.0083838070793
RGI60-13.48200,2009,271.7938992689818
RGI60-13.48200,2010,-363.6958180115813
RGI60-13.48200,2011,-628.0384177813715
RGI60-13.48200,2012,-553.3432368662864
RGI60-13.48200,2013,-86.40521965379503
RGI60-13.48200,2014,-119.0068299142268
RGI60-13.48200,2015,22.53991336760336
RGI60-13.48200,2016,-594.9764133701623
RGI60-13.48200,2017,-443.99793147156805
RGI60-13.48200,2018,-265.34694257339265
RGI60-13.48200,2019,-244.91975989674586
RGI60-13.48201,1901,77.20766360807542
RGI60-13.48201,1902,120.88480833293065
RGI60-13.48201,1903,344.6143404511514
RGI60-13.48201,1904,-814.7655488614685
RGI60-13.48201,1905,-523.1806040903864
RGI60-13.48201,1906,-919.9031084165022
RGI60-13.48201,1907,169.02198701202937
RGI60-13.48201,1908,-191.9033720894261
RGI60-13.48201,1909,-1106.5107134394727
RGI60-13.48201,1910,-665.8679927329556
RGI60-13.48201,1911,309.66588169297
RGI60-13.48201,1912,-141.37501451653822
RGI60-13.48201,1913,294.7435343000843
RGI60-13.48201,1914,-157.53803401893308
RGI60-13.48201,1915,-1149.3196008417299
RGI60-13.48201,1916,-757.836270902064
RGI60-13.48201,1917,-653.5097743489821
RGI60-13.48201,1918,-813.9026086351079
RGI60-13.48201,1919,814.1359315441393
RGI60-13.48201,1920,-214.75869120070723
RGI60-13.48201,1921,-200.8296718136561
RGI60-13.48201,1922,-851.975656598262
RGI60-13.48201,1923,-800.7605987022281
RGI60-13.48201,1924,-676.504049788259
RGI60-13.48201,1925,421.44246493716685
RGI60-13.48201,1926,239.56218037669362
RGI60-13.48201,1927,-134.49337610516423
RGI60-13.48201,1928,154.9193781623359
RGI60-13.48201,1929,177.87900618013097
RGI60-13.48201,1930,725.8373228996096
RGI60-13.48201,1931,-161.79059023917873
RGI60-13.48201,1932,120.7643222200604
RGI60-13.48201,1933,-721.3327095778576
RGI60-13.48201,1934,103.20067580695076
RGI60-13.48201,1935,-789.9384858713133
RGI60-13.48201,1936,-14.622392676345395
RGI60-13.48201,1937,274.2960836802133
RGI60-13.48201,1938,233.0796056125703
RGI60-13.48201,1939,-207.47120756667456
RGI60-13.48201,1940,-387.07179707732905
RGI60-13.48201,1941,-118.13076670695042
RGI60-13.48201,1942,1589.077238012195
RGI60-13.48201,1943,-922.3945513438197
RGI60-13.48201,1944,-866.2007865928969
RGI60-13.48201,1945,-1211.3063152440097
RGI60-13.48201,1946,549.4871094252751
RGI60-13.48201,1947,-27.388667929990202
RGI60-13.48201,1948,-732.2121101266752
RGI60-13.48201,1949,55.92339240955103
RGI60-13.48201,1950,-843.9355157417145
RGI60-13.48201,1951,-466.1731978311102
RGI60-13.48201,1952,-78.55641412401813
RGI60-13.48201,1953,44.711747167257386
RGI60-13.48201,1954,370.12246520442943
RGI60-13.48201,1955,-453.40405215405923
RGI60-13.48201,1956,37.56491130353165
RGI60-13.48201,1957,-319.96986840507634
RGI60-13.48201,1958,835.2395778523598
RGI60-13.48201,1959,562.021820077316
RGI60-13.48201,1960,360.6085519079776
RGI60-13.48201,1961,38.91730190372276
RGI60-13.48201,1962,-1073.6318835615446
RGI60-13.48201,1963,-303.57723643273613
RGI60-13.48201,1964,-207.4391473470553
RGI60-13.48201,1965,-860.7646788426215
RGI60-13.48201,1966,-498.207671153438
RGI60-13.48201,1967,-286.0451535171465
RGI60-13.48201,1968,-701.075385366055
RGI60-13.48201,1969,54.135104307731346
RGI60-13.48201,1970,-145.0028630286301
RGI60-13.48201,1971,-50.79537197275744
RGI60-13.48201,1972,125.8239928608473
RGI60-13.48201,1973,-598.7642421790965
RGI60-13.48201,1974,-1257.6737079421594
RGI60-13.48201,1975,-531.1914364612915
RGI60-13.48201,1976,160.42979122344883
RGI60-13.48201,1977,-819.331217202607
RGI60-13.48201,1978,-50.67878280484459
RGI60-13.48201,1979,566.7897632772222
RGI60-13.48201,1980,-98.52436776534111
RGI60-13.48201,1981,-187.6558742525461
RGI60-13.48201,1982,-129.9187746592628
RGI60-13.48201,1983,-55.61804617175182
RGI60-13.48201,1984,381.2959040042424
RGI60-13.48201,1985,-94.77467910610798
RGI60-13.48201,1986,-58.99931512483213
RGI60-13.48201,1987,3.9808297744469696
RGI60-13.48201,1988,584.2920131814412
RGI60-13.48201,1989,281.8195575139903
RGI60-13.48201,1990,-146.22228361703148
RGI60-13.48201,1991,-572.4589934795157
RGI60-13.48201,1992,511.25634055246826
RGI60-13.48201,1993,571.7223179729036
RGI60-13.48201,1994,-13.610525011472868
RGI60-13.48201,1995,-417.44625227731234
RGI60-13.48201,1996,37.67663121968035
RGI60-13.48201,1997,-673.6519462678712
RGI60-13.48201,1998,-451.695611025608
RGI60-13.48201,1999,-428.3776172238585
RGI60-13.48201,2000,-235.12116202257948
RGI60-13.48201,2001,-924.3187084843056
RGI60-13.48201,2002,-569.8956177762493
RGI60-13.48201,2003,208.8784755652536
RGI60-13.48201,2004,-375.1623887192281
RGI60-13.48201,2005,-542.6684813750452
RGI60-13.48201,2006,-688.4321917691025
RGI60-13.48201,2007,-507.4562599642627
RGI60-13.48201,2008,-1139.3325536503407
RGI60-13.48201,2009,151.0507196386546
RGI60-13.48201,2010,-497.91739176152464
RGI60-13.48201,2011,-770.9979934749555
RGI60-13.48201,2012,-718.2533393276296
RGI60-13.48201,2013,-169.9748384302199
RGI60-13.48201,2014,-243.24964652374308
RGI60-13.48201,2015,-150.73167923502274
RGI60-13.48201,2016,-701.1285826982277
RGI60-13.48201,2017,-597.8680171584997
RGI60-13.48201,2018,-472.3300464188228
RGI60-13.48201,2019,-403.09029641414537
RGI60-13.48202,1901,132.0923508650343
RGI60-13.48202,1902,159.024403425167
RGI60-13.48202,1903,400.68300859675594
RGI60-13.48202,1904,-588.5180443224764
RGI60-13.48202,1905,-337.55933415150713
RGI60-13.48202,1906,-676.0738663755534
RGI60-13.48202,1907,186.71534997845197
RGI60-13.48202,1908,-101.92401123128147
RGI60-13.48202,1909,-887.1617809728683
RGI60-13.48202,1910,-489.09770998534196
RGI60-13.48202,1911,375.83574025724613
RGI60-13.48202,1912,23.659351098199036
RGI60-13.48202,1913,388.00899480413733
RGI60-13.48202,1914,-38.84803382653033
RGI60-13.48202,1915,-939.1815681493944
RGI60-13.48202,1916,-561.1673005583698
RGI60-13.48202,1917,-450.1056536294765
RGI60-13.48202,1918,-665.4859628761986
RGI60-13.48202,1919,735.3423845341099
RGI60-13.48202,1920,-108.67012291275725
RGI60-13.48202,1921,-132.8343878840523
RGI60-13.48202,1922,-647.6252717179973
RGI60-13.48202,1923,-670.0247747990318
RGI60-13.48202,1924,-558.013536402369
RGI60-13.48202,1925,419.3292003920478
RGI60-13.48202,1926,314.70270712807036
RGI60-13.48202,1927,-117.73177545070854
RGI60-13.48202,1928,218.39320807188
RGI60-13.48202,1929,260.49011041419794
RGI60-13.48202,1930,697.6322597044109
RGI60-13.48202,1931,-82.73808778882633
RGI60-13.48202,1932,116.65152067214974
RGI60-13.48202,1933,-574.4929933801886
RGI60-13.48202,1934,243.92354135716326
RGI60-13.48202,1935,-631.001679101762
RGI60-13.48202,1936,88.67442216876691
RGI60-13.48202,1937,327.7486777730065
RGI60-13.48202,1938,251.76199544936082
RGI60-13.48202,1939,-129.4587500014585
RGI60-13.48202,1940,-259.1611994570641
RGI60-13.48202,1941,-41.987680210393684
RGI60-13.48202,1942,1424.9357181669784
RGI60-13.48202,1943,-769.305218770118
RGI60-13.48202,1944,-702.4080821756455
RGI60-13.48202,1945,-985.3971917955973
RGI60-13.48202,1946,501.0419584823969
RGI60-13.48202,1947,82.49103203936573
RGI60-13.48202,1948,-598.1452193793668
RGI60-13.48202,1949,102.1862211968613
RGI60-13.48202,1950,-681.9599054683392
RGI60-13.48202,1951,-280.89348771528574
RGI60-13.48202,1952,-70.98119317740797
RGI60-13.48202,1953,135.4806850397383
RGI60-13.48202,1954,415.8010928467812
RGI60-13.48202,1955,-345.089266993331
RGI60-13.48202,1956,18.149300634693535
RGI60-13.48202,1957,-182.34528885029675
RGI60-13.48202,1958,762.074297150906
RGI60-13.48202,1959,665.6019684442077
RGI60-13.48202,1960,391.4593025154362
RGI60-13.48202,1961,159.57204072747248
RGI60-13.48202,1962,-893.714350229501
RGI60-13.48202,1963,-149.40233045069357
RGI60-13.48202,1964,-105.2226256549706
RGI60-13.48202,1965,-654.4235554430152
RGI60-13.48202,1966,-358.41249503647276
RGI60-13.48202,1967,-139.00144353694535
RGI60-13.48202,1968,-530.5420773158462
RGI60-13.48202,1969,108.52680367659644
RGI60-13.48202,1970,7.624280762726757
RGI60-13.48202,1971,64.03752224132172
RGI60-13.48202,1972,267.26272988078864
RGI60-13.48202,1973,-452.8192213006223
RGI60-13.48202,1974,-1038.727690124802
RGI60-13.48202,1975,-407.9000523528173
RGI60-13.48202,1976,242.5102332042315
RGI60-13.48202,1977,-654.1741196920752
RGI60-13.48202,1978,43.52664745432618
RGI60-13.48202,1979,573.7324429821165
RGI60-13.48202,1980,-52.61058687386189
RGI60-13.48202,1981,-60.19942759831629
RGI60-13.48202,1982,7.4364530972530645
RGI60-13.48202,1983,-47.05235608073867
RGI60-13.48202,1984,410.93644844396596
RGI60-13.48202,1985,-44.902010682673485
RGI60-13.48202,1986,-58.82711176650888
RGI60-13.48202,1987,-54.547656808640546
RGI60-13.48202,1988,630.6453565630491
RGI60-13.48202,1989,301.702447445815
RGI60-13.48202,1990,-18.49131432499877
RGI60-13.48202,1991,-382.3220019206002
RGI60-13.48202,1992,582.4984623985499
RGI60-13.48202,1993,621.2458875871648
RGI60-13.48202,1994,35.99283243334387
RGI60-13.48202,1995,-276.3003073924726
RGI60-13.48202,1996,104.60550012837335
RGI60-13.48202,1997,-505.27653864393085
RGI60-13.48202,1998,-381.78414710604096
RGI60-13.48202,1999,-321.9152037830113
RGI60-13.48202,2000,-263.06402797830737
RGI60-13.48202,2001,-798.8446801407422
RGI60-13.48202,2002,-467.1336092714143
RGI60-13.48202,2003,349.8287135881148
RGI60-13.48202,2004,-268.96802483639743
RGI60-13.48202,2005,-376.1734987265526
RGI60-13.48202,2006,-574.4019763200365
RGI60-13.48202,2007,-401.05802807933543
RGI60-13.48202,2008,-938.7236962557621
RGI60-13.48202,2009,192.3354899887691
RGI60-13.48202,2010,-393.2698607801882
RGI60-13.48202,2011,-655.6954715475327
RGI60-13.48202,2012,-617.4199660858368
RGI60-13.48202,2013,-67.81907296957654
RGI60-13.48202,2014,-166.63953782994827
RGI60-13.48202,2015,-105.15695680256678
RGI60-13.48202,2016,-530.5627382493044
RGI60-13.48202,2017,-497.3814622567616
RGI60-13.48202,2018,-416.6039659644113
RGI60-13.48202,2019,-345.2476294822125
RGI60-13.48203,1901,-100.96437104535573
RGI60-13.48203,1902,-117.40877726570602
RGI60-13.48203,1903,235.2460426186359
RGI60-13.48203,1904,-864.2901856279577
RGI60-13.48203,1905,-601.7290659067074
RGI60-13.48203,1906,-934.5411669211054
RGI60-13.48203,1907,-76.43033518086511
RGI60-13.48203,1908,-354.10670409135474
RGI60-13.48203,1909,-1267.966216545641
RGI60-13.48203,1910,-762.9761149788835
RGI60-13.48203,1911,181.49821244186018
RGI60-13.48203,1912,-151.6385382859469
RGI60-13.48203,1913,202.30724397420502
RGI60-13.48203,1914,-278.6084187802634
RGI60-13.48203,1915,-1254.5435852008263
RGI60-13.48203,1916,-807.8368866706488
RGI60-13.48203,1917,-684.9791582955594
RGI60-13.48203,1918,-990.2235841155705
RGI60-13.48203,1919,520.9871923085572
RGI60-13.48203,1920,-375.24265749691904
RGI60-13.48203,1921,-409.8950770176055
RGI60-13.48203,1922,-901.4320524997129
RGI60-13.48203,1923,-1028.1748725941864
RGI60-13.48203,1924,-896.6161939381794
RGI60-13.48203,1925,296.2392287586139
RGI60-13.48203,1926,143.21335127223293
RGI60-13.48203,1927,-383.2625899381508
RGI60-13.48203,1928,-8.754747946596149
RGI60-13.48203,1929,59.211755920307915
RGI60-13.48203,1930,510.73365778420884
RGI60-13.48203,1931,-342.9711629078537
RGI60-13.48203,1932,-77.69644112998299
RGI60-13.48203,1933,-884.4135353281642
RGI60-13.48203,1934,82.8206694098874
RGI60-13.48203,1935,-940.6953479256586
RGI60-13.48203,1936,-106.7380696699401
RGI60-13.48203,1937,144.69372611421196
RGI60-13.48203,1938,76.69533592194573
RGI60-13.48203,1939,-447.67767273781845
RGI60-13.48203,1940,-596.2350127706086
RGI60-13.48203,1941,-318.53799646708137
RGI60-13.48203,1942,1200.4037993588777
RGI60-13.48203,1943,-1122.8738540447612
RGI60-13.48203,1944,-1027.8709879953494
RGI60-13.48203,1945,-1407.243262036294
RGI60-13.48203,1946,318.45525647864696
RGI60-13.48203,1947,-93.15634661038777
RGI60-13.48203,1948,-961.5707557761872
RGI60-13.48203,1949,-197.4072908691573
RGI60-13.48203,1950,-1011.5958676685732
RGI60-13.48203,1951,-577.02334215409
RGI60-13.48203,1952,-315.86199691692997
RGI60-13.48203,1953,-196.29060654643288
RGI60-13.48203,1954,296.68306615378384
RGI60-13.48203,1955,-649.061608651635
RGI60-13.48203,1956,-246.28825167332053
RGI60-13.48203,1957,-428.13202589745265
RGI60-13.48203,1958,642.9502297182792
RGI60-13.48203,1959,489.99741673733917
RGI60-13.48203,1960,277.75538929828423
RGI60-13.48203,1961,-22.341459376385835
RGI60-13.48203,1962,-1321.548959796373
RGI60-13.48203,1963,-398.571546473437
RGI60-13.48203,1964,-363.5064680830389
RGI60-13.48203,1965,-999.5150538645098
RGI60-13.48203,1966,-678.5379838031746
RGI60-13.48203,1967,-344.10195669420625
RGI60-13.48203,1968,-803.4975085246509
RGI60-13.48203,1969,-104.64543938314243
RGI60-13.48203,1970,-186.90634041565332
RGI60-13.48203,1971,-132.29156872021747
RGI60-13.48203,1972,120.29623223830848
RGI60-13.48203,1973,-762.000895228986
RGI60-13.48203,1974,-1481.6303947236966
RGI60-13.48203,1975,-718.8814143438879
RGI60-13.48203,1976,30.264910338590752
RGI60-13.48203,1977,-1003.6700750247611
RGI60-13.48203,1978,-224.03902746208698
RGI60-13.48203,1979,400.60822509667844
RGI60-13.48203,1980,-301.9308373124026
RGI60-13.48203,1981,-254.74258103070272
RGI60-13.48203,1982,-211.7830439801523
RGI60-13.48203,1983,-301.2712590131277
RGI60-13.48203,1984,203.81856011122596
RGI60-13.48203,1985,-270.24332234230206
RGI60-13.48203,1986,-335.6984830854352
RGI60-13.48203,1987,-335.57292129429356
RGI60-13.48203,1988,452.9225733409109
RGI60-13.48203,1989,114.21185124257038
RGI60-13.48203,1990,-225.03338341876696
RGI60-13.48203,1991,-671.9772525512865
RGI60-13.48203,1992,419.57117151108974
RGI60-13.48203,1993,471.0225398193467
RGI60-13.48203,1994,-221.2416987447557
RGI60-13.48203,1995,-511.94725619921536
RGI60-13.48203,1996,-101.5936545841385
RGI60-13.48203,1997,-804.0254055701506
RGI60-13.48203,1998,-688.9205045207916
RGI60-13.48203,1999,-678.3742495231637
RGI60-13.48203,2000,-646.6451814605269
RGI60-13.48203,2001,-1188.0053387289895
RGI60-13.48203,2002,-893.306659860461
RGI60-13.48203,2003,156.94759340694827
RGI60-13.48203,2004,-567.6601853296198
RGI60-13.48203,2005,-732.2080711729286
RGI60-13.48203,2006,-940.6177493279819
RGI60-13.48203,2007,-700.0223626575021
RGI60-13.48203,2008,-1396.452774474151
RGI60-13.48203,2009,-48.43736009186649
RGI60-13.48203,2010,-735.6315495068828
RGI60-13.48203,2011,-1018.5777118943529
RGI60-13.48203,2012,-996.0466953883122
RGI60-13.48203,2013,-322.57820243191435
RGI60-13.48203,2014,-459.56291798656986
RGI60-13.48203,2015,-506.1383455340326
RGI60-13.48203,2016,-910.3335126108464
RGI60-13.48203,2017,-911.660948028747
RGI60-13.48203,2018,-776.9841116679485
RGI60-13.48203,2019,-744.4784422611918
RGI60-13.48204,1901,273.3676348844019
RGI60-13.48204,1902,349.25657130725364
RGI60-13.48204,1903,540.0723259581213
RGI60-13.48204,1904,-430.3584334244203
RGI60-13.48204,1905,-189.7009942328724
RGI60-13.48204,1906,-507.688655081843
RGI60-13.48204,1907,326.68012212758504
RGI60-13.48204,1908,45.29201327107463
RGI60-13.48204,1909,-748.4242723093765
RGI60-13.48204,1910,-338.31567175394827
RGI60-13.48204,1911,535.7785148989224
RGI60-13.48204,1912,161.51756572932098
RGI60-13.48204,1913,536.7058352269581
RGI60-13.48204,1914,108.49919313529162
RGI60-13.48204,1915,-797.4293377529829
RGI60-13.48204,1916,-409.2597621346832
RGI60-13.48204,1917,-312.46871119432035
RGI60-13.48204,1918,-520.0714932625037
RGI60-13.48204,1919,881.0468194362277
RGI60-13.48204,1920,71.22149571933765
RGI60-13.48204,1921,2.4996409466080878
RGI60-13.48204,1922,-509.4947135452886
RGI60-13.48204,1923,-533.5471817160753
RGI60-13.48204,1924,-458.83871177675724
RGI60-13.48204,1925,534.8264896455677
RGI60-13.48204,1926,442.16999601159245
RGI60-13.48204,1927,-4.62060272042826
RGI60-13.48204,1928,376.970224411586
RGI60-13.48204,1929,397.164126313305
RGI60-13.48204,1930,832.2686512341569
RGI60-13.48204,1931,87.50598062066811
RGI60-13.48204,1932,179.82150255723894
RGI60-13.48204,1933,-438.5050512038575
RGI60-13.48204,1934,409.17043804145914
RGI60-13.48204,1935,-465.09545315795685
RGI60-13.48204,1936,197.3990163856952
RGI60-13.48204,1937,430.7807335944094
RGI60-13.48204,1938,363.7402494604695
RGI60-13.48204,1939,21.732758362159124
RGI60-13.48204,1940,-87.10539916881575
RGI60-13.48204,1941,146.7208138160846
RGI60-13.48204,1942,1651.7310323076701
RGI60-13.48204,1943,-669.1669099915615
RGI60-13.48204,1944,-557.6721248726583
RGI60-13.48204,1945,-830.495040047324
RGI60-13.48204,1946,606.9496758864161
RGI60-13.48204,1947,198.3595017839538
RGI60-13.48204,1948,-486.59478198002284
RGI60-13.48204,1949,260.5285106995266
RGI60-13.48204,1950,-551.2816777153345
RGI60-13.48204,1951,-128.05332314269126
RGI60-13.48204,1952,43.5846021532851
RGI60-13.48204,1953,298.26984022669615
RGI60-13.48204,1954,542.4077863747468
RGI60-13.48204,1955,-168.15866431423504
RGI60-13.48204,1956,110.8649864490691
RGI60-13.48204,1957,-17.61470434802136
RGI60-13.48204,1958,857.0517631030789
RGI60-13.48204,1959,814.4663961792813
RGI60-13.48204,1960,504.6273593250117
RGI60-13.48204,1961,298.67255620163934
RGI60-13.48204,1962,-750.6228713260992
RGI60-13.48204,1963,1.4427756760181187
RGI60-13.48204,1964,51.74147659040601
RGI60-13.48204,1965,-499.91810535530635
RGI60-13.48204,1966,-176.377181605377
RGI60-13.48204,1967,0.32842315808683253
RGI60-13.48204,1968,-382.69245577010963
RGI60-13.48204,1969,210.56586250504395
RGI60-13.48204,1970,166.61351874436423
RGI60-13.48204,1971,235.98937621601343
RGI60-13.48204,1972,425.4686147498528
RGI60-13.48204,1973,-311.11483356979596
RGI60-13.48204,1974,-889.5445323664812
RGI60-13.48204,1975,-279.17957461874414
RGI60-13.48204,1976,394.4965604239729
RGI60-13.48204,1977,-494.34589284985606
RGI60-13.48204,1978,167.5429081868805
RGI60-13.48204,1979,713.0387134498601
RGI60-13.48204,1980,55.3549625200448
RGI60-13.48204,1981,100.83240839890803
RGI60-13.48204,1982,173.79006549492345
RGI60-13.48204,1983,59.04509575090095
RGI60-13.48204,1984,543.3822264184763
RGI60-13.48204,1985,58.36848147206833
RGI60-13.48204,1986,40.78196381397612
RGI60-13.48204,1987,51.60559258341455
RGI60-13.48204,1988,785.3453397162991
RGI60-13.48204,1989,424.85747195550067
RGI60-13.48204,1990,156.09593110840092
RGI60-13.48204,1991,-219.56953606491928
RGI60-13.48204,1992,736.2723661707664
RGI60-13.48204,1993,743.8668461606117
RGI60-13.48204,1994,198.46298548544598
RGI60-13.48204,1995,-113.95480783917978
RGI60-13.48204,1996,272.42724852130584
RGI60-13.48204,1997,-350.4513145893315
RGI60-13.48204,1998,-191.46806021174874
RGI60-13.48204,1999,-146.0820229597519
RGI60-13.48204,2000,-162.34306437502292
RGI60-13.48204,2001,-646.62011254904
RGI60-13.48204,2002,-290.1930181891584
RGI60-13.48204,2003,553.6975146615499
RGI60-13.48204,2004,-106.54033959310388
RGI60-13.48204,2005,-197.22991595075703
RGI60-13.48204,2006,-422.9750876868448
RGI60-13.48204,2007,-221.30897004402152
RGI60-13.48204,2008,-785.4429254959724
RGI60-13.48204,2009,342.17039118135807
RGI60-13.48204,2010,-231.24935584583972
RGI60-13.48204,2011,-495.9755919541948
RGI60-13.48204,2012,-461.33796739647823
RGI60-13.48204,2013,99.09227577595084
RGI60-13.48204,2014,-11.62910862552825
RGI60-13.48204,2015,65.94870507206538
RGI60-13.48204,2016,-338.96421972608096
RGI60-13.48204,2017,-329.4737664944922
RGI60-13.48204,2018,-248.2891345364594
RGI60-13.48204,2019,-204.5140909961828
