RGI_ID,Calibration_Method,MB_Geodetic,Temp_Bias,Prcp_Fac,melt_f,reference_period,Calibration_Success,MB_Model
RGI60-13.09998,geodetic_temp_bias,11.0,-2.414035285630205,4.785639466328725,5.0,2000-01-01_2020-01-01,True,
RGI60-13.10004,geodetic_temp_bias,186.20000000000002,-5.191544140599309,5.751649436141164,5.0,2000-01-01_2020-01-01,True,
RGI60-13.10005,geodetic_temp_bias,-24.400000000000002,-5.191544140599309,5.98400554269703,5.0,2000-01-01_2020-01-01,True,
RGI60-13.40038,geodetic_temp_bias,69.2,-3.4753258488195566,4.768180814692785,5.2066413499694795,2000-01-01_2020-01-01,True,
RGI60-13.40039,geodetic_temp_bias,150.5,-3.4753258488195566,4.768180814692785,13.283589543446208,2000-01-01_2020-01-01,True,
RGI60-13.40104,geodetic_temp_bias,-103.1,-3.4753258488195566,6.12405386975605,5.0,2000-01-01_2020-01-01,True,
RGI60-13.40137,geodetic_temp_bias,1.2,-3.4753258488195566,5.848585700061146,5.0,2000-01-01_2020-01-01,True,
RGI60-13.40142,geodetic_temp_bias,172.5,-3.4753258488195566,5.906954252199997,5.0,2000-01-01_2020-01-01,True,
RGI60-13.40170,geodetic_temp_bias,72.8,-2.8361038690219673,5.118610636618041,17.0,2000-01-01_2020-01-01,True,
RGI60-13.40189,geodetic_temp_bias,82.69999999999999,-4.810289554466538,5.406073578794595,5.963901511276321,2000-01-01_2020-01-01,True,
RGI60-13.40191,geodetic_temp_bias,53.3,-4.589563640046571,5.406073578794595,17.0,2000-01-01_2020-01-01,True,
RGI60-13.40195,geodetic_temp_bias,81.8,-3.4753258488195566,5.052698989246411,5.0,2000-01-01_2020-01-01,True,
RGI60-13.40214,geodetic_temp_bias,197.8,-4.810289554466538,8.10911036819189,3.372825386799305,2000-01-01_2020-01-01,True,
RGI60-13.40226,geodetic_temp_bias,131.70000000000002,-4.810289554466538,8.10911036819189,2.4807771587531926,2000-01-01_2020-01-01,True,
RGI60-13.40232,geodetic_temp_bias,336.9,-4.810289554466538,8.10911036819189,1.5154472104634924,2000-01-01_2020-01-01,True,
RGI60-13.40631,geodetic_temp_bias,242.79999999999998,-4.810289554466538,8.10911036819189,2.868789539384285,2000-01-01_2020-01-01,True,
RGI60-13.40636,geodetic_temp_bias,175.0,-4.810289554466538,8.10911036819189,3.865969614855808,2000-01-01_2020-01-01,True,
RGI60-13.40637,geodetic_temp_bias,101.1,-5.298113543009531,8.10911036819189,1.5,2000-01-01_2020-01-01,True,
RGI60-13.40638,geodetic_temp_bias,109.3,-4.810289554466538,8.10911036819189,3.5574788808292523,2000-01-01_2020-01-01,True,
RGI60-13.40640,geodetic_temp_bias,261.90000000000003,-5.047765802073177,8.10911036819189,1.5,2000-01-01_2020-01-01,True,
RGI60-13.40642,geodetic_temp_bias,231.7,-4.810289554466538,8.10911036819189,1.657746924811567,2000-01-01_2020-01-01,True,
RGI60-13.40646,geodetic_temp_bias,259.0,-4.810289554466538,5.406073578794595,5.071551656971635,2000-01-01_2020-01-01,True,
RGI60-13.40647,geodetic_temp_bias,227.8,-4.810289554466538,8.10911036819189,3.1111762221687997,2000-01-01_2020-01-01,True,
RGI60-13.40649,geodetic_temp_bias,151.7,-4.810289554466538,8.10911036819189,1.7473402104755154,2000-01-01_2020-01-01,True,
RGI60-13.40672,geodetic_temp_bias,431.4,-5.098808432588111,7.6779159549270615,1.5,2000-01-01_2020-01-01,True,
RGI60-13.40673,geodetic_temp_bias,444.6,-5.673250925056823,7.6779159549270615,1.5,2000-01-01_2020-01-01,True,
RGI60-13.40674,geodetic_temp_bias,549.3,-6.6409471434970815,7.6779159549270615,1.5,2000-01-01_2020-01-01,True,
RGI60-13.40675,geodetic_temp_bias,-168.3,-3.923550340464508,7.165150814071865,5.0,2000-01-01_2020-01-01,True,
RGI60-13.40676,scalar,,,,,,True,
RGI60-13.40677,geodetic_temp_bias,321.5,-3.923550340464508,7.6779159549270615,1.6114557997468386,2000-01-01_2020-01-01,True,
RGI60-13.40678,geodetic_temp_bias,459.7,-5.257646654987731,7.6779159549270615,1.5,2000-01-01_2020-01-01,True,
RGI60-13.40679,geodetic_temp_bias,517.5999999999999,-5.64604786134736,7.6779159549270615,1.5,2000-01-01_2020-01-01,True,
RGI60-13.40680,geodetic_temp_bias,337.0,-3.923550340464508,7.6779159549270615,2.478807058350738,2000-01-01_2020-01-01,True,
RGI60-13.40681,geodetic_temp_bias,409.3,-3.923550340464508,7.6779159549270615,2.827336955393763,2000-01-01_2020-01-01,True,
RGI60-13.40682,geodetic_temp_bias,143.3,-3.923550340464508,7.6779159549270615,4.3293047528180235,2000-01-01_2020-01-01,True,
RGI60-13.40683,geodetic_temp_bias,-14.0,-3.923550340464508,5.533114284116991,5.0,2000-01-01_2020-01-01,True,
RGI60-13.40684,geodetic_temp_bias,206.1,-3.923550340464508,5.118610636618041,12.3389044254298,2000-01-01_2020-01-01,True,
RGI60-13.40685,geodetic_temp_bias,70.7,-3.923550340464508,7.6779159549270615,2.9087957179784665,2000-01-01_2020-01-01,True,
RGI60-13.40686,geodetic_temp_bias,102.2,-3.923550340464508,7.6779159549270615,3.9717309488495687,2000-01-01_2020-01-01,True,
RGI60-13.40687,geodetic_temp_bias,-92.5,-3.923550340464508,5.118610636618041,7.242072952979142,2000-01-01_2020-01-01,True,
RGI60-13.40688,geodetic_temp_bias,235.2,-3.923550340464508,7.6779159549270615,2.527624494070128,2000-01-01_2020-01-01,True,
RGI60-13.40689,geodetic_temp_bias,-10.7,-3.923550340464508,5.118610636618041,5.084221531045245,2000-01-01_2020-01-01,True,
RGI60-13.40690,geodetic_temp_bias,-220.79999999999998,-3.923550340464508,7.451976134117802,5.0,2000-01-01_2020-01-01,True,
RGI60-13.40691,geodetic_temp_bias,125.8,-3.923550340464508,7.6779159549270615,3.5744155053757307,2000-01-01_2020-01-01,True,
RGI60-13.40692,geodetic_temp_bias,35.4,-3.923550340464508,7.6779159549270615,3.9862517564603293,2000-01-01_2020-01-01,True,
RGI60-13.40693,geodetic_temp_bias,191.8,-3.372443727111786,5.118610636618041,17.0,2000-01-01_2020-01-01,True,
RGI60-13.40694,geodetic_temp_bias,-30.200000000000003,-4.810289554466538,8.10911036819189,3.277356131346566,2000-01-01_2020-01-01,True,
RGI60-13.40695,geodetic_temp_bias,145.5,-4.810289554466538,8.10911036819189,3.4187349883737266,2000-01-01_2020-01-01,True,
RGI60-13.40696,geodetic_temp_bias,20.2,-4.810289554466538,8.10911036819189,2.4039448183849137,2000-01-01_2020-01-01,True,
RGI60-13.40697,geodetic_temp_bias,244.79999999999998,-4.810289554466538,8.10911036819189,2.2739546175107472,2000-01-01_2020-01-01,True,
RGI60-13.40698,geodetic_temp_bias,81.0,-4.020657176785913,5.406073578794595,17.0,2000-01-01_2020-01-01,True,
RGI60-13.40699,geodetic_temp_bias,342.3,-5.080439670405297,8.10911036819189,1.5,2000-01-01_2020-01-01,True,
RGI60-13.40700,geodetic_temp_bias,215.79999999999998,-4.810289554466538,8.10911036819189,2.117665789370391,2000-01-01_2020-01-01,True,
RGI60-13.40701,geodetic_temp_bias,186.70000000000002,-4.810289554466538,5.953954554621541,5.0,2000-01-01_2020-01-01,True,
RGI60-13.40702,geodetic_temp_bias,-14.6,-4.810289554466538,8.10911036819189,4.557046845075522,2000-01-01_2020-01-01,True,
RGI60-13.40703,geodetic_temp_bias,155.29999999999998,-4.810289554466538,8.10911036819189,2.3199528738329644,2000-01-01_2020-01-01,True,
RGI60-13.40704,geodetic_temp_bias,75.2,-4.810289554466538,8.10911036819189,2.191334826075997,2000-01-01_2020-01-01,True,
RGI60-13.40705,geodetic_temp_bias,287.8,-5.424296451757193,8.10911036819189,1.5,2000-01-01_2020-01-01,True,
RGI60-13.40706,geodetic_temp_bias,253.1,-4.810289554466538,8.10911036819189,1.611020621095421,2000-01-01_2020-01-01,True,
RGI60-13.40707,geodetic_temp_bias,333.7,-4.810289554466538,8.10911036819189,3.6747272950145193,2000-01-01_2020-01-01,True,
RGI60-13.40708,geodetic_temp_bias,199.8,-4.810289554466538,8.10911036819189,2.3039423771824743,2000-01-01_2020-01-01,True,
RGI60-13.40709,geodetic_temp_bias,256.7,-4.810289554466538,6.205744426316333,5.0,2000-01-01_2020-01-01,True,
RGI60-13.40710,geodetic_temp_bias,73.1,-4.810289554466538,8.10911036819189,2.0595685385652294,2000-01-01_2020-01-01,True,
RGI60-13.40711,geodetic_temp_bias,85.8,-4.810289554466538,8.10911036819189,2.256780674834926,2000-01-01_2020-01-01,True,
RGI60-13.40712,geodetic_temp_bias,92.0,-4.810289554466538,8.10911036819189,1.6952592169361103,2000-01-01_2020-01-01,True,
RGI60-13.40713,geodetic_temp_bias,233.0,-5.0739098489530745,8.10911036819189,1.5,2000-01-01_2020-01-01,True,
RGI60-13.40714,geodetic_temp_bias,45.900000000000006,-3.728627907271812,5.406073578794595,17.0,2000-01-01_2020-01-01,True,
RGI60-13.40715,geodetic_temp_bias,213.79999999999998,-5.153597015473837,8.10911036819189,1.5,2000-01-01_2020-01-01,True,
RGI60-13.40716,geodetic_temp_bias,269.4,-5.970160368230812,8.10911036819189,1.5,2000-01-01_2020-01-01,True,
RGI60-13.40717,geodetic_temp_bias,419.9,-6.925258595562661,8.10911036819189,1.5,2000-01-01_2020-01-01,True,
RGI60-13.40718,geodetic_temp_bias,214.60000000000002,-5.083344544744825,8.10911036819189,1.5,2000-01-01_2020-01-01,True,
RGI60-13.40719,geodetic_temp_bias,156.20000000000002,-3.923550340464508,7.6779159549270615,1.7200354448310282,2000-01-01_2020-01-01,True,
RGI60-13.40720,geodetic_temp_bias,265.90000000000003,-3.9327902930384426,7.6779159549270615,1.5,2000-01-01_2020-01-01,True,
RGI60-13.40721,geodetic_temp_bias,278.5,-3.923550340464508,7.6779159549270615,4.927054210060367,2000-01-01_2020-01-01,True,
RGI60-13.40722,geodetic_temp_bias,-204.65888913841167,-3.923550340464508,5.118610636618041,5.539370018894533,2000-01-01_2020-01-01,True,
RGI60-13.40723,geodetic_temp_bias,497.09999999999997,-5.314498512881315,7.6779159549270615,1.5,2000-01-01_2020-01-01,True,
RGI60-13.40724,geodetic_temp_bias,195.3,-4.502534553658979,7.6779159549270615,1.5,2000-01-01_2020-01-01,True,
RGI60-13.40725,geodetic_temp_bias,337.8,-4.966764807689549,7.6779159549270615,1.5,2000-01-01_2020-01-01,True,
RGI60-13.40726,geodetic_temp_bias,207.4,-3.923550340464508,7.6779159549270615,3.893726314840509,2000-01-01_2020-01-01,True,
RGI60-13.40727,geodetic_temp_bias,483.3,-5.011991768225929,7.6779159549270615,1.5,2000-01-01_2020-01-01,True,
RGI60-13.40728,geodetic_temp_bias,284.6,-3.923550340464508,7.6779159549270615,4.235443511127404,2000-01-01_2020-01-01,True,
RGI60-13.40729,geodetic_temp_bias,392.7,-4.33342266303,7.6779159549270615,1.5,2000-01-01_2020-01-01,True,
RGI60-13.40730,geodetic_temp_bias,352.0,-4.638938667911242,7.6779159549270615,1.5,2000-01-01_2020-01-01,True,
RGI60-13.40731,geodetic_temp_bias,377.90000000000003,-6.360512329414542,7.6779159549270615,1.5,2000-01-01_2020-01-01,True,
RGI60-13.40732,geodetic_temp_bias,-0.4,-3.923550340464508,5.9776789411560065,5.0,2000-01-01_2020-01-01,True,
RGI60-13.40733,geodetic_temp_bias,172.7,-3.923550340464508,7.6779159549270615,3.252983326751849,2000-01-01_2020-01-01,True,
RGI60-13.40734,geodetic_temp_bias,296.20000000000005,-3.923550340464508,7.6779159549270615,1.8265229229928757,2000-01-01_2020-01-01,True,
RGI60-13.40735,geodetic_temp_bias,254.4,-3.923550340464508,7.6779159549270615,3.5287221066338574,2000-01-01_2020-01-01,True,
RGI60-13.40736,geodetic_temp_bias,466.5,-5.404206770859213,7.6779159549270615,1.5,2000-01-01_2020-01-01,True,
RGI60-13.40737,geodetic_temp_bias,426.5,-4.231011317973899,7.6779159549270615,1.5,2000-01-01_2020-01-01,True,
RGI60-13.40738,geodetic_temp_bias,124.5,-3.923550340464508,7.6779159549270615,3.5318155078735343,2000-01-01_2020-01-01,True,
RGI60-13.40739,geodetic_temp_bias,296.9,-3.923550340464508,6.692728942927451,5.0,2000-01-01_2020-01-01,True,
RGI60-13.40740,geodetic_temp_bias,99.6,-3.923550340464508,7.6779159549270615,2.5494896881547824,2000-01-01_2020-01-01,True,
RGI60-13.40741,geodetic_temp_bias,237.7,-3.923550340464508,7.6779159549270615,3.654637920055482,2000-01-01_2020-01-01,True,
RGI60-13.40742,geodetic_temp_bias,174.7,-3.923550340464508,6.549005820329221,5.0,2000-01-01_2020-01-01,True,
RGI60-13.40743,geodetic_temp_bias,-64.9,-3.923550340464508,7.6779159549270615,2.5229404562309194,2000-01-01_2020-01-01,True,
RGI60-13.40744,geodetic_temp_bias,84.9,-3.923550340464508,7.6779159549270615,1.8040581632242123,2000-01-01_2020-01-01,True,
RGI60-13.40745,geodetic_temp_bias,345.4,-4.298430892919716,7.6779159549270615,1.5,2000-01-01_2020-01-01,True,
RGI60-13.40746,geodetic_temp_bias,430.0,-4.625820360342574,7.6779159549270615,1.5,2000-01-01_2020-01-01,True,
RGI60-13.40747,geodetic_temp_bias,355.0,-3.923550340464508,7.6779159549270615,3.1019517204837252,2000-01-01_2020-01-01,True,
RGI60-13.40748,geodetic_temp_bias,195.8,-3.923550340464508,7.6779159549270615,2.0562289620384657,2000-01-01_2020-01-01,True,
RGI60-13.40749,geodetic_temp_bias,94.10000000000001,-3.923550340464508,7.6779159549270615,2.0245591284878857,2000-01-01_2020-01-01,True,
RGI60-13.40750,geodetic_temp_bias,93.89999999999999,-3.923550340464508,5.8512470375881565,5.0,2000-01-01_2020-01-01,True,
RGI60-13.40751,geodetic_temp_bias,186.6,-3.923550340464508,7.6779159549270615,1.6073628748025053,2000-01-01_2020-01-01,True,
RGI60-13.40752,geodetic_temp_bias,46.199999999999996,-3.923550340464508,7.6779159549270615,3.826457363550172,2000-01-01_2020-01-01,True,
RGI60-13.40753,scalar,,,,,,True,
RGI60-13.40754,geodetic_temp_bias,268.7,-3.923550340464508,7.6779159549270615,3.0253986738357153,2000-01-01_2020-01-01,True,
RGI60-13.40755,geodetic_temp_bias,348.0,-3.923550340464508,6.141856815660441,5.0,2000-01-01_2020-01-01,True,
RGI60-13.40756,geodetic_temp_bias,100.6,-3.923550340464508,7.6779159549270615,3.344918232423111,2000-01-01_2020-01-01,True,
RGI60-13.40757,geodetic_temp_bias,122.89999999999999,-2.9686458167418945,5.118610636618041,17.0,2000-01-01_2020-01-01,True,
RGI60-13.40758,geodetic_temp_bias,208.6,-3.923550340464508,7.6779159549270615,2.8548613573340322,2000-01-01_2020-01-01,True,
RGI60-13.40759,geodetic_temp_bias,42.8,-3.923550340464508,6.621346489842869,5.0,2000-01-01_2020-01-01,True,
RGI60-13.40760,geodetic_temp_bias,406.7,-3.923550340464508,5.210197588455605,5.0,2000-01-01_2020-01-01,True,
RGI60-13.40761,geodetic_temp_bias,479.4,-3.923550340464508,6.30478699438587,5.0,2000-01-01_2020-01-01,True,
RGI60-13.40762,geodetic_temp_bias,198.2,-2.3231496266438993,5.118610636618041,17.0,2000-01-01_2020-01-01,True,
RGI60-13.40763,geodetic_temp_bias,-54.300000000000004,-3.923550340464508,7.6779159549270615,2.925763895316807,2000-01-01_2020-01-01,True,
RGI60-13.40764,geodetic_temp_bias,194.1,-3.923550340464508,7.6779159549270615,2.8404698111673925,2000-01-01_2020-01-01,True,
RGI60-13.40765,geodetic_temp_bias,160.39999999999998,-3.923550340464508,7.6779159549270615,2.3294001433873097,2000-01-01_2020-01-01,True,
RGI60-13.40766,geodetic_temp_bias,65.69999999999999,-3.923550340464508,7.013271662040831,5.0,2000-01-01_2020-01-01,True,
RGI60-13.40767,geodetic_temp_bias,-135.0,-3.923550340464508,7.6779159549270615,3.663637298393754,2000-01-01_2020-01-01,True,
RGI60-13.40768,geodetic_temp_bias,321.29999999999995,-3.923550340464508,7.6779159549270615,3.58706059449658,2000-01-01_2020-01-01,True,
RGI60-13.40769,geodetic_temp_bias,194.0,-3.923550340464508,7.6779159549270615,2.3330996661441548,2000-01-01_2020-01-01,True,
RGI60-13.40770,geodetic_temp_bias,-117.6,-3.923550340464508,5.118610636618041,6.461721775781487,2000-01-01_2020-01-01,True,
RGI60-13.40771,geodetic_temp_bias,114.6,-3.923550340464508,6.076758886101201,5.0,2000-01-01_2020-01-01,True,
RGI60-13.40772,geodetic_temp_bias,210.5,-3.923550340464508,7.6779159549270615,3.4612118148583573,2000-01-01_2020-01-01,True,
RGI60-13.40773,geodetic_temp_bias,522.9,-3.923550340464508,6.676840487055299,5.0,2000-01-01_2020-01-01,True,
RGI60-13.40774,geodetic_temp_bias,153.6,-3.923550340464508,7.6779159549270615,3.1695909918158724,2000-01-01_2020-01-01,True,
RGI60-13.40775,geodetic_temp_bias,344.2,-3.923550340464508,7.6779159549270615,3.61662319138159,2000-01-01_2020-01-01,True,
RGI60-13.40776,geodetic_temp_bias,474.5,-4.8606187558408145,7.6779159549270615,1.5,2000-01-01_2020-01-01,True,
RGI60-13.40777,geodetic_temp_bias,178.2,-3.923550340464508,5.118610636618041,5.991893712557063,2000-01-01_2020-01-01,True,
RGI60-13.40778,geodetic_temp_bias,311.59999999999997,-3.9901310511074475,7.6779159549270615,1.5,2000-01-01_2020-01-01,True,
RGI60-13.40779,geodetic_temp_bias,171.3,-3.923550340464508,5.118610636618041,5.513257132013523,2000-01-01_2020-01-01,True,
RGI60-13.40780,scalar,,,,,,True,
RGI60-13.40781,geodetic_temp_bias,409.2,-3.923550340464508,5.431320149707365,5.0,2000-01-01_2020-01-01,True,
RGI60-13.40782,geodetic_temp_bias,273.4,-3.923550340464508,6.194980301559686,5.0,2000-01-01_2020-01-01,True,
RGI60-13.40783,geodetic_temp_bias,229.5,-3.923550340464508,7.6779159549270615,1.90332209120945,2000-01-01_2020-01-01,True,
RGI60-13.40784,geodetic_temp_bias,251.4,-3.923550340464508,7.6779159549270615,3.8847681985841254,2000-01-01_2020-01-01,True,
RGI60-13.40785,geodetic_temp_bias,186.70000000000002,-3.923550340464508,7.577845571981375,5.0,2000-01-01_2020-01-01,True,
RGI60-13.40786,geodetic_temp_bias,402.6,-3.923550340464508,7.6779159549270615,4.662687035308146,2000-01-01_2020-01-01,True,
RGI60-13.40787,geodetic_temp_bias,319.7,-3.923550340464508,5.118610636618041,10.025474140536721,2000-01-01_2020-01-01,True,
RGI60-13.40788,geodetic_temp_bias,551.8,-4.62643178998042,7.6779159549270615,1.5,2000-01-01_2020-01-01,True,
RGI60-13.40789,geodetic_temp_bias,262.90000000000003,-3.653081004530282,5.118610636618041,17.0,2000-01-01_2020-01-01,True,
RGI60-13.40790,geodetic_temp_bias,109.89999999999999,-3.923550340464508,5.118610636618041,5.782645951439554,2000-01-01_2020-01-01,True,
RGI60-13.40791,geodetic_temp_bias,317.7,-3.923550340464508,7.6779159549270615,2.8570687894618008,2000-01-01_2020-01-01,True,
RGI60-13.40792,geodetic_temp_bias,460.7,-3.923550340464508,7.6779159549270615,4.80476311088797,2000-01-01_2020-01-01,True,
RGI60-13.40793,geodetic_temp_bias,228.8,-3.923550340464508,7.6779159549270615,4.109671534971901,2000-01-01_2020-01-01,True,
RGI60-13.40794,geodetic_temp_bias,416.8,-3.923550340464508,7.6779159549270615,2.8756588904126756,2000-01-01_2020-01-01,True,
RGI60-13.40795,geodetic_temp_bias,203.9,-3.923550340464508,5.274209800685534,5.0,2000-01-01_2020-01-01,True,
RGI60-13.40796,geodetic_temp_bias,188.0,-3.923550340464508,5.256815687105565,5.0,2000-01-01_2020-01-01,True,
RGI60-13.40797,geodetic_temp_bias,58.5,-3.923550340464508,5.118610636618041,6.95052693320299,2000-01-01_2020-01-01,True,
RGI60-13.40798,geodetic_temp_bias,149.2,-3.923550340464508,5.118610636618041,5.692687144619963,2000-01-01_2020-01-01,True,
RGI60-13.40799,geodetic_temp_bias,236.9,-3.923550340464508,5.118610636618041,5.883880944714686,2000-01-01_2020-01-01,True,
RGI60-13.40800,geodetic_temp_bias,185.20000000000002,-3.923550340464508,5.665538215179683,5.0,2000-01-01_2020-01-01,True,
RGI60-13.40801,geodetic_temp_bias,218.29999999999998,-3.923550340464508,5.118610636618041,9.223109518520513,2000-01-01_2020-01-01,True,
RGI60-13.40802,geodetic_temp_bias,-47.300000000000004,-3.5953153099737567,5.118610636618041,17.0,2000-01-01_2020-01-01,True,
RGI60-13.40803,geodetic_temp_bias,-33.7,-3.622400326027525,5.118610636618041,17.0,2000-01-01_2020-01-01,True,
RGI60-13.40804,geodetic_temp_bias,151.10000000000002,-2.9602777628359727,5.118610636618041,17.0,2000-01-01_2020-01-01,True,
RGI60-13.40805,geodetic_temp_bias,332.5,-3.923550340464508,5.118610636618041,7.757594624097585,2000-01-01_2020-01-01,True,
RGI60-13.40806,geodetic_temp_bias,197.2,-3.368907538235017,5.118610636618041,17.0,2000-01-01_2020-01-01,True,
RGI60-13.40807,geodetic_temp_bias,98.5,-2.8830346200989077,5.118610636618041,17.0,2000-01-01_2020-01-01,True,
RGI60-13.40808,geodetic_temp_bias,-63.8,-3.923550340464508,5.118610636618041,15.913640960091955,2000-01-01_2020-01-01,True,
RGI60-13.40809,geodetic_temp_bias,222.39999999999998,-3.923550340464508,7.6779159549270615,4.304375121159553,2000-01-01_2020-01-01,True,
RGI60-13.40810,geodetic_temp_bias,137.7,-3.923550340464508,5.118610636618041,6.268036229826083,2000-01-01_2020-01-01,True,
RGI60-13.40811,geodetic_temp_bias,304.59999999999997,-3.1919276766425386,5.118610636618041,17.0,2000-01-01_2020-01-01,True,
RGI60-13.40812,geodetic_temp_bias,268.1,-3.9083474488462326,5.118610636618041,17.0,2000-01-01_2020-01-01,True,
RGI60-13.40813,geodetic_temp_bias,128.20000000000002,-3.923550340464508,7.6779159549270615,4.752987655960102,2000-01-01_2020-01-01,True,
RGI60-13.40814,geodetic_temp_bias,33.2,-3.659122234541848,5.118610636618041,17.0,2000-01-01_2020-01-01,True,
RGI60-13.40815,geodetic_temp_bias,196.20000000000002,-3.923550340464508,7.6779159549270615,4.950630128352342,2000-01-01_2020-01-01,True,
RGI60-13.40816,geodetic_temp_bias,74.30000000000001,-3.923550340464508,7.6779159549270615,3.9401194905510417,2000-01-01_2020-01-01,True,
RGI60-13.40817,geodetic_temp_bias,81.8,-3.923550340464508,6.777326881998104,5.0,2000-01-01_2020-01-01,True,
RGI60-13.40818,geodetic_temp_bias,80.4,-3.923550340464508,5.118610636618041,6.502541932192106,2000-01-01_2020-01-01,True,
RGI60-13.40819,geodetic_temp_bias,45.199999999999996,-3.923550340464508,5.118610636618041,6.288343335824607,2000-01-01_2020-01-01,True,
RGI60-13.40820,geodetic_temp_bias,114.9,-3.923550340464508,5.535557463674788,5.0,2000-01-01_2020-01-01,True,
RGI60-13.40821,geodetic_temp_bias,164.20000000000002,-3.653288691235579,5.118610636618041,17.0,2000-01-01_2020-01-01,True,
RGI60-13.40822,geodetic_temp_bias,-186.4,-3.923550340464508,5.118610636618041,9.88506569800355,2000-01-01_2020-01-01,True,
RGI60-13.40823,geodetic_temp_bias,59.7,-3.923550340464508,5.118610636618041,6.27633458015375,2000-01-01_2020-01-01,True,
RGI60-13.40824,geodetic_temp_bias,230.4,-3.923550340464508,6.713525016073568,5.0,2000-01-01_2020-01-01,True,
RGI60-13.40825,geodetic_temp_bias,157.9,-3.923550340464508,5.118610636618041,14.15838400199006,2000-01-01_2020-01-01,True,
RGI60-13.40826,geodetic_temp_bias,179.5,-3.923550340464508,5.118610636618041,14.05870575564485,2000-01-01_2020-01-01,True,
RGI60-13.40827,geodetic_temp_bias,21.0,-3.476973827454036,5.118610636618041,17.0,2000-01-01_2020-01-01,True,
RGI60-13.40828,geodetic_temp_bias,441.90000000000003,-4.1220886994661035,7.6779159549270615,1.5,2000-01-01_2020-01-01,True,
RGI60-13.40829,geodetic_temp_bias,76.39999999999999,-3.923550340464508,5.118610636618041,9.629473066221827,2000-01-01_2020-01-01,True,
RGI60-13.40830,geodetic_temp_bias,143.9,-3.923550340464508,6.946977201426546,5.0,2000-01-01_2020-01-01,True,
RGI60-13.40831,geodetic_temp_bias,78.0,-3.923550340464508,5.118610636618041,9.665044591560147,2000-01-01_2020-01-01,True,
RGI60-13.40832,geodetic_temp_bias,354.0,-5.793847702639393,4.431117548007431,17.0,2000-01-01_2020-01-01,True,
RGI60-13.40833,geodetic_temp_bias,271.4,-5.865654442635534,6.646676322011147,3.2932340259999187,2000-01-01_2020-01-01,True,
RGI60-13.40834,geodetic_temp_bias,351.9,-5.865654442635534,6.646676322011147,2.988936607483085,2000-01-01_2020-01-01,True,
RGI60-13.40835,geodetic_temp_bias,284.7,-5.865654442635534,4.431117548007431,16.350176490028353,2000-01-01_2020-01-01,True,
RGI60-13.40836,geodetic_temp_bias,445.29999999999995,-5.865654442635534,6.646676322011147,4.048069351572179,2000-01-01_2020-01-01,True,
RGI60-13.40837,geodetic_temp_bias,93.2,-5.8607802664081285,4.431117548007431,17.0,2000-01-01_2020-01-01,True,
RGI60-13.40838,geodetic_temp_bias,292.0,-5.865654442635534,6.646676322011147,3.1952587671595327,2000-01-01_2020-01-01,True,
RGI60-13.40839,geodetic_temp_bias,368.0,-5.865654442635534,6.646676322011147,1.8664235629343096,2000-01-01_2020-01-01,True,
RGI60-13.40840,geodetic_temp_bias,390.2,-5.865654442635534,6.646676322011147,2.3285321496435363,2000-01-01_2020-01-01,True,
RGI60-13.40841,geodetic_temp_bias,432.0,-5.865654442635534,5.474144530990352,5.0,2000-01-01_2020-01-01,True,
RGI60-13.40842,geodetic_temp_bias,418.5,-6.4389438413613975,6.646676322011147,1.5,2000-01-01_2020-01-01,True,
RGI60-13.40843,geodetic_temp_bias,379.7,-5.865654442635534,6.646676322011147,1.891867117630975,2000-01-01_2020-01-01,True,
RGI60-13.40844,geodetic_temp_bias,503.29999999999995,-6.367388186795472,6.646676322011147,1.5,2000-01-01_2020-01-01,True,
RGI60-13.40845,geodetic_temp_bias,192.70000000000002,-5.865654442635534,6.646676322011147,3.216019517911141,2000-01-01_2020-01-01,True,
RGI60-13.40846,geodetic_temp_bias,502.09999999999997,-6.7887204021046506,6.646676322011147,1.5,2000-01-01_2020-01-01,True,
RGI60-13.40847,geodetic_temp_bias,498.0,-5.865654442635534,6.646676322011147,2.0021434210641558,2000-01-01_2020-01-01,True,
RGI60-13.40848,geodetic_temp_bias,367.59999999999997,-6.720718918672491,6.646676322011147,1.5,2000-01-01_2020-01-01,True,
RGI60-13.40849,geodetic_temp_bias,335.3,-7.3502963809337585,6.646676322011147,1.5,2000-01-01_2020-01-01,True,
RGI60-13.40850,geodetic_temp_bias,612.1999999999999,-7.200843478432668,6.646676322011147,1.5,2000-01-01_2020-01-01,True,
RGI60-13.40851,geodetic_temp_bias,151.79999999999998,-5.865654442635534,4.519682891745264,5.0,2000-01-01_2020-01-01,True,
RGI60-13.40852,geodetic_temp_bias,227.20000000000002,-5.865654442635534,5.150322739683742,5.0,2000-01-01_2020-01-01,True,
RGI60-13.40853,geodetic_temp_bias,297.20000000000005,-5.865654442635534,6.646676322011147,3.7378744398600303,2000-01-01_2020-01-01,True,
RGI60-13.40854,geodetic_temp_bias,172.0,-5.865654442635534,5.14286601370906,5.0,2000-01-01_2020-01-01,True,
RGI60-13.40855,geodetic_temp_bias,-10.6,-5.865654442635534,4.431117548007431,5.015245714823592,2000-01-01_2020-01-01,True,
RGI60-13.40856,geodetic_temp_bias,225.89999999999998,-5.865654442635534,4.431117548007431,8.873086023431883,2000-01-01_2020-01-01,True,
RGI60-13.40857,geodetic_temp_bias,203.6,-5.865654442635534,5.752000283690262,5.0,2000-01-01_2020-01-01,True,
RGI60-13.40858,geodetic_temp_bias,89.80000000000001,-5.865654442635534,6.646676322011147,3.3360648816496314,2000-01-01_2020-01-01,True,
RGI60-13.40859,geodetic_temp_bias,265.6,-3.923550340464508,7.492686414699318,5.0,2000-01-01_2020-01-01,True,
RGI60-13.40860,geodetic_temp_bias,448.79999999999995,-3.923550340464508,7.035970304654601,5.0,2000-01-01_2020-01-01,True,
RGI60-13.40861,geodetic_temp_bias,515.2,-4.69209171691661,7.6779159549270615,1.5,2000-01-01_2020-01-01,True,
RGI60-13.40862,geodetic_temp_bias,432.59999999999997,-5.19247197149961,7.6779159549270615,1.5,2000-01-01_2020-01-01,True,
RGI60-13.40863,geodetic_temp_bias,130.1,-3.923550340464508,7.130037600897231,5.0,2000-01-01_2020-01-01,True,
RGI60-13.40864,geodetic_temp_bias,-89.0,-3.8202408062748843,5.118610636618041,17.0,2000-01-01_2020-01-01,True,
RGI60-13.40865,geodetic_temp_bias,178.29999999999998,-3.923550340464508,5.118610636618041,10.677284022867845,2000-01-01_2020-01-01,True,
RGI60-13.40866,geodetic_temp_bias,207.1,-3.923550340464508,6.0876679447409385,5.0,2000-01-01_2020-01-01,True,
RGI60-13.40867,geodetic_temp_bias,353.2,-3.923550340464508,7.6779159549270615,2.5079235115810006,2000-01-01_2020-01-01,True,
RGI60-13.40868,geodetic_temp_bias,365.8,-3.923550340464508,5.99561430392515,5.0,2000-01-01_2020-01-01,True,
RGI60-13.40869,geodetic_temp_bias,302.9,-3.923550340464508,6.832063318903126,5.0,2000-01-01_2020-01-01,True,
RGI60-13.40870,geodetic_temp_bias,126.5,-3.923550340464508,7.6779159549270615,4.924194681485357,2000-01-01_2020-01-01,True,
RGI60-13.40871,geodetic_temp_bias,187.79999999999998,-3.773853747674374,5.118610636618041,17.0,2000-01-01_2020-01-01,True,
RGI60-13.40872,geodetic_temp_bias,392.7,-3.923550340464508,7.6779159549270615,3.4626936006179156,2000-01-01_2020-01-01,True,
RGI60-13.40873,geodetic_temp_bias,279.4,-3.923550340464508,7.6779159549270615,3.537787784079114,2000-01-01_2020-01-01,True,
RGI60-13.40874,geodetic_temp_bias,519.3,-5.173969283234678,7.6779159549270615,1.5,2000-01-01_2020-01-01,True,
RGI60-13.40875,geodetic_temp_bias,363.4,-3.923550340464508,7.6779159549270615,3.4236002411364233,2000-01-01_2020-01-01,True,
RGI60-13.40876,geodetic_temp_bias,310.09999999999997,-3.4528267849663337,5.118610636618041,17.0,2000-01-01_2020-01-01,True,
RGI60-13.40877,geodetic_temp_bias,261.40000000000003,-3.923550340464508,7.6779159549270615,4.915018652689357,2000-01-01_2020-01-01,True,
RGI60-13.40878,geodetic_temp_bias,-85.4,-3.923550340464508,7.6779159549270615,3.5732902149115504,2000-01-01_2020-01-01,True,
RGI60-13.40879,geodetic_temp_bias,259.29999999999995,-3.923550340464508,6.721627517129339,5.0,2000-01-01_2020-01-01,True,
RGI60-13.40880,geodetic_temp_bias,251.0,-3.923550340464508,5.118610636618041,8.358996286602672,2000-01-01_2020-01-01,True,
RGI60-13.40881,geodetic_temp_bias,420.5,-3.923550340464508,6.708007552137836,5.0,2000-01-01_2020-01-01,True,
RGI60-13.40882,geodetic_temp_bias,210.10000000000002,-3.923550340464508,5.118610636618041,7.138272037306038,2000-01-01_2020-01-01,True,
RGI60-13.40883,geodetic_temp_bias,387.6,-3.923550340464508,6.972488631088696,5.0,2000-01-01_2020-01-01,True,
RGI60-13.40884,geodetic_temp_bias,238.7,-3.923550340464508,5.446737716778008,5.0,2000-01-01_2020-01-01,True,
RGI60-13.40885,geodetic_temp_bias,-15.0,-3.923550340464508,5.118610636618041,13.183501158031042,2000-01-01_2020-01-01,True,
RGI60-13.40886,geodetic_temp_bias,463.9,-3.923550340464508,7.6779159549270615,4.341952671491322,2000-01-01_2020-01-01,True,
RGI60-13.40887,geodetic_temp_bias,109.10000000000001,-3.923550340464508,7.588771215160034,5.0,2000-01-01_2020-01-01,True,
RGI60-13.40888,geodetic_temp_bias,312.09999999999997,-3.923550340464508,6.345549124171191,5.0,2000-01-01_2020-01-01,True,
RGI60-13.40889,geodetic_temp_bias,300.70000000000005,-3.923550340464508,7.6779159549270615,3.407077010750072,2000-01-01_2020-01-01,True,
RGI60-13.40890,geodetic_temp_bias,231.8,-3.923550340464508,7.155874018675832,5.0,2000-01-01_2020-01-01,True,
RGI60-13.40891,geodetic_temp_bias,233.7,-3.923550340464508,5.223590351920322,5.0,2000-01-01_2020-01-01,True,
RGI60-13.40892,geodetic_temp_bias,335.0,-3.923550340464508,7.6779159549270615,2.1918584405184385,2000-01-01_2020-01-01,True,
RGI60-13.40893,geodetic_temp_bias,297.8,-3.923550340464508,7.6779159549270615,4.375662015692062,2000-01-01_2020-01-01,True,
RGI60-13.40894,geodetic_temp_bias,-131.0,-3.923550340464508,7.6779159549270615,3.9545719628766265,2000-01-01_2020-01-01,True,
RGI60-13.40895,geodetic_temp_bias,202.4,-3.923550340464508,6.641129846676195,5.0,2000-01-01_2020-01-01,True,
RGI60-13.40896,geodetic_temp_bias,404.4,-3.923550340464508,7.6779159549270615,2.5848313913199035,2000-01-01_2020-01-01,True,
RGI60-13.40897,geodetic_temp_bias,250.1,-3.923550340464508,7.6779159549270615,1.8567231354752174,2000-01-01_2020-01-01,True,
RGI60-13.40898,geodetic_temp_bias,-1026.8,-3.923550340464508,5.118610636618041,14.433317521959042,2000-01-01_2020-01-01,True,
RGI60-13.40899,geodetic_temp_bias,192.8,-3.923550340464508,7.6779159549270615,2.3269716820622905,2000-01-01_2020-01-01,True,
RGI60-13.40900,geodetic_temp_bias,333.3,-4.02368901302811,7.6779159549270615,1.5,2000-01-01_2020-01-01,True,
RGI60-13.40901,geodetic_temp_bias,27.5,-3.923550340464508,6.110043278173318,5.0,2000-01-01_2020-01-01,True,
RGI60-13.40902,geodetic_temp_bias,165.20000000000002,-3.923550340464508,5.118610636618041,6.425699079969654,2000-01-01_2020-01-01,True,
RGI60-13.40903,geodetic_temp_bias,256.2,-3.923550340464508,7.6779159549270615,2.377017459205921,2000-01-01_2020-01-01,True,
RGI60-13.40904,geodetic_temp_bias,55.7,-3.6200832375898613,5.118610636618041,17.0,2000-01-01_2020-01-01,True,
RGI60-13.40905,geodetic_temp_bias,-317.09999999999997,-3.923550340464508,5.118610636618041,8.986260471780724,2000-01-01_2020-01-01,True,
RGI60-13.40906,geodetic_temp_bias,-176.7,-3.923550340464508,5.118610636618041,11.95556735079018,2000-01-01_2020-01-01,True,
RGI60-13.40907,geodetic_temp_bias,66.3,-3.923550340464508,5.118610636618041,5.741478456381945,2000-01-01_2020-01-01,True,
RGI60-13.40908,geodetic_temp_bias,85.2,-3.923550340464508,7.6779159549270615,2.1725187969617825,2000-01-01_2020-01-01,True,
RGI60-13.40909,geodetic_temp_bias,253.4,-3.923550340464508,7.6779159549270615,2.5622683052408135,2000-01-01_2020-01-01,True,
RGI60-13.40910,geodetic_temp_bias,215.7,-3.923550340464508,7.6779159549270615,2.541993676637616,2000-01-01_2020-01-01,True,
RGI60-13.40911,geodetic_temp_bias,330.1,-3.923550340464508,6.7749962785816695,5.0,2000-01-01_2020-01-01,True,
RGI60-13.40912,geodetic_temp_bias,353.1,-3.6894919278361846,5.118610636618041,17.0,2000-01-01_2020-01-01,True,
RGI60-13.40913,geodetic_temp_bias,236.9,-3.923550340464508,5.675848483713307,5.0,2000-01-01_2020-01-01,True,
RGI60-13.40914,geodetic_temp_bias,111.4,-3.5594935869216924,5.118610636618041,17.0,2000-01-01_2020-01-01,True,
RGI60-13.40915,geodetic_temp_bias,325.29999999999995,-3.923550340464508,5.783534791044302,5.0,2000-01-01_2020-01-01,True,
RGI60-13.40916,geodetic_temp_bias,125.3,-2.122772405720929,5.118610636618041,17.0,2000-01-01_2020-01-01,True,
RGI60-13.40917,geodetic_temp_bias,220.0,-3.923550340464508,5.118610636618041,9.988122605442083,2000-01-01_2020-01-01,True,
RGI60-13.40918,geodetic_temp_bias,110.7,-3.923550340464508,7.6779159549270615,4.100901306451766,2000-01-01_2020-01-01,True,
RGI60-13.40919,geodetic_temp_bias,451.1,-4.553826997964138,7.6779159549270615,1.5,2000-01-01_2020-01-01,True,
RGI60-13.40920,geodetic_temp_bias,215.79999999999998,-3.923550340464508,5.118610636618041,8.122337332054993,2000-01-01_2020-01-01,True,
RGI60-13.40921,geodetic_temp_bias,165.1,-3.923550340464508,5.118610636618041,9.822802050863938,2000-01-01_2020-01-01,True,
RGI60-13.40922,geodetic_temp_bias,171.6,-3.923550340464508,5.118610636618041,8.87206556417323,2000-01-01_2020-01-01,True,
RGI60-13.40923,geodetic_temp_bias,185.6,-3.5763616792527886,5.118610636618041,17.0,2000-01-01_2020-01-01,True,
RGI60-13.40924,geodetic_temp_bias,17.5,-2.9724276399963925,5.118610636618041,17.0,2000-01-01_2020-01-01,True,
RGI60-13.40925,geodetic_temp_bias,61.699999999999996,-3.923550340464508,5.118610636618041,6.893201022471687,2000-01-01_2020-01-01,True,
RGI60-13.40926,geodetic_temp_bias,116.2,-2.9691255160165144,5.118610636618041,17.0,2000-01-01_2020-01-01,True,
RGI60-13.40927,geodetic_temp_bias,165.1,-2.638973413523871,5.118610636618041,17.0,2000-01-01_2020-01-01,True,
RGI60-13.40928,geodetic_temp_bias,197.4,-3.923550340464508,6.283640079258569,5.0,2000-01-01_2020-01-01,True,
RGI60-13.40929,geodetic_temp_bias,228.3,-3.923550340464508,6.4192722977207,5.0,2000-01-01_2020-01-01,True,
RGI60-13.40930,geodetic_temp_bias,345.5,-3.923550340464508,6.310881396392075,5.0,2000-01-01_2020-01-01,True,
RGI60-13.40931,geodetic_temp_bias,445.79999999999995,-3.923550340464508,6.501914005859443,5.0,2000-01-01_2020-01-01,True,
RGI60-13.40932,geodetic_temp_bias,221.29999999999998,-3.923550340464508,5.118610636618041,5.1342970632560725,2000-01-01_2020-01-01,True,
RGI60-13.40933,geodetic_temp_bias,147.10000000000002,-5.865654442635534,5.437027135652816,5.0,2000-01-01_2020-01-01,True,
RGI60-13.40934,geodetic_temp_bias,216.29999999999998,-5.865654442635534,6.646676322011147,3.9890312618050334,2000-01-01_2020-01-01,True,
RGI60-13.40935,geodetic_temp_bias,158.79999999999998,-5.865654442635534,6.646676322011147,4.136907016255199,2000-01-01_2020-01-01,True,
RGI60-13.40936,geodetic_temp_bias,108.89999999999999,-5.865654442635534,5.714004120979518,5.0,2000-01-01_2020-01-01,True,
RGI60-13.40937,geodetic_temp_bias,374.09999999999997,-5.865654442635534,6.646676322011147,3.1641226471719577,2000-01-01_2020-01-01,True,
RGI60-13.40938,geodetic_temp_bias,232.4,-5.865654442635534,6.646676322011147,3.690190897843517,2000-01-01_2020-01-01,True,
RGI60-13.40939,geodetic_temp_bias,305.59999999999997,-5.865654442635534,6.646676322011147,3.0376573709827186,2000-01-01_2020-01-01,True,
RGI60-13.40940,geodetic_temp_bias,157.29999999999998,-5.865654442635534,6.646676322011147,2.349938141058174,2000-01-01_2020-01-01,True,
RGI60-13.40941,geodetic_temp_bias,61.5,-5.865654442635534,6.0574499642656985,5.0,2000-01-01_2020-01-01,True,
RGI60-13.40942,geodetic_temp_bias,286.7,-5.865654442635534,6.338455082421102,5.0,2000-01-01_2020-01-01,True,
RGI60-13.40943,geodetic_temp_bias,334.1,-5.865654442635534,6.646676322011147,3.1224186914699437,2000-01-01_2020-01-01,True,
RGI60-13.40944,geodetic_temp_bias,149.60000000000002,-5.865654442635534,6.646676322011147,3.9422807569098377,2000-01-01_2020-01-01,True,
RGI60-13.40945,geodetic_temp_bias,411.6,-6.009849485674253,6.646676322011147,1.5,2000-01-01_2020-01-01,True,
RGI60-13.40946,geodetic_temp_bias,201.5,-5.865654442635534,6.646676322011147,3.141190383773397,2000-01-01_2020-01-01,True,
RGI60-13.40947,geodetic_temp_bias,262.2,-5.865654442635534,6.646676322011147,4.754634920265794,2000-01-01_2020-01-01,True,
RGI60-13.40948,geodetic_temp_bias,223.5,-5.865654442635534,5.4029931455913385,5.0,2000-01-01_2020-01-01,True,
RGI60-13.40949,geodetic_temp_bias,342.3,-5.865654442635534,6.646676322011147,1.6647651731480548,2000-01-01_2020-01-01,True,
RGI60-13.40950,geodetic_temp_bias,195.0,-5.865654442635534,5.84543575285663,5.0,2000-01-01_2020-01-01,True,
RGI60-13.40951,geodetic_temp_bias,444.40000000000003,-6.641068656346046,6.646676322011147,1.5,2000-01-01_2020-01-01,True,
RGI60-13.40952,geodetic_temp_bias,137.6,-5.865654442635534,6.646676322011147,1.871919491501675,2000-01-01_2020-01-01,True,
RGI60-13.40953,geodetic_temp_bias,54.1,-5.865654442635534,6.646676322011147,2.573745698498036,2000-01-01_2020-01-01,True,
RGI60-13.40954,geodetic_temp_bias,159.3,-5.865654442635534,6.646676322011147,4.1176886891771165,2000-01-01_2020-01-01,True,
RGI60-13.40955,geodetic_temp_bias,321.7,-6.684407997161211,6.646676322011147,1.5,2000-01-01_2020-01-01,True,
RGI60-13.40956,geodetic_temp_bias,282.9,-5.865654442635534,6.113569663458432,5.0,2000-01-01_2020-01-01,True,
RGI60-13.40957,geodetic_temp_bias,246.2,-6.431143847279741,6.646676322011147,1.5,2000-01-01_2020-01-01,True,
RGI60-13.40958,geodetic_temp_bias,317.2,-5.865654442635534,6.646676322011147,3.4142211865258965,2000-01-01_2020-01-01,True,
RGI60-13.40959,geodetic_temp_bias,230.7,-5.865654442635534,6.646676322011147,3.032831795361793,2000-01-01_2020-01-01,True,
RGI60-13.40960,geodetic_temp_bias,269.1,-6.030825171543557,6.646676322011147,1.5,2000-01-01_2020-01-01,True,
RGI60-13.40961,geodetic_temp_bias,-11.0,-5.865654442635534,6.646676322011147,2.33559825767158,2000-01-01_2020-01-01,True,
RGI60-13.40962,geodetic_temp_bias,388.2,-5.865654442635534,6.646676322011147,4.21635835834258,2000-01-01_2020-01-01,True,
RGI60-13.40963,geodetic_temp_bias,360.20000000000005,-5.865654442635534,6.646676322011147,4.915307798029538,2000-01-01_2020-01-01,True,
RGI60-13.40964,geodetic_temp_bias,312.8,-5.865654442635534,4.431117548007431,8.681236847287877,2000-01-01_2020-01-01,True,
RGI60-13.40965,geodetic_temp_bias,342.1,-5.865654442635534,4.431117548007431,8.582139602765807,2000-01-01_2020-01-01,True,
RGI60-13.40966,geodetic_temp_bias,156.6,-5.865654442635534,4.431117548007431,5.283149749055809,2000-01-01_2020-01-01,True,
RGI60-13.40967,geodetic_temp_bias,327.90000000000003,-5.865654442635534,6.454502567964146,5.0,2000-01-01_2020-01-01,True,
RGI60-13.40968,geodetic_temp_bias,442.3,-6.046028404901168,6.646676322011147,1.5,2000-01-01_2020-01-01,True,
RGI60-13.40969,geodetic_temp_bias,397.8,-5.865654442635534,6.646676322011147,2.4027845161645347,2000-01-01_2020-01-01,True,
RGI60-13.40970,geodetic_temp_bias,261.2,-5.865654442635534,6.646676322011147,1.5210093631600712,2000-01-01_2020-01-01,True,
RGI60-13.40971,geodetic_temp_bias,354.4,-5.865654442635534,6.646676322011147,3.230976771778251,2000-01-01_2020-01-01,True,
RGI60-13.40972,geodetic_temp_bias,364.5,-5.865654442635534,6.414723905446272,5.0,2000-01-01_2020-01-01,True,
RGI60-13.40973,geodetic_temp_bias,454.0,-6.775793529465863,6.646676322011147,1.5,2000-01-01_2020-01-01,True,
RGI60-13.40974,geodetic_temp_bias,473.8,-5.8900296455070045,6.646676322011147,1.5,2000-01-01_2020-01-01,True,
RGI60-13.40975,geodetic_temp_bias,331.1,-5.865654442635534,6.646676322011147,3.0427835926010918,2000-01-01_2020-01-01,True,
RGI60-13.40976,geodetic_temp_bias,192.20000000000002,-5.865654442635534,6.646676322011147,3.8414774350070897,2000-01-01_2020-01-01,True,
RGI60-13.40977,geodetic_temp_bias,271.1,-5.865654442635534,6.646676322011147,4.4514406202345365,2000-01-01_2020-01-01,True,
RGI60-13.40978,geodetic_temp_bias,419.8,-5.865654442635534,6.646676322011147,2.7135228747840077,2000-01-01_2020-01-01,True,
RGI60-13.40979,geodetic_temp_bias,266.79999999999995,-5.865654442635534,6.646676322011147,3.3832567853701825,2000-01-01_2020-01-01,True,
RGI60-13.40980,geodetic_temp_bias,336.6,-5.865654442635534,6.646676322011147,2.23865724303627,2000-01-01_2020-01-01,True,
RGI60-13.40981,geodetic_temp_bias,220.20000000000002,-5.865654442635534,6.646676322011147,1.58627615194026,2000-01-01_2020-01-01,True,
RGI60-13.40982,geodetic_temp_bias,596.3000000000001,-6.536651560384616,6.646676322011147,1.5,2000-01-01_2020-01-01,True,
RGI60-13.40983,geodetic_temp_bias,80.60000000000001,-5.865654442635534,6.646676322011147,2.00643561993419,2000-01-01_2020-01-01,True,
RGI60-13.40984,geodetic_temp_bias,507.2,-5.865654442635534,6.646676322011147,1.7572786818623585,2000-01-01_2020-01-01,True,
RGI60-13.40985,geodetic_temp_bias,371.3,-5.865654442635534,6.646676322011147,2.631854195857512,2000-01-01_2020-01-01,True,
RGI60-13.40986,geodetic_temp_bias,434.0,-6.329887078009811,6.646676322011147,1.5,2000-01-01_2020-01-01,True,
RGI60-13.40987,geodetic_temp_bias,427.09999999999997,-7.627168059637236,6.646676322011147,1.5,2000-01-01_2020-01-01,True,
RGI60-13.40988,geodetic_temp_bias,546.3,-7.619336488058847,6.646676322011147,1.5,2000-01-01_2020-01-01,True,
RGI60-13.40989,geodetic_temp_bias,375.59999999999997,-6.9499808983427345,6.646676322011147,1.5,2000-01-01_2020-01-01,True,
RGI60-13.40990,geodetic_temp_bias,329.90000000000003,-7.211869135081545,6.646676322011147,1.5,2000-01-01_2020-01-01,True,
RGI60-13.40991,geodetic_temp_bias,168.9,-6.005363669545543,6.646676322011147,1.5,2000-01-01_2020-01-01,True,
RGI60-13.40992,geodetic_temp_bias,62.4,-5.308399961653382,7.140305505145837,3.51907978406046,2000-01-01_2020-01-01,True,
RGI60-13.40993,geodetic_temp_bias,-266.79999999999995,-5.308399961653382,4.808518761274636,5.0,2000-01-01_2020-01-01,True,
RGI60-13.40994,geodetic_temp_bias,299.0,-5.308399961653382,5.816510094059847,5.0,2000-01-01_2020-01-01,True,
RGI60-13.40995,geodetic_temp_bias,-4.8,-5.308399961653382,7.140305505145837,4.640610876307051,2000-01-01_2020-01-01,True,
RGI60-13.40996,geodetic_temp_bias,30.900000000000002,-5.308399961653382,7.140305505145837,2.583488522371832,2000-01-01_2020-01-01,True,
RGI60-13.40997,geodetic_temp_bias,333.0,-3.639597981653493,6.469125307784601,5.0,2000-01-01_2020-01-01,True,
RGI60-13.40998,geodetic_temp_bias,180.5,-5.865654442635534,5.18510204523857,5.0,2000-01-01_2020-01-01,True,
RGI60-13.40999,geodetic_temp_bias,252.6,-5.865654442635534,6.646676322011147,1.8257008831521016,2000-01-01_2020-01-01,True,
RGI60-13.41000,geodetic_temp_bias,137.4,-5.865654442635534,6.646676322011147,3.2748523107285763,2000-01-01_2020-01-01,True,
RGI60-13.41001,geodetic_temp_bias,140.7,-5.865654442635534,5.178472529325295,5.0,2000-01-01_2020-01-01,True,
RGI60-13.41002,geodetic_temp_bias,126.9,-5.865654442635534,6.646676322011147,4.980876619739149,2000-01-01_2020-01-01,True,
RGI60-13.41003,geodetic_temp_bias,308.7,-5.865654442635534,6.646676322011147,3.685852314925677,2000-01-01_2020-01-01,True,
RGI60-13.41004,geodetic_temp_bias,202.9,-5.865654442635534,6.646676322011147,2.6261509377682453,2000-01-01_2020-01-01,True,
RGI60-13.41005,geodetic_temp_bias,120.7,-5.865654442635534,5.448695682144077,5.0,2000-01-01_2020-01-01,True,
RGI60-13.41006,geodetic_temp_bias,219.6,-5.865654442635534,6.646676322011147,3.701955020155423,2000-01-01_2020-01-01,True,
RGI60-13.41007,geodetic_temp_bias,319.2,-5.865654442635534,6.646676322011147,2.213610997963518,2000-01-01_2020-01-01,True,
RGI60-13.41008,geodetic_temp_bias,188.20000000000002,-5.865654442635534,6.646676322011147,1.5646022178980976,2000-01-01_2020-01-01,True,
RGI60-13.41009,geodetic_temp_bias,177.8,-5.865654442635534,6.646676322011147,3.1360233657178167,2000-01-01_2020-01-01,True,
RGI60-13.41010,geodetic_temp_bias,140.5,-5.865654442635534,6.646676322011147,2.3487863750443987,2000-01-01_2020-01-01,True,
RGI60-13.41011,geodetic_temp_bias,166.4,-5.865654442635534,6.646676322011147,1.5574869763086274,2000-01-01_2020-01-01,True,
RGI60-13.41012,geodetic_temp_bias,44.900000000000006,-7.488660871296251,6.646676322011147,1.5,2000-01-01_2020-01-01,True,
RGI60-13.41013,geodetic_temp_bias,276.4,-5.865654442635534,6.646676322011147,2.9145883536962724,2000-01-01_2020-01-01,True,
RGI60-13.41014,geodetic_temp_bias,380.90000000000003,-6.266549811291036,6.646676322011147,1.5,2000-01-01_2020-01-01,True,
RGI60-13.41015,geodetic_temp_bias,280.7,-5.960394368064895,6.646676322011147,1.5,2000-01-01_2020-01-01,True,
RGI60-13.41016,geodetic_temp_bias,-198.0,-5.865654442635534,4.431117548007431,6.496446628266589,2000-01-01_2020-01-01,True,
RGI60-13.41017,geodetic_temp_bias,126.3,-5.865654442635534,6.646676322011147,1.6641575972279736,2000-01-01_2020-01-01,True,
RGI60-13.41018,geodetic_temp_bias,254.0,-5.865654442635534,6.646676322011147,1.7371299475958608,2000-01-01_2020-01-01,True,
RGI60-13.41019,geodetic_temp_bias,273.3,-5.865654442635534,6.646676322011147,2.0440767268041133,2000-01-01_2020-01-01,True,
RGI60-13.41020,geodetic_temp_bias,323.29999999999995,-5.865654442635534,6.646676322011147,2.6909857213027113,2000-01-01_2020-01-01,True,
RGI60-13.41021,geodetic_temp_bias,98.4,-6.057188601841998,6.646676322011147,1.5,2000-01-01_2020-01-01,True,
RGI60-13.41022,geodetic_temp_bias,388.29999999999995,-6.026277753697245,6.646676322011147,1.5,2000-01-01_2020-01-01,True,
RGI60-13.41023,geodetic_temp_bias,132.70000000000002,-5.865654442635534,5.1192051940937615,5.0,2000-01-01_2020-01-01,True,
RGI60-13.41024,geodetic_temp_bias,30.5,-6.380181922859744,6.646676322011147,1.5,2000-01-01_2020-01-01,True,
RGI60-13.41025,geodetic_temp_bias,181.7,-5.308399961653382,7.140305505145837,2.038831989553504,2000-01-01_2020-01-01,True,
RGI60-13.41026,geodetic_temp_bias,235.6,-5.308399961653382,7.140305505145837,2.1060415824878618,2000-01-01_2020-01-01,True,
RGI60-13.41027,geodetic_temp_bias,28.6,-5.308399961653382,7.140305505145837,2.518519234229238,2000-01-01_2020-01-01,True,
RGI60-13.41028,geodetic_temp_bias,182.7,-3.639597981653493,5.411951720368346,5.0,2000-01-01_2020-01-01,True,
RGI60-13.41029,geodetic_temp_bias,150.79999999999998,-3.639597981653493,7.32790165713586,5.0,2000-01-01_2020-01-01,True,
RGI60-13.41030,geodetic_temp_bias,159.0,-3.639597981653493,5.642739611397988,5.0,2000-01-01_2020-01-01,True,
RGI60-13.41031,geodetic_temp_bias,37.699999999999996,-3.639597981653493,6.327390624235145,5.0,2000-01-01_2020-01-01,True,
RGI60-13.41032,geodetic_temp_bias,261.90000000000003,-3.639597981653493,7.853565109852419,3.3250773979190797,2000-01-01_2020-01-01,True,
RGI60-13.41033,geodetic_temp_bias,103.6,-3.639597981653493,7.127298860635048,5.0,2000-01-01_2020-01-01,True,
RGI60-13.41034,geodetic_temp_bias,21.2,-3.639597981653493,7.853565109852419,3.914119073606208,2000-01-01_2020-01-01,True,
RGI60-13.41035,geodetic_temp_bias,327.2,-3.639597981653493,7.853565109852419,2.1030838353219345,2000-01-01_2020-01-01,True,
RGI60-13.41036,geodetic_temp_bias,147.9,-3.639597981653493,6.179628033051057,5.0,2000-01-01_2020-01-01,True,
RGI60-13.41037,geodetic_temp_bias,23.599999999999998,-3.639597981653493,5.235710073234947,5.677741442198762,2000-01-01_2020-01-01,True,
RGI60-13.41038,geodetic_temp_bias,37.900000000000006,-3.639597981653493,7.119030028365601,5.0,2000-01-01_2020-01-01,True,
RGI60-13.41039,geodetic_temp_bias,101.1,-5.308399961653382,7.019257255240501,5.0,2000-01-01_2020-01-01,True,
RGI60-13.41040,geodetic_temp_bias,175.2,-5.308399961653382,6.053496402680279,5.0,2000-01-01_2020-01-01,True,
RGI60-13.41041,geodetic_temp_bias,-107.6,-5.308399961653382,4.7602036700972254,7.761811151010878,2000-01-01_2020-01-01,True,
RGI60-13.41042,geodetic_temp_bias,252.5,-5.308399961653382,7.140305505145837,4.34480546869713,2000-01-01_2020-01-01,True,
RGI60-13.41043,geodetic_temp_bias,-16.5,-5.308399961653382,5.479217534325745,5.0,2000-01-01_2020-01-01,True,
RGI60-13.41044,geodetic_temp_bias,56.800000000000004,-5.308399961653382,4.7602036700972254,8.119777748366333,2000-01-01_2020-01-01,True,
RGI60-13.41045,geodetic_temp_bias,144.5,-5.308399961653382,7.140305505145837,4.82101208166692,2000-01-01_2020-01-01,True,
RGI60-13.41046,geodetic_temp_bias,125.8,-5.308399961653382,5.695942953433801,5.0,2000-01-01_2020-01-01,True,
RGI60-13.41047,geodetic_temp_bias,41.7,-5.308399961653382,7.140305505145837,4.863999148135836,2000-01-01_2020-01-01,True,
RGI60-13.41048,geodetic_temp_bias,38.199999999999996,-5.308399961653382,7.140305505145837,3.843049903571827,2000-01-01_2020-01-01,True,
RGI60-13.41049,geodetic_temp_bias,138.6,-5.308399961653382,7.140305505145837,2.275860784273328,2000-01-01_2020-01-01,True,
RGI60-13.41050,geodetic_temp_bias,158.5,-3.905250247714449,6.192830930069695,2.558237486847367,2000-01-01_2020-01-01,True,
RGI60-13.41051,geodetic_temp_bias,51.3,-5.308399961653382,6.870023874999497,5.0,2000-01-01_2020-01-01,True,
RGI60-13.41052,geodetic_temp_bias,530.9000000000001,-3.905250247714449,6.055709546107855,5.0,2000-01-01_2020-01-01,True,
RGI60-13.41053,geodetic_temp_bias,262.6,-3.905250247714449,6.192830930069695,3.6430396247894516,2000-01-01_2020-01-01,True,
RGI60-13.41054,geodetic_temp_bias,264.5,-3.905250247714449,6.192830930069695,2.3046372671591744,2000-01-01_2020-01-01,True,
RGI60-13.41055,geodetic_temp_bias,246.4,-4.468904503291152,6.192830930069695,1.5,2000-01-01_2020-01-01,True,
RGI60-13.41056,geodetic_temp_bias,189.4,-3.905250247714449,6.192830930069695,4.971902211972605,2000-01-01_2020-01-01,True,
RGI60-13.41057,geodetic_temp_bias,351.1,-3.905250247714449,6.192830930069695,1.5229779222834456,2000-01-01_2020-01-01,True,
RGI60-13.41058,geodetic_temp_bias,255.7,-3.905250247714449,6.192830930069695,1.5439081258623402,2000-01-01_2020-01-01,True,
RGI60-13.41059,geodetic_temp_bias,343.4,-3.905250247714449,6.192830930069695,1.5206552116672847,2000-01-01_2020-01-01,True,
RGI60-13.41060,geodetic_temp_bias,307.0,-3.905250247714449,6.192830930069695,3.003107808954739,2000-01-01_2020-01-01,True,
RGI60-13.41061,geodetic_temp_bias,316.2,-3.905250247714449,6.192830930069695,1.9421800353970595,2000-01-01_2020-01-01,True,
RGI60-13.41062,geodetic_temp_bias,197.9,-3.905250247714449,6.192830930069695,1.9176187281133033,2000-01-01_2020-01-01,True,
RGI60-13.41063,geodetic_temp_bias,187.70000000000002,-3.905250247714449,6.192830930069695,3.573610006489747,2000-01-01_2020-01-01,True,
RGI60-13.41064,geodetic_temp_bias,224.6,-3.905250247714449,6.192830930069695,2.464992049411333,2000-01-01_2020-01-01,True,
RGI60-13.41065,geodetic_temp_bias,220.70000000000002,-3.905250247714449,6.192830930069695,2.7933564413972753,2000-01-01_2020-01-01,True,
RGI60-13.41066,geodetic_temp_bias,259.1,-3.905250247714449,6.192830930069695,3.145820597777597,2000-01-01_2020-01-01,True,
RGI60-13.41067,geodetic_temp_bias,442.7,-3.905250247714449,6.192830930069695,2.7540213235198143,2000-01-01_2020-01-01,True,
RGI60-13.41068,geodetic_temp_bias,146.6,-3.905250247714449,6.192830930069695,3.767295086442566,2000-01-01_2020-01-01,True,
RGI60-13.41069,geodetic_temp_bias,185.29999999999998,-3.905250247714449,6.192830930069695,4.272657956952394,2000-01-01_2020-01-01,True,
RGI60-13.41070,geodetic_temp_bias,275.2,-3.905250247714449,6.074757362607698,5.0,2000-01-01_2020-01-01,True,
RGI60-13.41071,geodetic_temp_bias,301.5,-3.905250247714449,6.192830930069695,1.883273085409869,2000-01-01_2020-01-01,True,
RGI60-13.41072,geodetic_temp_bias,364.9,-3.905250247714449,6.192830930069695,2.2445594359798946,2000-01-01_2020-01-01,True,
RGI60-13.41073,geodetic_temp_bias,275.0,-3.905250247714449,6.192830930069695,2.93955813872061,2000-01-01_2020-01-01,True,
RGI60-13.41074,geodetic_temp_bias,131.70000000000002,-3.905250247714449,6.192830930069695,4.551308615969507,2000-01-01_2020-01-01,True,
RGI60-13.41075,geodetic_temp_bias,238.4,-5.865654442635534,6.646676322011147,3.623053146559921,2000-01-01_2020-01-01,True,
RGI60-13.41076,geodetic_temp_bias,227.1,-5.865654442635534,6.646676322011147,1.7170801604333985,2000-01-01_2020-01-01,True,
RGI60-13.41077,geodetic_temp_bias,365.8,-5.865654442635534,6.646676322011147,2.0663200219539197,2000-01-01_2020-01-01,True,
RGI60-13.41078,geodetic_temp_bias,245.7,-5.865654442635534,6.646676322011147,1.984557772514482,2000-01-01_2020-01-01,True,
RGI60-13.41079,geodetic_temp_bias,138.9,-5.865654442635534,6.646676322011147,3.5024067735099162,2000-01-01_2020-01-01,True,
RGI60-13.41080,geodetic_temp_bias,251.4,-5.865654442635534,6.646676322011147,2.0600811252214064,2000-01-01_2020-01-01,True,
RGI60-13.41081,geodetic_temp_bias,156.20000000000002,-5.865654442635534,6.646676322011147,2.4463887702441713,2000-01-01_2020-01-01,True,
RGI60-13.41082,geodetic_temp_bias,191.5,-5.865654442635534,6.646676322011147,2.1069642208028796,2000-01-01_2020-01-01,True,
RGI60-13.41083,geodetic_temp_bias,141.6,-5.865654442635534,6.646676322011147,3.380208490409712,2000-01-01_2020-01-01,True,
RGI60-13.41084,geodetic_temp_bias,190.70000000000002,-5.865654442635534,4.431117548007431,7.5119137679583,2000-01-01_2020-01-01,True,
RGI60-13.41085,geodetic_temp_bias,-437.7,-5.865654442635534,6.646676322011147,2.522737706852185,2000-01-01_2020-01-01,True,
RGI60-13.41086,geodetic_temp_bias,180.10000000000002,-5.865654442635534,6.646676322011147,3.9181128019365743,2000-01-01_2020-01-01,True,
RGI60-13.41087,geodetic_temp_bias,516.2,-8.147535853121756,6.646676322011147,1.5,2000-01-01_2020-01-01,True,
RGI60-13.41088,geodetic_temp_bias,248.0,-5.865654442635534,6.646676322011147,1.8972062727347707,2000-01-01_2020-01-01,True,
RGI60-13.41089,geodetic_temp_bias,243.9,-5.865654442635534,6.646676322011147,2.5201686375236774,2000-01-01_2020-01-01,True,
RGI60-13.41090,geodetic_temp_bias,89.6,-5.865654442635534,5.448080801840679,5.0,2000-01-01_2020-01-01,True,
RGI60-13.41091,geodetic_temp_bias,169.8,-5.865654442635534,6.646676322011147,1.7645302149443791,2000-01-01_2020-01-01,True,
RGI60-13.41092,geodetic_temp_bias,264.29999999999995,-5.865654442635534,6.646676322011147,3.173074559102839,2000-01-01_2020-01-01,True,
RGI60-13.41093,geodetic_temp_bias,303.0,-5.865654442635534,6.646676322011147,1.7233401167731839,2000-01-01_2020-01-01,True,
RGI60-13.41094,geodetic_temp_bias,173.3,-5.865654442635534,6.646676322011147,1.8744242596796497,2000-01-01_2020-01-01,True,
RGI60-13.41095,geodetic_temp_bias,79.5,-3.905250247714449,6.192830930069695,3.811166441211547,2000-01-01_2020-01-01,True,
RGI60-13.41096,geodetic_temp_bias,233.1,-5.446782310192347,4.431117548007431,17.0,2000-01-01_2020-01-01,True,
RGI60-13.41097,geodetic_temp_bias,78.3,-3.2947787940286997,5.118610636618041,17.0,2000-01-01_2020-01-01,True,
RGI60-13.41098,geodetic_temp_bias,-193.20000000000002,-0.3675423800372919,5.118610636618041,17.0,2000-01-01_2020-01-01,True,
RGI60-13.41099,geodetic_temp_bias,199.4,0.7625797594527057,5.118610636618041,17.0,2000-01-01_2020-01-01,True,
RGI60-13.41100,scalar,,,,,,True,
RGI60-13.41101,geodetic_temp_bias,198.1,-2.449308224735547,5.118610636618041,17.0,2000-01-01_2020-01-01,True,
RGI60-13.41102,geodetic_temp_bias,-204.65888913841167,-0.7950452639454882,5.118610636618041,17.0,2000-01-01_2020-01-01,True,
RGI60-13.41103,geodetic_temp_bias,110.10000000000001,-1.0111860783616857,5.118610636618041,17.0,2000-01-01_2020-01-01,True,
RGI60-13.41104,geodetic_temp_bias,114.3,-2.122954337273081,5.118610636618041,17.0,2000-01-01_2020-01-01,True,
RGI60-13.41105,geodetic_temp_bias,124.8,-3.6491750240306695,3.998994921336308,5.6613069370355875,2000-01-01_2020-01-01,True,
RGI60-13.41106,geodetic_temp_bias,15.2,-2.5283416877438705,5.118610636618041,17.0,2000-01-01_2020-01-01,True,
RGI60-13.41107,geodetic_temp_bias,576.3000000000001,-3.923550340464508,7.358697977988083,5.0,2000-01-01_2020-01-01,True,
RGI60-13.41108,geodetic_temp_bias,152.5,0.6847407724099994,5.118610636618041,17.0,2000-01-01_2020-01-01,True,
RGI60-13.41109,geodetic_temp_bias,-12.5,-3.6491750240306695,3.998994921336308,8.8043285047256,2000-01-01_2020-01-01,True,
RGI60-13.41110,geodetic_temp_bias,-53.1,-2.6230416671699306,3.998994921336308,17.0,2000-01-01_2020-01-01,True,
RGI60-13.41111,geodetic_temp_bias,-110.9,-3.460660451261844,3.998994921336308,17.0,2000-01-01_2020-01-01,True,
RGI60-13.41112,geodetic_temp_bias,154.1,-3.0715155202385094,3.998994921336308,17.0,2000-01-01_2020-01-01,True,
RGI60-13.41113,geodetic_temp_bias,-0.0,-3.4783218242590648,3.998994921336308,17.0,2000-01-01_2020-01-01,True,
RGI60-13.41114,geodetic_temp_bias,-134.9,-2.7103177675029184,4.768180814692785,17.0,2000-01-01_2020-01-01,True,
RGI60-13.41115,geodetic_temp_bias,3.2,-3.435540905872083,4.768180814692785,17.0,2000-01-01_2020-01-01,True,
RGI60-13.41116,geodetic_temp_bias,-30.3,-3.4753258488195566,7.152271222039177,4.947057354016227,2000-01-01_2020-01-01,True,
RGI60-13.41117,geodetic_temp_bias,-225.70000000000002,-3.4753258488195566,4.768180814692785,5.16388019659414,2000-01-01_2020-01-01,True,
RGI60-13.41119,geodetic_temp_bias,-163.6,-3.4753258488195566,4.913900825926567,5.0,2000-01-01_2020-01-01,True,
RGI60-13.41120,geodetic_temp_bias,-169.9,-3.4753258488195566,4.768180814692785,6.458400962901597,2000-01-01_2020-01-01,True,
RGI60-13.41121,geodetic_temp_bias,31.4,-3.4753258488195566,5.442202257194326,5.0,2000-01-01_2020-01-01,True,
RGI60-13.41122,geodetic_temp_bias,-15.7,-3.4753258488195566,4.768180814692785,15.556384397541638,2000-01-01_2020-01-01,True,
RGI60-13.41134,geodetic_temp_bias,136.9,-3.952959754769672,4.450268693920544,6.595579725011772,2000-01-01_2020-01-01,True,
RGI60-13.41135,geodetic_temp_bias,196.70000000000002,-3.952959754769672,6.243404709435399,5.0,2000-01-01_2020-01-01,True,
RGI60-13.41136,geodetic_temp_bias,-98.4,-3.952959754769672,4.450268693920544,16.419785514785328,2000-01-01_2020-01-01,True,
RGI60-13.41137,geodetic_temp_bias,94.7,-3.952959754769672,6.6754030408808145,4.3016620644499675,2000-01-01_2020-01-01,True,
RGI60-13.41138,geodetic_temp_bias,91.2,-3.952959754769672,5.58817885411801,5.0,2000-01-01_2020-01-01,True,
RGI60-13.41139,geodetic_temp_bias,212.60000000000002,-3.952959754769672,6.6754030408808145,2.8103554720801625,2000-01-01_2020-01-01,True,
RGI60-13.41140,geodetic_temp_bias,447.79999999999995,-4.040357122585383,6.6754030408808145,1.5,2000-01-01_2020-01-01,True,
RGI60-13.41141,geodetic_temp_bias,135.0,-3.952959754769672,4.463067907603265,5.0,2000-01-01_2020-01-01,True,
RGI60-13.41142,geodetic_temp_bias,211.2,-3.952959754769672,6.153061036991651,5.0,2000-01-01_2020-01-01,True,
RGI60-13.41143,geodetic_temp_bias,159.89999999999998,-3.952959754769672,4.450268693920544,13.572615324756889,2000-01-01_2020-01-01,True,
RGI60-13.41144,geodetic_temp_bias,219.29999999999998,-3.952959754769672,4.450268693920544,9.16347536771725,2000-01-01_2020-01-01,True,
RGI60-13.41145,geodetic_temp_bias,374.09999999999997,-3.952959754769672,6.6754030408808145,3.2026556471870746,2000-01-01_2020-01-01,True,
RGI60-13.41146,geodetic_temp_bias,238.4,-3.952959754769672,6.6754030408808145,3.8516607092492343,2000-01-01_2020-01-01,True,
RGI60-13.41147,geodetic_temp_bias,71.2,-3.952959754769672,6.6754030408808145,3.5380339072875007,2000-01-01_2020-01-01,True,
RGI60-13.41148,scalar,,,,,,True,
RGI60-13.41149,geodetic_temp_bias,245.29999999999998,-4.842726102663666,6.6754030408808145,1.5,2000-01-01_2020-01-01,True,
RGI60-13.41150,geodetic_temp_bias,404.2,-4.966259100930469,7.378454012127241,3.528699523071997,2000-01-01_2020-01-01,True,
RGI60-13.41151,geodetic_temp_bias,50.0,-4.966259100930469,4.918969341418162,9.234979005686384,2000-01-01_2020-01-01,True,
RGI60-13.41152,geodetic_temp_bias,224.5,-4.966259100930469,5.4116110734412874,5.0,2000-01-01_2020-01-01,True,
RGI60-13.41153,geodetic_temp_bias,88.9,-4.966259100930469,5.52325232848192,5.0,2000-01-01_2020-01-01,True,
RGI60-13.41154,geodetic_temp_bias,264.90000000000003,-4.966259100930469,7.378454012127241,2.0033670177416396,2000-01-01_2020-01-01,True,
RGI60-13.41155,geodetic_temp_bias,230.7,-4.966259100930469,7.378454012127241,4.038553410512716,2000-01-01_2020-01-01,True,
RGI60-13.41156,geodetic_temp_bias,100.2,-4.966259100930469,7.378454012127241,3.1228987390807763,2000-01-01_2020-01-01,True,
RGI60-13.41157,geodetic_temp_bias,-50.8,-4.966259100930469,6.48190807016715,5.0,2000-01-01_2020-01-01,True,
RGI60-13.41158,geodetic_temp_bias,121.0,-4.966259100930469,7.378454012127241,4.2841871357156425,2000-01-01_2020-01-01,True,
RGI60-13.41159,geodetic_temp_bias,147.7,-4.966259100930469,7.378454012127241,4.7096513979095995,2000-01-01_2020-01-01,True,
RGI60-13.41160,geodetic_temp_bias,304.3,-4.966259100930469,7.378454012127241,4.627916472975855,2000-01-01_2020-01-01,True,
RGI60-13.41161,geodetic_temp_bias,4.8,-4.966259100930469,5.873069873521327,5.0,2000-01-01_2020-01-01,True,
RGI60-13.41162,geodetic_temp_bias,302.3,-4.966259100930469,7.378454012127241,2.414133311189384,2000-01-01_2020-01-01,True,
RGI60-13.41163,geodetic_temp_bias,-308.3,-3.7066856132892654,4.918969341418162,17.0,2000-01-01_2020-01-01,True,
RGI60-13.41164,geodetic_temp_bias,77.0,-4.966259100930469,7.378454012127241,2.798239526566772,2000-01-01_2020-01-01,True,
RGI60-13.41165,geodetic_temp_bias,-13.2,-4.966259100930469,4.918969341418162,6.560861596705093,2000-01-01_2020-01-01,True,
RGI60-13.41166,geodetic_temp_bias,102.1,-4.966259100930469,7.378454012127241,2.264450707880334,2000-01-01_2020-01-01,True,
RGI60-13.41167,geodetic_temp_bias,312.7,-4.966259100930469,7.378454012127241,4.30832460226798,2000-01-01_2020-01-01,True,
RGI60-13.41168,geodetic_temp_bias,-362.0,-4.966259100930469,5.25972952053538,5.0,2000-01-01_2020-01-01,True,
RGI60-13.41169,geodetic_temp_bias,140.2,-4.966259100930469,6.335889180302521,5.0,2000-01-01_2020-01-01,True,
RGI60-13.41170,geodetic_temp_bias,150.29999999999998,-4.966259100930469,7.378454012127241,4.963722042401984,2000-01-01_2020-01-01,True,
RGI60-13.41171,geodetic_temp_bias,-119.8,-3.952959754769672,6.6754030408808145,4.867140131689171,2000-01-01_2020-01-01,True,
RGI60-13.41172,geodetic_temp_bias,170.2,-3.952959754769672,6.6754030408808145,1.8134037285326219,2000-01-01_2020-01-01,True,
RGI60-13.41173,geodetic_temp_bias,88.3,-3.952959754769672,6.6754030408808145,2.4019651750351856,2000-01-01_2020-01-01,True,
RGI60-13.41174,geodetic_temp_bias,197.0,-4.966259100930469,7.378454012127241,3.3366431281340696,2000-01-01_2020-01-01,True,
RGI60-13.41175,geodetic_temp_bias,25.7,-3.952959754769672,6.6754030408808145,2.2305167600022804,2000-01-01_2020-01-01,True,
RGI60-13.41176,geodetic_temp_bias,167.3,-4.966259100930469,6.21883100827441,5.0,2000-01-01_2020-01-01,True,
RGI60-13.41177,geodetic_temp_bias,260.5,-4.966259100930469,7.378454012127241,3.446637757963149,2000-01-01_2020-01-01,True,
RGI60-13.41178,geodetic_temp_bias,110.60000000000001,-3.952959754769672,6.6754030408808145,3.3570224928659047,2000-01-01_2020-01-01,True,
RGI60-13.41179,geodetic_temp_bias,-6.7,-4.966259100930469,7.378454012127241,4.491811305284024,2000-01-01_2020-01-01,True,
RGI60-13.41180,geodetic_temp_bias,178.60000000000002,-4.966259100930469,7.378454012127241,3.68723848312221,2000-01-01_2020-01-01,True,
RGI60-13.41181,geodetic_temp_bias,341.1,-5.387523573381248,6.6754030408808145,1.5,2000-01-01_2020-01-01,True,
RGI60-13.41182,geodetic_temp_bias,107.80000000000001,-5.308399961653382,7.140305505145837,2.38570709788202,2000-01-01_2020-01-01,True,
RGI60-13.41183,geodetic_temp_bias,61.699999999999996,-5.308399961653382,7.140305505145837,2.58277469084387,2000-01-01_2020-01-01,True,
RGI60-13.41184,geodetic_temp_bias,-621.0,-4.176620021659434,5.127221573940334,17.0,2000-01-01_2020-01-01,True,
RGI60-13.41185,geodetic_temp_bias,277.2,-4.435111770656659,6.871557798984833,5.0,2000-01-01_2020-01-01,True,
RGI60-13.41186,geodetic_temp_bias,108.2,-4.435111770656659,6.747000484167151,5.0,2000-01-01_2020-01-01,True,
RGI60-13.41187,geodetic_temp_bias,434.2,-4.435111770656659,7.6908323609105,3.9333017253663964,2000-01-01_2020-01-01,True,
RGI60-13.41188,geodetic_temp_bias,199.7,-5.308399961653382,7.140305505145837,1.5887470117841,2000-01-01_2020-01-01,True,
RGI60-13.41189,geodetic_temp_bias,185.9,-3.952959754769672,4.450268693920544,5.198088285927462,2000-01-01_2020-01-01,True,
RGI60-13.41190,geodetic_temp_bias,172.6,-3.952959754769672,6.276038233988844,5.0,2000-01-01_2020-01-01,True,
RGI60-13.41191,geodetic_temp_bias,157.9,-3.952959754769672,4.914513252476359,5.0,2000-01-01_2020-01-01,True,
RGI60-13.41192,geodetic_temp_bias,156.5,-4.966259100930469,4.918969341418162,5.984651332056744,2000-01-01_2020-01-01,True,
RGI60-13.41193,geodetic_temp_bias,136.2,-3.952959754769672,4.450268693920544,9.840332405741133,2000-01-01_2020-01-01,True,
RGI60-13.41194,geodetic_temp_bias,141.3,-4.966259100930469,4.918969341418162,8.798990710336962,2000-01-01_2020-01-01,True,
RGI60-13.41195,geodetic_temp_bias,373.09999999999997,-4.966259100930469,4.918969341418162,16.84581657498312,2000-01-01_2020-01-01,True,
RGI60-13.41196,geodetic_temp_bias,196.3,-3.952959754769672,6.6754030408808145,4.547163710795387,2000-01-01_2020-01-01,True,
RGI60-13.41197,geodetic_temp_bias,231.5,-3.952959754769672,6.321577063965792,5.0,2000-01-01_2020-01-01,True,
RGI60-13.41198,geodetic_temp_bias,133.0,-3.952959754769672,4.450268693920544,7.040912315422657,2000-01-01_2020-01-01,True,
RGI60-13.41199,geodetic_temp_bias,107.39999999999999,-3.952959754769672,5.614277973370794,5.0,2000-01-01_2020-01-01,True,
RGI60-13.41200,geodetic_temp_bias,224.0,-3.952959754769672,6.6754030408808145,2.9460471697450377,2000-01-01_2020-01-01,True,
RGI60-13.41201,geodetic_temp_bias,124.39999999999999,-4.966259100930469,4.918969341418162,7.006055425415948,2000-01-01_2020-01-01,True,
RGI60-13.41202,geodetic_temp_bias,31.2,-4.966259100930469,4.918969341418162,6.892840190927295,2000-01-01_2020-01-01,True,
RGI60-13.41203,geodetic_temp_bias,187.1,-3.952959754769672,6.6754030408808145,3.0602561788332356,2000-01-01_2020-01-01,True,
RGI60-13.41204,geodetic_temp_bias,219.29999999999998,-3.952959754769672,6.6754030408808145,3.766679459177658,2000-01-01_2020-01-01,True,
RGI60-13.41205,geodetic_temp_bias,267.7,-3.952959754769672,6.6754030408808145,4.076313837493072,2000-01-01_2020-01-01,True,
RGI60-13.41206,geodetic_temp_bias,42.5,-3.952959754769672,4.450268693920544,7.010053315290736,2000-01-01_2020-01-01,True,
RGI60-13.41207,geodetic_temp_bias,125.2,-3.952959754769672,5.151861790354675,5.0,2000-01-01_2020-01-01,True,
RGI60-13.41208,geodetic_temp_bias,294.4,-3.952959754769672,6.6754030408808145,3.725629837972653,2000-01-01_2020-01-01,True,
RGI60-13.41209,geodetic_temp_bias,202.3,-3.952959754769672,6.6754030408808145,3.3683207790228264,2000-01-01_2020-01-01,True,
RGI60-13.41210,geodetic_temp_bias,229.1,-3.952959754769672,5.076528944702258,5.0,2000-01-01_2020-01-01,True,
RGI60-13.41211,geodetic_temp_bias,134.6,-3.952959754769672,6.6754030408808145,3.9296670484863228,2000-01-01_2020-01-01,True,
RGI60-13.41212,geodetic_temp_bias,128.20000000000002,-3.952959754769672,6.6754030408808145,4.166213021044096,2000-01-01_2020-01-01,True,
RGI60-13.41213,geodetic_temp_bias,221.1,-3.952959754769672,6.6754030408808145,2.97142585047115,2000-01-01_2020-01-01,True,
RGI60-13.41214,geodetic_temp_bias,102.2,-4.966259100930469,4.918969341418162,6.933775500223113,2000-01-01_2020-01-01,True,
RGI60-13.41215,geodetic_temp_bias,46.1,-4.0696216154655485,4.918969341418162,17.0,2000-01-01_2020-01-01,True,
RGI60-13.41216,geodetic_temp_bias,244.10000000000002,-4.654613410527832,5.6096013468084935,5.0,2000-01-01_2020-01-01,True,
RGI60-13.41217,geodetic_temp_bias,314.2,-4.654613410527832,4.486388436836912,5.0,2000-01-01_2020-01-01,True,
RGI60-13.41218,geodetic_temp_bias,43.9,-4.654613410527832,4.22131795928524,8.068932442513422,2000-01-01_2020-01-01,True,
RGI60-13.41219,geodetic_temp_bias,195.70000000000002,-3.952959754769672,4.450268693920544,11.346919832685359,2000-01-01_2020-01-01,True,
RGI60-13.41220,geodetic_temp_bias,114.1,-4.966259100930469,4.918969341418162,7.635252990532944,2000-01-01_2020-01-01,True,
RGI60-13.41221,geodetic_temp_bias,63.70000000000001,-4.966259100930469,4.918969341418162,16.072342547537243,2000-01-01_2020-01-01,True,
RGI60-13.41222,geodetic_temp_bias,85.9,-4.966259100930469,4.918969341418162,12.378558385976085,2000-01-01_2020-01-01,True,
RGI60-13.41223,geodetic_temp_bias,121.5,-3.952959754769672,4.929910585915516,5.0,2000-01-01_2020-01-01,True,
RGI60-13.41224,geodetic_temp_bias,119.6,-3.952959754769672,4.882699013418685,5.0,2000-01-01_2020-01-01,True,
RGI60-13.41225,geodetic_temp_bias,27.2,-4.966259100930469,4.918969341418162,8.537913989900451,2000-01-01_2020-01-01,True,
RGI60-13.41226,geodetic_temp_bias,117.1,-3.952959754769672,4.852023524372393,5.0,2000-01-01_2020-01-01,True,
RGI60-13.41227,geodetic_temp_bias,69.5,-3.952959754769672,6.497345347255381,5.0,2000-01-01_2020-01-01,True,
RGI60-13.41228,geodetic_temp_bias,132.89999999999998,-3.952959754769672,6.6754030408808145,3.668858343459949,2000-01-01_2020-01-01,True,
RGI60-13.41229,geodetic_temp_bias,128.1,-3.952959754769672,6.6754030408808145,2.814421438311963,2000-01-01_2020-01-01,True,
RGI60-13.41230,geodetic_temp_bias,227.8,-3.952959754769672,6.6754030408808145,4.062037535579746,2000-01-01_2020-01-01,True,
RGI60-13.41231,geodetic_temp_bias,188.0,-3.952959754769672,4.450268693920544,7.686933360092124,2000-01-01_2020-01-01,True,
RGI60-13.41232,geodetic_temp_bias,254.5,-3.952959754769672,5.7734159589524685,5.0,2000-01-01_2020-01-01,True,
RGI60-13.41233,geodetic_temp_bias,225.70000000000002,-3.952959754769672,6.134331513313164,5.0,2000-01-01_2020-01-01,True,
RGI60-13.41234,geodetic_temp_bias,186.0,-3.952959754769672,5.601197842743348,5.0,2000-01-01_2020-01-01,True,
RGI60-13.41235,geodetic_temp_bias,86.9,-3.952959754769672,4.450268693920544,8.493907845804149,2000-01-01_2020-01-01,True,
RGI60-13.41236,geodetic_temp_bias,203.7,-3.952959754769672,6.6754030408808145,4.44857810248336,2000-01-01_2020-01-01,True,
RGI60-13.41237,geodetic_temp_bias,312.40000000000003,-3.952959754769672,4.450268693920544,5.770840355944874,2000-01-01_2020-01-01,True,
RGI60-13.41238,geodetic_temp_bias,52.2,-3.952959754769672,6.6754030408808145,3.5905785623219892,2000-01-01_2020-01-01,True,
RGI60-13.41239,geodetic_temp_bias,-356.4,-3.629966097698924,4.686585254806839,5.797156552434629,2000-01-01_2020-01-01,True,
RGI60-13.41240,geodetic_temp_bias,-11.700000000000001,-3.629966097698924,4.686585254806839,5.34830395515467,2000-01-01_2020-01-01,True,
RGI60-13.41241,geodetic_temp_bias,123.0,-3.629966097698924,6.87394162268926,5.0,2000-01-01_2020-01-01,True,
RGI60-13.41242,geodetic_temp_bias,80.60000000000001,-4.654613410527832,4.27251719764528,5.0,2000-01-01_2020-01-01,True,
RGI60-13.41243,geodetic_temp_bias,-173.5,-4.654613410527832,4.5353903837790766,5.0,2000-01-01_2020-01-01,True,
RGI60-13.41244,geodetic_temp_bias,-214.9,-4.654613410527832,4.22131795928524,8.743975066759512,2000-01-01_2020-01-01,True,
RGI60-13.41245,geodetic_temp_bias,26.0,-3.629966097698924,4.686585254806839,5.623694178208731,2000-01-01_2020-01-01,True,
RGI60-13.41246,geodetic_temp_bias,73.0,-4.654613410527832,4.22131795928524,8.091266666111053,2000-01-01_2020-01-01,True,
RGI60-13.41247,geodetic_temp_bias,-31.4,-3.629966097698924,7.0298778822102586,3.9906150985574613,2000-01-01_2020-01-01,True,
RGI60-13.41248,geodetic_temp_bias,53.8,-3.629966097698924,4.686585254806839,5.568753132791343,2000-01-01_2020-01-01,True,
RGI60-13.41249,geodetic_temp_bias,-60.5,-4.654613410527832,5.333008484400107,5.0,2000-01-01_2020-01-01,True,
RGI60-13.41250,geodetic_temp_bias,-54.1,-3.629966097698924,4.686585254806839,6.35044923149663,2000-01-01_2020-01-01,True,
RGI60-13.41251,geodetic_temp_bias,-3.0,-4.654613410527832,5.986212271060119,5.0,2000-01-01_2020-01-01,True,
RGI60-13.41252,geodetic_temp_bias,-164.20000000000002,-3.629966097698924,5.587087109384753,5.0,2000-01-01_2020-01-01,True,
RGI60-13.41253,geodetic_temp_bias,46.699999999999996,-3.629966097698924,5.061104372665968,5.0,2000-01-01_2020-01-01,True,
RGI60-13.41254,geodetic_temp_bias,232.6,-3.629966097698924,6.233701605633033,5.0,2000-01-01_2020-01-01,True,
RGI60-13.41255,geodetic_temp_bias,52.8,-3.629966097698924,5.489345836938597,5.0,2000-01-01_2020-01-01,True,
RGI60-13.41256,geodetic_temp_bias,101.2,-3.629966097698924,4.686585254806839,6.492911281642147,2000-01-01_2020-01-01,True,
RGI60-13.41257,geodetic_temp_bias,29.5,-4.654613410527832,5.585276210590991,5.0,2000-01-01_2020-01-01,True,
RGI60-13.41258,geodetic_temp_bias,32.099999999999994,-3.629966097698924,6.743248357177115,5.0,2000-01-01_2020-01-01,True,
RGI60-13.41259,geodetic_temp_bias,-34.9,-4.654613410527832,5.124129583406873,5.0,2000-01-01_2020-01-01,True,
RGI60-13.41260,geodetic_temp_bias,-293.9,-3.629966097698924,6.330811529937811,5.0,2000-01-01_2020-01-01,True,
RGI60-13.41261,geodetic_temp_bias,92.3,-3.629966097698924,5.250024936514384,5.0,2000-01-01_2020-01-01,True,
RGI60-13.41262,geodetic_temp_bias,136.4,-3.627255436378948,4.686585254806839,17.0,2000-01-01_2020-01-01,True,
RGI60-13.41263,geodetic_temp_bias,-54.9,-4.654613410527832,4.316659887467372,5.0,2000-01-01_2020-01-01,True,
RGI60-13.41264,geodetic_temp_bias,-25.3,-3.629966097698924,4.686585254806839,5.515624938373921,2000-01-01_2020-01-01,True,
RGI60-13.41265,geodetic_temp_bias,76.1,-4.654613410527832,4.949463267722988,5.0,2000-01-01_2020-01-01,True,
RGI60-13.41266,geodetic_temp_bias,224.0,-3.629966097698924,5.522576481153337,5.0,2000-01-01_2020-01-01,True,
RGI60-13.41267,geodetic_temp_bias,67.5,0.18821013135811457,4.686585254806839,17.0,2000-01-01_2020-01-01,True,
RGI60-13.41268,geodetic_temp_bias,41.0,0.15141485070857783,4.686585254806839,17.0,2000-01-01_2020-01-01,True,
RGI60-13.41269,geodetic_temp_bias,61.400000000000006,-3.629966097698924,6.558977557337652,5.0,2000-01-01_2020-01-01,True,
RGI60-13.41270,geodetic_temp_bias,-62.6,-4.654613410527832,6.331976938927858,3.615167920560383,2000-01-01_2020-01-01,True,
RGI60-13.41271,geodetic_temp_bias,-48.800000000000004,-3.629966097698924,7.0298778822102586,4.751956106394012,2000-01-01_2020-01-01,True,
RGI60-13.41272,geodetic_temp_bias,285.0,-3.629966097698924,7.0298778822102586,3.2969418364652436,2000-01-01_2020-01-01,True,
RGI60-13.41273,geodetic_temp_bias,-30.3,-3.629966097698924,5.423804018469639,5.0,2000-01-01_2020-01-01,True,
RGI60-13.41274,geodetic_temp_bias,247.6,-3.629966097698924,4.686585254806839,5.777303297702007,2000-01-01_2020-01-01,True,
RGI60-13.41275,geodetic_temp_bias,64.3,-4.654613410527832,4.22131795928524,7.405472163485288,2000-01-01_2020-01-01,True,
RGI60-13.41276,geodetic_temp_bias,-168.7,-3.629966097698924,6.832559885912039,5.0,2000-01-01_2020-01-01,True,
RGI60-13.41277,geodetic_temp_bias,224.3,-3.629966097698924,4.686585254806839,7.006747602165086,2000-01-01_2020-01-01,True,
RGI60-13.41278,geodetic_temp_bias,555.9,-0.4881566314240492,4.686585254806839,17.0,2000-01-01_2020-01-01,True,
RGI60-13.41279,geodetic_temp_bias,5.0,-4.654613410527832,4.400383720683011,5.0,2000-01-01_2020-01-01,True,
RGI60-13.41280,geodetic_temp_bias,58.4,-4.654613410527832,4.22131795928524,5.767560616277146,2000-01-01_2020-01-01,True,
RGI60-13.41281,geodetic_temp_bias,341.5,-3.629966097698924,7.0298778822102586,2.3335288800602396,2000-01-01_2020-01-01,True,
RGI60-13.41282,geodetic_temp_bias,260.29999999999995,-3.629966097698924,4.686585254806839,12.485164459371354,2000-01-01_2020-01-01,True,
RGI60-13.41283,geodetic_temp_bias,-50.8,-3.629966097698924,4.790047223065082,5.0,2000-01-01_2020-01-01,True,
RGI60-13.41284,geodetic_temp_bias,337.8,-4.654613410527832,4.22131795928524,5.46179367032285,2000-01-01_2020-01-01,True,
RGI60-13.41285,geodetic_temp_bias,20.9,-3.629966097698924,7.0298778822102586,2.9754178546449017,2000-01-01_2020-01-01,True,
RGI60-13.41286,geodetic_temp_bias,240.5,-3.629966097698924,7.0298778822102586,4.421967744326475,2000-01-01_2020-01-01,True,
RGI60-13.41287,geodetic_temp_bias,232.0,-4.654613410527832,5.130015016130972,5.0,2000-01-01_2020-01-01,True,
RGI60-13.41288,geodetic_temp_bias,-3.4,-3.629966097698924,6.679513634062632,5.0,2000-01-01_2020-01-01,True,
RGI60-13.41289,geodetic_temp_bias,82.3,-4.654613410527832,4.22131795928524,16.885776384010562,2000-01-01_2020-01-01,True,
RGI60-13.41290,geodetic_temp_bias,231.3,-3.3481208716843365,4.686585254806839,17.0,2000-01-01_2020-01-01,True,
RGI60-13.41291,geodetic_temp_bias,98.4,-3.629966097698924,4.70978752834551,5.0,2000-01-01_2020-01-01,True,
RGI60-13.41292,geodetic_temp_bias,125.6,-4.654613410527832,4.22131795928524,6.937075512832169,2000-01-01_2020-01-01,True,
RGI60-13.41293,geodetic_temp_bias,394.4,-4.654613410527832,6.331976938927858,2.023181322059555,2000-01-01_2020-01-01,True,
RGI60-13.41294,geodetic_temp_bias,-105.1,-2.9543446795582073,4.686585254806839,17.0,2000-01-01_2020-01-01,True,
RGI60-13.41295,geodetic_temp_bias,-379.2,-4.654613410527832,4.22131795928524,12.844147489982898,2000-01-01_2020-01-01,True,
RGI60-13.41296,geodetic_temp_bias,-360.4,-4.654613410527832,4.22131795928524,15.54753923294903,2000-01-01_2020-01-01,True,
RGI60-13.41297,geodetic_temp_bias,189.1,-3.629966097698924,6.985354388226057,5.0,2000-01-01_2020-01-01,True,
RGI60-13.41298,geodetic_temp_bias,118.2,-4.654613410527832,4.22131795928524,5.712630015620064,2000-01-01_2020-01-01,True,
RGI60-13.41299,geodetic_temp_bias,128.20000000000002,-3.629966097698924,4.686585254806839,12.056067881683823,2000-01-01_2020-01-01,True,
RGI60-13.41300,geodetic_temp_bias,223.89999999999998,-4.654613410527832,4.22131795928524,15.872620367653576,2000-01-01_2020-01-01,True,
RGI60-13.41301,geodetic_temp_bias,73.6,-3.629966097698924,6.524985424967946,5.0,2000-01-01_2020-01-01,True,
RGI60-13.41302,geodetic_temp_bias,-340.6,-3.629966097698924,4.686585254806839,8.695724195459187,2000-01-01_2020-01-01,True,
RGI60-13.41303,geodetic_temp_bias,103.5,-3.629966097698924,5.071164660505486,5.0,2000-01-01_2020-01-01,True,
RGI60-13.41304,geodetic_temp_bias,-160.0,-4.654613410527832,5.526546533920891,5.0,2000-01-01_2020-01-01,True,
RGI60-13.41305,geodetic_temp_bias,123.60000000000001,-4.654613410527832,4.22131795928524,7.002584783317789,2000-01-01_2020-01-01,True,
RGI60-13.41306,geodetic_temp_bias,188.20000000000002,-4.654613410527832,5.2642070393802705,5.0,2000-01-01_2020-01-01,True,
RGI60-13.41307,geodetic_temp_bias,159.39999999999998,-4.654613410527832,4.22131795928524,9.540481118578885,2000-01-01_2020-01-01,True,
RGI60-13.41308,geodetic_temp_bias,149.29999999999998,-4.654613410527832,6.331976938927858,4.8460383574314125,2000-01-01_2020-01-01,True,
RGI60-13.41309,geodetic_temp_bias,45.3,-3.5891108406681904,4.22131795928524,17.0,2000-01-01_2020-01-01,True,
RGI60-13.41310,geodetic_temp_bias,-209.79999999999998,-2.626154870065883,4.22131795928524,17.0,2000-01-01_2020-01-01,True,
RGI60-13.41311,geodetic_temp_bias,58.3,-4.654613410527832,4.22131795928524,6.02262878137984,2000-01-01_2020-01-01,True,
RGI60-13.41312,geodetic_temp_bias,305.9,-4.654613410527832,6.331976938927858,3.394906028295763,2000-01-01_2020-01-01,True,
RGI60-13.41313,geodetic_temp_bias,202.6,-4.654613410527832,4.903530936501992,5.0,2000-01-01_2020-01-01,True,
RGI60-13.41314,geodetic_temp_bias,121.80000000000001,-4.654613410527832,4.905973838091768,5.0,2000-01-01_2020-01-01,True,
RGI60-13.41315,geodetic_temp_bias,141.9,-4.654613410527832,6.331976938927858,4.129473891998048,2000-01-01_2020-01-01,True,
RGI60-13.41316,geodetic_temp_bias,188.70000000000002,-4.654613410527832,6.331976938927858,4.804142029492963,2000-01-01_2020-01-01,True,
RGI60-13.41317,geodetic_temp_bias,171.4,-4.654613410527832,6.331976938927858,4.51198661926396,2000-01-01_2020-01-01,True,
RGI60-13.41318,geodetic_temp_bias,207.6,-4.654613410527832,6.331976938927858,3.229564687685171,2000-01-01_2020-01-01,True,
RGI60-13.41319,geodetic_temp_bias,-88.3,-2.414035285630205,5.55260214044375,5.0,2000-01-01_2020-01-01,True,
RGI60-13.41320,geodetic_temp_bias,0.9,-2.414035285630205,4.261543109032554,5.675356153266276,2000-01-01_2020-01-01,True,
RGI60-13.41321,geodetic_temp_bias,44.0,-2.414035285630205,6.39231466354883,3.9176290219305594,2000-01-01_2020-01-01,True,
RGI60-13.41322,geodetic_temp_bias,53.3,-2.414035285630205,5.892794955378118,5.0,2000-01-01_2020-01-01,True,
RGI60-13.41323,geodetic_temp_bias,83.5,-2.414035285630205,6.106683402074419,5.0,2000-01-01_2020-01-01,True,
RGI60-13.41324,geodetic_temp_bias,114.2,-2.414035285630205,6.1800734485762305,5.0,2000-01-01_2020-01-01,True,
RGI60-13.41325,geodetic_temp_bias,146.9,-2.414035285630205,5.87772333512729,5.0,2000-01-01_2020-01-01,True,
RGI60-13.41326,geodetic_temp_bias,-104.80000000000001,-2.414035285630205,4.457431025967194,5.0,2000-01-01_2020-01-01,True,
RGI60-13.41327,geodetic_temp_bias,108.60000000000001,-2.414035285630205,5.172504111141575,5.0,2000-01-01_2020-01-01,True,
RGI60-13.41328,geodetic_temp_bias,-27.900000000000002,-2.414035285630205,4.626668892926375,5.0,2000-01-01_2020-01-01,True,
RGI60-13.41329,geodetic_temp_bias,-96.60000000000001,-3.629966097698924,5.030205417596673,5.0,2000-01-01_2020-01-01,True,
RGI60-13.41330,geodetic_temp_bias,26.5,-3.629966097698924,4.686585254806839,6.909865205798767,2000-01-01_2020-01-01,True,
RGI60-13.41331,geodetic_temp_bias,-59.7,-3.629966097698924,6.585856550552126,5.0,2000-01-01_2020-01-01,True,
RGI60-13.41332,geodetic_temp_bias,139.2,-3.629966097698924,4.686585254806839,8.057240604768577,2000-01-01_2020-01-01,True,
RGI60-13.41333,geodetic_temp_bias,76.39999999999999,-3.629966097698924,7.0298778822102586,3.5694059259854014,2000-01-01_2020-01-01,True,
RGI60-13.41334,geodetic_temp_bias,88.5,-3.629966097698924,6.517553599472954,5.0,2000-01-01_2020-01-01,True,
RGI60-13.41335,geodetic_temp_bias,54.5,-3.629966097698924,5.752565261191657,5.0,2000-01-01_2020-01-01,True,
RGI60-13.41336,geodetic_temp_bias,236.3,-3.629966097698924,5.012916155211071,5.0,2000-01-01_2020-01-01,True,
RGI60-13.41337,geodetic_temp_bias,231.7,-3.629966097698924,4.686585254806839,5.934250452435202,2000-01-01_2020-01-01,True,
RGI60-13.41338,geodetic_temp_bias,-425.59999999999997,-3.629966097698924,7.0298778822102586,3.3196483676382194,2000-01-01_2020-01-01,True,
RGI60-13.41339,geodetic_temp_bias,137.7,-3.629966097698924,5.441237575992848,5.0,2000-01-01_2020-01-01,True,
RGI60-13.41340,geodetic_temp_bias,15.0,-3.629966097698924,6.232786903719281,5.0,2000-01-01_2020-01-01,True,
RGI60-13.41341,geodetic_temp_bias,116.9,-3.629966097698924,7.0298778822102586,3.6594006835556585,2000-01-01_2020-01-01,True,
RGI60-13.41342,geodetic_temp_bias,-40.300000000000004,-3.629966097698924,6.814815233065668,5.0,2000-01-01_2020-01-01,True,
RGI60-13.41343,geodetic_temp_bias,118.0,-3.629966097698924,7.0298778822102586,4.474221565750128,2000-01-01_2020-01-01,True,
RGI60-13.41344,geodetic_temp_bias,158.5,-3.629966097698924,7.0298778822102586,1.509796038961602,2000-01-01_2020-01-01,True,
RGI60-13.41345,geodetic_temp_bias,-44.3,-3.629966097698924,7.0298778822102586,4.758940336200182,2000-01-01_2020-01-01,True,
RGI60-13.41346,geodetic_temp_bias,49.4,-4.654613410527832,6.331976938927858,3.6897894074922246,2000-01-01_2020-01-01,True,
RGI60-13.41347,geodetic_temp_bias,-6.3,-3.629966097698924,7.0298778822102586,4.11886107201213,2000-01-01_2020-01-01,True,
RGI60-13.41348,geodetic_temp_bias,-90.1,-3.629966097698924,7.0298778822102586,3.4537306057025186,2000-01-01_2020-01-01,True,
RGI60-13.41349,geodetic_temp_bias,-62.300000000000004,-3.629966097698924,5.744729236423945,5.0,2000-01-01_2020-01-01,True,
RGI60-13.41350,geodetic_temp_bias,-36.2,-4.654613410527832,5.178030474034112,5.0,2000-01-01_2020-01-01,True,
RGI60-13.41351,geodetic_temp_bias,132.3,-3.629966097698924,4.925015731699362,5.0,2000-01-01_2020-01-01,True,
RGI60-13.41352,geodetic_temp_bias,-23.900000000000002,-3.629966097698924,4.686585254806839,6.259166300060112,2000-01-01_2020-01-01,True,
RGI60-13.41353,geodetic_temp_bias,-27.900000000000002,-3.629966097698924,7.020587710012577,5.0,2000-01-01_2020-01-01,True,
RGI60-13.41354,geodetic_temp_bias,-34.2,-3.629966097698924,5.297186894503152,5.0,2000-01-01_2020-01-01,True,
RGI60-13.41355,geodetic_temp_bias,139.7,-3.629966097698924,6.78321294788469,5.0,2000-01-01_2020-01-01,True,
RGI60-13.41356,geodetic_temp_bias,-391.2,-2.986019105658413,4.686585254806839,17.0,2000-01-01_2020-01-01,True,
RGI60-13.41357,geodetic_temp_bias,-46.300000000000004,-3.629966097698924,7.0298778822102586,4.065003064292946,2000-01-01_2020-01-01,True,
RGI60-13.41358,geodetic_temp_bias,-211.9,-3.629966097698924,4.995778534087895,5.0,2000-01-01_2020-01-01,True,
RGI60-13.41359,geodetic_temp_bias,56.800000000000004,-3.629966097698924,5.935598222279008,5.0,2000-01-01_2020-01-01,True,
RGI60-13.41360,geodetic_temp_bias,-16.299999999999997,-3.629966097698924,5.02548928333936,5.0,2000-01-01_2020-01-01,True,
RGI60-13.41361,geodetic_temp_bias,-80.0,-3.629966097698924,7.0298778822102586,4.670777776716761,2000-01-01_2020-01-01,True,
RGI60-13.41362,geodetic_temp_bias,80.19999999999999,-3.629966097698924,7.0298778822102586,3.9374796603067623,2000-01-01_2020-01-01,True,
RGI60-13.41363,geodetic_temp_bias,41.5,-3.629966097698924,7.0298778822102586,4.335713935943115,2000-01-01_2020-01-01,True,
RGI60-13.41364,geodetic_temp_bias,246.10000000000002,-3.629966097698924,7.0298778822102586,3.356461193622944,2000-01-01_2020-01-01,True,
RGI60-13.41365,geodetic_temp_bias,137.0,-3.629966097698924,7.0298778822102586,3.9945923372139593,2000-01-01_2020-01-01,True,
RGI60-13.41366,geodetic_temp_bias,223.3,-3.629966097698924,7.0298778822102586,4.445325259493165,2000-01-01_2020-01-01,True,
RGI60-13.41367,geodetic_temp_bias,188.79999999999998,-3.629966097698924,7.0298778822102586,3.520246294811125,2000-01-01_2020-01-01,True,
RGI60-13.41368,geodetic_temp_bias,22.700000000000003,-3.629966097698924,6.803453760736595,5.0,2000-01-01_2020-01-01,True,
RGI60-13.41369,geodetic_temp_bias,187.79999999999998,-3.629966097698924,7.0298778822102586,3.366054840437268,2000-01-01_2020-01-01,True,
RGI60-13.41370,geodetic_temp_bias,-153.4,-3.629966097698924,4.686585254806839,5.37693720249032,2000-01-01_2020-01-01,True,
RGI60-13.41371,geodetic_temp_bias,210.10000000000002,-3.629966097698924,7.0298778822102586,4.578925227061937,2000-01-01_2020-01-01,True,
RGI60-13.41372,geodetic_temp_bias,6.5,-5.191544140599309,5.0189785093571135,5.0,2000-01-01_2020-01-01,True,
RGI60-13.41373,geodetic_temp_bias,360.9,-5.191544140599309,7.10672562732486,4.256587790011039,2000-01-01_2020-01-01,True,
RGI60-13.41374,geodetic_temp_bias,-105.80000000000001,-5.191544140599309,4.73781708488324,10.113785771715255,2000-01-01_2020-01-01,True,
RGI60-13.41375,geodetic_temp_bias,105.89999999999999,-5.191544140599309,6.779933474375055,5.0,2000-01-01_2020-01-01,True,
RGI60-13.41376,geodetic_temp_bias,114.5,-2.414035285630205,6.39231466354883,4.464115908886983,2000-01-01_2020-01-01,True,
RGI60-13.41377,geodetic_temp_bias,54.4,-2.414035285630205,5.390337880679569,5.0,2000-01-01_2020-01-01,True,
RGI60-13.41378,geodetic_temp_bias,-133.8,-2.414035285630205,4.8654446387318755,5.0,2000-01-01_2020-01-01,True,
RGI60-13.41379,geodetic_temp_bias,83.8,-2.414035285630205,5.612795802009579,5.0,2000-01-01_2020-01-01,True,
RGI60-13.41380,geodetic_temp_bias,22.4,-2.414035285630205,6.3083188085497435,5.0,2000-01-01_2020-01-01,True,
RGI60-13.41381,geodetic_temp_bias,-33.4,-2.414035285630205,6.009292638918263,5.0,2000-01-01_2020-01-01,True,
RGI60-13.41382,geodetic_temp_bias,-170.1,-2.414035285630205,4.261543109032554,5.094335976038305,2000-01-01_2020-01-01,True,
RGI60-13.41383,geodetic_temp_bias,-54.199999999999996,-2.414035285630205,5.447537162270535,5.0,2000-01-01_2020-01-01,True,
RGI60-13.41384,geodetic_temp_bias,15.6,-2.414035285630205,4.261543109032554,5.483756487901785,2000-01-01_2020-01-01,True,
RGI60-13.41385,geodetic_temp_bias,50.7,-2.414035285630205,6.39231466354883,4.7460175780807985,2000-01-01_2020-01-01,True,
RGI60-13.41386,geodetic_temp_bias,-45.6,-2.414035285630205,5.2736511494042935,5.0,2000-01-01_2020-01-01,True,
RGI60-13.41387,geodetic_temp_bias,-152.60000000000002,-2.414035285630205,5.241461649134918,5.0,2000-01-01_2020-01-01,True,
RGI60-13.41388,geodetic_temp_bias,120.6,-2.414035285630205,5.143614546338359,5.0,2000-01-01_2020-01-01,True,
RGI60-13.41389,geodetic_temp_bias,-122.30000000000001,-2.414035285630205,4.261543109032554,5.58027609066199,2000-01-01_2020-01-01,True,
RGI60-13.41390,geodetic_temp_bias,113.4,-2.414035285630205,4.261543109032554,5.788932125328127,2000-01-01_2020-01-01,True,
RGI60-13.41391,geodetic_temp_bias,81.8,-2.414035285630205,4.325279637061557,5.0,2000-01-01_2020-01-01,True,
RGI60-13.41392,geodetic_temp_bias,33.4,-2.414035285630205,6.39231466354883,4.852986023157394,2000-01-01_2020-01-01,True,
RGI60-13.41393,geodetic_temp_bias,-26.700000000000003,-3.629966097698924,5.415771941865456,5.0,2000-01-01_2020-01-01,True,
RGI60-13.41394,geodetic_temp_bias,-91.5,-3.629966097698924,7.0298778822102586,4.863588183929306,2000-01-01_2020-01-01,True,
RGI60-13.41395,geodetic_temp_bias,157.4,-3.629966097698924,7.0298778822102586,3.3911423634019515,2000-01-01_2020-01-01,True,
RGI60-13.41396,geodetic_temp_bias,179.79999999999998,-3.629966097698924,7.0298778822102586,4.513797870105323,2000-01-01_2020-01-01,True,
RGI60-13.41397,geodetic_temp_bias,326.7,-3.629966097698924,7.0298778822102586,3.501842183001387,2000-01-01_2020-01-01,True,
RGI60-13.41398,geodetic_temp_bias,115.0,-3.629966097698924,7.0298778822102586,4.524345756774569,2000-01-01_2020-01-01,True,
RGI60-13.41399,geodetic_temp_bias,238.3,-1.6749130780715573,4.833947679848407,17.0,2000-01-01_2020-01-01,True,
RGI60-13.41400,geodetic_temp_bias,562.6,-3.524840902522786,4.8886135873098,5.0,2000-01-01_2020-01-01,True,
RGI60-13.41401,geodetic_temp_bias,351.9,-2.8656729710661657,4.833947679848407,17.0,2000-01-01_2020-01-01,True,
RGI60-13.41402,geodetic_temp_bias,138.4,-0.6962498125892165,4.833947679848407,17.0,2000-01-01_2020-01-01,True,
RGI60-13.41403,geodetic_temp_bias,-129.6,-1.2127187508999466,4.833947679848407,17.0,2000-01-01_2020-01-01,True,
RGI60-13.41404,geodetic_temp_bias,174.0,-3.524840902522786,4.833947679848407,13.613389294520937,2000-01-01_2020-01-01,True,
RGI60-13.41405,geodetic_temp_bias,278.6,2.9831692238186136,4.833947679848407,17.0,2000-01-01_2020-01-01,True,
RGI60-13.41406,geodetic_temp_bias,-28.7,-3.005432648729593,4.833947679848407,17.0,2000-01-01_2020-01-01,True,
RGI60-13.41407,geodetic_temp_bias,151.4,-2.70972606652043,4.833947679848407,17.0,2000-01-01_2020-01-01,True,
RGI60-13.41408,geodetic_temp_bias,50.0,-2.2671909113606956,4.833947679848407,17.0,2000-01-01_2020-01-01,True,
RGI60-13.41409,geodetic_temp_bias,536.0,-3.524840902522786,4.833947679848407,5.554249163717235,2000-01-01_2020-01-01,True,
RGI60-13.41410,geodetic_temp_bias,-246.79999999999998,-3.33908465748614,4.833947679848407,17.0,2000-01-01_2020-01-01,True,
RGI60-13.41411,geodetic_temp_bias,256.0,-3.524840902522786,4.833947679848407,5.723409165090952,2000-01-01_2020-01-01,True,
RGI60-13.41412,geodetic_temp_bias,84.0,-3.524840902522786,4.833947679848407,6.978746111886609,2000-01-01_2020-01-01,True,
RGI60-13.41413,geodetic_temp_bias,68.7,-1.9060942905165463,4.833947679848407,17.0,2000-01-01_2020-01-01,True,
RGI60-13.41414,geodetic_temp_bias,406.2,-3.524840902522786,4.833947679848407,7.4863212206905665,2000-01-01_2020-01-01,True,
RGI60-13.41415,geodetic_temp_bias,178.4,-3.524840902522786,4.833947679848407,5.47036663698838,2000-01-01_2020-01-01,True,
RGI60-13.41416,geodetic_temp_bias,208.4,-3.524840902522786,4.833947679848407,5.065015765081283,2000-01-01_2020-01-01,True,
RGI60-13.41417,geodetic_temp_bias,125.6,-3.524840902522786,5.611519826820595,5.0,2000-01-01_2020-01-01,True,
RGI60-13.41418,geodetic_temp_bias,237.3,-3.524840902522786,7.250921519772611,4.275558092468346,2000-01-01_2020-01-01,True,
RGI60-13.41419,geodetic_temp_bias,180.5,-3.1162334953327995,4.833947679848407,17.0,2000-01-01_2020-01-01,True,
RGI60-13.41420,geodetic_temp_bias,236.5,-3.524840902522786,7.250921519772611,4.78082451117266,2000-01-01_2020-01-01,True,
RGI60-13.41421,geodetic_temp_bias,247.79999999999998,-3.524840902522786,4.833947679848407,5.970880655406535,2000-01-01_2020-01-01,True,
RGI60-13.41422,geodetic_temp_bias,515.4,-3.524840902522786,5.80122882160606,5.0,2000-01-01_2020-01-01,True,
RGI60-13.41423,geodetic_temp_bias,643.5999999999999,-3.524840902522786,7.250921519772611,1.7048597575412896,2000-01-01_2020-01-01,True,
RGI60-13.41424,geodetic_temp_bias,393.1,-3.524840902522786,4.833947679848407,6.8792146416253335,2000-01-01_2020-01-01,True,
RGI60-13.41425,geodetic_temp_bias,186.70000000000002,-3.524840902522786,5.126583467198229,5.0,2000-01-01_2020-01-01,True,
RGI60-13.41426,geodetic_temp_bias,29.3,-3.524840902522786,6.597358417198956,5.0,2000-01-01_2020-01-01,True,
RGI60-13.41427,geodetic_temp_bias,-19.0,-3.524840902522786,6.641167625291685,5.0,2000-01-01_2020-01-01,True,
RGI60-13.41428,geodetic_temp_bias,82.10000000000001,-3.524840902522786,7.250921519772611,3.7448297193914413,2000-01-01_2020-01-01,True,
RGI60-13.41429,geodetic_temp_bias,114.5,-3.524840902522786,7.250921519772611,3.980538372075413,2000-01-01_2020-01-01,True,
RGI60-13.41430,geodetic_temp_bias,155.5,-3.524840902522786,4.833947679848407,5.262088971541742,2000-01-01_2020-01-01,True,
RGI60-13.41431,geodetic_temp_bias,187.29999999999998,-3.524840902522786,4.833947679848407,7.859030545801104,2000-01-01_2020-01-01,True,
RGI60-13.41432,geodetic_temp_bias,192.1,-3.524840902522786,4.833947679848407,5.280269356241606,2000-01-01_2020-01-01,True,
RGI60-13.41433,geodetic_temp_bias,336.3,-3.336784265107729,4.833947679848407,17.0,2000-01-01_2020-01-01,True,
RGI60-13.41434,geodetic_temp_bias,130.8,-3.524840902522786,4.833947679848407,6.366426116522462,2000-01-01_2020-01-01,True,
RGI60-13.41435,geodetic_temp_bias,196.8,-3.253801338357302,4.833947679848407,17.0,2000-01-01_2020-01-01,True,
RGI60-13.41436,geodetic_temp_bias,174.8,-3.524840902522786,4.850397217406714,5.0,2000-01-01_2020-01-01,True,
RGI60-13.41437,geodetic_temp_bias,45.8,-3.524840902522786,6.240708225571312,5.0,2000-01-01_2020-01-01,True,
RGI60-13.41438,geodetic_temp_bias,-4.2,-3.524840902522786,6.5556615529084175,5.0,2000-01-01_2020-01-01,True,
RGI60-13.41439,geodetic_temp_bias,284.4,-3.524840902522786,4.833947679848407,5.211678091763282,2000-01-01_2020-01-01,True,
RGI60-13.41440,geodetic_temp_bias,147.29999999999998,-3.524840902522786,6.008196492860236,5.0,2000-01-01_2020-01-01,True,
RGI60-13.41441,geodetic_temp_bias,-121.80000000000001,-3.524840902522786,4.833947679848407,7.867869580745481,2000-01-01_2020-01-01,True,
RGI60-13.41442,geodetic_temp_bias,417.8,-3.524840902522786,7.0717458536771245,5.0,2000-01-01_2020-01-01,True,
RGI60-13.41443,geodetic_temp_bias,31.4,-3.038582850113127,4.833947679848407,17.0,2000-01-01_2020-01-01,True,
RGI60-13.41444,geodetic_temp_bias,184.6,-3.524840902522786,7.250921519772611,4.8049088151709896,2000-01-01_2020-01-01,True,
RGI60-13.41445,geodetic_temp_bias,138.0,-3.524840902522786,6.8267809046984915,5.0,2000-01-01_2020-01-01,True,
RGI60-13.41446,geodetic_temp_bias,41.4,-3.524840902522786,5.35799755741052,5.0,2000-01-01_2020-01-01,True,
RGI60-13.41447,geodetic_temp_bias,124.10000000000001,-3.629966097698924,6.452889325441039,5.0,2000-01-01_2020-01-01,True,
RGI60-13.41448,geodetic_temp_bias,110.60000000000001,-3.629966097698924,4.686585254806839,8.729327633254428,2000-01-01_2020-01-01,True,
RGI60-13.41449,geodetic_temp_bias,205.6,-3.629966097698924,7.0298778822102586,2.926599007856373,2000-01-01_2020-01-01,True,
RGI60-13.41450,geodetic_temp_bias,87.6,-3.629966097698924,5.957746569558177,5.0,2000-01-01_2020-01-01,True,
RGI60-13.41451,geodetic_temp_bias,305.09999999999997,-3.629966097698924,4.686585254806839,5.687371183532067,2000-01-01_2020-01-01,True,
RGI60-13.41452,geodetic_temp_bias,367.20000000000005,-3.629966097698924,6.855051729226271,5.0,2000-01-01_2020-01-01,True,
RGI60-13.41453,geodetic_temp_bias,162.1,-3.629966097698924,6.869022067240646,5.0,2000-01-01_2020-01-01,True,
RGI60-13.41454,geodetic_temp_bias,312.5,-3.629966097698924,6.878373351567926,5.0,2000-01-01_2020-01-01,True,
RGI60-13.41455,geodetic_temp_bias,111.10000000000001,-4.966259100930469,4.918969341418162,9.608714230052996,2000-01-01_2020-01-01,True,
RGI60-13.41456,geodetic_temp_bias,196.20000000000002,-4.966259100930469,7.378454012127241,4.553367556852988,2000-01-01_2020-01-01,True,
RGI60-13.41457,geodetic_temp_bias,149.9,-3.524840902522786,7.101008036641779,5.0,2000-01-01_2020-01-01,True,
RGI60-13.41458,geodetic_temp_bias,112.4,-3.524840902522786,7.250921519772611,4.684988254423713,2000-01-01_2020-01-01,True,
RGI60-13.41459,geodetic_temp_bias,202.0,-3.524840902522786,7.250921519772611,3.336758910891289,2000-01-01_2020-01-01,True,
RGI60-13.41460,geodetic_temp_bias,157.4,-3.524840902522786,7.250921519772611,4.557210323714296,2000-01-01_2020-01-01,True,
RGI60-13.41461,geodetic_temp_bias,301.0,-3.524840902522786,7.250921519772611,2.293376353823108,2000-01-01_2020-01-01,True,
RGI60-13.41462,geodetic_temp_bias,213.79999999999998,-3.524840902522786,7.250921519772611,2.817131085691752,2000-01-01_2020-01-01,True,
RGI60-13.41463,geodetic_temp_bias,204.6,-3.524840902522786,7.250921519772611,3.151311779159322,2000-01-01_2020-01-01,True,
RGI60-13.41464,geodetic_temp_bias,61.6,-3.524840902522786,5.741255125874233,5.0,2000-01-01_2020-01-01,True,
RGI60-13.41465,geodetic_temp_bias,-7.8,-3.524840902522786,4.833947679848407,7.696034140942745,2000-01-01_2020-01-01,True,
RGI60-13.41466,geodetic_temp_bias,117.6,-3.524840902522786,4.833947679848407,5.069343252724907,2000-01-01_2020-01-01,True,
RGI60-13.41467,geodetic_temp_bias,151.9,-3.524840902522786,6.739149383213999,5.0,2000-01-01_2020-01-01,True,
RGI60-13.41468,geodetic_temp_bias,155.1,-3.524840902522786,7.250921519772611,4.63251037389071,2000-01-01_2020-01-01,True,
RGI60-13.41469,geodetic_temp_bias,120.7,-3.524840902522786,7.250921519772611,4.395553116618062,2000-01-01_2020-01-01,True,
RGI60-13.41470,geodetic_temp_bias,158.0,-3.524840902522786,7.250921519772611,3.975899584802853,2000-01-01_2020-01-01,True,
RGI60-13.41471,geodetic_temp_bias,97.5,-3.524840902522786,7.250921519772611,2.58878996700649,2000-01-01_2020-01-01,True,
RGI60-13.41472,geodetic_temp_bias,129.5,-3.524840902522786,7.250921519772611,3.3472953678294552,2000-01-01_2020-01-01,True,
RGI60-13.41473,geodetic_temp_bias,92.89999999999999,-3.524840902522786,7.250921519772611,3.534140316393373,2000-01-01_2020-01-01,True,
RGI60-13.41474,geodetic_temp_bias,229.5,-3.524840902522786,7.134509267342914,5.0,2000-01-01_2020-01-01,True,
RGI60-13.41475,geodetic_temp_bias,170.1,-3.524840902522786,7.250921519772611,3.4307125489108063,2000-01-01_2020-01-01,True,
RGI60-13.41476,geodetic_temp_bias,100.4,-3.524840902522786,7.250921519772611,3.19317325092203,2000-01-01_2020-01-01,True,
RGI60-13.41477,geodetic_temp_bias,185.79999999999998,-4.966259100930469,4.918969341418162,16.76011352008561,2000-01-01_2020-01-01,True,
RGI60-13.41478,geodetic_temp_bias,267.7,-4.966259100930469,4.918969341418162,16.288824812447654,2000-01-01_2020-01-01,True,
RGI60-13.41479,geodetic_temp_bias,141.9,-4.966259100930469,4.918969341418162,6.671738630253763,2000-01-01_2020-01-01,True,
RGI60-13.41480,geodetic_temp_bias,228.0,-4.966259100930469,6.266843226407185,5.0,2000-01-01_2020-01-01,True,
RGI60-13.41481,geodetic_temp_bias,226.89999999999998,-4.966259100930469,4.918969341418162,6.2319272045263725,2000-01-01_2020-01-01,True,
RGI60-13.41482,geodetic_temp_bias,215.79999999999998,-4.966259100930469,5.619355464882186,5.0,2000-01-01_2020-01-01,True,
RGI60-13.41483,geodetic_temp_bias,278.5,-4.966259100930469,7.378454012127241,3.5087127190387233,2000-01-01_2020-01-01,True,
RGI60-13.41484,geodetic_temp_bias,141.5,-6.42510365990842,5.009776115798099,6.420374008937056,2000-01-01_2020-01-01,True,
RGI60-13.41485,geodetic_temp_bias,341.5,-6.42510365990842,6.837437771310819,5.0,2000-01-01_2020-01-01,True,
RGI60-13.41486,geodetic_temp_bias,192.3,-4.966259100930469,6.532158017329668,5.0,2000-01-01_2020-01-01,True,
RGI60-13.41487,geodetic_temp_bias,84.9,-6.42510365990842,6.822873196837522,5.0,2000-01-01_2020-01-01,True,
RGI60-13.41488,geodetic_temp_bias,-33.099999999999994,-4.966259100930469,4.918969341418162,5.046862376716365,2000-01-01_2020-01-01,True,
RGI60-13.41489,geodetic_temp_bias,336.8,-4.966259100930469,7.072522304140691,5.0,2000-01-01_2020-01-01,True,
RGI60-13.41490,geodetic_temp_bias,244.9,-4.966259100930469,5.082339889287804,5.0,2000-01-01_2020-01-01,True,
RGI60-13.41491,geodetic_temp_bias,74.39999999999999,-4.966259100930469,6.859723293295969,5.0,2000-01-01_2020-01-01,True,
RGI60-13.41492,geodetic_temp_bias,77.39999999999999,-4.966259100930469,7.378454012127241,4.717232404272603,2000-01-01_2020-01-01,True,
RGI60-13.41493,geodetic_temp_bias,1.0,-4.966259100930469,4.918969341418162,15.722716304367875,2000-01-01_2020-01-01,True,
RGI60-13.41494,geodetic_temp_bias,127.8,-4.966259100930469,4.918969341418162,8.052201954660763,2000-01-01_2020-01-01,True,
RGI60-13.41495,geodetic_temp_bias,366.20000000000005,-4.966259100930469,7.378454012127241,2.8494774565393817,2000-01-01_2020-01-01,True,
RGI60-13.41496,geodetic_temp_bias,192.39999999999998,-6.42510365990842,5.009776115798099,6.3722483165304675,2000-01-01_2020-01-01,True,
RGI60-13.41497,geodetic_temp_bias,272.1,-4.966259100930469,7.378454012127241,3.464591588802926,2000-01-01_2020-01-01,True,
RGI60-13.41498,geodetic_temp_bias,272.3,-4.966259100930469,7.378454012127241,4.8055650466887805,2000-01-01_2020-01-01,True,
RGI60-13.41499,geodetic_temp_bias,180.60000000000002,-4.966259100930469,5.963245555740184,5.0,2000-01-01_2020-01-01,True,
RGI60-13.41553,geodetic_temp_bias,-59.7,-3.524840902522786,5.521058802352913,5.0,2000-01-01_2020-01-01,True,
RGI60-13.41567,geodetic_temp_bias,64.5,-3.524840902522786,7.250921519772611,3.47049102921119,2000-01-01_2020-01-01,True,
RGI60-13.41572,geodetic_temp_bias,224.70000000000002,-6.42510365990842,6.85909321395701,5.0,2000-01-01_2020-01-01,True,
RGI60-13.41573,geodetic_temp_bias,178.4,-6.42510365990842,5.009776115798099,9.616531869106979,2000-01-01_2020-01-01,True,
RGI60-13.41577,geodetic_temp_bias,265.7,-6.42510365990842,6.738724646692626,5.0,2000-01-01_2020-01-01,True,
RGI60-13.41579,geodetic_temp_bias,58.8,-6.42510365990842,5.009776115798099,8.074415327627102,2000-01-01_2020-01-01,True,
RGI60-13.41580,geodetic_temp_bias,306.5,-6.42510365990842,7.082127838926643,5.0,2000-01-01_2020-01-01,True,
RGI60-13.41583,geodetic_temp_bias,324.2,-6.42510365990842,7.514664173697147,4.996636840500447,2000-01-01_2020-01-01,True,
RGI60-13.41585,geodetic_temp_bias,226.70000000000002,-6.42510365990842,7.514664173697147,4.374784882358564,2000-01-01_2020-01-01,True,
RGI60-13.41586,geodetic_temp_bias,170.9,-6.42510365990842,7.514664173697147,3.380619439105833,2000-01-01_2020-01-01,True,
RGI60-13.41587,geodetic_temp_bias,277.6,-6.42510365990842,7.514664173697147,4.737432369598354,2000-01-01_2020-01-01,True,
RGI60-13.41590,geodetic_temp_bias,202.4,-6.42510365990842,7.514664173697147,4.4315175786445025,2000-01-01_2020-01-01,True,
RGI60-13.41592,geodetic_temp_bias,78.89999999999999,-6.42510365990842,7.514664173697147,4.809379941315806,2000-01-01_2020-01-01,True,
RGI60-13.41596,geodetic_temp_bias,229.2,-6.42510365990842,7.2683939197953675,5.0,2000-01-01_2020-01-01,True,
RGI60-13.41765,geodetic_temp_bias,54.1,-3.524840902522786,7.250921519772611,2.613879642216891,2000-01-01_2020-01-01,True,
RGI60-13.41779,geodetic_temp_bias,-17.4,-3.524840902522786,7.250921519772611,4.645739781676314,2000-01-01_2020-01-01,True,
RGI60-13.41796,geodetic_temp_bias,99.7,-3.524840902522786,7.250921519772611,4.491122758663829,2000-01-01_2020-01-01,True,
RGI60-13.41809,geodetic_temp_bias,33.300000000000004,-3.524840902522786,4.833947679848407,5.407235325741198,2000-01-01_2020-01-01,True,
RGI60-13.41819,geodetic_temp_bias,97.3,-3.524840902522786,6.3984220819174435,5.0,2000-01-01_2020-01-01,True,
RGI60-13.41826,geodetic_temp_bias,220.20000000000002,-3.524840902522786,5.927069968924515,5.0,2000-01-01_2020-01-01,True,
RGI60-13.41828,geodetic_temp_bias,-204.65888913841167,-2.1940671877406626,4.833947679848407,17.0,2000-01-01_2020-01-01,True,
RGI60-13.41832,geodetic_temp_bias,211.0,-3.524840902522786,5.734893504314874,5.0,2000-01-01_2020-01-01,True,
RGI60-13.41833,geodetic_temp_bias,55.800000000000004,-3.524840902522786,4.833947679848407,14.110126106034881,2000-01-01_2020-01-01,True,
RGI60-13.41837,geodetic_temp_bias,18.9,-3.524840902522786,4.833947679848407,8.105415195496548,2000-01-01_2020-01-01,True,
RGI60-13.41850,geodetic_temp_bias,240.1,-3.524840902522786,7.250921519772611,3.9455756411818763,2000-01-01_2020-01-01,True,
RGI60-13.41861,geodetic_temp_bias,196.39999999999998,-3.524840902522786,6.987138426054008,5.0,2000-01-01_2020-01-01,True,
RGI60-13.41865,geodetic_temp_bias,28.400000000000002,-3.524840902522786,5.261267092918384,5.0,2000-01-01_2020-01-01,True,
RGI60-13.41869,geodetic_temp_bias,-13.0,-3.524840902522786,6.909590905979882,5.0,2000-01-01_2020-01-01,True,
RGI60-13.41880,geodetic_temp_bias,124.2,-3.524840902522786,4.833947679848407,5.026239816780233,2000-01-01_2020-01-01,True,
RGI60-13.41890,geodetic_temp_bias,503.29999999999995,-3.524840902522786,4.890154143563513,5.0,2000-01-01_2020-01-01,True,
RGI60-13.41891,geodetic_temp_bias,271.3,-2.846977454756926,4.833947679848407,17.0,2000-01-01_2020-01-01,True,
RGI60-13.41892,geodetic_temp_bias,296.9,-3.524840902522786,4.833947679848407,13.42577598314994,2000-01-01_2020-01-01,True,
RGI60-13.41893,geodetic_temp_bias,268.8,-3.524840902522786,4.833947679848407,5.76529870766382,2000-01-01_2020-01-01,True,
RGI60-13.41896,geodetic_temp_bias,306.7,-3.524840902522786,4.833947679848407,5.2685401648991785,2000-01-01_2020-01-01,True,
RGI60-13.41901,geodetic_temp_bias,292.7,-3.524840902522786,5.345546821233875,5.0,2000-01-01_2020-01-01,True,
